symbol,d0,era,bucket,day_offset,n_1m_bars,rel_range_med_bp,rel_range_p75_bp,sigma_1m_bp,amihud_bp_per_kusd,zero_vol_minutes,day_turnover_kusd
10000000AIDOGEUSDT,2024-03-05,e2324,listing_d1_d7,1,1440.0,67.64592191727847,106.26287062492158,63.98339785938979,5.689855477487248,0.0,23058.894491799998
10000000AIDOGEUSDT,2024-03-05,e2324,listing_d1_d7,2,1440.0,36.862590660797174,57.400574005739216,38.204087639018084,9.723277195728123,1.0,10142.139342099998
10000000AIDOGEUSDT,2024-03-05,e2324,listing_d1_d7,3,1440.0,43.4396292120294,69.79225500267245,51.55854277161392,4.912187866575909,0.0,18349.5623416
10000000AIDOGEUSDT,2024-03-05,e2324,listing_d1_d7,4,1440.0,63.9829220758143,104.74350488047075,61.21427826615135,1.6245051642935975,0.0,66613.0255559
10000000AIDOGEUSDT,2024-03-05,e2324,listing_d1_d7,5,1440.0,60.79427014353265,93.44582076840865,60.51426835795364,1.2726342152279742,0.0,62684.9172866
10000000AIDOGEUSDT,2024-03-05,e2324,listing_d1_d7,6,1440.0,40.64839914725551,67.77042752066875,43.6599735972649,2.3103487157481988,0.0,27606.8679172
10000000AIDOGEUSDT,2024-03-05,e2324,listing_d1_d7,7,1440.0,33.932813186485824,52.28569760583364,32.929811890618595,3.7818688746649074,0.0,18201.2449784
10000000AIDOGEUSDT,2024-03-05,e2324,mature_d60_d66,60,1440.0,14.484017581516788,22.916070119683,17.450534470759486,14.075229522190906,6.0,2965.645439
10000000AIDOGEUSDT,2024-03-05,e2324,mature_d60_d66,61,1440.0,14.182720916706495,21.398002853065766,14.242432256332986,12.96590133599705,8.0,2424.0347693999997
10000000AIDOGEUSDT,2024-03-05,e2324,mature_d60_d66,62,1440.0,17.010944642766177,24.878435874923888,18.714056218050153,47.62012996455628,16.0,2526.6505257
10000000AIDOGEUSDT,2024-03-05,e2324,mature_d60_d66,63,1440.0,12.461060931466358,21.434951106238152,15.443688618068771,57.17872637575223,49.0,2105.1415894999996
10000000AIDOGEUSDT,2024-03-05,e2324,mature_d60_d66,64,1440.0,10.580612695979834,18.335407216454684,13.759738772163315,50.764071913740864,47.0,1429.8861051000001
10000000AIDOGEUSDT,2024-03-05,e2324,mature_d60_d66,65,1440.0,10.28938923773527,15.82278811303631,12.889747707378458,53.7578640070162,58.0,1379.5371156
10000000AIDOGEUSDT,2024-03-05,e2324,mature_d60_d66,66,1440.0,10.172939979654368,18.5160702749134,15.882677266402917,81.68870095836691,74.0,2489.1467609
1000000CHEEMSUSDT,2024-11-25,e2324,listing_d1_d7,1,1440.0,37.00199007070954,71.96122780644036,49.62265925875288,9.686362450988252,5.0,14838.120160899998
1000000CHEEMSUSDT,2024-11-25,e2324,listing_d1_d7,2,1440.0,29.188858250486113,51.276583459530684,35.96836694354278,8.649114539746677,4.0,11458.116816799999
1000000CHEEMSUSDT,2024-11-25,e2324,listing_d1_d7,3,1440.0,13.380338678148433,24.453200647830922,21.973706412195867,37.26296426511865,59.0,4431.514892300001
1000000CHEEMSUSDT,2024-11-25,e2324,listing_d1_d7,4,1440.0,13.241138374690646,23.444941398920854,22.287200932036306,35.20256187499168,98.0,4116.244372599999
1000000CHEEMSUSDT,2024-11-25,e2324,listing_d1_d7,5,1440.0,11.546518064859898,20.36512037312216,18.17880097945971,64.52223538479574,189.0,2659.3215617
1000000CHEEMSUSDT,2024-11-25,e2324,listing_d1_d7,6,1440.0,10.20309376362073,19.138074102620717,16.448268389089336,51.160886209537885,236.0,1839.2735598
1000000CHEEMSUSDT,2024-11-25,e2324,listing_d1_d7,7,1440.0,12.558436543042085,22.343612188545436,19.931884243638418,50.59821310961929,139.0,2998.8975425
1000000CHEEMSUSDT,2024-11-25,e2324,mature_d60_d66,60,1440.0,16.223638864593205,25.832889085964617,19.776906876953852,18.779813635604388,20.0,3692.8062066
1000000CHEEMSUSDT,2024-11-25,e2324,mature_d60_d66,61,1440.0,15.673115623308881,25.14305083518049,23.87119898106458,26.737090690102473,20.0,3644.1516002
1000000CHEEMSUSDT,2024-11-25,e2324,mature_d60_d66,62,1440.0,14.112704375813616,22.679120349450198,15.600302542319845,39.963527138216364,22.0,2026.3293545
1000000CHEEMSUSDT,2024-11-25,e2324,mature_d60_d66,63,1440.0,21.059151520866088,33.33104197970982,25.919829980653066,21.442595263948764,4.0,4610.4975317
1000000CHEEMSUSDT,2024-11-25,e2324,mature_d60_d66,64,1440.0,13.507742653741236,21.42827798748464,17.114794678080457,49.20898405324169,23.0,1697.5527684999997
1000000CHEEMSUSDT,2024-11-25,e2324,mature_d60_d66,65,1440.0,13.656116109029087,23.30932320202688,17.69464289224917,59.09842802906139,23.0,1980.7313773
1000000CHEEMSUSDT,2024-11-25,e2324,mature_d60_d66,66,1440.0,12.522699794653139,20.3437879307164,21.055009101679474,54.858460896513876,65.0,2761.1953217
1000000MOGUSDT,2024-05-16,e2324,listing_d1_d7,1,1440.0,73.83821801253806,137.327501025737,77.31688386087417,18.45052351905009,8.0,21365.5887503
1000000MOGUSDT,2024-05-16,e2324,listing_d1_d7,2,1440.0,45.238059066800524,74.12800588352295,43.67835904022586,4.399177936980959,0.0,18051.459565200003
1000000MOGUSDT,2024-05-16,e2324,listing_d1_d7,3,1440.0,34.04713085340973,51.013527717885,34.14663623669803,16.117923101065802,5.0,9117.1994567
1000000MOGUSDT,2024-05-16,e2324,listing_d1_d7,4,1440.0,36.78450847335416,71.383204137902,56.20435072319152,16.968542923170737,2.0,34504.286795500004
1000000MOGUSDT,2024-05-16,e2324,listing_d1_d7,5,1440.0,57.033641476870294,88.80661425824499,55.776533753293535,0.930954954036452,0.0,76224.245241
1000000MOGUSDT,2024-05-16,e2324,listing_d1_d7,6,1440.0,35.08964402187151,53.49828750465472,40.21227501228772,2.7827219831864514,0.0,25084.5054268
1000000MOGUSDT,2024-05-16,e2324,listing_d1_d7,7,1440.0,49.566129983993534,83.12223714831616,63.50564948169185,2.758721535503477,0.0,40386.012762900005
1000000MOGUSDT,2024-05-16,e2324,mature_d60_d66,60,1440.0,53.38769197341416,75.75460735582769,41.78478284251706,1.1535893752527429,0.0,63541.3287778
1000000MOGUSDT,2024-05-16,e2324,mature_d60_d66,61,1440.0,46.001689162181414,69.73858049764624,38.15997250654947,0.9851605503934776,0.0,70054.3955713
1000000MOGUSDT,2024-05-16,e2324,mature_d60_d66,62,1440.0,39.54829352962428,56.70725101656637,32.72310460995269,1.5174831296918263,0.0,47387.3664534
1000000MOGUSDT,2024-05-16,e2324,mature_d60_d66,63,1440.0,34.77065965607069,50.74953309360327,29.71456076441911,2.1023729258351755,0.0,32421.0526667
1000000MOGUSDT,2024-05-16,e2324,mature_d60_d66,64,1440.0,38.66160897109762,57.903520206622424,32.239373141051146,1.8665887697430625,0.0,39702.9995569
1000000MOGUSDT,2024-05-16,e2324,mature_d60_d66,65,1440.0,33.786287741729964,50.649768497364555,30.82717818211367,1.4790244983945053,0.0,39202.9582204
1000000MOGUSDT,2024-05-16,e2324,mature_d60_d66,66,1440.0,37.918884283358686,60.78791149565539,35.608518459657944,1.4132347705243269,0.0,56236.22676880001
1000000PEIPEIUSDT,2024-07-04,e2324,listing_d1_d7,1,1440.0,86.25098942680782,135.9689393773954,80.21863069068382,4.16059292514488,0.0,42432.6131941
1000000PEIPEIUSDT,2024-07-04,e2324,listing_d1_d7,2,1440.0,52.397174149152676,82.19249249858045,50.49725301118258,6.748533430424786,0.0,19586.045083800003
1000000PEIPEIUSDT,2024-07-04,e2324,listing_d1_d7,3,1440.0,56.029543758410036,85.02598016060445,52.534533563604185,5.010635757675081,0.0,23782.4519775
1000000PEIPEIUSDT,2024-07-04,e2324,listing_d1_d7,4,1440.0,48.28585224529217,75.74863797345657,49.63781976929946,6.026656157796374,0.0,16570.7674631
1000000PEIPEIUSDT,2024-07-04,e2324,listing_d1_d7,5,1440.0,50.810661108919646,80.56397488633898,45.10722435974103,4.546270791482497,0.0,26827.3441928
1000000PEIPEIUSDT,2024-07-04,e2324,listing_d1_d7,6,1440.0,60.088557559563625,87.77287148853365,51.40929297938843,1.057919825157864,0.0,90171.4518872
1000000PEIPEIUSDT,2024-07-04,e2324,listing_d1_d7,7,1440.0,48.9266713346139,71.28447229960337,41.472061510313765,1.3609230647029835,0.0,50943.19377289999
1000000PEIPEIUSDT,2024-07-04,e2324,mature_d60_d66,60,1440.0,18.042403309971146,34.06433810180794,23.826966883985268,22.697405088164228,13.0,2794.1010111
1000000PEIPEIUSDT,2024-07-04,e2324,mature_d60_d66,61,1440.0,17.636684303351473,27.573529411764223,19.92302523840246,71.56546202362533,32.0,2257.9818342
1000000PEIPEIUSDT,2024-07-04,e2324,mature_d60_d66,62,1440.0,25.67394565077296,35.68242640499656,24.426010847223367,29.738671937063806,9.0,2674.5036157
1000000PEIPEIUSDT,2024-07-04,e2324,mature_d60_d66,63,1440.0,17.985611510791884,27.278931259823764,20.51450913962665,79.0148281167656,55.0,1894.6336643999998
1000000PEIPEIUSDT,2024-07-04,e2324,mature_d60_d66,64,1440.0,19.588657380760406,37.83406050941125,26.47192304696584,175.55874690959044,36.0,3173.6505556
1000000PEIPEIUSDT,2024-07-04,e2324,mature_d60_d66,65,1440.0,19.13875598086179,30.007507507507324,23.426199863960658,152.57316901406287,31.0,2814.2087981000004
1000000PEIPEIUSDT,2024-07-04,e2324,mature_d60_d66,66,1440.0,33.00330033003281,49.844243212565715,32.59334653180108,11.633741921553485,3.0,10095.4291615
10000COQUSDT,2024-03-12,e2324,listing_d1_d7,1,1440.0,39.55288516035859,65.31672320402639,40.90835630374458,5.598090023206024,0.0,12942.728916
10000COQUSDT,2024-03-12,e2324,listing_d1_d7,2,1440.0,34.33532654110167,59.14663076782418,50.52041546087566,7.458398077211642,0.0,18449.5083929
10000COQUSDT,2024-03-12,e2324,listing_d1_d7,3,1440.0,39.93611656752722,65.09047270233629,50.677698830272014,5.9877914016031255,0.0,12263.700071399999
10000COQUSDT,2024-03-12,e2324,listing_d1_d7,4,1440.0,36.61114605218184,59.60691051854203,46.05216509838971,13.089918338657117,0.0,7433.6305761
10000COQUSDT,2024-03-12,e2324,listing_d1_d7,5,1440.0,39.774002089425124,63.05331597277407,43.78703590509757,12.263843863753515,0.0,6696.9619421
10000COQUSDT,2024-03-12,e2324,listing_d1_d7,6,1440.0,38.37545062030508,58.7541154068782,41.94741580682529,12.019962311771517,1.0,6303.008028900001
10000COQUSDT,2024-03-12,e2324,listing_d1_d7,7,1440.0,46.75332560857741,73.31270348806298,50.67597414414079,10.759763391653461,0.0,8830.013356000001
10000COQUSDT,2024-03-12,e2324,mature_d60_d66,60,1440.0,4.0600893219649175,12.142062499898156,9.924284503749835,217.95225014885085,438.0,450.9602189
10000COQUSDT,2024-03-12,e2324,mature_d60_d66,61,1440.0,4.048582995951252,11.929624121275525,8.311995799614516,104.94825665105286,364.0,463.9278262
10000COQUSDT,2024-03-12,e2324,mature_d60_d66,62,1440.0,12.207528480922395,20.449897750510416,14.531550649041339,65.37787593528057,108.0,1265.6236805000003
10000COQUSDT,2024-03-12,e2324,mature_d60_d66,63,1440.0,12.274959083469222,17.7206836888407,13.209404365519775,197.17071401376546,152.0,960.3788877000001
10000COQUSDT,2024-03-12,e2324,mature_d60_d66,64,1440.0,12.95336787564714,21.92501960699772,17.56216385568845,62.255527834462725,102.0,1772.1901208000002
10000COQUSDT,2024-03-12,e2324,mature_d60_d66,65,1440.0,11.673151750972961,19.948137231719475,13.661799222363003,129.34505782085037,126.0,1093.5453306
10000COQUSDT,2024-03-12,e2324,mature_d60_d66,66,1440.0,11.507479861909774,19.12778193156933,14.690622464402033,75.8055685857549,120.0,1374.2596428
10000LADYSUSDT,2023-05-11,e2324,listing_d1_d7,1,1440.0,177.7866899591818,272.35786773811407,161.77581538336375,1.345368359959261,0.0,145911.65644065003
10000LADYSUSDT,2023-05-11,e2324,listing_d1_d7,2,1440.0,114.19991419991445,169.3855573948487,95.91015267802524,1.0836734269718729,0.0,141179.97449655
10000LADYSUSDT,2023-05-11,e2324,listing_d1_d7,3,1440.0,88.45645250893979,131.55518907682628,74.15163855740569,0.6610743052410331,0.0,173170.50231835
10000LADYSUSDT,2023-05-11,e2324,listing_d1_d7,4,1440.0,90.29788508766597,133.99351111793723,74.5077425126724,0.38123687775361875,0.0,262669.4295909
10000LADYSUSDT,2023-05-11,e2324,listing_d1_d7,5,1440.0,94.4311902513706,137.65795321629247,79.83942069607309,0.41256592749892324,0.0,251967.4076503
10000LADYSUSDT,2023-05-11,e2324,listing_d1_d7,6,1440.0,74.42242356295158,108.50535499746188,60.320844221656074,0.5370258165346463,0.0,161185.76577829997
10000LADYSUSDT,2023-05-11,e2324,listing_d1_d7,7,1440.0,45.77241014872944,69.19421501354444,40.90985338383204,0.9587574217691882,0.0,69157.3762421
10000LADYSUSDT,2023-05-11,e2324,mature_d60_d66,60,1440.0,29.806259314455144,44.444444444444315,21.064504928029084,11.192986757352383,0.0,17877.196028299997
10000LADYSUSDT,2023-05-11,e2324,mature_d60_d66,61,1440.0,29.282576866764195,29.806259314455144,16.524243814958368,832.9614728802263,0.0,8068.150182
10000LADYSUSDT,2023-05-11,e2324,mature_d60_d66,62,1440.0,28.0112044817934,41.782729805014945,23.182732768901758,243.5244968413773,13.0,18324.120885700002
10000LADYSUSDT,2023-05-11,e2324,mature_d60_d66,63,1440.0,28.169014084507726,42.32805813870161,28.75973394683072,842.942433221773,36.0,24676.49085635
10000LADYSUSDT,2023-05-11,e2324,mature_d60_d66,64,1440.0,27.66251728907398,30.971752225982524,26.080124444875455,494.1410462613396,29.0,15046.775097600002
10000LADYSUSDT,2023-05-11,e2324,mature_d60_d66,65,1440.0,14.970059880239885,15.128593040847568,11.666600723157536,331.92284093945744,0.0,3214.0337278500006
10000LADYSUSDT,2023-05-11,e2324,mature_d60_d66,66,1440.0,14.814814814815174,15.01501501501538,13.796878878078774,2208.924162330493,117.0,3526.6058264
10000SATSUSDT,2023-11-16,e2324,listing_d1_d7,1,1440.0,50.994403877759034,83.28874179353974,47.67980868113539,152.4137515339537,43.0,6624.8131313
10000SATSUSDT,2023-11-16,e2324,listing_d1_d7,2,1440.0,48.35630647609742,73.15480452996938,43.463755476222495,1193.5953823329585,0.0,3291.1028098999996
10000SATSUSDT,2023-11-16,e2324,listing_d1_d7,3,1440.0,54.811388811103235,86.40908573704276,47.569884366733625,176.7366876537704,42.0,6665.8764886
10000SATSUSDT,2023-11-16,e2324,listing_d1_d7,4,1440.0,45.33128330079715,74.18504982849319,40.70621478579564,154.32152983181007,37.0,4925.889500900001
10000SATSUSDT,2023-11-16,e2324,listing_d1_d7,5,1440.0,51.0529674537331,82.23408956290383,50.397275517746124,283.708367221814,33.0,6672.121151599999
10000SATSUSDT,2023-11-16,e2324,listing_d1_d7,6,1440.0,47.04499083584102,72.50425066796205,40.15844239330812,176.3684473970019,31.0,7703.916245900001
10000SATSUSDT,2023-11-16,e2324,listing_d1_d7,7,1440.0,41.20083475600329,69.10765718465731,39.69583327154305,647.9607631452193,86.0,5016.875190400001
10000SATSUSDT,2023-11-16,e2324,mature_d60_d66,60,1440.0,14.39539347408743,21.961645656066196,14.69832738235894,7.721541192667063,0.0,10168.342153700001
10000SATSUSDT,2023-11-16,e2324,mature_d60_d66,61,1440.0,12.684319010623426,18.91103967150299,13.15345842902105,15.301309678199608,9.0,8359.0998421
10000SATSUSDT,2023-11-16,e2324,mature_d60_d66,62,1440.0,9.830425231859513,15.772875374270102,11.56743366741198,16.792451629679015,6.0,8545.403985199999
10000SATSUSDT,2023-11-16,e2324,mature_d60_d66,63,1440.0,13.43521715745743,21.850587262896155,14.815303770953347,6.869365846411501,0.0,13123.573866800001
10000SATSUSDT,2023-11-16,e2324,mature_d60_d66,64,1440.0,17.074561365463687,26.85636641816014,19.8923311149097,4.0142133796028245,2.0,19886.0844864
10000SATSUSDT,2023-11-16,e2324,mature_d60_d66,65,1440.0,15.01231635336815,20.887729730852598,14.128459748194546,6.182561376222922,1.0,9871.801332699999
10000SATSUSDT,2023-11-16,e2324,mature_d60_d66,66,1440.0,11.275016542270215,16.78165206041294,11.72913067797525,9.984983027848958,8.0,7313.5910546000005
10000WENUSDT,2024-01-31,e2324,listing_d1_d7,1,1440.0,62.16560926396487,99.39426676155335,57.74383297980331,8.865428859651272,0.0,16414.1244094
10000WENUSDT,2024-01-31,e2324,listing_d1_d7,2,1440.0,43.73224121783594,75.36838046681846,49.2769361321162,11.593936338200031,0.0,8856.274124700001
10000WENUSDT,2024-01-31,e2324,listing_d1_d7,3,1440.0,44.37187600351872,77.09452198190463,53.62776395601013,8.633796162488087,0.0,10673.7218127
10000WENUSDT,2024-01-31,e2324,listing_d1_d7,4,1440.0,53.91491970372144,86.56135170849444,49.421942403842486,6.339458479254093,0.0,13951.317472199999
10000WENUSDT,2024-01-31,e2324,listing_d1_d7,5,1440.0,37.6536594613461,62.30971011360141,37.173671513881516,16.04228990090901,0.0,5954.837726600001
10000WENUSDT,2024-01-31,e2324,listing_d1_d7,6,1440.0,33.152883557137,55.37099375585001,32.71855152225638,43.36720970720285,6.0,4718.9638749000005
10000WENUSDT,2024-01-31,e2324,listing_d1_d7,7,1440.0,33.94433824978724,55.36333064161631,31.424792166444075,34.48433101251336,0.0,4353.167638499999
10000WENUSDT,2024-01-31,e2324,mature_d60_d66,60,1440.0,25.391316489358058,37.50493177884577,24.036571908251737,5.1552905514526035,0.0,10825.4196259
10000WENUSDT,2024-01-31,e2324,mature_d60_d66,61,1440.0,28.979728348048937,43.250645361885624,27.457098940662817,4.003480641819349,1.0,14059.887237399998
10000WENUSDT,2024-01-31,e2324,mature_d60_d66,62,1440.0,36.4659409823868,52.42370055193764,33.636921141090134,3.07252108009438,0.0,18122.7462942
10000WENUSDT,2024-01-31,e2324,mature_d60_d66,63,1440.0,36.07304255552017,51.01659003273027,29.634159451693716,4.05568417436605,0.0,13574.118984300001
10000WENUSDT,2024-01-31,e2324,mature_d60_d66,64,1440.0,30.079271090119448,44.15463080416802,26.363253958735154,5.000660007827729,0.0,10354.7398704
10000WENUSDT,2024-01-31,e2324,mature_d60_d66,65,1440.0,28.281033216954725,41.98917954521943,27.783807131900875,5.175274982390789,0.0,10254.2069579
10000WENUSDT,2024-01-31,e2324,mature_d60_d66,66,1440.0,23.164562662542988,34.24880988885533,23.652247086942555,3.328793797351212,0.0,10665.0214644
1000CATUSDT,2024-09-13,e2324,listing_d1_d7,1,1440.0,18.11320795985875,32.98351714786604,24.652461793447674,127.11831133566187,117.0,4328.51343924
1000CATUSDT,2024-09-13,e2324,listing_d1_d7,2,1440.0,15.01276389197957,29.2419041168294,21.070617231230923,124.97452024398099,123.0,3339.95154131
1000CATUSDT,2024-09-13,e2324,listing_d1_d7,3,1440.0,28.626026598046153,45.798037892446416,29.779913863949698,14.518016801859138,13.0,10424.72460369
1000CATUSDT,2024-09-13,e2324,listing_d1_d7,4,1440.0,29.54222382340664,44.96529252146287,28.334483668958264,4.784298154663281,14.0,20314.046479259996
1000CATUSDT,2024-09-13,e2324,listing_d1_d7,5,1440.0,21.63460092839577,36.801134555022436,24.651159385898506,27.26924130818816,20.0,6900.839442470001
1000CATUSDT,2024-09-13,e2324,listing_d1_d7,6,1440.0,23.20526071169312,39.16357844729306,25.037483909075316,12.29910183616622,23.0,9335.24068144
1000CATUSDT,2024-09-13,e2324,listing_d1_d7,7,1440.0,35.814786390381485,52.586174161515586,33.66919374505914,4.1345853695517,0.0,18365.76705396
1000CATUSDT,2024-09-13,e2324,mature_d60_d66,60,1440.0,45.79935007792194,66.09670337294735,39.83219929987019,2.0848684053329123,0.0,31540.192817870004
1000CATUSDT,2024-09-13,e2324,mature_d60_d66,61,1440.0,47.07360214619606,68.54116488963675,41.949136524019,2.1497492129591014,0.0,35458.381158539996
1000CATUSDT,2024-09-13,e2324,mature_d60_d66,62,1440.0,94.25441548048214,141.8983919118429,79.70525164750197,0.7835370583713097,0.0,225919.02482257
1000CATUSDT,2024-09-13,e2324,mature_d60_d66,63,1440.0,53.30054196533032,74.75437847073967,44.10691969384512,0.6465388583682429,0.0,104928.65553134
1000CATUSDT,2024-09-13,e2324,mature_d60_d66,64,1440.0,44.12055404284587,66.92800642517665,41.67573948683771,1.0354151992309402,0.0,64571.28765258001
1000CATUSDT,2024-09-13,e2324,mature_d60_d66,65,1440.0,48.605057987766706,69.3796362538796,46.4590172880352,1.1992124259771118,0.0,55578.55154562
1000CATUSDT,2024-09-13,e2324,mature_d60_d66,66,1440.0,40.26852892847898,59.09840917894113,35.13761875377391,1.0644751068778413,0.0,52056.49852983
1000MUMUUSDT,2024-09-23,e2324,listing_d1_d7,1,1440.0,46.997034029570216,79.3397691121047,51.26619581142607,10.173632349477204,1.0,18991.474510279997
1000MUMUUSDT,2024-09-23,e2324,listing_d1_d7,2,1440.0,47.04683315584072,71.68007216412352,41.240650796052684,14.20281852355256,2.0,13633.451634879999
1000MUMUUSDT,2024-09-23,e2324,listing_d1_d7,3,1440.0,41.97274003929295,61.568501884052516,35.743629400073374,10.929006817746519,3.0,9038.97791227
1000MUMUUSDT,2024-09-23,e2324,listing_d1_d7,4,1440.0,44.480208445460136,70.92112887241419,39.85388746244463,7.8307316434730465,2.0,13616.99052696
1000MUMUUSDT,2024-09-23,e2324,listing_d1_d7,5,1440.0,38.48691076529445,56.000188682008776,34.990995220843374,9.555512468069772,3.0,8481.14456592
1000MUMUUSDT,2024-09-23,e2324,listing_d1_d7,6,1440.0,27.052377272088886,42.098627079138716,25.047023631276446,12.138068134518495,15.0,6011.50011085
1000MUMUUSDT,2024-09-23,e2324,listing_d1_d7,7,1440.0,13.856116215694259,25.785588810549154,17.458152536405724,11.587109088409083,35.0,5165.22009417
1000MUMUUSDT,2024-09-23,e2324,mature_d60_d66,60,1440.0,31.303129985019137,45.109107248331135,27.060438785459702,22.94593111887465,15.0,8406.815141290002
1000MUMUUSDT,2024-09-23,e2324,mature_d60_d66,61,1440.0,36.14260108627456,54.337852985639664,35.055133246957716,62.777039733865976,36.0,6397.937896310001
1000MUMUUSDT,2024-09-23,e2324,mature_d60_d66,62,1440.0,36.31340030819742,54.525964240427705,33.34634342186865,106.39775641311805,48.0,5405.09326745
1000MUMUUSDT,2024-09-23,e2324,mature_d60_d66,63,1440.0,46.68106017812541,68.12261441104559,40.81523229277897,46.784007496436274,21.0,6690.452617669999
1000MUMUUSDT,2024-09-23,e2324,mature_d60_d66,64,1440.0,34.66751993689295,50.574437816313534,30.531270377095577,52.16381656618031,39.0,3820.2407569800002
1000MUMUUSDT,2024-09-23,e2324,mature_d60_d66,65,1440.0,32.07528812620669,45.698805792200766,28.792006482948395,53.62993167470001,20.0,5636.4483746
1000MUMUUSDT,2024-09-23,e2324,mature_d60_d66,66,1440.0,29.229510200727464,45.674954557434646,28.45076776928007,71.03143857070381,53.0,3732.7964585
1000NEIROCTOUSDT,2024-09-16,e2324,listing_d1_d7,1,1440.0,71.84639930998742,118.18613908147154,72.03806875441857,1.9760514477727025,0.0,131595.54190162
1000NEIROCTOUSDT,2024-09-16,e2324,listing_d1_d7,2,1440.0,80.06773475051334,119.59658539194069,70.31429250185855,0.3522405545453719,0.0,275108.65428154
1000NEIROCTOUSDT,2024-09-16,e2324,listing_d1_d7,3,1440.0,53.39478410650997,82.12525074000733,49.04340220209062,0.571547254752451,0.0,143813.61962823998
1000NEIROCTOUSDT,2024-09-16,e2324,listing_d1_d7,4,1440.0,46.69957088975024,68.07004542201015,39.80846973125308,1.0325838252798696,0.0,68082.62287711998
1000NEIROCTOUSDT,2024-09-16,e2324,listing_d1_d7,5,1440.0,31.286107782800226,46.9184177260457,27.099446713201335,1.6909695412270804,0.0,30675.373178430003
1000NEIROCTOUSDT,2024-09-16,e2324,listing_d1_d7,6,1440.0,31.261128431987082,45.171965385308944,26.130971766514953,1.5766013826095175,0.0,27940.31410465
1000NEIROCTOUSDT,2024-09-16,e2324,listing_d1_d7,7,1440.0,55.014396473830686,82.02499081298674,47.61798103026779,0.3988262701558552,0.0,186157.07466771
1000NEIROCTOUSDT,2024-09-16,e2324,mature_d60_d66,60,1440.0,40.64576219423381,55.835746827019975,31.22424849030436,0.2987349119512617,0.0,177218.96518432
1000NEIROCTOUSDT,2024-09-16,e2324,mature_d60_d66,61,1440.0,33.9012107344188,48.44032759132495,28.114519101566493,0.3728040855512404,0.0,127912.93863077
1000NEIROCTOUSDT,2024-09-16,e2324,mature_d60_d66,62,1440.0,39.678548115967025,56.0207156384007,32.61793959085694,0.3638478846748865,0.0,149512.71040979
1000NEIROCTOUSDT,2024-09-16,e2324,mature_d60_d66,63,1440.0,35.08533348404145,47.141348109294,26.700296045330287,0.4314482334555395,0.0,106997.50832602999
1000NEIROCTOUSDT,2024-09-16,e2324,mature_d60_d66,64,1440.0,33.7240291466962,46.939567965820515,26.831762656682432,0.37158406759766444,0.0,120403.83081221001
1000NEIROCTOUSDT,2024-09-16,e2324,mature_d60_d66,65,1440.0,31.78850611277986,45.943101775591174,26.90448775192066,0.4138729261537877,0.0,110710.99195289999
1000NEIROCTOUSDT,2024-09-16,e2324,mature_d60_d66,66,1440.0,38.641230673185184,56.14449638108502,35.108438671008216,0.42794687775250023,0.0,139792.14201187
1000PEPEUSDT,2023-05-03,e2324,listing_d1_d7,1,1440.0,89.0940161514829,147.36953087683764,80.15559939699284,0.18315092151595447,0.0,941290.04861716
1000PEPEUSDT,2023-05-03,e2324,listing_d1_d7,2,1440.0,126.42269699462794,208.306964647712,130.35549714186163,0.0485203859053973,0.0,3445684.7724876297
1000PEPEUSDT,2023-05-03,e2324,listing_d1_d7,3,1440.0,78.8318979971385,113.87118726935088,65.47379135979085,0.04832580069920162,0.0,1737076.4310211202
1000PEPEUSDT,2023-05-03,e2324,listing_d1_d7,4,1440.0,55.772627809360515,80.85339172462598,51.43197351436421,0.05952939281548255,0.0,1116319.3017358999
1000PEPEUSDT,2023-05-03,e2324,listing_d1_d7,5,1440.0,67.65737592727844,105.32154353071421,63.02446952760183,0.05443943050567438,0.0,1474455.86749406
1000PEPEUSDT,2023-05-03,e2324,listing_d1_d7,6,1440.0,59.921862369647776,83.6820148717536,47.975704225267556,0.06292643324408213,0.0,1053978.55824023
1000PEPEUSDT,2023-05-03,e2324,listing_d1_d7,7,1440.0,34.49873857043214,56.871963911252195,33.00885677519689,0.06430030024980671,0.0,725208.30361684
1000PEPEUSDT,2023-05-03,e2324,mature_d60_d66,60,1440.0,12.61790061092079,19.440439369237605,14.193874522007913,0.1534493385895361,0.0,183689.95358831
1000PEPEUSDT,2023-05-03,e2324,mature_d60_d66,61,1440.0,22.949124541872855,37.252916364647945,24.526745136037697,0.07670292416697001,0.0,551216.18667169
1000PEPEUSDT,2023-05-03,e2324,mature_d60_d66,62,1440.0,18.381825713583414,27.48071406286972,17.517286518608703,0.09408891875729392,0.0,337906.03651805996
1000PEPEUSDT,2023-05-03,e2324,mature_d60_d66,63,1440.0,14.99856102532295,23.3146852222576,15.356440245197975,0.1290455145797718,0.0,249203.07207163997
1000PEPEUSDT,2023-05-03,e2324,mature_d60_d66,64,1440.0,20.261061244860862,32.049382261859755,19.851905178626538,0.11401320757653165,0.0,386692.47429819
1000PEPEUSDT,2023-05-03,e2324,mature_d60_d66,65,1440.0,16.53366289885533,25.609310917136213,16.40024014644823,0.1580187303071503,0.0,227380.31539245998
1000PEPEUSDT,2023-05-03,e2324,mature_d60_d66,66,1440.0,9.65468414091675,14.28665356946258,9.726475262228403,0.2286156646393123,0.0,98692.93215851
1000RATSUSDT,2023-11-22,e2324,listing_d1_d7,1,1440.0,42.88653195369089,67.50699265883887,39.324560450361304,36.95253613949233,22.0,9444.3814298
1000RATSUSDT,2023-11-22,e2324,listing_d1_d7,2,1440.0,46.049792290519036,72.56195453205987,41.092459796263576,68.32717689350861,10.0,10848.1839571
1000RATSUSDT,2023-11-22,e2324,listing_d1_d7,3,1440.0,31.46659437031449,49.75994463407824,28.49597678475434,61.01143284610903,35.0,4521.8694051
1000RATSUSDT,2023-11-22,e2324,listing_d1_d7,4,1440.0,31.50272911114518,53.84960640795503,34.217176511620465,130.27983569943373,35.0,5845.4506223
1000RATSUSDT,2023-11-22,e2324,listing_d1_d7,5,1440.0,35.87643747774233,60.93801339238021,41.25606512069293,108.37730488464963,20.0,6826.9507261
1000RATSUSDT,2023-11-22,e2324,listing_d1_d7,6,1440.0,33.559862640797505,57.0490218006231,41.90248713843784,108.818724122718,23.0,4228.337439099999
1000RATSUSDT,2023-11-22,e2324,listing_d1_d7,7,1440.0,31.669168106174954,59.19501947120364,43.06173893640667,204.37769116709487,76.0,4976.4034209
1000RATSUSDT,2023-11-22,e2324,mature_d60_d66,60,1440.0,18.48029537665944,27.16066933394815,19.82522847661643,2.7214516495080203,0.0,14484.9779684
1000RATSUSDT,2023-11-22,e2324,mature_d60_d66,61,1440.0,30.380415874891902,42.39619456181805,25.07709188558117,1.7437220355866727,0.0,26588.198632700005
1000RATSUSDT,2023-11-22,e2324,mature_d60_d66,62,1440.0,31.22257018148265,46.77637283937746,30.225248279016323,2.209125469875134,0.0,27279.120088
1000RATSUSDT,2023-11-22,e2324,mature_d60_d66,63,1440.0,26.481600074713604,37.0437333011907,27.02461421069006,2.483852124220825,0.0,20725.3359029
1000RATSUSDT,2023-11-22,e2324,mature_d60_d66,64,1440.0,26.00782337502422,38.403437419113615,28.25926697447539,2.9964218050989726,0.0,21875.5293856
1000RATSUSDT,2023-11-22,e2324,mature_d60_d66,65,1440.0,28.70159548616984,42.96242566997296,29.654086068229287,2.2741592648355446,0.0,34887.6417281
1000RATSUSDT,2023-11-22,e2324,mature_d60_d66,66,1440.0,24.607611531101387,35.13424201833864,23.74452939457416,1.7171125777570388,0.0,27015.985698
1000TAGUSDT,2025-07-28,e2526,listing_d1_d7,1,1440.0,31.75443461309036,52.66360517044715,37.192344008845176,77.87311670701739,8.0,3178.4365624999996
1000TAGUSDT,2025-07-28,e2526,listing_d1_d7,2,1440.0,25.37355713378272,39.323082860464616,27.721953180494026,85.11600680987785,16.0,2105.3726849
1000TAGUSDT,2025-07-28,e2526,listing_d1_d7,3,1440.0,17.83876509255043,29.30319631377141,22.90523729297604,139.65348825684404,79.0,1122.7127675000002
1000TAGUSDT,2025-07-28,e2526,listing_d1_d7,4,1440.0,22.015828979646848,35.83430439536878,24.625981106594846,128.12283404205186,68.0,1384.8548959
1000TAGUSDT,2025-07-28,e2526,listing_d1_d7,5,1440.0,16.295104360821746,27.264465313541713,21.72869018300339,202.18059438177053,139.0,488.532232
1000TAGUSDT,2025-07-28,e2526,listing_d1_d7,6,1440.0,11.88883961462455,22.581025602706685,17.054789374426036,227.87940557608098,251.0,586.9745254
1000TAGUSDT,2025-07-28,e2526,listing_d1_d7,7,1440.0,12.735254712302707,22.42466845569339,18.094666326182928,239.90404131663894,249.0,625.5901613999999
1000TAGUSDT,2025-07-28,e2526,mature_d60_d66,60,1440.0,2.400384614675201,19.003503972089675,23.39513886254046,984.1905608212061,648.0,447.16740469999996
1000TAGUSDT,2025-07-28,e2526,mature_d60_d66,61,1440.0,0.0,2.40096038415373,9.424668361588802,1503.2549103158824,968.0,64.16094650000001
1000TAGUSDT,2025-07-28,e2526,mature_d60_d66,62,1440.0,0.0,2.444539537263952,13.891987539607449,2072.8628016528723,983.0,75.5579666
1000TAGUSDT,2025-07-28,e2526,mature_d60_d66,63,1440.0,0.0,4.8461352071720825,11.809874671226702,1607.8753416778507,891.0,87.47646239999999
1000TAGUSDT,2025-07-28,e2526,mature_d60_d66,64,1440.0,0.0,10.21389772455016,15.022608663445283,1180.7270220757316,781.0,176.44209769999998
1000TAGUSDT,2025-07-28,e2526,mature_d60_d66,65,1440.0,0.0,5.170965096169245,11.292874575479487,979.8309700005537,882.0,104.260339
1000TAGUSDT,2025-07-28,e2526,mature_d60_d66,66,1440.0,0.0,2.4870982070495304,11.014486942479902,1492.913633519567,978.0,65.033915
1000TOSHIUSDT,2024-12-05,e2324,listing_d1_d7,1,1440.0,35.021165328040674,57.181552397018734,37.15466567766628,56.97527370855547,50.0,4868.1464871
1000TOSHIUSDT,2024-12-05,e2324,listing_d1_d7,2,1440.0,24.547416424906665,39.16842422416462,24.77065620988741,100.89127419332488,93.0,2852.8693184000003
1000TOSHIUSDT,2024-12-05,e2324,listing_d1_d7,3,1440.0,15.91090903567488,31.821800349123112,21.841073860521888,140.44991420911012,189.0,2166.8636678
1000TOSHIUSDT,2024-12-05,e2324,listing_d1_d7,4,1440.0,18.492837979483998,31.42431194020131,25.900714213854716,53.387436914252845,114.0,2688.6873238000003
1000TOSHIUSDT,2024-12-05,e2324,listing_d1_d7,5,1440.0,11.855365015311897,26.002982540715685,18.44158791679222,139.4298696095253,258.0,1477.1430885999998
1000TOSHIUSDT,2024-12-05,e2324,listing_d1_d7,6,1440.0,15.6280529503706,31.03180760279214,26.022577242548483,145.6056934575682,293.0,1477.2350255
1000TOSHIUSDT,2024-12-05,e2324,listing_d1_d7,7,1440.0,14.749270558290831,30.22863298197232,23.579139424573228,228.1204634317316,229.0,1354.0429456
1000TOSHIUSDT,2024-12-05,e2324,mature_d60_d66,60,1440.0,104.49704594213766,154.48517436057773,93.42316904666623,0.9624829481982087,0.0,144115.1114842
1000TOSHIUSDT,2024-12-05,e2324,mature_d60_d66,61,1440.0,67.03679170094169,91.78971042115118,50.46198379553185,1.028103221234123,0.0,70912.2797946
1000TOSHIUSDT,2024-12-05,e2324,mature_d60_d66,62,1440.0,36.32180538643406,53.83330085603783,30.835146231565457,1.4263893324627355,0.0,32532.944003300003
1000TOSHIUSDT,2024-12-05,e2324,mature_d60_d66,63,1440.0,34.8432492791765,50.03806822692247,30.268559954116657,1.8218828583931184,0.0,24805.7488596
1000TOSHIUSDT,2024-12-05,e2324,mature_d60_d66,64,1440.0,34.87921457176121,50.88482493865973,32.2110433324423,2.0402664648140876,1.0,24560.3516783
1000TOSHIUSDT,2024-12-05,e2324,mature_d60_d66,65,1440.0,22.586164001766598,34.282063395370386,21.377700963363093,2.4716113677911378,2.0,16067.2486288
1000TOSHIUSDT,2024-12-05,e2324,mature_d60_d66,66,1440.0,23.855092879940297,39.986819348626895,28.11101036021648,2.183515063333133,0.0,20666.5633884
1000TURBOUSDT,2024-02-29,e2324,listing_d1_d7,1,1440.0,74.27281304278463,109.53793220969604,64.3984477724873,2.197363959213685,0.0,60146.2910305
1000TURBOUSDT,2024-02-29,e2324,listing_d1_d7,2,1440.0,60.95062319267838,96.96910445107471,69.84473804758184,4.299801268188548,0.0,35353.217247600005
1000TURBOUSDT,2024-02-29,e2324,listing_d1_d7,3,1440.0,55.52083991384168,85.52579452327852,73.82359694089924,6.548716818384193,0.0,20253.8418976
1000TURBOUSDT,2024-02-29,e2324,listing_d1_d7,4,1440.0,70.80434738808209,105.48927935077093,64.32073823530713,7.55343990149319,0.0,23873.034044199998
1000TURBOUSDT,2024-02-29,e2324,listing_d1_d7,5,1440.0,60.04513877590487,88.96626878495574,78.45614429800634,6.852179037704046,0.0,16490.1008728
1000TURBOUSDT,2024-02-29,e2324,listing_d1_d7,6,1440.0,41.80899482874348,58.39256150654785,39.22412153248049,18.53124627351584,0.0,6094.7543939
1000TURBOUSDT,2024-02-29,e2324,listing_d1_d7,7,1440.0,32.15435413378861,45.88459964016593,28.757520388494616,47.29543689357191,0.0,2948.3276062
1000TURBOUSDT,2024-02-29,e2324,mature_d60_d66,60,1440.0,12.435601350150622,21.178970152938565,16.047705231085423,179.95669811597648,261.0,483.6450791
1000TURBOUSDT,2024-02-29,e2324,mature_d60_d66,61,1440.0,14.224751516588034,24.468543031369418,18.53991527143552,183.22862597646704,158.0,517.883874
1000TURBOUSDT,2024-02-29,e2324,mature_d60_d66,62,1440.0,18.11229623666758,31.796502384736936,24.393045294485894,294.42321077516124,183.0,684.5010082
1000TURBOUSDT,2024-02-29,e2324,mature_d60_d66,63,1440.0,13.791755497135979,25.45277213074773,17.653368989953602,255.41091664682207,286.0,448.7689015
1000TURBOUSDT,2024-02-29,e2324,mature_d60_d66,64,1440.0,12.96896811602464,25.53463221108071,24.153727854436966,360.6040313955835,327.0,1260.9429154
1000TURBOUSDT,2024-02-29,e2324,mature_d60_d66,65,1440.0,19.28747963173378,35.39601999585806,30.24368207824017,100.89413858159672,129.0,4300.6397983
1000TURBOUSDT,2024-02-29,e2324,mature_d60_d66,66,1440.0,15.745651816309667,27.66251772891114,22.133449510577346,48.91866205952567,33.0,2608.6667062999995
1000XUSDT,2024-10-25,e2324,listing_d1_d7,1,1440.0,28.906376207179413,52.835934782820054,39.40423615308718,12.297433621680995,0.0,8988.4488702
1000XUSDT,2024-10-25,e2324,listing_d1_d7,2,1440.0,27.80049059689289,48.47513542488302,47.6174636846186,10.156692908666239,8.0,11043.4794105
1000XUSDT,2024-10-25,e2324,listing_d1_d7,3,1440.0,22.042307476687892,41.37369283477561,32.300529814176514,17.264928141095883,13.0,7625.678063300001
1000XUSDT,2024-10-25,e2324,listing_d1_d7,4,1440.0,22.277918742361926,39.10909274078507,35.44905732083862,37.835938326791265,8.0,7665.7695244
1000XUSDT,2024-10-25,e2324,listing_d1_d7,5,1440.0,15.04466717122066,28.04262773110173,22.464824172868983,51.2675659050968,86.0,2765.7764477000005
1000XUSDT,2024-10-25,e2324,listing_d1_d7,6,1440.0,16.80373472102534,29.237136626679707,26.223892662722758,59.838634526012434,78.0,3694.7547414
1000XUSDT,2024-10-25,e2324,listing_d1_d7,7,1440.0,20.49180327868848,32.85251205532931,26.02982314122211,54.67735001002545,29.0,3377.2879884
1000XUSDT,2024-10-25,e2324,mature_d60_d66,60,1440.0,18.093148568701938,27.987852518716164,25.747718863690018,8.477438544152722,0.0,11790.803407700003
1000XUSDT,2024-10-25,e2324,mature_d60_d66,61,1440.0,27.333044667918134,41.49502771893462,27.75481548812138,4.167708466958992,0.0,14619.6940029
1000XUSDT,2024-10-25,e2324,mature_d60_d66,62,1440.0,20.99125621360219,30.170655215472134,19.577914987926764,5.957994317703077,0.0,8095.1693836
1000XUSDT,2024-10-25,e2324,mature_d60_d66,63,1440.0,19.683224040061035,29.97997351154205,19.94531505590731,7.042985313487502,0.0,7952.420797399999
1000XUSDT,2024-10-25,e2324,mature_d60_d66,64,1440.0,12.580990323054932,18.733155135285834,12.454689686088374,12.698025441105434,7.0,3281.2902131
1000XUSDT,2024-10-25,e2324,mature_d60_d66,65,1440.0,10.501105316027235,15.689230048023648,10.954547873265565,19.71493102882306,15.0,2305.9680713
1000XUSDT,2024-10-25,e2324,mature_d60_d66,66,1440.0,15.70428171823603,23.906444512602757,15.440120466720503,22.365101891254366,5.0,3494.5127243
1CATUSDT,2023-12-27,e2324,listing_d1_d7,1,1440.0,84.35853414815595,130.95239921516676,79.42916511133419,5.443651384702063,0.0,38244.1788497
1CATUSDT,2023-12-27,e2324,listing_d1_d7,2,1440.0,72.23942208462306,105.83283682417571,63.651089524491624,6.096888868575725,0.0,23135.3904806
1CATUSDT,2023-12-27,e2324,listing_d1_d7,3,1440.0,42.194092827004326,70.79647376198804,43.193181538499815,15.681661796864013,1.0,9397.5050821
1CATUSDT,2023-12-27,e2324,listing_d1_d7,4,1440.0,41.53686396677062,63.02521008403468,43.853605737627355,31.24348087778567,7.0,8705.3359648
1CATUSDT,2023-12-27,e2324,listing_d1_d7,5,1440.0,45.714345422818624,73.91440355214237,52.23643954735164,17.580286856889703,6.0,7835.7271947
1CATUSDT,2023-12-27,e2324,listing_d1_d7,6,1440.0,49.44375772558727,83.2590170432012,52.29354983078599,14.254206489016568,2.0,16305.487137400001
1CATUSDT,2023-12-27,e2324,listing_d1_d7,7,1440.0,47.5341819629952,77.07132530578845,91.30312773692327,50.9562119205299,14.0,8632.061888
1CATUSDT,2023-12-27,e2324,mature_d60_d66,60,1440.0,33.50194770718579,49.04114376625501,29.21387491075314,14.63188209830679,1.0,5791.660435440001
1CATUSDT,2023-12-27,e2324,mature_d60_d66,61,1440.0,36.36110234146384,53.62541148756402,31.86213022064119,13.376280288938478,0.0,6726.9269918
1CATUSDT,2023-12-27,e2324,mature_d60_d66,62,1440.0,41.37100064209344,61.522485141032554,38.03910367699657,14.592403924806305,0.0,8491.01683619
1CATUSDT,2023-12-27,e2324,mature_d60_d66,63,1440.0,54.85171130443499,89.05633082060893,57.57318655263423,10.214442698232029,0.0,16466.51538013
1CATUSDT,2023-12-27,e2324,mature_d60_d66,64,1440.0,46.45194936383498,69.95596995597057,44.12199907714036,13.648340205251204,0.0,10098.549748799998
1CATUSDT,2023-12-27,e2324,mature_d60_d66,65,1440.0,43.607617316028524,71.81364999196667,41.06591574969938,17.704109975075305,0.0,7294.6711104099995
1CATUSDT,2023-12-27,e2324,mature_d60_d66,66,1440.0,55.80358880602395,84.48733416338138,48.71496081597364,13.519122396624141,0.0,12000.31121504
A8USDT,2024-07-22,e2324,listing_d1_d7,1,1440.0,23.304602395567592,39.2638107779313,26.885712025668507,20.712139863223104,8.0,4268.7705422
A8USDT,2024-07-22,e2324,listing_d1_d7,2,1440.0,19.709317909016253,30.581039755351497,20.87219400182469,35.57065475332936,17.0,2874.7062009
A8USDT,2024-07-22,e2324,listing_d1_d7,3,1440.0,16.97792869269919,32.69754768392313,22.500661344232107,97.27091342508517,26.0,2267.7324611
A8USDT,2024-07-22,e2324,listing_d1_d7,4,1440.0,27.932960893854776,44.56824512534792,32.90164591805091,31.208699898335794,16.0,4624.944625800001
A8USDT,2024-07-22,e2324,listing_d1_d7,5,1440.0,23.852116875373373,39.53127442442103,28.588486231736276,39.302975745052045,10.0,3220.7237537
A8USDT,2024-07-22,e2324,listing_d1_d7,6,1440.0,24.883361660891783,37.813142883023964,26.71603190491943,50.987911930446096,20.0,3038.4255311
A8USDT,2024-07-22,e2324,listing_d1_d7,7,1440.0,20.366598778003716,35.10004808225768,25.953905595963118,36.97277006256854,15.0,2810.7796038999995
A8USDT,2024-07-22,e2324,mature_d60_d66,60,1440.0,11.454753722795289,23.591866966652823,20.636644251408907,268.2831392285275,444.0,2930.7836134
A8USDT,2024-07-22,e2324,mature_d60_d66,61,1440.0,0.0,22.727272727271803,17.734044707624086,730.408945919389,622.0,706.4311942
A8USDT,2024-07-22,e2324,mature_d60_d66,62,1440.0,0.0,22.52887047137394,24.087270419393096,550.7299929627703,541.0,1341.0643022
A8USDT,2024-07-22,e2324,mature_d60_d66,63,1440.0,0.0,21.59827213822806,21.050871660097176,603.5078897577671,647.0,881.2765855
A8USDT,2024-07-22,e2324,mature_d60_d66,64,1440.0,19.493177387914788,38.88214540958138,29.31807119419973,381.3899155899567,239.0,6160.9362187
A8USDT,2024-07-22,e2324,mature_d60_d66,65,1440.0,9.900990099010183,27.397260273972122,19.82356594361863,160.54142259456853,263.0,3012.2737565
A8USDT,2024-07-22,e2324,mature_d60_d66,66,1440.0,9.82318271119871,19.999999999999186,18.327309849570263,494.76205120317434,508.0,1034.5608732
ACEUSDT,2023-12-18,e2324,listing_d1_d7,1,1440.0,44.17574442947186,70.13227661164801,40.12498495594181,1.2090904378287233,0.0,64676.5181643
ACEUSDT,2023-12-18,e2324,listing_d1_d7,2,1440.0,34.99806196539799,53.193673662968315,31.810513296253504,1.4922074259223028,0.0,52856.978061099995
ACEUSDT,2023-12-18,e2324,listing_d1_d7,3,1440.0,48.532958389025445,70.92090136829816,44.67620599167247,0.7602458508210351,0.0,127889.8006769
ACEUSDT,2023-12-18,e2324,listing_d1_d7,4,1440.0,29.78504227262006,49.39446367920928,37.06410508566926,1.0614712769521988,0.0,71965.9336248
ACEUSDT,2023-12-18,e2324,listing_d1_d7,5,1440.0,25.950492739936788,38.85169803145743,21.85356439592794,1.3256899209140196,0.0,42202.428987499996
ACEUSDT,2023-12-18,e2324,listing_d1_d7,6,1440.0,22.03814879550111,31.1674639250051,21.188833759627627,2.0342687354773368,1.0,26432.6749624
ACEUSDT,2023-12-18,e2324,listing_d1_d7,7,1440.0,26.777747089317934,39.31992652480277,24.220699651697903,3.493367992877727,0.0,26788.7321525
ACEUSDT,2023-12-18,e2324,mature_d60_d66,60,1440.0,19.652800911347644,30.899623015726,19.80527002975147,2.8365900613821413,0.0,19909.456451
ACEUSDT,2023-12-18,e2324,mature_d60_d66,61,1440.0,14.090177133654738,21.513888566907436,14.05243937845115,3.841621610614313,0.0,13158.0427583
ACEUSDT,2023-12-18,e2324,mature_d60_d66,62,1440.0,17.173934410294862,25.804602218462087,18.109135542128325,4.506224496627591,2.0,13628.1565938
ACEUSDT,2023-12-18,e2324,mature_d60_d66,63,1440.0,24.614941432266708,37.217969513474884,22.802593571492313,2.6417023492631926,0.0,26704.5949182
ACEUSDT,2023-12-18,e2324,mature_d60_d66,64,1440.0,22.152484622713608,33.93766467061327,24.01812669593803,2.7569747166354595,0.0,24713.1922175
ACEUSDT,2023-12-18,e2324,mature_d60_d66,65,1440.0,19.86098539491745,28.75412952376664,18.34621084613342,5.611211143824822,0.0,11883.5314517
ACEUSDT,2023-12-18,e2324,mature_d60_d66,66,1440.0,16.78281987990152,25.00200592691237,15.961304342008264,5.74349857874588,0.0,9014.926425900001
ACTUSDT,2024-11-11,e2324,listing_d1_d7,1,1440.0,113.37139423076965,164.89305050146473,96.613034849633,0.5862245487723677,0.0,272011.5425647
ACTUSDT,2024-11-11,e2324,listing_d1_d7,2,1440.0,114.02508854436901,161.53932605917277,93.83368604961318,0.4688576749306109,0.0,294244.6592028
ACTUSDT,2024-11-11,e2324,listing_d1_d7,3,1440.0,102.66220864641424,152.21045227148815,93.39350919265789,0.3412214361546011,0.0,354247.5389834
ACTUSDT,2024-11-11,e2324,listing_d1_d7,4,1440.0,66.30990408082509,96.34333994632988,57.93910915936155,0.29820787828386675,0.0,282238.7210187
ACTUSDT,2024-11-11,e2324,listing_d1_d7,5,1440.0,43.42126319926785,60.64272797973163,36.45590522397386,0.34264363348181354,0.0,164531.29094029998
ACTUSDT,2024-11-11,e2324,listing_d1_d7,6,1440.0,42.23738992048509,57.7169462606034,35.07848703573372,0.3465604211001842,0.0,138858.6846189
ACTUSDT,2024-11-11,e2324,listing_d1_d7,7,1440.0,31.714238907301404,44.21655936712661,25.045325935342138,0.5242104851100123,0.0,86222.79068199999
ACTUSDT,2024-11-11,e2324,mature_d60_d66,60,1440.0,24.5829682733246,35.14321183134622,23.28122369305438,2.107023588951804,0.0,29708.2195193
ACTUSDT,2024-11-11,e2324,mature_d60_d66,61,1440.0,17.55309866264924,21.770682148040255,15.043418569181773,3.150792262941991,0.0,11962.1667159
ACTUSDT,2024-11-11,e2324,mature_d60_d66,62,1440.0,14.956067077219277,22.31312755671214,15.08934119760242,3.3110501384480178,0.0,12332.960991099999
ACTUSDT,2024-11-11,e2324,mature_d60_d66,63,1440.0,28.71795959338872,39.54305799648437,26.057169225372256,2.750526473276891,0.0,28590.124025300003
ACTUSDT,2024-11-11,e2324,mature_d60_d66,64,1440.0,20.738282870178367,32.96250515039123,22.606991325907256,3.640930132334234,0.0,19505.3035532
ACTUSDT,2024-11-11,e2324,mature_d60_d66,65,1440.0,20.000028800040933,30.464584920029225,21.570643774259008,4.350731594605399,2.0,16910.444318100002
ACTUSDT,2024-11-11,e2324,mature_d60_d66,66,1440.0,15.813402475943544,27.021813482477583,18.5368131311676,5.932747168890701,2.0,11495.0680824
AERGOUSDT,2023-11-16,e2324,listing_d1_d7,1,1440.0,21.8340611353718,35.90668135348284,29.423785166839743,261.9104788568416,109.0,8094.307973699999
AERGOUSDT,2023-11-16,e2324,listing_d1_d7,2,1440.0,12.202562538133359,24.668523846492853,19.458055706348045,1249.0324931080115,377.0,2474.0180003
AERGOUSDT,2023-11-16,e2324,listing_d1_d7,3,1440.0,12.106537530266689,24.096385542167692,18.48902708802154,842.2589327202529,293.0,2257.4539188
AERGOUSDT,2023-11-16,e2324,listing_d1_d7,4,1440.0,11.554015020219857,23.121387283236054,22.199521534438535,778.2519826633096,229.0,2961.4406774
AERGOUSDT,2023-11-16,e2324,listing_d1_d7,5,1440.0,6.521031016039329,23.588384260032548,19.353140457540444,1784.3370400954138,343.0,2408.0523404
AERGOUSDT,2023-11-16,e2324,listing_d1_d7,6,1440.0,12.586532410321315,26.485700793650157,23.014771920903875,1123.976291362154,262.0,3106.7655417
AERGOUSDT,2023-11-16,e2324,listing_d1_d7,7,1440.0,11.820330969267479,23.84501381062306,18.85221923791443,759.0236035355433,188.0,2289.9634442999995
AERGOUSDT,2023-11-16,e2324,mature_d60_d66,60,1440.0,0.0,7.304601899197717,7.000806759445292,1322.0904901190686,805.0,361.67413409999995
AERGOUSDT,2023-11-16,e2324,mature_d60_d66,61,1440.0,0.0,7.199424046077519,7.793088753837225,815.5864033304473,854.0,392.74025800000004
AERGOUSDT,2023-11-16,e2324,mature_d60_d66,62,1440.0,0.0,7.1581961345733,6.044221519978471,3430.5199410728947,941.0,238.9706534
AERGOUSDT,2023-11-16,e2324,mature_d60_d66,63,1440.0,0.0,7.385524372229615,8.224911523954443,848.4763077004685,816.0,309.3097098
AERGOUSDT,2023-11-16,e2324,mature_d60_d66,64,1440.0,0.0,7.66430435089279,12.28710796070494,733.036271791348,590.0,688.9017544
AERGOUSDT,2023-11-16,e2324,mature_d60_d66,65,1440.0,0.0,0.0,4.618007198495187,651.9730489587914,916.0,126.85903780000001
AERGOUSDT,2023-11-16,e2324,mature_d60_d66,66,1440.0,0.0,0.0,4.217903335689784,804.3753075556442,958.0,175.21755750000003
AEROUSDT,2024-07-15,e2324,listing_d1_d7,1,1440.0,26.204515159648235,39.079848158345186,22.773461539284124,26.134254817531204,17.0,5593.084167
AEROUSDT,2024-07-15,e2324,listing_d1_d7,2,1440.0,28.676119246074116,42.00381190382027,21.035173189908406,11.945080589733811,6.0,7543.0250569
AEROUSDT,2024-07-15,e2324,listing_d1_d7,3,1440.0,27.390313706965777,39.16355561252953,18.394564352267587,8.131374908869297,2.0,11841.9541535
AEROUSDT,2024-07-15,e2324,listing_d1_d7,4,1440.0,22.073954447213566,34.84495271808228,18.775266180798287,11.33876479041216,12.0,7841.9627187
AEROUSDT,2024-07-15,e2324,listing_d1_d7,5,1440.0,14.418128090420415,23.443092385395246,14.69128994262026,34.37831127700692,72.0,2986.1363951000003
AEROUSDT,2024-07-15,e2324,listing_d1_d7,6,1440.0,10.377211894665788,18.497110156258266,12.395396195616007,40.34739341014112,123.0,2847.1664282
AEROUSDT,2024-07-15,e2324,listing_d1_d7,7,1440.0,12.982417622490654,22.164124063452213,14.976939959143388,92.76024968822509,185.0,2904.5859227
AEROUSDT,2024-07-15,e2324,mature_d60_d66,60,1440.0,11.36640782806685,24.844721008168563,16.860010354768853,75.5433603034607,235.0,5337.7825158000005
AEROUSDT,2024-07-15,e2324,mature_d60_d66,61,1440.0,7.26428963236662,14.258221735987183,10.8002596485919,111.86860915958592,248.0,2736.2347790999997
AEROUSDT,2024-07-15,e2324,mature_d60_d66,62,1440.0,5.84923597482429,12.413736645748235,9.380025498598235,140.63823663201725,430.0,2112.9448126
AEROUSDT,2024-07-15,e2324,mature_d60_d66,63,1440.0,7.597057649126885,16.85565549355223,14.333125043720711,136.44757931100995,337.0,1481.1038978
AEROUSDT,2024-07-15,e2324,mature_d60_d66,64,1440.0,7.417307583587702,16.94795590642776,13.221195543453776,142.0002841320426,349.0,1546.0435198999999
AEROUSDT,2024-07-15,e2324,mature_d60_d66,65,1440.0,10.117804381608652,23.72211038424071,19.989041920743343,129.1191277321517,347.0,3460.8706169999996
AEROUSDT,2024-07-15,e2324,mature_d60_d66,66,1440.0,17.025738630765293,30.14458897963458,19.83824811076268,42.49153994460243,152.0,5132.6861249
AGIUSDT,2023-11-17,e2324,listing_d1_d7,1,1440.0,59.123086842030176,98.7717346912188,54.246898202004864,4.120797168454028,0.0,41527.3839058
AGIUSDT,2023-11-17,e2324,listing_d1_d7,2,1440.0,46.779417056495106,84.07784166298133,87.45140088645924,55.433317155859704,6.0,8490.6232526
AGIUSDT,2023-11-17,e2324,listing_d1_d7,3,1440.0,42.54622925253422,66.9792364367045,33.95859535734198,29.007051586983557,0.0,7187.183818099999
AGIUSDT,2023-11-17,e2324,listing_d1_d7,4,1440.0,47.86451311603974,73.75538728758833,49.229897845403016,97.24483519929579,10.0,6024.6476109
AGIUSDT,2023-11-17,e2324,listing_d1_d7,5,1440.0,39.30045347271108,61.507869450725934,37.258411210668356,208.41327328726132,57.0,3298.3673512000005
AGIUSDT,2023-11-17,e2324,listing_d1_d7,6,1440.0,32.051282051282136,51.880675998362726,28.492614971578554,187.91637098129706,52.0,3204.8853057
AGIUSDT,2023-11-17,e2324,listing_d1_d7,7,1440.0,40.41901045375123,62.09777932642688,33.57050334351232,262.982324463748,40.0,4228.0766931
AGIUSDT,2023-11-17,e2324,mature_d60_d66,60,1440.0,16.256386437529173,31.096792163503675,18.64868690177899,1236.0215607644132,252.0,690.523053
AGIUSDT,2023-11-17,e2324,mature_d60_d66,61,1440.0,20.557336405299097,37.9443285245268,28.297819399197575,386.91339873710194,98.0,2923.0818936
AGIUSDT,2023-11-17,e2324,mature_d60_d66,62,1440.0,37.2384740272183,55.39639414016107,31.83048947106779,28.99118305161848,5.0,6960.330920799999
AGIUSDT,2023-11-17,e2324,mature_d60_d66,63,1440.0,24.306720980102543,39.689774202445385,26.80038381335766,339.76156416897567,39.0,1887.4126436000001
AGIUSDT,2023-11-17,e2324,mature_d60_d66,64,1440.0,15.672447234444057,28.500340013533247,21.548583060739738,465.96539230285174,154.0,1384.9670958
AGIUSDT,2023-11-17,e2324,mature_d60_d66,65,1440.0,18.300122000813296,33.03398947295485,25.225395346571656,384.51267857936034,124.0,1800.0508218000002
AGIUSDT,2023-11-17,e2324,mature_d60_d66,66,1440.0,25.410270268961888,38.61368506994946,24.78026711690953,248.99789853270897,40.0,1825.0656281
AI16ZUSDT,2024-12-30,e2324,listing_d1_d7,1,1440.0,52.41799834617305,71.89743307755207,40.10754134969423,0.5983175998103192,0.0,110547.3675009
AI16ZUSDT,2024-12-30,e2324,listing_d1_d7,2,1440.0,52.42000530179988,73.00877858785753,38.89601083361767,0.4784366391015165,0.0,131217.2304379
AI16ZUSDT,2024-12-30,e2324,listing_d1_d7,3,1440.0,66.80067266427108,97.69440658150607,55.09695233000521,0.2242916254038536,0.0,334107.3571739
AI16ZUSDT,2024-12-30,e2324,listing_d1_d7,4,1440.0,52.94600093289581,73.6025847632688,45.594694995935164,0.30655244484148114,0.0,199980.2873958
AI16ZUSDT,2024-12-30,e2324,listing_d1_d7,5,1440.0,36.14730847112685,51.809599817463635,30.884045873386615,0.29488254020526383,0.0,137179.46194739998
AI16ZUSDT,2024-12-30,e2324,listing_d1_d7,6,1440.0,33.74469726185835,47.96924157594144,30.089084794151464,0.36878740970815077,0.0,116261.9869352
AI16ZUSDT,2024-12-30,e2324,listing_d1_d7,7,1440.0,42.307699185948174,59.13731396913584,31.995856597477395,0.21454566022255217,0.0,238173.3631892
AI16ZUSDT,2024-12-30,e2324,mature_d60_d66,60,1440.0,44.80956214961022,62.98138506639098,38.79885971020462,0.7973606397580277,0.0,79379.69941010002
AI16ZUSDT,2024-12-30,e2324,mature_d60_d66,61,1440.0,27.952485696765837,39.951891515468006,25.705740265445403,0.7022808986381112,0.0,58832.1789953
AI16ZUSDT,2024-12-30,e2324,mature_d60_d66,62,1440.0,33.94853805770508,55.305917958897645,39.83344741191735,0.669594646875484,0.0,104900.25016849999
AI16ZUSDT,2024-12-30,e2324,mature_d60_d66,63,1440.0,43.44904362755737,61.41268367769425,36.455657386563395,0.5779694549604789,0.0,110202.1316877
AI16ZUSDT,2024-12-30,e2324,mature_d60_d66,64,1440.0,39.973351099267376,57.68344801897611,36.298103472561,0.7981735754058251,0.0,73457.0934194
AI16ZUSDT,2024-12-30,e2324,mature_d60_d66,65,1440.0,33.795201081446464,46.43449419568864,28.33739612972577,0.9357640194858213,0.0,48550.536348
AI16ZUSDT,2024-12-30,e2324,mature_d60_d66,66,1440.0,34.849286400289174,48.305021354285756,30.01529583536107,0.8739539044002218,0.0,54721.7904712
AIOUSDT,2025-08-13,e2526,listing_d1_d7,1,1440.0,55.1411485468521,81.76380019529918,55.15199669133243,7.018622747990632,0.0,18120.6952528
AIOUSDT,2025-08-13,e2526,listing_d1_d7,2,1440.0,40.33276821367126,59.12957244610599,42.287158091760176,8.18880523599275,0.0,12629.424461300001
AIOUSDT,2025-08-13,e2526,listing_d1_d7,3,1440.0,42.47080281515381,68.65497351872682,48.004141589086466,6.922052548021839,0.0,32735.290534800002
AIOUSDT,2025-08-13,e2526,listing_d1_d7,4,1440.0,36.29946098720413,55.01328155498154,36.717514339237454,5.902857234551056,0.0,15241.7510637
AIOUSDT,2025-08-13,e2526,listing_d1_d7,5,1440.0,37.772345572720454,62.17903176697548,38.700151492277385,5.0628490659638725,0.0,27536.547688000002
AIOUSDT,2025-08-13,e2526,listing_d1_d7,6,1440.0,23.51250744795639,35.07555848168049,24.96600129224692,11.037329021738117,2.0,7029.779901600001
AIOUSDT,2025-08-13,e2526,listing_d1_d7,7,1440.0,21.365999681054884,33.67985573353166,24.622476075616323,20.51719656339263,9.0,4927.7415129
AIOUSDT,2025-08-13,e2526,mature_d60_d66,60,1440.0,30.403973447865294,48.388761710280775,28.163104954315063,302.1470484123279,157.0,672.4632733999999
AIOUSDT,2025-08-13,e2526,mature_d60_d66,61,1440.0,25.26693711674364,39.84989202546049,27.209055221791928,254.00708774457684,97.0,651.3154934
AIOUSDT,2025-08-13,e2526,mature_d60_d66,62,1440.0,51.05614439533399,97.9258721939759,62.693603040547586,243.37764429453546,65.0,8812.5753981
AIOUSDT,2025-08-13,e2526,mature_d60_d66,63,1440.0,43.19886409678798,67.58950882887326,38.29173993832503,41.90462441445646,5.0,4013.7206101000006
AIOUSDT,2025-08-13,e2526,mature_d60_d66,64,1440.0,30.856077563355615,51.35127649120117,37.1340003318834,108.18118973377801,19.0,2196.6942827
AIOUSDT,2025-08-13,e2526,mature_d60_d66,65,1440.0,88.55005332160466,130.67662004744213,84.50128884015537,14.974150475545805,0.0,26340.9553098
AIOUSDT,2025-08-13,e2526,mature_d60_d66,66,1440.0,25.49998847205714,38.060000153881475,24.39082127407143,36.91834506172424,11.0,2028.5827933000003
AIOZUSDT,2024-06-13,e2324,listing_d1_d7,1,1440.0,23.980821680268537,41.249568080127176,22.547996856931647,28.250673473380733,22.0,5011.0919743
AIOZUSDT,2024-06-13,e2324,listing_d1_d7,2,1440.0,20.483060146227412,37.5475418292251,21.989876242309304,32.73758047406218,30.0,5286.9311358
AIOZUSDT,2024-06-13,e2324,listing_d1_d7,3,1440.0,17.877458150495528,31.03352905056026,19.34533207945145,70.07311056781889,56.0,2647.5264960000004
AIOZUSDT,2024-06-13,e2324,listing_d1_d7,4,1440.0,16.357701622348728,29.449585137943167,19.771091586193638,85.27228183057177,90.0,2469.4195971
AIOZUSDT,2024-06-13,e2324,listing_d1_d7,5,1440.0,24.729527429475542,37.551062837144976,23.77930704295853,22.73891967530278,18.0,3487.7882849000002
AIOZUSDT,2024-06-13,e2324,listing_d1_d7,6,1440.0,21.369613223303986,32.13658071009538,20.224956370991624,28.823988576759408,41.0,3824.4440866
AIOZUSDT,2024-06-13,e2324,listing_d1_d7,7,1440.0,16.88899509063032,28.395574647950795,19.790108269309272,57.083223241610035,125.0,2753.3954753999997
AIOZUSDT,2024-06-13,e2324,mature_d60_d66,60,1440.0,17.08306718938483,28.84520835009948,19.455389400759508,121.17761371020218,116.0,1445.3018889
AIOZUSDT,2024-06-13,e2324,mature_d60_d66,61,1440.0,15.25553031081693,24.017467248908073,17.355053014301976,138.93316908677673,108.0,1573.7274883999999
AIOZUSDT,2024-06-13,e2324,mature_d60_d66,62,1440.0,11.010790574763277,19.742254085457112,14.042453433828314,163.74912742559516,203.0,772.3734287000001
AIOZUSDT,2024-06-13,e2324,mature_d60_d66,63,1440.0,13.892105398589637,24.18113871180579,16.25986137454464,163.3441723237271,152.0,1441.5393073999999
AIOZUSDT,2024-06-13,e2324,mature_d60_d66,64,1440.0,13.642567623459103,23.204549028731975,15.663915512067296,164.96140719698772,172.0,1089.8801918
AIOZUSDT,2024-06-13,e2324,mature_d60_d66,65,1440.0,7.003619395073559,14.172670960529016,10.845913963235715,170.31882993401794,365.0,791.3453748000001
AIOZUSDT,2024-06-13,e2324,mature_d60_d66,66,1440.0,8.940599418831319,18.03528581854678,15.526231230399523,108.80466277196611,249.0,2170.9671534000004
AIUSDT,2024-01-17,e2324,listing_d1_d7,1,1440.0,27.717061909248397,39.74153898331318,24.73355577667534,6.51993139801404,2.0,19467.76422867
AIUSDT,2024-01-17,e2324,listing_d1_d7,2,1440.0,26.786539019820065,39.793485481117365,26.30150736669368,12.354434798415305,0.0,14263.065082879999
AIUSDT,2024-01-17,e2324,listing_d1_d7,3,1440.0,20.305505604184425,30.438862800119942,21.33442526720943,19.60843813785558,3.0,10907.306047960003
AIUSDT,2024-01-17,e2324,listing_d1_d7,4,1440.0,24.586256245089643,36.90084959772744,24.15496333790459,8.514540107737869,0.0,14229.171636920002
AIUSDT,2024-01-17,e2324,listing_d1_d7,5,1440.0,25.09527254576284,38.37086940145819,25.536409002241008,13.598594403202199,0.0,12183.62129632
AIUSDT,2024-01-17,e2324,listing_d1_d7,6,1440.0,23.291140195886864,35.70995766644084,24.71249761430619,29.648047529406764,1.0,6794.80474001
AIUSDT,2024-01-17,e2324,listing_d1_d7,7,1440.0,20.878808762068104,30.50434025868201,22.258935712826986,24.632629649177115,1.0,7500.61394833
AIUSDT,2024-01-17,e2324,mature_d60_d66,60,1440.0,29.622051755091718,40.81926336877392,25.494025009331125,2.452053620481165,0.0,27245.74563955
AIUSDT,2024-01-17,e2324,mature_d60_d66,61,1440.0,27.586184949290473,39.68570191086715,22.938859181920787,2.7065193228299984,0.0,22522.19458681
AIUSDT,2024-01-17,e2324,mature_d60_d66,62,1440.0,36.90962107312128,48.557123909519426,28.944913024779115,3.277288012032835,0.0,24123.661626170004
AIUSDT,2024-01-17,e2324,mature_d60_d66,63,1440.0,30.732202645788274,41.7838624650552,25.669443921549576,3.909412314929864,0.0,18064.37321313
AIUSDT,2024-01-17,e2324,mature_d60_d66,64,1440.0,22.512792091845235,33.109699751468185,19.972418535410824,8.605748683848848,10.0,10558.35605765
AIUSDT,2024-01-17,e2324,mature_d60_d66,65,1440.0,21.488891295380522,30.833780206736066,19.223077981822065,9.473195220300687,0.0,9060.938411869998
AIUSDT,2024-01-17,e2324,mature_d60_d66,66,1440.0,14.80428986538278,21.763533932107286,13.509178242542424,17.92916741277311,2.0,5638.312260059999
AIXBTUSDT,2024-12-20,e2324,listing_d1_d7,1,1440.0,68.58265499411223,105.80411124546563,62.25890503909717,5.117401189029772,0.0,34052.553167000005
AIXBTUSDT,2024-12-20,e2324,listing_d1_d7,2,1440.0,41.44365030461929,64.1711474799325,42.82848772515609,8.663186273902795,1.0,14744.938989
AIXBTUSDT,2024-12-20,e2324,listing_d1_d7,3,1440.0,36.70413195974067,52.83062169268269,32.83846689718465,6.0321576534411845,4.0,12819.66697
AIXBTUSDT,2024-12-20,e2324,listing_d1_d7,4,1440.0,28.35093898810093,43.990576707068534,27.444351965809602,6.618064795320984,0.0,13086.928593
AIXBTUSDT,2024-12-20,e2324,listing_d1_d7,5,1440.0,41.9016932720211,63.04414794764157,35.42789201931999,4.837347389011699,0.0,15982.379333
AIXBTUSDT,2024-12-20,e2324,listing_d1_d7,6,1440.0,45.45456012866791,66.1633009828092,36.87310298325391,2.62607048154869,0.0,25577.638489
AIXBTUSDT,2024-12-20,e2324,listing_d1_d7,7,1440.0,32.76333583527252,48.85421243239024,29.48495127456792,3.4860073333118247,0.0,20694.056522
AIXBTUSDT,2024-12-20,e2324,mature_d60_d66,60,1440.0,27.412280701754412,39.06249999999918,24.778654250744783,1.8331542670211463,0.0,28936.430592
AIXBTUSDT,2024-12-20,e2324,mature_d60_d66,61,1440.0,22.624434389140134,33.61815578249295,21.19237196889582,2.1948727988882646,0.0,19372.384338
AIXBTUSDT,2024-12-20,e2324,mature_d60_d66,62,1440.0,31.61223216836039,42.815101522515064,26.330491607774817,1.934424477467855,0.0,30174.861491
AIXBTUSDT,2024-12-20,e2324,mature_d60_d66,63,1440.0,41.8628990057559,62.574510122182176,39.69049418794555,1.8607699776450883,0.0,64012.178918
AIXBTUSDT,2024-12-20,e2324,mature_d60_d66,64,1440.0,32.12483466862144,46.40374230124536,29.13994326022615,7.011796291762712,0.0,15631.028356000003
AIXBTUSDT,2024-12-20,e2324,mature_d60_d66,65,1440.0,18.98433792121554,27.26704392615496,18.171779680165315,12.409245157754098,12.0,9261.531856
AIXBTUSDT,2024-12-20,e2324,mature_d60_d66,66,1440.0,39.56487443362178,55.19940997245152,33.10513110761695,1.6407888189349211,0.0,39878.140319
AKTUSDT,2024-06-26,e2324,listing_d1_d7,1,1440.0,32.04614727363849,51.036682615630035,31.74754916619369,16.312397841579475,26.0,9895.846555799999
AKTUSDT,2024-06-26,e2324,listing_d1_d7,2,1440.0,33.82187147688842,51.91613267052299,27.645770983508864,5.486438034719229,0.0,14455.271802000001
AKTUSDT,2024-06-26,e2324,listing_d1_d7,3,1440.0,19.58863897310945,36.07104052233883,22.346036539466212,17.26265344034271,42.0,7481.915436999999
AKTUSDT,2024-06-26,e2324,listing_d1_d7,4,1440.0,20.031481727757907,33.91070781656612,19.540709575455512,21.353319722037778,58.0,6193.1391513
AKTUSDT,2024-06-26,e2324,listing_d1_d7,5,1440.0,19.076168769489726,32.71315069996376,18.60410757006875,23.516103903017637,77.0,4813.9919551
AKTUSDT,2024-06-26,e2324,listing_d1_d7,6,1440.0,23.449727719890145,36.75989633787952,19.41636358578692,28.188266024594625,18.0,8248.060194200001
AKTUSDT,2024-06-26,e2324,listing_d1_d7,7,1440.0,24.86531336302085,38.66068844275255,22.058523251098034,23.053921872691394,8.0,6945.458340700001
AKTUSDT,2024-06-26,e2324,mature_d60_d66,60,1440.0,7.417022320658248,18.10446319520933,14.825120633595063,65.77772131467026,229.0,4082.1690469000005
AKTUSDT,2024-06-26,e2324,mature_d60_d66,61,1440.0,16.79555293025099,36.56307432872689,28.27972338489066,38.72493593609832,132.0,16841.9547942
AKTUSDT,2024-06-26,e2324,mature_d60_d66,62,1440.0,20.99003037808569,34.246575342465405,22.159174278689665,14.07587040002458,17.0,13082.770885299999
AKTUSDT,2024-06-26,e2324,mature_d60_d66,63,1440.0,18.10610234986631,29.11473095699358,20.533665290470196,87.94936736597657,62.0,5372.6044262000005
AKTUSDT,2024-06-26,e2324,mature_d60_d66,64,1440.0,11.121409093870474,18.875047187617568,15.760531378682293,125.79480669454716,130.0,3682.8814457999997
AKTUSDT,2024-06-26,e2324,mature_d60_d66,65,1440.0,15.438064003615535,26.430057574955484,18.341520031022345,117.36261111899239,61.0,4262.7763641
AKTUSDT,2024-06-26,e2324,mature_d60_d66,66,1440.0,3.935458480912593,11.655011655010371,9.353348265094857,225.1055764525716,380.0,1054.5119499
ALCHUSDT,2025-01-07,e2526,listing_d1_d7,1,1440.0,59.55898817862257,83.57809195745247,47.97253087648424,1.9663856404540918,0.0,42821.08607454
ALCHUSDT,2025-01-07,e2526,listing_d1_d7,2,1440.0,51.424293090799516,73.21563750298434,45.025118292303034,2.1640868235215307,0.0,34734.22873885
ALCHUSDT,2025-01-07,e2526,listing_d1_d7,3,1440.0,49.985515643105884,72.16020274918874,45.681422780337215,2.47014218927678,0.0,35114.565647979995
ALCHUSDT,2025-01-07,e2526,listing_d1_d7,4,1440.0,34.046324679210336,47.0210548285405,28.26691554342257,2.824297478660694,0.0,19225.02192081
ALCHUSDT,2025-01-07,e2526,listing_d1_d7,5,1440.0,31.230576896605196,42.13542347476642,25.978706247837703,3.3636479339077754,0.0,14646.47408038
ALCHUSDT,2025-01-07,e2526,listing_d1_d7,6,1440.0,42.323467706224285,58.82567075468397,36.37753240894335,2.8490696677160217,0.0,23958.152933870002
ALCHUSDT,2025-01-07,e2526,listing_d1_d7,7,1440.0,43.68302152757834,61.38410460646134,38.31445922964238,2.252213567100928,0.0,29971.38511394
ALCHUSDT,2025-01-07,e2526,mature_d60_d66,60,1440.0,36.89754316082197,49.39881349287936,28.616559525322586,0.6562522876500646,0.0,61801.51840708
ALCHUSDT,2025-01-07,e2526,mature_d60_d66,61,1440.0,39.99272991639367,53.47834482825294,32.707936844134906,0.879152350132696,0.0,52921.64121958999
ALCHUSDT,2025-01-07,e2526,mature_d60_d66,62,1440.0,56.34554826434902,77.45567224130029,48.813709127388556,0.7092199016299929,0.0,100397.61636555
ALCHUSDT,2025-01-07,e2526,mature_d60_d66,63,1440.0,47.883601991589586,68.23494516075148,48.65059161596552,0.9892071082833919,0.0,65510.401724539995
ALCHUSDT,2025-01-07,e2526,mature_d60_d66,64,1440.0,35.85209160664188,51.28664492665948,30.518343318952507,1.2016857562524548,0.0,40139.45672671
ALCHUSDT,2025-01-07,e2526,mature_d60_d66,65,1440.0,39.82534393580783,58.2160369302048,36.969256756776254,0.7261686459471126,0.0,73005.28116058001
ALCHUSDT,2025-01-07,e2526,mature_d60_d66,66,1440.0,48.26898004934587,68.71725163971387,43.94685646266903,0.8811987561353076,0.0,76502.56816948002
ALEOUSDT,2024-09-19,e2324,listing_d1_d7,1,1440.0,36.166652023675645,59.94627670255023,42.55081958630068,20.8749748407401,9.0,12540.529304200001
ALEOUSDT,2024-09-19,e2324,listing_d1_d7,2,1440.0,41.074116142323874,65.8993254499074,45.554006576867216,9.241178793911415,9.0,13977.244633400001
ALEOUSDT,2024-09-19,e2324,listing_d1_d7,3,1440.0,23.531519891307568,40.658529458518025,30.9813009530882,34.45486073578186,43.0,5850.784875400001
ALEOUSDT,2024-09-19,e2324,listing_d1_d7,4,1440.0,33.22925778921827,55.73183788062093,39.6663804572928,18.599415142201874,26.0,11352.710167500001
ALEOUSDT,2024-09-19,e2324,listing_d1_d7,5,1440.0,38.74777711045458,63.86859822152896,39.00714562672562,6.437361520795816,2.0,22547.6187412
ALEOUSDT,2024-09-19,e2324,listing_d1_d7,6,1440.0,26.28731426104206,41.609115724159516,27.880178802760746,11.645821399631918,16.0,9131.6040022
ALEOUSDT,2024-09-19,e2324,listing_d1_d7,7,1440.0,17.879836713368892,30.902992292605415,20.191548975117307,21.154516146016174,72.0,5299.191848400001
ALEOUSDT,2024-09-19,e2324,mature_d60_d66,60,1440.0,17.249876786594307,26.749550524596287,18.9785523479766,10.998139511983048,3.0,4874.5556559
ALEOUSDT,2024-09-19,e2324,mature_d60_d66,61,1440.0,15.307768267230422,24.001020570141478,17.358565797483504,14.426689278515912,3.0,4929.810775999999
ALEOUSDT,2024-09-19,e2324,mature_d60_d66,62,1440.0,13.901955591262107,22.367045645857363,15.77049764890662,13.590801118245526,11.0,4657.6122209000005
ALEOUSDT,2024-09-19,e2324,mature_d60_d66,63,1440.0,15.211696104115811,24.16566291179702,13.556406600297477,13.784819869485094,5.0,4375.2521723
ALEOUSDT,2024-09-19,e2324,mature_d60_d66,64,1440.0,9.477040350516129,16.13348336823628,9.991856458837574,21.879292504656853,26.0,3186.4754685
ALEOUSDT,2024-09-19,e2324,mature_d60_d66,65,1440.0,13.35670757158399,24.038224253860804,16.49480801767277,8.106171195384578,13.0,7453.2026852
ALEOUSDT,2024-09-19,e2324,mature_d60_d66,66,1440.0,28.56969247358875,48.475066189252786,35.054942198553114,7.587973466357312,2.0,12779.4043525
ALPACAUSDT,2023-08-02,e2324,listing_d1_d7,1,1440.0,6.410852033959023,26.499564175268784,21.017024552871202,1441.988920057029,370.0,1460.29283571
ALPACAUSDT,2023-08-02,e2324,listing_d1_d7,2,1440.0,0.6322116898059364,11.238586213892404,12.01070049997159,1920.5440517261582,417.0,835.6207742500001
ALPACAUSDT,2023-08-02,e2324,listing_d1_d7,3,1440.0,6.421989214407151,25.743267308437638,26.94675841437683,2045.1838495298482,279.0,2795.88842236
ALPACAUSDT,2023-08-02,e2324,listing_d1_d7,4,1440.0,3.1459637306116512,17.083471753914232,12.368308515732998,2638.6191061105746,197.0,341.24187426000003
ALPACAUSDT,2023-08-02,e2324,listing_d1_d7,5,1440.0,0.0,16.052875732417736,10.652679395207324,1978.6349153599858,241.0,293.76201074
ALPACAUSDT,2023-08-02,e2324,listing_d1_d7,6,1440.0,0.0,7.305098709000097,10.620057245835868,1641.3873430301687,377.0,337.76636157
ALPACAUSDT,2023-08-02,e2324,listing_d1_d7,7,1440.0,0.0,5.857468569857218,13.868726738688292,1260.7078372737756,677.0,1040.82021736
ALPACAUSDT,2023-08-02,e2324,mature_d60_d66,60,1440.0,0.0,3.5976400040792926,7.668315355005512,1868.7845507040067,863.0,93.83567381
ALPACAUSDT,2023-08-02,e2324,mature_d60_d66,61,1440.0,0.0,4.324094134839437,8.480079447178689,2428.0981421670454,814.0,86.5927052
ALPACAUSDT,2023-08-02,e2324,mature_d60_d66,62,1440.0,0.0,2.2005032499853776,8.448007522031565,2847.56856732168,991.0,161.76680493
ALPACAUSDT,2023-08-02,e2324,mature_d60_d66,63,1440.0,0.0,0.0,5.473397022971504,1553.1584822042694,1176.0,76.41892287
ALPACAUSDT,2023-08-02,e2324,mature_d60_d66,64,1440.0,0.0,0.0,4.016385347724138,5824.190595366145,1274.0,15.445179249999999
ALPACAUSDT,2023-08-02,e2324,mature_d60_d66,65,1440.0,0.0,0.0,4.518434557595156,1117.8960558609579,1201.0,37.65881518
ALPACAUSDT,2023-08-02,e2324,mature_d60_d66,66,1440.0,56.071887182498564,91.67802379828629,51.149532208428255,241.62714923757073,111.0,115014.98403420999
ALTUSDT,2024-01-25,e2324,listing_d1_d7,1,1440.0,44.0602670350591,63.89332685005046,36.29410188677043,0.9331864549431975,0.0,83228.3462169
ALTUSDT,2024-01-25,e2324,listing_d1_d7,2,1440.0,43.42620747875033,60.67917293999354,35.419238921092116,0.7694268081417532,0.0,110553.1219557
ALTUSDT,2024-01-25,e2324,listing_d1_d7,3,1440.0,45.13187096970903,60.7671886422225,35.18328352628023,0.5186678774470208,0.0,118967.49989520002
ALTUSDT,2024-01-25,e2324,listing_d1_d7,4,1440.0,33.88573650694517,48.31882299557199,26.479227303691367,0.788377580225573,0.0,66896.8803153
ALTUSDT,2024-01-25,e2324,listing_d1_d7,5,1440.0,27.646584861734745,37.82282727814032,23.16808471085609,0.938847169233285,0.0,49710.8792559
ALTUSDT,2024-01-25,e2324,listing_d1_d7,6,1440.0,32.94118376552195,46.162899247119505,27.264573606948453,1.1295153264294082,0.0,55733.588146500006
ALTUSDT,2024-01-25,e2324,listing_d1_d7,7,1440.0,28.469765311870603,39.880361350992345,23.951750109084788,3.893747878549196,0.0,35904.481946
ALTUSDT,2024-01-25,e2324,mature_d60_d66,60,1440.0,23.396022865587845,33.515614348652285,23.537738829041327,4.155850963596621,0.0,26582.052201399998
ALTUSDT,2024-01-25,e2324,mature_d60_d66,61,1440.0,30.622127324811842,42.44115711620476,28.47710497741793,1.812115285461742,0.0,40798.2786438
ALTUSDT,2024-01-25,e2324,mature_d60_d66,62,1440.0,29.088332039277855,45.261063497788456,32.236206089332065,1.7471043899490057,0.0,47324.5239631
ALTUSDT,2024-01-25,e2324,mature_d60_d66,63,1440.0,23.176889489153247,32.54488553209817,22.816903510934548,2.3072612874842653,0.0,26905.4704114
ALTUSDT,2024-01-25,e2324,mature_d60_d66,64,1440.0,20.972816140337095,30.50986435146975,19.47244802258889,2.6665391524129562,0.0,21661.4165753
ALTUSDT,2024-01-25,e2324,mature_d60_d66,65,1440.0,16.48804616652928,23.32361953207071,15.556555550820386,6.99329568326784,0.0,10901.6133224
ALTUSDT,2024-01-25,e2324,mature_d60_d66,66,1440.0,14.705882352941371,20.21942692134068,13.605834015436756,8.562952102080297,1.0,8205.8118228
AMBUSDT,2023-06-05,e2324,listing_d1_d7,1,1440.0,9.746588693956717,19.593439726527713,22.744134097541817,1234.93591581701,193.0,2134.6370727
AMBUSDT,2023-06-05,e2324,listing_d1_d7,2,1440.0,10.13171225937142,20.40816326530529,15.299789663758814,1949.3827411876741,328.0,1406.5264179
AMBUSDT,2023-06-05,e2324,listing_d1_d7,3,1440.0,10.405827263267005,20.96436058700124,16.97045265427924,2861.568243355554,380.0,1272.0947545
AMBUSDT,2023-06-05,e2324,listing_d1_d7,4,1440.0,10.559662090812663,21.299254526091183,16.00417790537972,2934.3220865260946,376.0,990.7802356
AMBUSDT,2023-06-05,e2324,listing_d1_d7,5,1440.0,28.73563218390812,53.908355795147216,105.0487144399645,2639.6347668120866,145.0,5424.565970799999
AMBUSDT,2023-06-05,e2324,listing_d1_d7,6,1440.0,13.81215469613323,27.932960893854823,27.852595844159968,2489.727639565,310.0,2173.5143131
AMBUSDT,2023-06-05,e2324,listing_d1_d7,7,1440.0,13.661202185792387,27.54820936639126,24.34650014851272,2192.6641459767475,338.0,2292.4297429
AMBUSDT,2023-06-05,e2324,mature_d60_d66,60,1440.0,0.0,0.0,8.291380274875673,7448.075250105872,650.0,242.08022910000003
AMBUSDT,2023-06-05,e2324,mature_d60_d66,61,1440.0,0.0,0.0,7.851995939736189,15528.034418935344,777.0,180.21171600000002
AMBUSDT,2023-06-05,e2324,mature_d60_d66,62,1440.0,0.0,0.0,9.847973718922393,3744.9479333047457,750.0,420.4735446
AMBUSDT,2023-06-05,e2324,mature_d60_d66,63,1440.0,0.0,15.33742331288281,11.45499055408435,3821.7805674232404,682.0,242.73230809999995
AMBUSDT,2023-06-05,e2324,mature_d60_d66,64,1440.0,0.0,15.105740181268267,9.688455738202519,2788.1089994246886,515.0,666.0067781999999
AMBUSDT,2023-06-05,e2324,mature_d60_d66,65,1440.0,0.0,0.0,8.802219413561769,4616.573796597194,624.0,149.886416
AMBUSDT,2023-06-05,e2324,mature_d60_d66,66,1440.0,0.0,0.0,8.90309586707988,1945.8752019863323,564.0,179.84293770000002
ANIMEUSDT,2025-01-23,e2526,listing_d1_d7,1,1440.0,49.26499832455923,76.18427685043775,51.26752204643975,0.3072440666070837,0.0,227686.65393117
ANIMEUSDT,2025-01-23,e2526,listing_d1_d7,2,1440.0,34.29948349013077,51.29027483100683,33.8162132290989,0.4034215662347663,0.0,117506.44088784998
ANIMEUSDT,2025-01-23,e2526,listing_d1_d7,3,1440.0,21.933879836135098,33.97719179525291,23.402616593513105,0.4602859747676952,0.0,66808.6813283
ANIMEUSDT,2025-01-23,e2526,listing_d1_d7,4,1440.0,29.487360394944115,43.59133777027447,27.657013139103828,0.4682640087535848,0.0,87886.63203691
ANIMEUSDT,2025-01-23,e2526,listing_d1_d7,5,1440.0,20.51071706526985,28.700287002869214,19.63501254068365,0.4880382204519585,0.0,59363.98165705
ANIMEUSDT,2025-01-23,e2526,listing_d1_d7,6,1440.0,20.2338170404403,29.40348342006207,20.831418188740923,0.6045032680898472,0.0,52475.36839079
ANIMEUSDT,2025-01-23,e2526,listing_d1_d7,7,1440.0,15.675736396283316,22.149620891518964,15.254283174248544,0.6332524134792582,0.0,38889.01135493
ANIMEUSDT,2025-01-23,e2526,mature_d60_d66,60,1440.0,5.09424350484109,10.272213662044196,9.586038648661585,503.438377862803,140.0,5758.024673839999
ANIMEUSDT,2025-01-23,e2526,mature_d60_d66,61,1440.0,5.133475637073442,10.31460339098535,10.610532561937985,225.39583446941205,104.0,7872.81888259
ANIMEUSDT,2025-01-23,e2526,mature_d60_d66,62,1440.0,9.83284169124837,23.490756213363305,21.520043132825275,9.122421362518574,36.0,29167.12470245
ANIMEUSDT,2025-01-23,e2526,mature_d60_d66,63,1440.0,9.82318271119803,14.836795252226633,14.62870930790384,47.463235135554264,35.0,17570.52342754
ANIMEUSDT,2025-01-23,e2526,mature_d60_d66,64,1440.0,10.73249339405917,16.62049861495777,12.724025085012158,140.47833882712288,47.0,14563.44260627
ANIMEUSDT,2025-01-23,e2526,mature_d60_d66,65,1440.0,11.22964626614216,17.381228273465958,14.329076451638931,261.87212742903216,46.0,9477.154132819998
ANIMEUSDT,2025-01-23,e2526,mature_d60_d66,66,1440.0,11.418784830064025,17.251293847037825,12.116188023788672,16.07637528198799,79.0,8724.9983751
ARCUSDT,2025-01-03,e2526,listing_d1_d7,1,1440.0,45.54123766428668,68.32352286593941,35.00676149549642,4.125228421670733,1.0,22023.912344899996
ARCUSDT,2025-01-03,e2526,listing_d1_d7,2,1440.0,41.18322455688523,64.11448946587979,40.808855041343065,2.651911441600125,0.0,26326.01308897
ARCUSDT,2025-01-03,e2526,listing_d1_d7,3,1440.0,46.90495386386981,73.15754045626709,43.149187893147214,2.6102227142028904,0.0,30590.646605579997
ARCUSDT,2025-01-03,e2526,listing_d1_d7,4,1440.0,44.894275027070535,72.35093421474569,40.742371867018846,2.5105229900216446,0.0,32789.562753239996
ARCUSDT,2025-01-03,e2526,listing_d1_d7,5,1440.0,44.85357617390582,73.5283705474774,49.00065673755216,4.7855590151459655,0.0,23391.779520630003
ARCUSDT,2025-01-03,e2526,listing_d1_d7,6,1440.0,58.81127552531037,93.17721321459254,52.479918585594945,3.045215947272459,0.0,30973.82939708
ARCUSDT,2025-01-03,e2526,listing_d1_d7,7,1440.0,56.155409330696195,82.089893193179,43.983796892115514,2.5464232747125233,0.0,32067.236019529995
ARCUSDT,2025-01-03,e2526,mature_d60_d66,60,1440.0,45.88638780135656,65.49642339341943,41.007113307761266,1.201037476128709,0.0,51573.964289389995
ARCUSDT,2025-01-03,e2526,mature_d60_d66,61,1440.0,39.55769674143177,56.00869762994426,31.48036477076329,1.3992051860222163,0.0,35038.79139783
ARCUSDT,2025-01-03,e2526,mature_d60_d66,62,1440.0,43.929057623208195,59.689048327070374,33.93647274874124,1.0675303573438801,0.0,54427.47096582
ARCUSDT,2025-01-03,e2526,mature_d60_d66,63,1440.0,53.787335372981474,77.03704902874749,45.19456798353426,0.8625392496369406,0.0,73979.02558385
ARCUSDT,2025-01-03,e2526,mature_d60_d66,64,1440.0,39.395335797718914,55.85269995015295,32.19853757038471,1.1024477616495074,0.0,51419.70829536
ARCUSDT,2025-01-03,e2526,mature_d60_d66,65,1440.0,53.73978188529086,71.17272607038585,43.6616107073969,0.9351244135589828,0.0,61623.3840792
ARCUSDT,2025-01-03,e2526,mature_d60_d66,66,1440.0,47.82890921505981,67.9688719853368,39.6110263575601,1.0663019906731421,0.0,53949.85989131001
ARIAUSDT,2025-09-03,e2526,listing_d1_d7,1,1440.0,54.34014377295092,90.46555798813971,55.1297666320369,9.702364214837273,0.0,16706.53283435
ARIAUSDT,2025-09-03,e2526,listing_d1_d7,2,1440.0,59.97860900072848,91.55566504514228,55.36320320522164,3.189363529220095,0.0,33910.547623579994
ARIAUSDT,2025-09-03,e2526,listing_d1_d7,3,1440.0,39.41181253781119,58.612891919014515,36.34787872402038,6.923792383542638,0.0,12744.978505010002
ARIAUSDT,2025-09-03,e2526,listing_d1_d7,4,1440.0,37.20145654199926,57.33174913452172,34.5883085104053,6.258760874273169,0.0,11057.52519091
ARIAUSDT,2025-09-03,e2526,listing_d1_d7,5,1440.0,38.62690598953712,55.80699803453489,34.317422320366845,7.483377643300861,0.0,11945.165864390001
ARIAUSDT,2025-09-03,e2526,listing_d1_d7,6,1440.0,25.5022705074747,37.48650202153462,23.0663380075332,12.341429413051646,0.0,6617.01094775
ARIAUSDT,2025-09-03,e2526,listing_d1_d7,7,1440.0,18.34508079282382,28.829166947307197,20.05012540123389,18.369592499398628,5.0,5179.580404060001
ARIAUSDT,2025-09-03,e2526,mature_d60_d66,60,1440.0,6.560114527148568,14.316393645081861,11.934185628340934,831.7447481229818,351.0,253.29510611
ARIAUSDT,2025-09-03,e2526,mature_d60_d66,61,1440.0,18.94243310587117,34.75412522121418,33.554778566833434,409.0063880064719,127.0,1425.10546614
ARIAUSDT,2025-09-03,e2526,mature_d60_d66,62,1440.0,22.488453000683194,38.416782827694064,27.81697581841567,734.4053886036908,78.0,750.24216787
ARIAUSDT,2025-09-03,e2526,mature_d60_d66,63,1440.0,11.023450036710775,21.621098910923024,16.806969951589885,560.3005128662478,281.0,554.43790236
ARIAUSDT,2025-09-03,e2526,mature_d60_d66,64,1440.0,10.762958769141841,22.0280712726172,16.44393649536066,485.23706121884504,207.0,540.6715978600001
ARIAUSDT,2025-09-03,e2526,mature_d60_d66,65,1440.0,19.182582894540896,32.51234558144487,25.06313478080426,618.2967651800781,106.0,820.4176059700001
ARIAUSDT,2025-09-03,e2526,mature_d60_d66,66,1440.0,11.094795531116723,20.94872452129295,17.9295103733576,1035.905856980911,291.0,333.29870895999994
ARKMUSDT,2023-07-28,e2324,listing_d1_d7,1,1440.0,9.595548218074065,16.34929794191224,13.92384277947844,206.02749751024928,188.0,2650.46931195
ARKMUSDT,2023-07-28,e2324,listing_d1_d7,2,1440.0,8.929900832237639,17.763875518043662,16.088728607323795,326.9785774037545,253.0,3148.7551270500003
ARKMUSDT,2023-07-28,e2324,listing_d1_d7,3,1440.0,10.594240683842122,19.19340493390551,15.912398993617751,510.7386328126517,134.0,4059.1296406499996
ARKMUSDT,2023-07-28,e2324,listing_d1_d7,4,1440.0,9.050228792550062,15.187566562387712,14.231447658376165,407.80148487051736,193.0,2639.8825116
ARKMUSDT,2023-07-28,e2324,listing_d1_d7,5,1440.0,9.075782993923413,16.031642496172438,14.629073504362749,370.3161572433829,208.0,2571.66674395
ARKMUSDT,2023-07-28,e2324,listing_d1_d7,6,1440.0,7.492641692530786,14.153897191051783,11.338259497215354,160.49028227000068,244.0,2193.7164191
ARKMUSDT,2023-07-28,e2324,listing_d1_d7,7,1440.0,6.565988259853489,14.236434448821399,11.056259026089139,279.86545700142386,324.0,1915.617688
ARKMUSDT,2023-07-28,e2324,mature_d60_d66,60,1440.0,8.060183279298322,14.630578101968604,11.778007695172688,42.59825385494303,93.0,2819.9680088500004
ARKMUSDT,2023-07-28,e2324,mature_d60_d66,61,1440.0,9.329604144368288,17.940108884569234,14.744387765379125,71.57551611884878,74.0,4526.6896767
ARKMUSDT,2023-07-28,e2324,mature_d60_d66,62,1440.0,8.786243391845487,15.09054612473749,11.66490350292828,97.39449608862428,95.0,2595.8139338999995
ARKMUSDT,2023-07-28,e2324,mature_d60_d66,63,1440.0,11.172491920845841,18.61273110807863,13.753416066433887,84.08954844865882,39.0,4137.58277815
ARKMUSDT,2023-07-28,e2324,mature_d60_d66,64,1440.0,13.042447970791006,23.005904411883478,16.71646245011447,50.14427936327568,23.0,7910.2732387
ARKMUSDT,2023-07-28,e2324,mature_d60_d66,65,1440.0,10.419078630029205,17.29356543886393,13.495896785091597,102.76298669593288,55.0,3405.6697300000005
ARKMUSDT,2023-07-28,e2324,mature_d60_d66,66,1440.0,10.516485001904204,19.268996781660487,18.150090835833282,157.53936260882784,78.0,3578.44549625
ARKUSDT,2023-08-01,e2324,listing_d1_d7,1,1440.0,0.0,27.780745806175975,33.40838392126956,4755.18746403257,603.0,324.5690298800001
ARKUSDT,2023-08-01,e2324,listing_d1_d7,2,1440.0,0.0,6.804853525617961,20.287648375268706,3751.13166016264,725.0,160.14960976999998
ARKUSDT,2023-08-01,e2324,listing_d1_d7,3,1440.0,0.0,0.0,17.35954643860243,3808.250596800624,1029.0,124.62759396
ARKUSDT,2023-08-01,e2324,listing_d1_d7,4,1440.0,1.8891143779466186,33.559598786388854,28.13731874739303,1257.6120478371897,528.0,1375.0129854000002
ARKUSDT,2023-08-01,e2324,listing_d1_d7,5,1440.0,0.0,0.34799251887238203,15.640217661001806,1982.0297137666325,821.0,192.86192122999998
ARKUSDT,2023-08-01,e2324,listing_d1_d7,6,1440.0,0.0,0.0,14.316943913267343,2810.2047670535335,986.0,273.43985832
ARKUSDT,2023-08-01,e2324,listing_d1_d7,7,1440.0,0.0,0.0,16.713137130523588,2917.7453517004587,1026.0,653.6990148400001
ARKUSDT,2023-08-01,e2324,mature_d60_d66,60,1440.0,9.458385277403597,15.544707712284309,11.992584831285491,9.243782223724716,38.0,13615.80369703
ARKUSDT,2023-08-01,e2324,mature_d60_d66,61,1440.0,8.947334425718608,14.757962698555657,11.291281845925777,19.867104539515136,32.0,13804.899011989999
ARKUSDT,2023-08-01,e2324,mature_d60_d66,62,1440.0,11.374771009262501,17.50548227726623,11.75556528541468,10.417524126499888,19.0,14022.79122463
ARKUSDT,2023-08-01,e2324,mature_d60_d66,63,1440.0,11.877103454906894,18.48279964028155,12.917193315126173,9.368120609954884,19.0,14098.93713129
ARKUSDT,2023-08-01,e2324,mature_d60_d66,64,1440.0,13.865813278813205,21.823185854253374,17.26304611797541,6.495580519466342,10.0,21995.119892590003
ARKUSDT,2023-08-01,e2324,mature_d60_d66,65,1440.0,22.294655270107466,33.688142773392016,20.33389189439925,2.999629019946648,0.0,54312.739359299994
ARKUSDT,2023-08-01,e2324,mature_d60_d66,66,1440.0,33.97029528095697,52.798203709290455,31.881578570945,0.3049208001691381,0.0,182952.62749206
ATHUSDT,2024-06-13,e2324,listing_d1_d7,1,1440.0,66.85087004860338,109.12580017156826,68.1865952401546,1.9824985795978445,0.0,60674.0445682
ATHUSDT,2024-06-13,e2324,listing_d1_d7,2,1440.0,47.77574017889306,73.63422352909599,43.35115456140463,2.04583693191796,0.0,34542.430950999995
ATHUSDT,2024-06-13,e2324,listing_d1_d7,3,1440.0,46.55007304576441,69.3500135980419,38.950696281358574,1.80490555553544,0.0,47452.323903799996
ATHUSDT,2024-06-13,e2324,listing_d1_d7,4,1440.0,33.8485541036367,51.30860781232895,34.715513075634135,2.48901697954051,0.0,24297.2958823
ATHUSDT,2024-06-13,e2324,listing_d1_d7,5,1440.0,40.846105561964634,60.7397731304091,40.87337375176767,1.6992077599958482,0.0,39276.9091077
ATHUSDT,2024-06-13,e2324,listing_d1_d7,6,1440.0,24.92851717086667,37.300064615987466,25.684564366910177,3.4787309192068077,1.0,17498.776156800002
ATHUSDT,2024-06-13,e2324,listing_d1_d7,7,1440.0,21.01629721331773,33.65984267793894,22.01434229890664,8.740755239608161,6.0,11261.2047303
ATHUSDT,2024-06-13,e2324,mature_d60_d66,60,1440.0,11.682244292149793,17.95698494872957,13.303415297672922,46.84582497985571,61.0,1845.8255628
ATHUSDT,2024-06-13,e2324,mature_d60_d66,61,1440.0,14.518470721084572,23.236937998302523,17.69762901992435,31.89946010897544,50.0,3378.7600904000005
ATHUSDT,2024-06-13,e2324,mature_d60_d66,62,1440.0,21.753320240295494,35.83503683427941,77.72674509162374,3.5156978317006535,5.0,103863.91503890001
ATHUSDT,2024-06-13,e2324,mature_d60_d66,63,1440.0,19.541528501945802,29.640608120802547,18.476321783657585,1.4780368310302405,1.0,24816.1870641
ATHUSDT,2024-06-13,e2324,mature_d60_d66,64,1440.0,15.669069257286566,22.790291434541484,14.497888754117719,4.519263022590952,6.0,10677.4933605
ATHUSDT,2024-06-13,e2324,mature_d60_d66,65,1440.0,9.507209633973142,14.197823000472681,9.29278450796786,8.901943122477531,33.0,5290.0758645
ATHUSDT,2024-06-13,e2324,mature_d60_d66,66,1440.0,12.357120790855225,20.189542153152633,16.86507825669941,7.117034281765987,22.0,8532.066407400001
AUCTIONUSDT,2023-07-28,e2324,listing_d1_d7,1,1440.0,33.440363968571305,57.76839702916528,37.98562203770109,7.912794267405728,6.0,29118.273258600002
AUCTIONUSDT,2023-07-28,e2324,listing_d1_d7,2,1440.0,19.04065272406613,31.568282573974514,23.369185216427468,11.541634066805626,19.0,11047.4187223
AUCTIONUSDT,2023-07-28,e2324,listing_d1_d7,3,1440.0,18.927446678486884,31.045690649349854,20.768976377363046,19.46706350967496,30.0,6947.210995300001
AUCTIONUSDT,2023-07-28,e2324,listing_d1_d7,4,1440.0,20.11143427132749,35.29318011324684,26.294596061966274,36.26025955953643,36.0,13582.543411400002
AUCTIONUSDT,2023-07-28,e2324,listing_d1_d7,5,1440.0,13.157895092784136,23.88635137483024,15.668868718095432,104.12615478454991,135.0,2910.5391680000007
AUCTIONUSDT,2023-07-28,e2324,listing_d1_d7,6,1440.0,9.69540586440027,19.61265369739618,13.651146379429948,75.78972655561162,198.0,2277.8337442
AUCTIONUSDT,2023-07-28,e2324,listing_d1_d7,7,1440.0,11.472588784736411,21.470746218249733,15.026042378697413,124.85039709677181,215.0,3162.6297800999996
AUCTIONUSDT,2023-07-28,e2324,mature_d60_d66,60,1440.0,9.497585057012369,17.32018872157853,14.106329628732686,88.77980070341575,122.0,4433.334067299999
AUCTIONUSDT,2023-07-28,e2324,mature_d60_d66,61,1440.0,5.8840836105759475,13.434411656103569,11.422846797826436,167.5765020244803,208.0,2803.7899932
AUCTIONUSDT,2023-07-28,e2324,mature_d60_d66,62,1440.0,22.21274273514178,37.61054154683091,27.32205129865439,49.9818550875355,33.0,14378.949256099999
AUCTIONUSDT,2023-07-28,e2324,mature_d60_d66,63,1440.0,8.738968722571686,16.190698317378292,13.519658111503464,93.72080253398538,124.0,4833.922568
AUCTIONUSDT,2023-07-28,e2324,mature_d60_d66,64,1440.0,3.7243947858477164,9.299297963326847,9.514886981136565,183.71453108939576,259.0,2103.8788048
AUCTIONUSDT,2023-07-28,e2324,mature_d60_d66,65,1440.0,7.108606065452555,15.573628655477316,14.263410532094825,136.07868080499134,253.0,3390.6135618000003
AUCTIONUSDT,2023-07-28,e2324,mature_d60_d66,66,1440.0,7.08215297450347,12.821099947862493,10.818097806531098,73.57636215442493,189.0,2805.5851139
AVAAIUSDT,2025-01-08,e2526,listing_d1_d7,1,1440.0,63.68096895938967,105.23537518229688,64.24004905038635,1.5348820340540947,0.0,55392.09828993
AVAAIUSDT,2025-01-08,e2526,listing_d1_d7,2,1440.0,65.85218524371338,101.45761914751021,60.653916736199086,0.9985354613223972,0.0,76035.7798904
AVAAIUSDT,2025-01-08,e2526,listing_d1_d7,3,1440.0,48.87717482017332,76.5793448337507,48.215034264994614,1.3799376889573336,0.0,46300.65306268
AVAAIUSDT,2025-01-08,e2526,listing_d1_d7,4,1440.0,46.66390039917617,74.96274729468966,49.47375626233528,1.3100019116629573,0.0,46074.80412075
AVAAIUSDT,2025-01-08,e2526,listing_d1_d7,5,1440.0,62.21479736096167,101.95697348427014,67.54594362560059,1.0805504974877238,0.0,77533.81263831
AVAAIUSDT,2025-01-08,e2526,listing_d1_d7,6,1440.0,64.4318592254502,100.1700256975746,60.029152244579535,0.5632566965588746,0.0,136923.08672413
AVAAIUSDT,2025-01-08,e2526,listing_d1_d7,7,1440.0,47.18081490381028,69.4529891661842,46.38530628519753,0.9033632463896298,0.0,66573.62113558
AVAAIUSDT,2025-01-08,e2526,mature_d60_d66,60,1440.0,36.87121667385285,49.66887417218532,32.092513602504916,19.784324139469526,1.0,4378.91869233
AVAAIUSDT,2025-01-08,e2526,mature_d60_d66,61,1440.0,48.43918191603865,68.29674635442953,46.27629508503123,18.615204946629927,0.0,7866.0996908
AVAAIUSDT,2025-01-08,e2526,mature_d60_d66,62,1440.0,41.146619893495505,57.7677315560691,38.219277271614004,124.53026088501987,0.0,6651.16077942
AVAAIUSDT,2025-01-08,e2526,mature_d60_d66,63,1440.0,38.272279934389765,55.588120359516,41.69369636548197,18.032645774144495,0.0,7526.980821839999
AVAAIUSDT,2025-01-08,e2526,mature_d60_d66,64,1440.0,40.56795131845852,56.439656961272746,34.101014176001335,98.36173681189237,0.0,8759.183852740001
AVAAIUSDT,2025-01-08,e2526,mature_d60_d66,65,1440.0,35.778175990557266,51.82659523305645,33.06795975139278,61.637954096565174,0.0,10512.277656229999
AVAAIUSDT,2025-01-08,e2526,mature_d60_d66,66,1440.0,34.34459477807971,47.77341796917461,31.687107246266276,9.022846138614186,0.0,8694.58832865
AVAILUSDT,2024-07-23,e2324,listing_d1_d7,1,1440.0,69.02004641855785,103.35873799682382,62.36772012022284,0.7736502970349123,0.0,162927.956504
AVAILUSDT,2024-07-23,e2324,listing_d1_d7,2,1440.0,42.35469958896471,65.69166196481709,38.83695882580438,0.7551167009304937,0.0,83876.88980505
AVAILUSDT,2024-07-23,e2324,listing_d1_d7,3,1440.0,33.77130503836318,46.23166610359012,25.630623508660673,1.3919159508595274,0.0,33681.09206262
AVAILUSDT,2024-07-23,e2324,listing_d1_d7,4,1440.0,31.768357656206675,47.1911529808131,28.318868531964206,2.7168496111996916,0.0,23197.23655618
AVAILUSDT,2024-07-23,e2324,listing_d1_d7,5,1440.0,20.519091394934186,29.01696264884174,16.728626958021202,5.559343469540482,2.0,9013.39779003
AVAILUSDT,2024-07-23,e2324,listing_d1_d7,6,1440.0,26.55968671607413,37.63485894616884,23.573686554414284,4.515915527729822,0.0,11642.81353498
AVAILUSDT,2024-07-23,e2324,listing_d1_d7,7,1440.0,22.177486515423105,32.016400776631485,20.232987156301977,6.194838846598485,2.0,10186.69636177
AVAILUSDT,2024-07-23,e2324,mature_d60_d66,60,1440.0,7.645791671852138,21.329163287946628,17.3780763756151,298.66269891249055,526.0,1018.0669557299999
AVAILUSDT,2024-07-23,e2324,mature_d60_d66,61,1440.0,11.744977911185275,25.238338501707215,21.306314239001356,630.2901224809199,451.0,2617.80076547
AVAILUSDT,2024-07-23,e2324,mature_d60_d66,62,1440.0,9.404553682808523,28.37231702474782,29.837421610835047,553.592458075614,530.0,4752.33895346
AVAILUSDT,2024-07-23,e2324,mature_d60_d66,63,1440.0,26.124806926611274,39.63544021984939,24.743392293981152,17.3801083935975,18.0,6044.21133039
AVAILUSDT,2024-07-23,e2324,mature_d60_d66,64,1440.0,19.59546641571176,29.45860609636173,19.576668830989437,102.85909732558486,168.0,3316.24983586
AVAILUSDT,2024-07-23,e2324,mature_d60_d66,65,1440.0,16.847763537711888,27.42059245494366,16.95497763282091,125.61524403910414,162.0,2047.4132931600002
AVAILUSDT,2024-07-23,e2324,mature_d60_d66,66,1440.0,14.09616097711125,26.49884132459119,20.707751749016495,109.47992700295117,280.0,3006.1927843799995
AVAUSDT,2024-12-16,e2324,listing_d1_d7,1,1440.0,26.854124316268503,42.26356778255632,29.63324263016131,13.49971562862243,3.0,9508.797192159998
AVAUSDT,2024-12-16,e2324,listing_d1_d7,2,1440.0,27.28186955677542,45.67618154853943,36.15536178461557,11.094365346289848,1.0,11332.04595145
AVAUSDT,2024-12-16,e2324,listing_d1_d7,3,1440.0,26.99377409763202,42.40794897060093,30.441906552719946,12.849317657420546,3.0,8630.571341060002
AVAUSDT,2024-12-16,e2324,listing_d1_d7,4,1440.0,34.24791307957649,52.61749890307936,36.726725767087295,10.046057233156416,1.0,11676.16064703
AVAUSDT,2024-12-16,e2324,listing_d1_d7,5,1440.0,30.355942180829363,45.60302078568111,30.9220529900466,19.10572779606013,1.0,7107.00240025
AVAUSDT,2024-12-16,e2324,listing_d1_d7,6,1440.0,39.088596150845675,59.96275026164543,38.251564012370594,8.858489309553487,0.0,26313.1178416
AVAUSDT,2024-12-16,e2324,listing_d1_d7,7,1440.0,31.47073861390123,44.431521778445564,27.620400019694728,46.85475331314748,0.0,9701.659975530001
AVAUSDT,2024-12-16,e2324,mature_d60_d66,60,1440.0,14.251104460595709,20.61855804307835,15.377099029022002,115.23433575419541,12.0,1631.43472609
AVAUSDT,2024-12-16,e2324,mature_d60_d66,61,1440.0,10.461818116433212,16.449829128476335,11.638019659407409,176.90153540338906,52.0,1097.80249272
AVAUSDT,2024-12-16,e2324,mature_d60_d66,62,1440.0,10.710733747947591,18.106375262062702,13.049441371119244,66.73434842654554,55.0,1037.5529843499999
AVAUSDT,2024-12-16,e2324,mature_d60_d66,63,1440.0,11.98861081972161,19.399366519114132,13.875891906862128,151.0537538105324,64.0,768.56442563
AVAUSDT,2024-12-16,e2324,mature_d60_d66,64,1440.0,15.558148674467532,23.332687850603904,16.77998170428995,103.92184061460297,38.0,1181.67905765
AVAUSDT,2024-12-16,e2324,mature_d60_d66,65,1440.0,10.983838066845033,17.280656402970994,12.843435978767761,354.56351849472946,56.0,937.14897051
AVAUSDT,2024-12-16,e2324,mature_d60_d66,66,1440.0,9.23574237749815,14.109366258128995,10.595191683133992,229.37029379157485,84.0,1017.02684599
AXLUSDT,2023-12-07,e2324,listing_d1_d7,1,1440.0,20.28534731027457,35.42355150641967,23.682806115563046,42.53434210261576,45.0,7065.475561199999
AXLUSDT,2023-12-07,e2324,listing_d1_d7,2,1440.0,10.218418866419436,21.24070743933216,13.734485931660071,110.96387723770775,165.0,2338.7671939
AXLUSDT,2023-12-07,e2324,listing_d1_d7,3,1440.0,4.99438132101331,12.573872091570568,9.881357106814068,158.7758861493449,344.0,1444.3185463
AXLUSDT,2023-12-07,e2324,listing_d1_d7,4,1440.0,5.034932238824323,12.588576021970903,10.504002097999424,63.33828365294831,256.0,4527.3324058
AXLUSDT,2023-12-07,e2324,listing_d1_d7,5,1440.0,9.168904669881405,18.516681606880745,10.995344454442506,39.077760239719666,166.0,11338.645028100002
AXLUSDT,2023-12-07,e2324,listing_d1_d7,6,1440.0,13.823960574223218,27.722047865904948,19.31638473788369,37.77067639583885,85.0,25263.942332599996
AXLUSDT,2023-12-07,e2324,listing_d1_d7,7,1440.0,9.69253476668201,19.711321176653108,14.072472631156549,45.446704450966614,79.0,7025.50683
AXLUSDT,2023-12-07,e2324,mature_d60_d66,60,1440.0,5.6138783721246615,9.978103628973606,6.069589421590648,15.254558916745353,47.0,6706.5396873
AXLUSDT,2023-12-07,e2324,mature_d60_d66,61,1440.0,4.429924151132684,7.730749072044275,4.514939427983031,6.058270388840146,53.0,7867.521163
AXLUSDT,2023-12-07,e2324,mature_d60_d66,62,1440.0,6.1744275954563514,10.787777471692023,7.555630234951327,0.7470063775814749,13.0,11479.148394900001
AXLUSDT,2023-12-07,e2324,mature_d60_d66,63,1440.0,9.99650324744761,18.01668659442619,12.303992672431521,1.370054400716549,5.0,16461.637962200002
AXLUSDT,2023-12-07,e2324,mature_d60_d66,64,1440.0,13.389356100033181,21.293585810372818,14.025166228243531,0.7813761176104799,4.0,17416.6557737
AXLUSDT,2023-12-07,e2324,mature_d60_d66,65,1440.0,8.786574114753643,14.542810398108337,9.505726664252323,0.7741415975215884,8.0,14029.328512400001
AXLUSDT,2023-12-07,e2324,mature_d60_d66,66,1440.0,7.378372162336036,11.163569714424215,7.013204093613452,0.7670969773750613,19.0,12889.567860500001
B2USDT,2025-06-09,e2526,listing_d1_d7,1,1440.0,12.307696968595085,22.241322567986135,15.202942351903834,106.32165662788127,71.0,2489.2106
B2USDT,2025-06-09,e2526,listing_d1_d7,2,1440.0,11.3752703098587,23.179873919053218,18.393944354725132,180.98181445590507,123.0,2989.9860916
B2USDT,2025-06-09,e2526,listing_d1_d7,3,1440.0,15.706807359091986,26.17287215457155,20.594883595197636,40.38324365829227,31.0,3720.8564324999993
B2USDT,2025-06-09,e2526,listing_d1_d7,4,1440.0,20.106279762788095,33.21966959733431,29.467066230542915,57.05346006602142,26.0,2664.0399167
B2USDT,2025-06-09,e2526,listing_d1_d7,5,1440.0,26.51347825973793,44.09414139292857,33.23079338413952,29.774670423374612,11.0,5967.024195399999
B2USDT,2025-06-09,e2526,listing_d1_d7,6,1440.0,14.05283867341204,25.533757049693975,15.732049532854761,52.123831209378054,92.0,4006.8016646
B2USDT,2025-06-09,e2526,listing_d1_d7,7,1440.0,5.646527385657983,11.319420049717918,9.34932045735204,143.42749004353803,298.0,1294.4775925000001
B2USDT,2025-06-09,e2526,mature_d60_d66,60,1440.0,0.0,7.393715678869623,13.22434716096341,1250.9063853502403,796.0,158.98568350000002
B2USDT,2025-06-09,e2526,mature_d60_d66,61,1440.0,0.0,9.510788901873793,12.550122705459145,779.9557399404753,782.0,432.6518733
B2USDT,2025-06-09,e2526,mature_d60_d66,62,1440.0,2.3710849410045594,14.15096467923903,16.061948752173993,1275.204841191567,672.0,351.34206630000006
B2USDT,2025-06-09,e2526,mature_d60_d66,63,1440.0,2.3699498780458486,12.486740007518117,15.09050829135158,904.6541407935612,668.0,305.8047508
B2USDT,2025-06-09,e2526,mature_d60_d66,64,1440.0,0.0,10.172294326922808,15.60895329782704,879.0453583042109,747.0,226.95219340000003
B2USDT,2025-06-09,e2526,mature_d60_d66,65,1440.0,2.370510878388513,12.112411638723543,14.59816603261334,1370.8409875252405,677.0,253.0722288
B2USDT,2025-06-09,e2526,mature_d60_d66,66,1440.0,1.2272950417278965,15.01879891275265,22.23680535791738,952.9945824412376,692.0,625.2366722
B3USDT,2025-02-12,e2526,listing_d1_d7,1,1440.0,101.70642491698183,143.10406372873402,80.09805849666445,0.8861445439524346,0.0,138433.02601859998
B3USDT,2025-02-12,e2526,listing_d1_d7,2,1440.0,82.14550119059668,112.69626351818205,62.69191502428081,0.8896106074410938,0.0,102307.77683840001
B3USDT,2025-02-12,e2526,listing_d1_d7,3,1440.0,49.36500604747927,67.79347646693827,38.94922979657109,1.1040882501359879,0.0,53907.1025887
B3USDT,2025-02-12,e2526,listing_d1_d7,4,1440.0,54.94856394024867,82.53543947833013,46.49915372664121,1.0856380773058598,0.0,73470.1129455
B3USDT,2025-02-12,e2526,listing_d1_d7,5,1440.0,50.27647101020808,68.64388687633948,37.2678750025113,0.9118904963209058,0.0,68354.15395650001
B3USDT,2025-02-12,e2526,listing_d1_d7,6,1440.0,38.33068699551788,53.598054669582844,32.034958444005774,1.275221394762956,0.0,40411.3614094
B3USDT,2025-02-12,e2526,listing_d1_d7,7,1440.0,34.445903962843325,49.649433789602725,28.266058340165205,0.8820818099368083,0.0,40865.47684820001
B3USDT,2025-02-12,e2526,mature_d60_d66,60,1440.0,13.464386941282044,22.6388400994353,17.60172037907432,72.43287191573462,100.0,1622.3536387
B3USDT,2025-02-12,e2526,mature_d60_d66,61,1440.0,15.638484072802552,25.589991470002538,18.145587494808364,60.886201801222334,91.0,2192.6782739
B3USDT,2025-02-12,e2526,mature_d60_d66,62,1440.0,11.742257701967603,20.994269502585226,16.226887334989712,126.30573847136584,190.0,1769.3294719000003
B3USDT,2025-02-12,e2526,mature_d60_d66,63,1440.0,12.533291863315755,22.499016959186577,16.497169702382333,115.90036726932242,151.0,846.8471671
B3USDT,2025-02-12,e2526,mature_d60_d66,64,1440.0,9.377930603313425,18.606093831149874,16.073480252929638,153.79141009526796,254.0,1525.2605536
B3USDT,2025-02-12,e2526,mature_d60_d66,65,1440.0,8.919280708472781,15.234613040829464,12.70395510392123,101.88725419559131,272.0,900.4078268
B3USDT,2025-02-12,e2526,mature_d60_d66,66,1440.0,5.873715631431699,14.619883040935077,13.51915234056916,168.35472345213307,374.0,893.7679605000001
BABYUSDT,2025-04-03,e2526,listing_d1_d7,1,1440.0,91.1976450609785,142.88065531630434,78.39165996142334,146.6276300758495,40.0,4750.3066107
BABYUSDT,2025-04-03,e2526,listing_d1_d7,2,1440.0,61.88522952647396,101.90839186067322,68.64753431331107,152.6037492123146,72.0,8416.8799312
BABYUSDT,2025-04-03,e2526,listing_d1_d7,3,1440.0,40.19479037697846,63.60288395564507,40.03839459182763,60.638866733026006,17.0,2426.6731546
BABYUSDT,2025-04-03,e2526,listing_d1_d7,4,1440.0,52.24512953645494,87.30651907948777,51.28092337256203,108.99449687413812,68.0,4990.571141699999
BABYUSDT,2025-04-03,e2526,listing_d1_d7,5,1440.0,38.372497994249244,65.00068444918044,34.81227707244757,249.10695465664892,161.0,1801.2877572
BABYUSDT,2025-04-03,e2526,listing_d1_d7,6,1440.0,58.68019181848089,98.08080325231644,63.32099732582854,101.435638240241,73.0,11036.090365600001
BABYUSDT,2025-04-03,e2526,listing_d1_d7,7,1440.0,85.99916112141625,162.5982015125286,98.52166591765003,33.52834702880089,39.0,170255.016894
BABYUSDT,2025-04-03,e2526,mature_d60_d66,60,1440.0,17.636687732063642,26.01722025575072,16.928197821437582,14.627410150402548,1.0,5102.055720599999
BABYUSDT,2025-04-03,e2526,mature_d60_d66,61,1440.0,11.542345981820334,17.399499832976197,12.224188782155107,23.590851338032934,3.0,2404.8265946
BABYUSDT,2025-04-03,e2526,mature_d60_d66,62,1440.0,11.926060823043054,17.966089686733852,12.462728784741095,26.739165895484735,9.0,2578.6185186000002
BABYUSDT,2025-04-03,e2526,mature_d60_d66,63,1440.0,13.648774435684,20.10827532869214,16.794155798397625,25.66416367195735,3.0,3713.9805423
BABYUSDT,2025-04-03,e2526,mature_d60_d66,64,1440.0,11.503697617091309,16.747614874776875,12.644385440113323,39.89480087906053,14.0,1883.3707861999999
BABYUSDT,2025-04-03,e2526,mature_d60_d66,65,1440.0,9.541984732825142,15.084228181117314,11.107364551177959,81.08501442109329,72.0,1452.4166481000002
BABYUSDT,2025-04-03,e2526,mature_d60_d66,66,1440.0,7.93335982779729,12.970699519668472,9.954146558804858,100.98961459725071,84.0,1649.8973873
BADGERUSDT,2023-08-16,e2324,listing_d1_d7,1,1440.0,13.691429805686214,21.871521484004855,38.32191220107452,1369.9629762915583,94.0,1275.12457122
BADGERUSDT,2023-08-16,e2324,listing_d1_d7,2,1440.0,15.054755611915928,20.097916177622704,12.795355006970286,2278.9910166526743,57.0,350.77574767
BADGERUSDT,2023-08-16,e2324,listing_d1_d7,3,1440.0,0.4866417145394649,9.778038525470713,8.749570639967999,2054.8626044925822,352.0,294.99898906000004
BADGERUSDT,2023-08-16,e2324,listing_d1_d7,4,1440.0,0.0,9.736031875761563,8.613603120236238,1798.3832076376968,316.0,221.08879262000002
BADGERUSDT,2023-08-16,e2324,listing_d1_d7,5,1440.0,0.0,6.310893125353069,8.981252518959515,2231.8726088640665,518.0,286.72042245
BADGERUSDT,2023-08-16,e2324,listing_d1_d7,6,1440.0,0.0,5.5423320790823,9.49583625589523,2183.0334587153884,463.0,226.27952209
BADGERUSDT,2023-08-16,e2324,listing_d1_d7,7,1440.0,0.0,5.0538232172644255,7.2820127229563765,1873.8902461192658,487.0,167.38745519
BADGERUSDT,2023-08-16,e2324,mature_d60_d66,60,1440.0,5.12856845403328,13.925475547602193,15.30931487915147,1274.6745546434445,404.0,766.3628533699999
BADGERUSDT,2023-08-16,e2324,mature_d60_d66,61,1440.0,4.137837068543875,11.907370257380252,14.5899891078845,1273.736365792058,456.0,891.02488769
BADGERUSDT,2023-08-16,e2324,mature_d60_d66,62,1440.0,0.45883136836888766,7.444718492299373,8.536862812222571,1195.006975549651,420.0,254.93327828000002
BADGERUSDT,2023-08-16,e2324,mature_d60_d66,63,1440.0,0.0,5.728570204814897,8.030251509813167,1568.677083676371,626.0,190.87278059
BADGERUSDT,2023-08-16,e2324,mature_d60_d66,64,1440.0,0.0,9.107249991468688,7.629419204661838,3185.274849513629,613.0,113.97809699000001
BADGERUSDT,2023-08-16,e2324,mature_d60_d66,65,1440.0,7.073971032818655,19.282044868848427,19.29060094348549,1416.895292451431,397.0,1894.72518333
BADGERUSDT,2023-08-16,e2324,mature_d60_d66,66,1440.0,4.008105440539514,12.978401986537943,13.052428581636033,1687.6374865074968,499.0,552.6529458100001
BANANAS31USDT,2025-03-28,e2526,listing_d1_d7,1,1440.0,45.55203845091121,72.2265731939765,60.82894786321577,22.216759980985174,1.0,10360.5906202
BANANAS31USDT,2025-03-28,e2526,listing_d1_d7,2,1440.0,32.069425428932405,51.02278619951614,36.89425361607036,29.373894988402558,8.0,7362.2912359
BANANAS31USDT,2025-03-28,e2526,listing_d1_d7,3,1440.0,22.288262284494873,34.825706169634,25.523716094198054,47.7497096400999,8.0,4797.998662000001
BANANAS31USDT,2025-03-28,e2526,listing_d1_d7,4,1440.0,27.46750047958696,44.09163238704745,60.077881965925044,31.73318814374376,13.0,9065.5512512
BANANAS31USDT,2025-03-28,e2526,listing_d1_d7,5,1440.0,24.81863397063553,39.5666604519552,29.124378472269864,36.632851237155464,13.0,5394.932288800001
BANANAS31USDT,2025-03-28,e2526,listing_d1_d7,6,1440.0,17.99533578512907,28.675133852543816,20.64734334873524,40.88987627819866,28.0,4910.8588157
BANANAS31USDT,2025-03-28,e2526,listing_d1_d7,7,1440.0,10.851871947910887,19.552079630287462,13.729096133711906,42.97717014102612,95.0,2971.2842078999997
BANANAS31USDT,2025-03-28,e2526,mature_d60_d66,60,1440.0,23.67611213138222,36.072556209406834,27.665206059247716,19.058987978537242,3.0,12084.7872764
BANANAS31USDT,2025-03-28,e2526,mature_d60_d66,61,1440.0,13.332346410456298,20.84651760146934,15.71448682717288,52.68421478924547,35.0,2209.0082539
BANANAS31USDT,2025-03-28,e2526,mature_d60_d66,62,1440.0,16.160314076278656,25.99293137141777,27.603440072710555,68.73711990047457,21.0,3401.4265839000004
BANANAS31USDT,2025-03-28,e2526,mature_d60_d66,63,1440.0,19.074869342248796,28.684117400166937,21.961205194676367,58.66109316753542,18.0,1843.8750727000001
BANANAS31USDT,2025-03-28,e2526,mature_d60_d66,64,1440.0,20.026189161398644,30.474485261719053,22.51688528907229,41.335862861165694,9.0,3352.9833105000007
BANANAS31USDT,2025-03-28,e2526,mature_d60_d66,65,1440.0,9.296560495884341,15.66048106486143,12.905183510687383,164.07530417437917,120.0,833.6058226000001
BANANAS31USDT,2025-03-28,e2526,mature_d60_d66,66,1440.0,7.86782061369037,14.540511137184799,13.451141486681474,202.38463991291812,201.0,603.505196
BANANAUSDT,2024-07-19,e2324,listing_d1_d7,1,1440.0,37.917418209007494,67.24716156695179,48.60441774823918,5.965402598297101,5.0,65300.611861900004
BANANAUSDT,2024-07-19,e2324,listing_d1_d7,2,1440.0,39.26084982655427,65.79510170334288,46.19254515283691,1.2867264922851853,0.0,72916.99842730998
BANANAUSDT,2024-07-19,e2324,listing_d1_d7,3,1440.0,29.01645103114347,44.86548533864549,27.887744787530398,2.575661986994741,0.0,26140.48462984
BANANAUSDT,2024-07-19,e2324,listing_d1_d7,4,1440.0,29.679472479796388,47.52602029891249,30.887949883929473,4.0249316612613955,2.0,22647.498019420003
BANANAUSDT,2024-07-19,e2324,listing_d1_d7,5,1440.0,23.896324278829976,38.45460180385517,24.163673633802595,6.128287125095223,4.0,16421.40504048
BANANAUSDT,2024-07-19,e2324,listing_d1_d7,6,1440.0,24.83040483890909,37.42529574395048,25.12292782536088,4.73911894095777,2.0,14786.64188608
BANANAUSDT,2024-07-19,e2324,listing_d1_d7,7,1440.0,18.750050513214173,28.204465030572454,18.56641252130762,6.6732166960964365,5.0,9021.81677744
BANANAUSDT,2024-07-19,e2324,mature_d60_d66,60,1440.0,12.454924931626552,18.60942926928617,11.564524620658943,5.755806508290597,1.0,8611.99662901
BANANAUSDT,2024-07-19,e2324,mature_d60_d66,61,1440.0,12.546149821153628,18.639560219134978,13.220538148899342,7.1094343496056815,1.0,5700.55997344
BANANAUSDT,2024-07-19,e2324,mature_d60_d66,62,1440.0,20.11269964319522,30.39980830816884,25.0831091779197,2.1139508159956435,0.0,51370.41096248001
BANANAUSDT,2024-07-19,e2324,mature_d60_d66,63,1440.0,18.715311965761337,25.857260451785596,16.37332516078219,1.6350964153676835,1.0,21937.19298092
BANANAUSDT,2024-07-19,e2324,mature_d60_d66,64,1440.0,11.34722044788924,15.747612843929364,10.423741376775153,4.533571443460825,0.0,6457.18961019
BANANAUSDT,2024-07-19,e2324,mature_d60_d66,65,1440.0,13.431460632350685,19.07055788099595,13.7470113882543,5.853498074028001,0.0,7789.4727874499995
BANANAUSDT,2024-07-19,e2324,mature_d60_d66,66,1440.0,17.32292816315928,25.055447210195776,15.727493514455334,3.6483785506849635,0.0,10813.75923522
BANKUSDT,2025-05-08,e2526,listing_d1_d7,1,1440.0,45.63434340447254,67.4434415791011,60.82821827382928,10.993433072409523,2.0,18813.980364099996
BANKUSDT,2025-05-08,e2526,listing_d1_d7,2,1440.0,33.9208039607809,57.995058878690806,44.291650796284024,27.803177725590206,3.0,8980.003642000001
BANKUSDT,2025-05-08,e2526,listing_d1_d7,3,1440.0,26.093530714597417,40.87894619139038,30.369173338986123,43.52985932796098,24.0,5410.1114156
BANKUSDT,2025-05-08,e2526,listing_d1_d7,4,1440.0,29.49636051262454,44.29525699539768,27.570853173771393,42.22935740963879,18.0,5411.505257299999
BANKUSDT,2025-05-08,e2526,listing_d1_d7,5,1440.0,26.439294443248794,42.153856975511914,30.40954138108349,35.96071492925175,7.0,6592.961512
BANKUSDT,2025-05-08,e2526,listing_d1_d7,6,1440.0,19.712208746579197,31.35922737606836,20.959046824946878,38.14293913304884,8.0,3954.0211344
BANKUSDT,2025-05-08,e2526,listing_d1_d7,7,1440.0,21.13914134795857,31.218188419190824,19.508916395631662,25.631996418602068,3.0,3414.3175291
BANKUSDT,2025-05-08,e2526,mature_d60_d66,60,1440.0,10.335154514385819,20.25024299705373,18.41170097843348,146.9455720019126,198.0,4668.409174300001
BANKUSDT,2025-05-08,e2526,mature_d60_d66,61,1440.0,7.6781334023801575,15.160129449195846,12.007658293916004,169.57733884018646,284.0,1146.9431571
BANKUSDT,2025-05-08,e2526,mature_d60_d66,62,1440.0,9.544261573142188,19.010654692617443,18.910785027745096,170.11927598748116,233.0,1925.6940181
BANKUSDT,2025-05-08,e2526,mature_d60_d66,63,1440.0,8.787349237159578,17.762648459346682,18.154467238008568,210.21363989488108,241.0,2130.1641154
BANKUSDT,2025-05-08,e2526,mature_d60_d66,64,1440.0,11.685656106767265,22.079938321236057,22.356395811756126,135.76230993223118,152.0,1746.1850126
BANKUSDT,2025-05-08,e2526,mature_d60_d66,65,1440.0,7.4167470555566535,15.439380614625083,14.764907182156277,194.9132503485857,354.0,5115.198595600001
BANKUSDT,2025-05-08,e2526,mature_d60_d66,66,1440.0,8.597221820724444,16.688208264060922,16.102030664418596,178.30275672918413,291.0,2272.7835641
BANUSDT,2024-11-18,e2324,listing_d1_d7,1,1440.0,61.69031722921047,95.23809523809595,58.399094141672556,2.7120708745361117,0.0,42015.64503920001
BANUSDT,2024-11-18,e2324,listing_d1_d7,2,1440.0,59.49949707204311,89.61303462321824,54.5427755302089,3.621481964524199,0.0,28977.357055
BANUSDT,2024-11-18,e2324,listing_d1_d7,3,1440.0,74.9496092389264,121.90098604345243,83.55393477174508,2.3455399611989622,0.0,64468.6250992
BANUSDT,2024-11-18,e2324,listing_d1_d7,4,1440.0,50.8905919661738,72.3741841610426,45.475155911884585,2.3310896878046057,1.0,31591.2109164
BANUSDT,2024-11-18,e2324,listing_d1_d7,5,1440.0,47.48982360922701,69.58942240779407,45.88914738316705,4.0757655232658205,1.0,25085.932087499998
BANUSDT,2024-11-18,e2324,listing_d1_d7,6,1440.0,36.42991600814123,55.11270018039831,37.643130885980554,6.016830641723596,2.0,15175.810485
BANUSDT,2024-11-18,e2324,listing_d1_d7,7,1440.0,40.096230954290334,62.84367635506639,40.30788772287824,4.294629994178207,0.0,21281.0519956
BANUSDT,2024-11-18,e2324,mature_d60_d66,60,1440.0,16.114867417088316,25.63125716695646,19.351665912014177,0.6460739050297288,1.0,61045.0055168
BANUSDT,2024-11-18,e2324,mature_d60_d66,61,1440.0,23.72658084260345,35.64403372024046,26.195933821751186,1.295848865403128,3.0,54339.13625974
BANUSDT,2024-11-18,e2324,mature_d60_d66,62,1440.0,38.71798089983467,67.87753537849389,48.856100606836165,0.5621513519750697,1.0,163353.05547849
BANUSDT,2024-11-18,e2324,mature_d60_d66,63,1440.0,33.903541931939436,51.54539522367069,33.56801558116022,1.7136781383420863,1.0,48186.27421881
BANUSDT,2024-11-18,e2324,mature_d60_d66,64,1440.0,33.95131721989614,53.00115725169822,33.718447530695016,2.342312008898747,0.0,26488.10802818
BANUSDT,2024-11-18,e2324,mature_d60_d66,65,1440.0,22.06287934272075,31.476244803693675,22.784641008003515,2.677078139388207,0.0,15354.45462963
BANUSDT,2024-11-18,e2324,mature_d60_d66,66,1440.0,21.757322175731915,32.7930237887021,23.115867381912217,3.583949448972036,0.0,13720.42743996
BBUSDT,2024-05-14,e2324,listing_d1_d7,1,1440.0,35.1670434564183,55.566988429891296,42.79260080644513,12.517147377584655,0.0,16224.267135900001
BBUSDT,2024-05-14,e2324,listing_d1_d7,2,1440.0,28.08550544268912,43.576376171058264,35.202079240348446,9.365353139666206,0.0,27125.069353100003
BBUSDT,2024-05-14,e2324,listing_d1_d7,3,1440.0,26.55259407759376,36.87812490464641,24.42587820696131,4.111458869427383,0.0,19439.460000099996
BBUSDT,2024-05-14,e2324,listing_d1_d7,4,1440.0,21.950454687989286,33.013205282112956,22.48888274952989,8.75674986118282,0.0,24182.6487628
BBUSDT,2024-05-14,e2324,listing_d1_d7,5,1440.0,22.054209998602694,31.050861943573306,20.961151988367323,2.1469731376213383,0.0,18655.5250903
BBUSDT,2024-05-14,e2324,listing_d1_d7,6,1440.0,22.909509324333328,34.356882641079295,25.004290320503863,2.5926863814068044,1.0,17919.870006999998
BBUSDT,2024-05-14,e2324,listing_d1_d7,7,1440.0,20.765351527736758,29.494176825312792,21.2163493960663,2.9505210728960525,0.0,14080.428919
BBUSDT,2024-05-14,e2324,mature_d60_d66,60,1440.0,21.202162858863428,31.98635358070693,19.943836320494295,3.3235948266633053,0.0,21656.756723399998
BBUSDT,2024-05-14,e2324,mature_d60_d66,61,1440.0,16.773246855895888,25.228635336668493,16.461596892849848,4.567513623419084,2.0,12062.8742578
BBUSDT,2024-05-14,e2324,mature_d60_d66,62,1440.0,20.757656397467635,29.572676788708264,19.658923333772197,3.9671680188768006,0.0,12621.929115600002
BBUSDT,2024-05-14,e2324,mature_d60_d66,63,1440.0,20.99076776332708,30.276816608995908,19.41079414409347,4.663355017530501,1.0,13309.646607700002
BBUSDT,2024-05-14,e2324,mature_d60_d66,64,1440.0,17.121455519759284,25.088859657715247,15.201184088539518,13.28447806303628,0.0,7455.7742422
BBUSDT,2024-05-14,e2324,mature_d60_d66,65,1440.0,16.922263542017276,24.83572224636405,17.147624466676657,8.20275857209166,2.0,7899.9595666000005
BBUSDT,2024-05-14,e2324,mature_d60_d66,66,1440.0,14.821090949030074,21.54244160454607,13.442674273633104,9.480969135097066,3.0,5880.1498749
BERAUSDT,2025-02-06,e2526,listing_d1_d7,1,1440.0,67.34673812910059,95.07958603159231,53.469404047132166,0.12493049311941706,0.0,552370.3369129999
BERAUSDT,2025-02-06,e2526,listing_d1_d7,2,1440.0,48.441937437354255,65.2050126009959,38.11175985532958,0.17168354707281772,0.0,304819.706176
BERAUSDT,2025-02-06,e2526,listing_d1_d7,3,1440.0,38.80285525750668,53.06688302659838,31.884166728061754,0.20718921020704456,0.0,220146.39844
BERAUSDT,2025-02-06,e2526,listing_d1_d7,4,1440.0,38.044707888098976,55.51218225211814,39.793665916908274,0.22723386642730423,0.0,215606.29918300002
BERAUSDT,2025-02-06,e2526,listing_d1_d7,5,1440.0,35.68895574000523,50.19270534182267,31.61100643291604,0.2896268067007947,0.0,175761.736875
BERAUSDT,2025-02-06,e2526,listing_d1_d7,6,1440.0,34.139051487079406,48.91416386073169,30.2089664748022,0.3338188108135449,0.0,140803.88521200002
BERAUSDT,2025-02-06,e2526,listing_d1_d7,7,1440.0,28.211086073939587,38.563178662980114,23.0269116060705,0.5216072358822996,0.0,82727.098037
BERAUSDT,2025-02-06,e2526,mature_d60_d66,60,1440.0,33.108678949224135,48.42894640604014,33.95039078645613,0.7737682936343617,0.0,79485.566808
BERAUSDT,2025-02-06,e2526,mature_d60_d66,61,1440.0,26.521052862107844,36.061740913108636,22.77417223322113,0.5875007459115527,0.0,75870.87566800001
BERAUSDT,2025-02-06,e2526,mature_d60_d66,62,1440.0,35.17514969931256,52.05970713175823,48.698265763351216,0.447800179991236,0.0,153430.648605
BERAUSDT,2025-02-06,e2526,mature_d60_d66,63,1440.0,27.739251481221906,38.24823148566076,23.416405353381975,0.5833085920560119,0.0,67381.420742
BERAUSDT,2025-02-06,e2526,mature_d60_d66,64,1440.0,25.859839668994077,36.59875727680494,25.186974235775136,0.8449705956913399,0.0,56754.926032
BERAUSDT,2025-02-06,e2526,mature_d60_d66,65,1440.0,21.301775147928755,30.822128925432914,20.013984593324043,0.9985045820154155,0.0,39646.621781
BERAUSDT,2025-02-06,e2526,mature_d60_d66,66,1440.0,17.000607415232004,24.46183953033216,16.8372513132966,1.465193492458517,0.0,24863.248170000003
BIGTIMEUSDT,2023-10-12,e2324,listing_d1_d7,1,1440.0,106.31516126990329,168.22680623718483,86.84598063610298,0.420489492941113,0.0,285331.9428233
BIGTIMEUSDT,2023-10-12,e2324,listing_d1_d7,2,1440.0,52.8465079736569,78.56932415307301,46.48055820591642,0.47835058650505374,0.0,150345.9539904
BIGTIMEUSDT,2023-10-12,e2324,listing_d1_d7,3,1440.0,44.11469998915929,68.66606289061863,45.617388749005656,0.6081445327049169,0.0,127871.38837110001
BIGTIMEUSDT,2023-10-12,e2324,listing_d1_d7,4,1440.0,30.84041925849817,48.04805382767751,33.16880238670141,1.0093657541815826,0.0,67995.7614553
BIGTIMEUSDT,2023-10-12,e2324,listing_d1_d7,5,1440.0,32.1802114855763,50.2073353334776,32.45522174345254,2.02877012611595,0.0,59808.188616800006
BIGTIMEUSDT,2023-10-12,e2324,listing_d1_d7,6,1440.0,49.82871862912801,78.58843121277728,53.86310310541439,1.1274554720562464,0.0,82956.0454589
BIGTIMEUSDT,2023-10-12,e2324,listing_d1_d7,7,1440.0,46.52709054923347,67.70480704129858,42.56325111179438,1.4642444059421544,0.0,64147.741466199994
BIGTIMEUSDT,2023-10-12,e2324,mature_d60_d66,60,1440.0,55.434730707601446,84.08103259947548,78.21695970181692,0.30370665360926385,0.0,232462.71927389997
BIGTIMEUSDT,2023-10-12,e2324,mature_d60_d66,61,1440.0,49.09726540351443,70.8729333960775,39.66992274596911,0.34845285755699246,0.0,182062.98613550002
BIGTIMEUSDT,2023-10-12,e2324,mature_d60_d66,62,1440.0,41.68324867888613,59.961806119460256,35.29168793709187,0.3999197748975179,0.0,141332.9975873
BIGTIMEUSDT,2023-10-12,e2324,mature_d60_d66,63,1440.0,31.70028884261874,43.889204142431545,26.630531166592274,0.450822286302584,0.0,100874.8844571
BIGTIMEUSDT,2023-10-12,e2324,mature_d60_d66,64,1440.0,29.182842097546626,39.198608751092344,23.458853535774843,0.6622284812092275,0.0,70460.6633055
BIGTIMEUSDT,2023-10-12,e2324,mature_d60_d66,65,1440.0,20.920502092050583,27.936404872265708,16.668362925931255,1.2121399677388676,0.0,34740.13859110001
BIGTIMEUSDT,2023-10-12,e2324,mature_d60_d66,66,1440.0,27.439548054503415,37.47391750576022,21.84816741472486,1.0094385899915133,0.0,43283.4528861
BIOUSDT,2024-12-25,e2324,listing_d1_d7,1,1440.0,64.00931586371864,92.13909444374741,58.799854642026276,626.801473326647,187.0,1722.9039043
BIOUSDT,2024-12-25,e2324,listing_d1_d7,2,1440.0,2.367424275595724,59.401906910217534,41.058158375695825,979.3813871221229,519.0,512.2287299999999
BIOUSDT,2024-12-25,e2324,listing_d1_d7,3,1440.0,16.40248166544138,64.87606273439046,42.35923249215819,909.2147648150277,446.0,868.4002545000001
BIOUSDT,2024-12-25,e2324,listing_d1_d7,4,1440.0,13.832023006031383,60.52420865475119,41.73080268448852,919.8209580392139,436.0,1079.8791931
BIOUSDT,2024-12-25,e2324,listing_d1_d7,5,1440.0,20.378178426675596,68.58490272764335,47.641775222390514,1666.2756771446675,431.0,1309.7354713999998
BIOUSDT,2024-12-25,e2324,listing_d1_d7,6,1440.0,0.0,57.76690537100727,48.85517024170035,2233.856740103696,593.0,557.5006662999999
BIOUSDT,2024-12-25,e2324,listing_d1_d7,7,1440.0,0.0,29.21758680889617,33.159631022769645,681.3684877370616,722.0,391.2333796
BIOUSDT,2024-12-25,e2324,mature_d60_d66,60,1440.0,15.527950310559453,28.298560329524804,20.037389801738446,274.6398860321263,76.0,3942.131636
BIOUSDT,2024-12-25,e2324,mature_d60_d66,61,1440.0,24.77291494632549,34.57216940362987,30.946899803364946,59.32353123974609,14.0,5669.013645999999
BIOUSDT,2024-12-25,e2324,mature_d60_d66,62,1440.0,29.73240832507518,47.76690571805786,31.634782354020867,149.987756559696,16.0,4469.3359589
BIOUSDT,2024-12-25,e2324,mature_d60_d66,63,1440.0,18.365472910927984,28.2818807461809,24.120790922868593,41.4356672518931,11.0,5554.0382298
BIOUSDT,2024-12-25,e2324,mature_d60_d66,64,1440.0,24.813895781637285,34.122456117340825,27.75119712763592,64.66926278726122,6.0,7664.7941694
BIOUSDT,2024-12-25,e2324,mature_d60_d66,65,1440.0,28.11560602786039,41.56275976724858,28.043905755754956,12.429098875087092,1.0,7602.947088599999
BIOUSDT,2024-12-25,e2324,mature_d60_d66,66,1440.0,16.380016380016848,24.696442735981872,19.316905361799428,31.40884033998866,19.0,4644.9747537
BLASTUSDT,2024-06-27,e2324,listing_d1_d7,1,1440.0,21.756070733769036,35.01826142683124,21.45750631752423,0.9118738796028794,0.0,41123.84840743
BLASTUSDT,2024-06-27,e2324,listing_d1_d7,2,1440.0,12.616060732364224,22.797533199033218,15.684844739062491,0.9537824356360577,3.0,27569.176767779998
BLASTUSDT,2024-06-27,e2324,listing_d1_d7,3,1440.0,12.204576528355272,22.1471253392539,16.07608572744621,1.0687117424276549,1.0,23713.835009799997
BLASTUSDT,2024-06-27,e2324,listing_d1_d7,4,1440.0,10.971177807381736,19.579253217377563,13.109361115182923,1.6854835018524106,2.0,19040.145233549996
BLASTUSDT,2024-06-27,e2324,listing_d1_d7,5,1440.0,11.214699626289587,19.981313174925646,19.839197239978137,2.2022449237670876,9.0,23206.491102590004
BLASTUSDT,2024-06-27,e2324,listing_d1_d7,6,1440.0,19.654773342701645,32.9674532556942,20.650039465815208,1.3530522454187894,0.0,30248.08969079
BLASTUSDT,2024-06-27,e2324,listing_d1_d7,7,1440.0,22.46781064216273,37.468617817224555,25.199358597926487,1.6475574098861507,1.0,30538.44601207
BLASTUSDT,2024-06-27,e2324,mature_d60_d66,60,1440.0,13.76525649261288,20.46559305344271,11.648170675367744,6.375169737760969,3.0,6831.52245254
BLASTUSDT,2024-06-27,e2324,mature_d60_d66,61,1440.0,13.144306162460456,19.335818153199238,12.477145845549197,12.896144811137159,30.0,7345.05226237
BLASTUSDT,2024-06-27,e2324,mature_d60_d66,62,1440.0,13.220798221011627,21.03984828177951,13.672714661409309,17.66477189878294,23.0,5581.75641232
BLASTUSDT,2024-06-27,e2324,mature_d60_d66,63,1440.0,13.268691027157264,18.041947561991037,10.40826817338483,11.615096430210556,10.0,3636.46776549
BLASTUSDT,2024-06-27,e2324,mature_d60_d66,64,1440.0,13.444335316986919,19.685040004113215,10.977729558231202,18.577982789464624,19.0,3837.5567766100003
BLASTUSDT,2024-06-27,e2324,mature_d60_d66,65,1440.0,7.358738522301024,11.493052304170948,6.801662581724314,25.00262919781914,92.0,2146.18854462
BLASTUSDT,2024-06-27,e2324,mature_d60_d66,66,1440.0,15.655181135420314,23.818556254065413,13.86203196363314,11.01475709420809,5.0,6281.309017959999
BOMEUSDT,2024-03-15,e2324,listing_d1_d7,1,1440.0,216.5423966995012,303.3569497691286,161.8011373077412,0.12218498205594487,0.0,2156950.8094926
BOMEUSDT,2024-03-15,e2324,listing_d1_d7,2,1440.0,123.01025563241065,168.7972883298868,89.53986928002514,0.11418094337811784,0.0,1037509.2875411999
BOMEUSDT,2024-03-15,e2324,listing_d1_d7,3,1440.0,103.05944715403382,151.5160526206386,81.63648576444146,0.1309952024776983,0.0,818808.8020784
BOMEUSDT,2024-03-15,e2324,listing_d1_d7,4,1440.0,106.55227272050635,149.9228805491358,83.57573916949083,0.14290737987090452,0.0,729113.7980564999
BOMEUSDT,2024-03-15,e2324,listing_d1_d7,5,1440.0,68.50732341332795,90.59509860804108,51.37490742297897,0.14767419575802374,0.0,428125.1142932
BOMEUSDT,2024-03-15,e2324,listing_d1_d7,6,1440.0,49.80492690653454,74.08147680303883,45.63381267484227,0.1552107337950978,0.0,475852.9827974
BOMEUSDT,2024-03-15,e2324,listing_d1_d7,7,1440.0,57.149025722024795,81.80799606046769,46.365382761641484,0.10787686988186469,0.0,599840.1875389
BOMEUSDT,2024-03-15,e2324,mature_d60_d66,60,1440.0,30.64306101961277,44.42735918167809,26.025100665196632,0.5391082840625842,0.0,88333.46867660001
BOMEUSDT,2024-03-15,e2324,mature_d60_d66,61,1440.0,26.116696685208463,35.62748216797791,23.702816340993273,0.768073782903758,0.0,62521.920662000004
BOMEUSDT,2024-03-15,e2324,mature_d60_d66,62,1440.0,26.980344035087434,39.901787360479325,24.705858072048038,0.47777480797359967,0.0,107365.7720447
BOMEUSDT,2024-03-15,e2324,mature_d60_d66,63,1440.0,21.86320801613907,31.051030018475682,18.640283598160302,0.7282566932340491,0.0,54841.902141
BOMEUSDT,2024-03-15,e2324,mature_d60_d66,64,1440.0,17.92424852218726,25.317617329290513,15.409719839468156,0.8872015269997958,0.0,38588.813665099995
BOMEUSDT,2024-03-15,e2324,mature_d60_d66,65,1440.0,16.08219793247407,22.518465141415433,13.545521199716992,1.044655436178683,0.0,29166.3652208
BOMEUSDT,2024-03-15,e2324,mature_d60_d66,66,1440.0,21.692916114761754,30.39051820129824,17.74034259166142,0.8301280687712225,0.0,43803.9919225
BONDUSDT,2023-10-16,e2324,listing_d1_d7,1,1440.0,43.54291510229764,64.83292518737723,40.706631854546245,5.324550256359438,1.0,23106.335465199998
BONDUSDT,2023-10-16,e2324,listing_d1_d7,2,1440.0,37.28813559321999,57.41791471135913,38.53092569307275,6.636593392736541,0.0,22199.8034704
BONDUSDT,2023-10-16,e2324,listing_d1_d7,3,1440.0,37.81758213983502,57.87979551212487,38.76269530661413,4.437924868015261,0.0,23743.064197
BONDUSDT,2023-10-16,e2324,listing_d1_d7,4,1440.0,65.5605309269614,96.76236226399824,50.07112769282347,1.134620086533571,1.0,215314.8070086
BONDUSDT,2023-10-16,e2324,listing_d1_d7,5,1440.0,43.66816339224055,67.86020463831973,40.63927336258227,0.5289456722356151,0.0,163133.8480723
BONDUSDT,2023-10-16,e2324,listing_d1_d7,6,1440.0,30.338389731621703,48.871301428608625,30.61203006431586,1.1683735190546636,0.0,65478.72317940001
BONDUSDT,2023-10-16,e2324,listing_d1_d7,7,1440.0,27.603528818499445,43.27351616738205,29.51760439349882,1.4830135641783997,0.0,38777.4699089
BONDUSDT,2023-10-16,e2324,mature_d60_d66,60,1440.0,10.19367991845057,17.682349437979834,13.099880298412566,88.75470267147722,66.0,3237.6675233
BONDUSDT,2023-10-16,e2324,mature_d60_d66,61,1440.0,7.95650458229641,15.473894766732112,13.263939038559352,121.25188005793554,86.0,3020.6480158000004
BONDUSDT,2023-10-16,e2324,mature_d60_d66,62,1440.0,7.990411647904323,13.466199838405315,13.084085869027987,101.16788515483583,131.0,1771.231015
BONDUSDT,2023-10-16,e2324,mature_d60_d66,63,1440.0,10.764262648008621,18.953554983950927,17.34722044184447,174.13266542677448,183.0,3085.9754905
BONDUSDT,2023-10-16,e2324,mature_d60_d66,64,1440.0,8.187772925763289,13.664935774801872,10.968386983409719,216.81883311498922,253.0,1112.0196891
BONDUSDT,2023-10-16,e2324,mature_d60_d66,65,1440.0,8.061265764217254,13.592497695281306,10.440664934119912,216.14128173664363,270.0,1062.4045614
BONDUSDT,2023-10-16,e2324,mature_d60_d66,66,1440.0,8.021390374331855,13.390465988216105,10.040245469952135,139.26939324843374,148.0,931.9538934
BRETTUSDT,2024-04-26,e2324,listing_d1_d7,1,1440.0,114.5719920802355,180.75051948132074,100.89100836106425,3.251292145287669,0.0,89462.4319761
BRETTUSDT,2024-04-26,e2324,listing_d1_d7,2,1440.0,87.35842911894431,137.33762727141882,69.71206067898211,0.7504487455543674,0.0,172241.0714152
BRETTUSDT,2024-04-26,e2324,listing_d1_d7,3,1440.0,48.26682084940298,75.12422706295321,44.79522234340752,1.1988374143477594,0.0,62694.1702597
BRETTUSDT,2024-04-26,e2324,listing_d1_d7,4,1440.0,34.22181683051254,51.14573186053687,33.44900662355276,1.8850868803239353,1.0,29043.839284100002
BRETTUSDT,2024-04-26,e2324,listing_d1_d7,5,1440.0,40.663121676571215,56.916475159023186,32.95003072226318,2.4261957963894996,0.0,28606.5617634
BRETTUSDT,2024-04-26,e2324,listing_d1_d7,6,1440.0,37.220843672457214,52.18729339650682,30.235949742980633,1.9837613785133639,0.0,27383.089306700003
BRETTUSDT,2024-04-26,e2324,listing_d1_d7,7,1440.0,39.28790728343232,58.807098054863566,36.40627918531468,1.9507045566031642,0.0,45970.59800999999
BRETTUSDT,2024-04-26,e2324,mature_d60_d66,60,1440.0,26.010739357821503,41.09304332476842,27.674862963878653,0.5236083494686703,0.0,68214.48085379999
BRETTUSDT,2024-04-26,e2324,mature_d60_d66,61,1440.0,19.041842225771575,28.964052482752862,17.38447098078538,0.6237654186471681,0.0,47424.4646772
BRETTUSDT,2024-04-26,e2324,mature_d60_d66,62,1440.0,20.128081946569793,32.220474543467866,20.864050298707767,0.9277120969490846,0.0,41683.752717100004
BRETTUSDT,2024-04-26,e2324,mature_d60_d66,63,1440.0,19.425993308516787,31.531315783054346,21.23109332325697,1.024852774522434,0.0,42503.3738235
BRETTUSDT,2024-04-26,e2324,mature_d60_d66,64,1440.0,12.947498384391961,20.610920583476744,15.42006025567559,1.7685303484770474,0.0,20967.7224935
BRETTUSDT,2024-04-26,e2324,mature_d60_d66,65,1440.0,15.754485336513312,24.72055550564437,19.263843761556334,1.5177655513505115,0.0,28672.7519635
BRETTUSDT,2024-04-26,e2324,mature_d60_d66,66,1440.0,21.21486538190126,30.94346708720646,17.87787310179743,0.9776458442420594,0.0,32772.1548482
BROCCOLIUSDT,2025-02-14,e2526,listing_d1_d7,1,1440.0,165.36886390923073,227.08594277634938,123.52007694506263,0.6294722331596325,0.0,272338.12782969
BROCCOLIUSDT,2025-02-14,e2526,listing_d1_d7,2,1440.0,108.38190174114077,153.20449222382675,82.9829620913551,0.6923127072822113,0.0,166462.76054369
BROCCOLIUSDT,2025-02-14,e2526,listing_d1_d7,3,1440.0,80.32103234502055,115.9889710093422,61.034004642433125,0.8388751583440595,0.0,118100.85685115999
BROCCOLIUSDT,2025-02-14,e2526,listing_d1_d7,4,1440.0,81.96865800088375,121.7661896758569,67.57836576667387,0.8943799429160116,0.0,127772.78976784
BROCCOLIUSDT,2025-02-14,e2526,listing_d1_d7,5,1440.0,99.55340995653911,151.45217397447817,136.9779390106536,1.2232740069502686,0.0,138987.24237318998
BROCCOLIUSDT,2025-02-14,e2526,listing_d1_d7,6,1440.0,86.09890526428408,119.37849906882106,68.15335899859362,1.5272927823956475,0.0,70411.64524348
BROCCOLIUSDT,2025-02-14,e2526,listing_d1_d7,7,1440.0,68.45314967919205,105.94840710065854,67.95499938123066,3.311104322674861,0.0,49578.75629795001
BROCCOLIUSDT,2025-02-14,e2526,mature_d60_d66,60,1440.0,22.0750551876386,33.19846564318806,21.651740454133108,15.8682752889351,0.0,4500.345105250001
BROCCOLIUSDT,2025-02-14,e2526,mature_d60_d66,61,1440.0,21.920214647046933,34.63578431096846,22.039195420921008,36.76814569772519,12.0,3179.71312135
BROCCOLIUSDT,2025-02-14,e2526,mature_d60_d66,62,1440.0,20.56343907640335,31.027459768778613,20.875782799278948,26.886693139195767,13.0,3227.0508843300004
BROCCOLIUSDT,2025-02-14,e2526,mature_d60_d66,63,1440.0,16.296604171452667,24.5423875171954,17.750966516226757,55.261999266706376,23.0,1643.7889476899998
BROCCOLIUSDT,2025-02-14,e2526,mature_d60_d66,64,1440.0,12.239902080782853,20.11465413559451,14.599604494924172,531.1571300977478,57.0,1176.4849851600002
BROCCOLIUSDT,2025-02-14,e2526,mature_d60_d66,65,1440.0,34.22053726677221,62.96296296296297,48.56645307538716,523.377886113163,9.0,8608.57648763
BROCCOLIUSDT,2025-02-14,e2526,mature_d60_d66,66,1440.0,29.63512676440576,46.453461659465006,31.374950870486227,19.37145635906172,5.0,5728.20218862
BRUSDT,2025-03-20,e2526,listing_d1_d7,1,1440.0,75.81532635912379,112.76383135513895,76.37057071147905,1.528042951502169,0.0,81110.76808878
BRUSDT,2025-03-20,e2526,listing_d1_d7,2,1440.0,45.6180513180267,66.17003257744318,40.29085865449718,2.368246326189588,0.0,34076.03554888
BRUSDT,2025-03-20,e2526,listing_d1_d7,3,1440.0,29.265678896390636,43.63884722427643,26.456411450288638,4.114246305674155,0.0,14380.46743993
BRUSDT,2025-03-20,e2526,listing_d1_d7,4,1440.0,45.03020740199301,64.33749252118734,44.298031772153834,2.0365291428616477,0.0,42877.134915810006
BRUSDT,2025-03-20,e2526,listing_d1_d7,5,1440.0,38.86987307855284,56.037110352662985,34.36110884305195,2.4609246403743206,0.0,32030.70912913
BRUSDT,2025-03-20,e2526,listing_d1_d7,6,1440.0,44.24183028155263,62.37891419235459,34.785501324489104,2.4223534901857016,0.0,26648.2933654
BRUSDT,2025-03-20,e2526,listing_d1_d7,7,1440.0,42.58449729794344,60.17424202971692,34.775477619294044,2.5853927561420273,0.0,26203.3805876
BRUSDT,2025-03-20,e2526,mature_d60_d66,60,1440.0,15.134343604212821,23.779076108490365,16.9487502180428,1131.5588295043574,43.0,1256.39637815
BRUSDT,2025-03-20,e2526,mature_d60_d66,61,1440.0,13.315579709515086,21.0013843256884,14.662340813248791,2329.9046422641004,63.0,1259.84052331
BRUSDT,2025-03-20,e2526,mature_d60_d66,62,1440.0,16.25135639907344,24.169188207832608,18.772967572869497,1380.5309675998235,60.0,2204.68373332
BRUSDT,2025-03-20,e2526,mature_d60_d66,63,1440.0,12.028524876145845,20.537395173712483,15.174235286574834,907.9962208591701,90.0,1772.9393297699999
BRUSDT,2025-03-20,e2526,mature_d60_d66,64,1440.0,14.503263234227738,23.671707785451094,19.100904309518334,605.2218710796762,69.0,2197.5837530199997
BRUSDT,2025-03-20,e2526,mature_d60_d66,65,1440.0,7.602394823002169,13.346680104331075,10.67168117008864,2917.313067402669,190.0,708.9234622700001
BRUSDT,2025-03-20,e2526,mature_d60_d66,66,1440.0,8.10208628721863,15.88878043113366,12.847658523177504,3121.7782560900505,199.0,852.85983417
BTRUSDT,2025-08-27,e2526,listing_d1_d7,1,1440.0,40.97379318765373,62.431715493895595,38.581374581745834,6.333437321890817,1.0,16079.32799512
BTRUSDT,2025-08-27,e2526,listing_d1_d7,2,1440.0,24.856891904170805,40.47507533060884,34.881896409668386,12.384097883749831,2.0,9149.987736910001
BTRUSDT,2025-08-27,e2526,listing_d1_d7,3,1440.0,21.229932898327917,32.15546762856414,21.454580996581,7.5587732669241925,0.0,5678.52515092
BTRUSDT,2025-08-27,e2526,listing_d1_d7,4,1440.0,23.808072519829402,36.993903377685555,26.194297642054217,8.574141416240032,0.0,7005.541395929999
BTRUSDT,2025-08-27,e2526,listing_d1_d7,5,1440.0,20.61678930300198,30.821002305348095,25.22093032453924,15.867510513171188,3.0,5039.99733425
BTRUSDT,2025-08-27,e2526,listing_d1_d7,6,1440.0,18.763332913768316,29.635727666589197,19.87421576768797,27.613796876272986,6.0,3814.18246848
BTRUSDT,2025-08-27,e2526,listing_d1_d7,7,1440.0,21.188191004018456,32.72692018306684,24.85387257240632,18.19464028144812,1.0,4221.93002864
BTRUSDT,2025-08-27,e2526,mature_d60_d66,60,1440.0,19.113943469193117,30.71184389454586,25.053734942596424,312.06032779580084,42.0,1795.23297774
BTRUSDT,2025-08-27,e2526,mature_d60_d66,61,1440.0,16.34088139816197,25.167701543879375,19.84217291226374,327.1988240915099,13.0,1369.1839083399998
BTRUSDT,2025-08-27,e2526,mature_d60_d66,62,1440.0,17.087932427904683,27.001101462964215,19.315521599272987,344.7869280255482,26.0,1188.33949049
BTRUSDT,2025-08-27,e2526,mature_d60_d66,63,1440.0,14.596409283316722,23.61109559115322,19.40745920826181,321.5787656603525,44.0,1046.4174121
BTRUSDT,2025-08-27,e2526,mature_d60_d66,64,1440.0,28.990175551618556,51.02460806515623,85.14684803298839,172.57406697772322,7.0,13167.299233959999
BTRUSDT,2025-08-27,e2526,mature_d60_d66,65,1440.0,23.58861689541522,37.94775009241101,26.25895601594966,51.35202406828258,8.0,2522.48235367
BTRUSDT,2025-08-27,e2526,mature_d60_d66,66,1440.0,12.677284608202987,20.49826553137892,15.029344800280914,140.3746041258345,59.0,577.0964642
BUSDT,2025-05-23,e2526,listing_d1_d7,1,1440.0,59.35464158292923,87.45473098587493,54.186186562915246,1.5682323132121219,0.0,74178.96557071
BUSDT,2025-05-23,e2526,listing_d1_d7,2,1440.0,51.452149265793764,78.20333769324266,63.98762971085447,1.1064728480788075,0.0,75904.26905638
BUSDT,2025-05-23,e2526,listing_d1_d7,3,1440.0,51.56729828840259,76.48565044043957,56.83235923415165,0.5791238596294327,0.0,112424.85809544
BUSDT,2025-05-23,e2526,listing_d1_d7,4,1440.0,36.014131832370175,53.0196747620092,29.18708991041703,1.731431830604978,0.0,47880.953964550004
BUSDT,2025-05-23,e2526,listing_d1_d7,5,1440.0,30.49176013364502,44.611805122870535,28.22132037963066,4.011718596194374,0.0,24850.640758259997
BUSDT,2025-05-23,e2526,listing_d1_d7,6,1440.0,23.971657859206875,35.649778681308405,25.538247945012582,3.745088403541589,0.0,19482.107631900002
BUSDT,2025-05-23,e2526,listing_d1_d7,7,1440.0,33.23651703984912,47.84310028982009,30.05338243140162,3.624193179109446,0.0,22586.66988678
BUSDT,2025-05-23,e2526,mature_d60_d66,60,1440.0,13.799229804404082,21.308884253153618,15.099255723887584,67.72934827969213,35.0,1540.2873808200002
BUSDT,2025-05-23,e2526,mature_d60_d66,61,1440.0,14.384893244733448,22.35518209666532,16.4975432987401,99.25275024359834,39.0,1375.08575318
BUSDT,2025-05-23,e2526,mature_d60_d66,62,1440.0,14.26172718850786,22.58185309746441,19.219507721093755,46.932821785478026,30.0,2881.05105351
BUSDT,2025-05-23,e2526,mature_d60_d66,63,1440.0,15.652784973007936,24.41830058725618,23.631004880585323,33.59510572346552,23.0,4781.40135865
BUSDT,2025-05-23,e2526,mature_d60_d66,64,1440.0,9.559657349391356,16.14736162683026,12.29390799514529,51.671181025676105,53.0,1792.11799895
BUSDT,2025-05-23,e2526,mature_d60_d66,65,1440.0,19.45151366030977,31.571544293103347,27.57599795809794,26.45705238871822,9.0,6993.0657267100005
BUSDT,2025-05-23,e2526,mature_d60_d66,66,1440.0,14.845523165790684,24.097892612950176,19.41013944606085,70.95538412306924,23.0,2618.3249774399997
CAKEUSDT,2023-11-03,e2324,listing_d1_d7,1,1440.0,38.824193861957426,65.51060169827925,36.59426175185018,28.829449442785375,32.0,36075.9171558
CAKEUSDT,2023-11-03,e2324,listing_d1_d7,2,1440.0,43.356517380202476,65.80494627915147,39.119876600784224,1.2524728181852236,0.0,78133.3329314
CAKEUSDT,2023-11-03,e2324,listing_d1_d7,3,1440.0,30.388540611280487,47.26610131914474,28.163273715504445,3.033819793035001,0.0,37420.588288
CAKEUSDT,2023-11-03,e2324,listing_d1_d7,4,1440.0,27.447392497713757,40.17857142857096,25.232218749539694,3.6421123988372193,1.0,22847.254258
CAKEUSDT,2023-11-03,e2324,listing_d1_d7,5,1440.0,18.395034313570005,27.5387274219104,17.963842737317943,15.566983483599488,15.0,12376.0212859
CAKEUSDT,2023-11-03,e2324,listing_d1_d7,6,1440.0,23.041479547554044,36.308819734688065,37.026569522228215,28.04479139868064,4.0,24538.6492437
CAKEUSDT,2023-11-03,e2324,listing_d1_d7,7,1440.0,15.25944550103788,25.037556334501495,17.389905279275148,87.75080624631697,27.0,6890.1434874
CAKEUSDT,2023-11-03,e2324,mature_d60_d66,60,1440.0,14.0607424071988,20.350518451210586,14.422992697499314,9.63722154435854,6.0,11351.8105293
CAKEUSDT,2023-11-03,e2324,mature_d60_d66,61,1440.0,21.436251849537292,33.932304805504394,48.75432077203531,8.80159065525967,0.0,24279.1283473
CAKEUSDT,2023-11-03,e2324,mature_d60_d66,62,1440.0,15.475085112968479,21.849395639153855,16.057679202873977,17.423706341644476,8.0,12364.2708077
CAKEUSDT,2023-11-03,e2324,mature_d60_d66,63,1440.0,13.373453694416595,20.236087689712967,16.211941061473116,33.24777821669069,16.0,5982.5073282
CAKEUSDT,2023-11-03,e2324,mature_d60_d66,64,1440.0,10.416667922533854,17.199862401100425,12.720037149606652,31.498597820159322,15.0,3695.8161648
CAKEUSDT,2023-11-03,e2324,mature_d60_d66,65,1440.0,10.45114377006771,17.600986064220216,13.781100969604402,30.908373769828575,24.0,4681.6802687
CAKEUSDT,2023-11-03,e2324,mature_d60_d66,66,1440.0,14.124293785310748,21.37513359458459,15.36844934785051,31.37474331612339,13.0,4214.5668302
CARVUSDT,2024-10-16,e2324,listing_d1_d7,1,1440.0,11.359118862175904,19.573415135277312,14.375398153747295,13.076027886995384,72.0,6599.7704924
CARVUSDT,2024-10-16,e2324,listing_d1_d7,2,1440.0,7.92752022550096,14.633048176497024,12.824179124017634,13.314499669427441,92.0,9466.6292862
CARVUSDT,2024-10-16,e2324,listing_d1_d7,3,1440.0,6.701290520784869,11.613727543314278,10.2900685829344,5.917816766936949,73.0,10979.931020799999
CARVUSDT,2024-10-16,e2324,listing_d1_d7,4,1440.0,10.443864264924326,15.019355618337991,11.010707619034426,2.2419535944281974,32.0,15010.9884226
CARVUSDT,2024-10-16,e2324,listing_d1_d7,5,1440.0,8.48125065876117,14.53136352627763,11.109073993927625,1.0497888288735548,30.0,19462.9206355
CARVUSDT,2024-10-16,e2324,listing_d1_d7,6,1440.0,7.408322015063457,13.571455293028786,10.798491392060589,1.9525790049674805,57.0,18644.4403217
CARVUSDT,2024-10-16,e2324,listing_d1_d7,7,1440.0,7.811483012236258,16.809472134721894,13.269838145255443,5.372312041519006,55.0,16846.2843348
CARVUSDT,2024-10-16,e2324,mature_d60_d66,60,1440.0,15.24080487183024,25.60303846722948,18.88460899824922,10.18968238826094,7.0,11925.282747500001
CARVUSDT,2024-10-16,e2324,mature_d60_d66,61,1440.0,14.143579659495632,21.80878421269663,15.72293595984818,26.426062593655352,7.0,7337.1206119
CARVUSDT,2024-10-16,e2324,mature_d60_d66,62,1440.0,22.09833765807156,34.65370385542395,21.76505958007632,5.220006244560801,3.0,18603.846838100002
CARVUSDT,2024-10-16,e2324,mature_d60_d66,63,1440.0,23.269889442488825,35.70744772220578,23.938220056983756,8.030030906335524,3.0,15676.966037900002
CARVUSDT,2024-10-16,e2324,mature_d60_d66,64,1440.0,22.952431093126577,37.60266005813632,25.734354129727127,9.839578498291917,15.0,11262.7475177
CARVUSDT,2024-10-16,e2324,mature_d60_d66,65,1440.0,26.221289017822144,42.767806289129645,29.01318219834068,6.675713859053497,5.0,13046.1426269
CARVUSDT,2024-10-16,e2324,mature_d60_d66,66,1440.0,23.749142897363285,38.67103601401644,25.259475232002625,4.716912382850723,2.0,14202.037552400001
CATIUSDT,2024-09-11,e2324,listing_d1_d7,1,1440.0,2.0100503324681642,60.54693743458928,56.93042279152776,1248.7367376527611,584.0,296.3157797
CATIUSDT,2024-09-11,e2324,listing_d1_d7,2,1440.0,59.27113669586496,115.90794421999588,93.66538205155517,582.5614809451473,379.0,1814.4502384
CATIUSDT,2024-09-11,e2324,listing_d1_d7,3,1440.0,64.21776551151348,105.48187058719823,81.14580960621294,348.5327019694784,73.0,1848.6037257
CATIUSDT,2024-09-11,e2324,listing_d1_d7,4,1440.0,68.12347428931396,117.05970410846236,73.43265774548505,341.2228249552624,111.0,1479.3321931
CATIUSDT,2024-09-11,e2324,listing_d1_d7,5,1440.0,38.29847229678764,88.38057410848295,64.7561089821781,740.1950202494312,280.0,914.5776836
CATIUSDT,2024-09-11,e2324,listing_d1_d7,6,1440.0,20.424840009591684,62.50652218051069,43.997972532740555,855.961722917742,389.0,368.337969
CATIUSDT,2024-09-11,e2324,listing_d1_d7,7,1440.0,23.387359850567247,50.859660863053314,43.65166948447971,383.1660434079115,325.0,672.2718569
CATIUSDT,2024-09-11,e2324,mature_d60_d66,60,1440.0,39.13894791632939,53.423151024264634,33.8561357208448,0.5905554968061554,0.0,84801.1027281
CATIUSDT,2024-09-11,e2324,mature_d60_d66,61,1440.0,34.06274117024105,47.125384866571856,28.20570951944254,0.865251747398421,0.0,50882.7354082
CATIUSDT,2024-09-11,e2324,mature_d60_d66,62,1440.0,40.190909343300895,57.30990218338669,34.47257224970082,0.9260233100443459,0.0,58437.041599100005
CATIUSDT,2024-09-11,e2324,mature_d60_d66,63,1440.0,36.61090119399121,51.09589695485295,29.1138676617366,1.0646422356315979,0.0,43168.050757799996
CATIUSDT,2024-09-11,e2324,mature_d60_d66,64,1440.0,36.85503685503689,51.10611443397594,29.990316078451176,1.0075813698399672,0.0,45714.9242089
CATIUSDT,2024-09-11,e2324,mature_d60_d66,65,1440.0,35.650624389370996,49.83127972771519,35.27078780469304,0.7906608859150858,0.0,76852.43508359998
CATIUSDT,2024-09-11,e2324,mature_d60_d66,66,1440.0,22.954209079571275,32.72557269752152,20.63259421174345,1.0642192617850017,0.0,36297.6096565
CETUSUSDT,2024-02-05,e2324,listing_d1_d7,1,1440.0,23.58221448012546,36.7725865095371,25.238991419226313,9.283135943012983,1.0,9961.456219590002
CETUSUSDT,2024-02-05,e2324,listing_d1_d7,2,1440.0,27.199253963321183,43.86294193783188,26.38130592241401,6.996776876723558,0.0,16332.647356380001
CETUSUSDT,2024-02-05,e2324,listing_d1_d7,3,1440.0,17.87006176176754,27.155540400614292,17.279055027888344,19.42019465047093,1.0,3748.28837871
CETUSUSDT,2024-02-05,e2324,listing_d1_d7,4,1440.0,18.560809390333844,32.514414264625195,22.96249247285144,22.394235641508654,6.0,5373.78398407
CETUSUSDT,2024-02-05,e2324,listing_d1_d7,5,1440.0,17.229904908139364,26.58464340544002,18.257797230146704,43.83583121402484,8.0,2922.2270792699996
CETUSUSDT,2024-02-05,e2324,listing_d1_d7,6,1440.0,12.77241191652878,19.89178904749802,16.550330880699626,164.76954976993645,47.0,1746.62062637
CETUSUSDT,2024-02-05,e2324,listing_d1_d7,7,1440.0,18.431996929494048,33.30365138392822,22.994912727500967,81.18644807673444,33.0,4765.289079430001
CETUSUSDT,2024-02-05,e2324,mature_d60_d66,60,1440.0,17.043594095782154,24.908244393602306,14.524825454512024,60.44954576449157,12.0,2207.0799095400002
CETUSUSDT,2024-02-05,e2324,mature_d60_d66,61,1440.0,10.983331363124456,15.652786510040665,9.779171188080511,115.38912538934977,25.0,1109.3017792500002
CETUSUSDT,2024-02-05,e2324,mature_d60_d66,62,1440.0,10.075249609741567,15.091730324442436,9.634973526087943,118.83888059081909,24.0,919.1663917000001
CETUSUSDT,2024-02-05,e2324,mature_d60_d66,63,1440.0,11.15755131209149,17.22221701728383,12.040808638939604,107.32616253411739,17.0,1760.81699455
CETUSUSDT,2024-02-05,e2324,mature_d60_d66,64,1440.0,11.719037038415248,18.145901218686575,12.654992668075918,208.36149294497474,25.0,2053.40812082
CETUSUSDT,2024-02-05,e2324,mature_d60_d66,65,1440.0,12.452483996338824,19.39699143744834,14.989799807418391,129.1265780848585,26.0,1674.41473855
CETUSUSDT,2024-02-05,e2324,mature_d60_d66,66,1440.0,11.8260536329961,18.60347060858249,13.444415264088748,262.04883097830026,98.0,870.0370169400001
CHILLGUYUSDT,2024-11-21,e2324,listing_d1_d7,1,1440.0,97.37307976216455,154.12349389024217,85.81208241088586,3.502601360883044,0.0,45087.8803498
CHILLGUYUSDT,2024-11-21,e2324,listing_d1_d7,2,1440.0,109.29609591518688,170.35756288308806,100.72812209722278,3.3046948716487297,0.0,49453.5964125
CHILLGUYUSDT,2024-11-21,e2324,listing_d1_d7,3,1440.0,82.25265755368123,131.76595861362992,105.7641150501083,3.3469083319527115,0.0,52887.32736850001
CHILLGUYUSDT,2024-11-21,e2324,listing_d1_d7,4,1440.0,121.30389815361933,175.8316081393607,95.72628838445745,1.5189209747916361,0.0,98058.43438590001
CHILLGUYUSDT,2024-11-21,e2324,listing_d1_d7,5,1440.0,118.63152852800171,165.72391767673923,90.71350627271369,0.8703678146248969,0.0,153567.0270592
CHILLGUYUSDT,2024-11-21,e2324,listing_d1_d7,6,1440.0,93.3216932661664,130.578360282078,75.40458066811462,0.6239503966409402,0.0,178089.96797900004
CHILLGUYUSDT,2024-11-21,e2324,listing_d1_d7,7,1440.0,54.74773760721894,76.25948721685215,42.20876269321029,0.6904067492848964,0.0,88646.23162810001
CHILLGUYUSDT,2024-11-21,e2324,mature_d60_d66,60,1440.0,51.150895140664645,73.7327397844007,49.19210941636152,1.159740516193154,0.0,74334.7327186
CHILLGUYUSDT,2024-11-21,e2324,mature_d60_d66,61,1440.0,41.43646408839898,56.100981767180585,38.78172515335232,1.7116132561977258,0.0,39552.28603
CHILLGUYUSDT,2024-11-21,e2324,mature_d60_d66,62,1440.0,47.114252061249054,60.753341433778914,39.238378970737465,2.179596870208339,0.0,31628.884314899995
CHILLGUYUSDT,2024-11-21,e2324,mature_d60_d66,63,1440.0,36.36363636363572,58.34305717619608,37.71097171240154,2.4798895984288665,0.0,32884.3621586
CHILLGUYUSDT,2024-11-21,e2324,mature_d60_d66,64,1440.0,26.143790849673046,38.86010362694232,26.704265342707956,2.9555898182609694,0.0,19797.7980944
CHILLGUYUSDT,2024-11-21,e2324,mature_d60_d66,65,1440.0,30.30303030303117,45.265956719662846,30.910010102575868,3.5369111696664177,2.0,21118.8375533
CHILLGUYUSDT,2024-11-21,e2324,mature_d60_d66,66,1440.0,28.409090909089752,42.149646802257394,28.829341532128208,148.19968742103242,1.0,16059.8391869
CLANKERUSDT,2025-04-28,e2526,listing_d1_d7,1,1440.0,26.057092002383563,44.96420743721929,29.44695059223306,246.63639994378843,142.0,2242.2436303
CLANKERUSDT,2025-04-28,e2526,listing_d1_d7,2,1440.0,19.942665148409635,37.22051698715058,27.507670096370852,324.62018493787696,194.0,1558.1151622
CLANKERUSDT,2025-04-28,e2526,listing_d1_d7,3,1440.0,11.034482758620454,32.025620496396904,22.088535131271772,494.40199606528853,465.0,674.0439478
CLANKERUSDT,2025-04-28,e2526,listing_d1_d7,4,1440.0,10.857770500949272,29.952363539006893,22.974949670853906,372.04126934361716,490.0,883.1126576
CLANKERUSDT,2025-04-28,e2526,listing_d1_d7,5,1440.0,25.224657729271804,42.25778396877131,27.102255745147804,241.16970052132098,144.0,1883.1954142
CLANKERUSDT,2025-04-28,e2526,listing_d1_d7,6,1440.0,22.890800317173376,37.02458344367719,27.912505384965517,237.86559645275628,116.0,1814.5820488999998
CLANKERUSDT,2025-04-28,e2526,listing_d1_d7,7,1440.0,33.41377505154412,50.16427293270293,29.213683853039946,175.87485210526026,70.0,2299.3242352999996
CLANKERUSDT,2025-04-28,e2526,mature_d60_d66,60,1440.0,35.33982469074096,55.27169107921326,33.135265014786604,18.715489719302663,4.0,10980.7296671
CLANKERUSDT,2025-04-28,e2526,mature_d60_d66,61,1440.0,20.25207545037395,35.345446835850055,24.637747108034283,56.470632613613965,54.0,4748.963587499999
CLANKERUSDT,2025-04-28,e2526,mature_d60_d66,62,1440.0,17.8074570931456,30.653535066234074,19.64941187549188,55.35099646401663,62.0,2970.827557
CLANKERUSDT,2025-04-28,e2526,mature_d60_d66,63,1440.0,19.48474060912773,32.98235529411739,22.967806911637688,77.23966108112316,73.0,2943.0359506
CLANKERUSDT,2025-04-28,e2526,mature_d60_d66,64,1440.0,12.629451881788508,22.69003007472515,17.03522448172249,114.26191762307903,216.0,1869.7103376
CLANKERUSDT,2025-04-28,e2526,mature_d60_d66,65,1440.0,14.164305949009036,23.246804728040885,16.054360712945375,121.87689098225643,160.0,1284.3995185000003
CLANKERUSDT,2025-04-28,e2526,mature_d60_d66,66,1440.0,7.117438123035589,16.66369543667845,13.589615753972428,238.05259916115236,439.0,773.2074269000001
CLOUDUSDT,2024-07-19,e2324,listing_d1_d7,1,1440.0,19.16320664324463,28.689831048771765,20.43452695224816,127.97044859746333,90.0,2100.3331127
CLOUDUSDT,2024-07-19,e2324,listing_d1_d7,2,1440.0,10.005002779446244,22.42870874719616,15.720608076171924,147.75592778737766,155.0,1594.7472283000002
CLOUDUSDT,2024-07-19,e2324,listing_d1_d7,3,1440.0,13.384641498971812,25.818946668246518,30.567057848683476,45.460210101889565,14.0,3417.489093
CLOUDUSDT,2024-07-19,e2324,listing_d1_d7,4,1440.0,6.661115921608192,14.222475455820772,12.077628787199536,98.67794254394892,174.0,1223.5101568
CLOUDUSDT,2024-07-19,e2324,listing_d1_d7,5,1440.0,3.398470786317411,13.559322033898694,10.814952390515609,328.22787306868975,461.0,753.3005538000001
CLOUDUSDT,2024-07-19,e2324,listing_d1_d7,6,1440.0,7.468259895443539,14.936519790887077,12.468163678078833,329.7115074676128,266.0,919.7279827000001
CLOUDUSDT,2024-07-19,e2324,listing_d1_d7,7,1440.0,3.5682427540795,14.11432604093195,11.131732396743915,350.1559833085738,364.0,729.1248967
CLOUDUSDT,2024-07-19,e2324,mature_d60_d66,60,1440.0,18.69508907376373,35.72083414972913,30.807911011905123,7.346490102291,0.0,11483.330923700001
CLOUDUSDT,2024-07-19,e2324,mature_d60_d66,61,1440.0,20.49480354271194,32.77223516312837,22.679608620842835,8.48931803347107,5.0,12174.9265316
CLOUDUSDT,2024-07-19,e2324,mature_d60_d66,62,1440.0,15.883521125398909,24.544905270096052,18.039985922824066,21.442037395403844,23.0,5438.4266644
CLOUDUSDT,2024-07-19,e2324,mature_d60_d66,63,1440.0,17.679000155635826,29.513040281899418,19.376942060636882,15.945175295886179,12.0,6991.600650900001
CLOUDUSDT,2024-07-19,e2324,mature_d60_d66,64,1440.0,9.97133257420418,17.407532435507594,14.076556894604758,31.462972545487254,75.0,2951.788827
CLOUDUSDT,2024-07-19,e2324,mature_d60_d66,65,1440.0,12.373174956693898,22.053418279832645,16.39879268555908,20.19473868550194,40.0,4781.674916999999
CLOUDUSDT,2024-07-19,e2324,mature_d60_d66,66,1440.0,9.310986964617872,19.852217840047604,13.73849346730204,32.39348739917318,71.0,3523.0429374
CLOUSDT,2025-10-17,e2526,listing_d1_d7,1,1440.0,78.47170566027103,125.77134018632381,78.18450984255173,20.44714153930587,0.0,34126.326980800004
CLOUSDT,2025-10-17,e2526,listing_d1_d7,2,1440.0,44.79776178427636,63.29531301650367,39.363095823416025,4.5204279059047385,0.0,18799.0983644
CLOUSDT,2025-10-17,e2526,listing_d1_d7,3,1440.0,34.66204592109153,49.8209885762859,30.01274088183614,6.698575530394627,0.0,10217.6100603
CLOUSDT,2025-10-17,e2526,listing_d1_d7,4,1440.0,41.72352332272362,74.54379198505112,49.68012122220704,5.455828715255824,0.0,21123.179921
CLOUSDT,2025-10-17,e2526,listing_d1_d7,5,1440.0,44.81687237727824,63.452027386124904,38.88162263041121,4.377106663624385,0.0,20339.6995695
CLOUSDT,2025-10-17,e2526,listing_d1_d7,6,1440.0,30.372058407336333,42.829828667580884,26.3890607109235,10.301474749573778,0.0,6973.557669000001
CLOUSDT,2025-10-17,e2526,listing_d1_d7,7,1440.0,32.07984418415692,47.81422439326204,31.013726104222346,13.256927257234253,0.0,8591.9324493
CLOUSDT,2025-10-17,e2526,mature_d60_d66,60,1440.0,19.988007994244366,35.25955352178703,25.372932722671848,261.26801279135384,61.0,1618.0390988000001
CLOUSDT,2025-10-17,e2526,mature_d60_d66,61,1440.0,25.25252525252527,41.95804195804154,29.591880281185365,389.93433349892297,41.0,2014.0936745000001
CLOUSDT,2025-10-17,e2526,mature_d60_d66,62,1440.0,14.917951268025595,29.600416306101405,26.866049278766923,441.44853631351,146.0,1236.6101942999999
CLOUSDT,2025-10-17,e2526,mature_d60_d66,63,1440.0,27.800964570580625,55.48658655969272,55.702536751473225,292.0533077326321,77.0,5168.893627
CLOUSDT,2025-10-17,e2526,mature_d60_d66,64,1440.0,35.41614190723648,78.7947230634977,74.01936680039123,62.02931538182085,21.0,9790.3391442
CLOUSDT,2025-10-17,e2526,mature_d60_d66,65,1440.0,20.01000500250113,35.05257886830277,25.75633794002916,109.64509323405035,41.0,1865.3531726
CLOUSDT,2025-10-17,e2526,mature_d60_d66,66,1440.0,9.74896475165948,19.910417999732367,18.067903592647276,243.45379127319276,181.0,616.4601727
COMBOUSDT,2023-06-08,e2324,listing_d1_d7,1,1440.0,17.471064384248965,26.135250848307795,19.134671790985006,2005.255761064189,51.0,1141.8928213499998
COMBOUSDT,2023-06-08,e2324,listing_d1_d7,2,1440.0,27.210886368523244,39.41996574038862,50.24707597509183,2513.066020590356,18.0,1450.8080346499999
COMBOUSDT,2023-06-08,e2324,listing_d1_d7,3,1440.0,25.380710659899066,37.59903520219173,28.647923100551292,1515.8729914091143,8.0,3632.6044311999995
COMBOUSDT,2023-06-08,e2324,listing_d1_d7,4,1440.0,20.661157024793408,26.528718737153056,19.594508241587445,1875.552075293875,48.0,1134.49177945
COMBOUSDT,2023-06-08,e2324,listing_d1_d7,5,1440.0,15.392508978963013,25.53626149131741,18.91880757555837,1994.1355386232292,116.0,769.5028387
COMBOUSDT,2023-06-08,e2324,listing_d1_d7,6,1440.0,10.515247108307056,20.803537656594735,19.376600220203365,2122.7829431217347,239.0,666.8964879
COMBOUSDT,2023-06-08,e2324,listing_d1_d7,7,1440.0,11.166945840312685,22.0143093010457,14.65944323494912,3220.4394333449686,261.0,230.6914633
COMBOUSDT,2023-06-08,e2324,mature_d60_d66,60,1440.0,8.022464186920923,22.9533282325929,15.820619227415035,2291.1999946595647,303.0,1028.92940185
COMBOUSDT,2023-06-08,e2324,mature_d60_d66,61,1440.0,7.849293563579285,15.73564122738003,11.30281309171378,2343.6655644860693,407.0,602.76092705
COMBOUSDT,2023-06-08,e2324,mature_d60_d66,62,1440.0,7.961783439491336,15.923566878980905,9.296294256870725,2456.614546455113,340.0,387.9817635
COMBOUSDT,2023-06-08,e2324,mature_d60_d66,63,1440.0,0.0,8.23045267489804,7.810661076786152,1875.9838633652796,398.0,186.02726615
COMBOUSDT,2023-06-08,e2324,mature_d60_d66,64,1440.0,0.0,8.156606851550668,7.659344840306199,842.592514202077,475.0,457.20164439999996
COMBOUSDT,2023-06-08,e2324,mature_d60_d66,65,1440.0,0.0,7.955449482896674,10.62250939987615,881.2218486330722,458.0,747.2229279000001
COMBOUSDT,2023-06-08,e2324,mature_d60_d66,66,1440.0,7.62776506483601,15.267175572519097,10.884619564683796,1727.3416385169771,378.0,598.5082071499999
COOKUSDT,2024-12-02,e2324,listing_d1_d7,1,1440.0,42.29075021182646,69.89149136997578,48.4060392560936,56.40875235016057,23.0,9448.080133099998
COOKUSDT,2024-12-02,e2324,listing_d1_d7,2,1440.0,36.841562617866565,56.20246986413962,46.09512755189738,28.75483200008028,2.0,8891.5260669
COOKUSDT,2024-12-02,e2324,listing_d1_d7,3,1440.0,23.27127659574431,36.5236165930772,32.35425673179754,134.91935299577005,57.0,3694.8436022
COOKUSDT,2024-12-02,e2324,listing_d1_d7,4,1440.0,17.012589316093806,30.354131534569916,25.39596999831012,107.47973530947591,185.0,1874.9750973
COOKUSDT,2024-12-02,e2324,listing_d1_d7,5,1440.0,6.377551020407903,18.940888997329655,19.79443476464883,282.92711127374866,424.0,998.0491272
COOKUSDT,2024-12-02,e2324,listing_d1_d7,6,1440.0,9.839291571006486,20.035061776307256,13.820492636878798,101.73263524612456,218.0,939.2834631000001
COOKUSDT,2024-12-02,e2324,listing_d1_d7,7,1440.0,15.01515042204686,26.598393103458495,23.947817097241373,99.0768511975864,4.0,1674.6286524999998
COOKUSDT,2024-12-02,e2324,mature_d60_d66,60,1440.0,4.486316733961234,9.567090855771294,11.42293742899299,314.56128195618015,598.0,338.03057490000003
COOKUSDT,2024-12-02,e2324,mature_d60_d66,61,1440.0,4.542357717840854,13.58849559701408,14.296277135648149,417.24837246119097,518.0,441.4586993
COOKUSDT,2024-12-02,e2324,mature_d60_d66,62,1440.0,11.16694584031222,23.89843326542046,19.817334793586397,388.6975960794499,208.0,858.7921226999999
COOKUSDT,2024-12-02,e2324,mature_d60_d66,63,1440.0,18.903779326468317,34.007848374662856,43.25293519116233,361.63779183121324,171.0,1499.1988192000003
COOKUSDT,2024-12-02,e2324,mature_d60_d66,64,1440.0,12.550989626037495,24.953212726138016,23.48803234194539,254.38883905929555,210.0,718.8632886999999
COOKUSDT,2024-12-02,e2324,mature_d60_d66,65,1440.0,6.34115409004413,18.487137351253146,18.43081052365235,477.61019424775014,398.0,923.0669526
COOKUSDT,2024-12-02,e2324,mature_d60_d66,66,1440.0,6.523157208088449,18.54714596923152,13.40003744629983,1276.1902472871984,379.0,253.00690400000002
CROSSUSDT,2025-07-10,e2526,listing_d1_d7,1,1440.0,114.08406349958197,181.46018559472185,136.10916028213856,4.306888328780627,0.0,60341.574081290004
CROSSUSDT,2025-07-10,e2526,listing_d1_d7,2,1440.0,71.11226253771302,99.75575124440267,59.510501587231154,4.422812051146574,0.0,23564.280725139997
CROSSUSDT,2025-07-10,e2526,listing_d1_d7,3,1440.0,75.77237331515005,114.2473436629475,70.63323834578829,4.09815291358336,0.0,31803.08222859
CROSSUSDT,2025-07-10,e2526,listing_d1_d7,4,1440.0,70.668429392743,101.92518985353217,57.78703008119097,4.028214180074991,0.0,31556.157888800004
CROSSUSDT,2025-07-10,e2526,listing_d1_d7,5,1440.0,80.44115054849885,115.85246358535137,67.2559446294841,1.256280007465996,0.0,109923.43027109
CROSSUSDT,2025-07-10,e2526,listing_d1_d7,6,1440.0,52.52521462713154,74.19430541116128,50.08407718580715,2.0797401843627976,0.0,41596.11486057
CROSSUSDT,2025-07-10,e2526,listing_d1_d7,7,1440.0,72.5934035529082,110.78907053445629,74.16344309876624,1.2961894299161894,0.0,151954.46149605
CROSSUSDT,2025-07-10,e2526,mature_d60_d66,60,1440.0,11.890566523310035,21.16974304309949,17.289868655352354,183.78209049888147,100.0,853.82022426
CROSSUSDT,2025-07-10,e2526,mature_d60_d66,61,1440.0,12.119477371260015,19.620337883383254,14.837000323879241,197.98323463446383,126.0,773.6799228100001
CROSSUSDT,2025-07-10,e2526,mature_d60_d66,62,1440.0,8.449514491322537,16.08347692149542,15.043800495983955,233.01195560273706,173.0,612.0948944200001
CROSSUSDT,2025-07-10,e2526,mature_d60_d66,63,1440.0,20.58121695551512,36.008640104827535,25.871004175184783,144.1375506958044,88.0,2639.3508643200003
CROSSUSDT,2025-07-10,e2526,mature_d60_d66,64,1440.0,7.872059687413974,15.80322811736516,12.889704880853294,232.95213680283285,204.0,694.4213746199999
CROSSUSDT,2025-07-10,e2526,mature_d60_d66,65,1440.0,9.62247475644564,18.402229356153185,15.133020203372626,234.72526318595203,203.0,1017.7416233299998
CROSSUSDT,2025-07-10,e2526,mature_d60_d66,66,1440.0,13.08820891799548,23.567424959572847,18.673514866531853,287.2618764458951,173.0,478.07094874
CUSDT,2025-07-15,e2526,listing_d1_d7,1,1440.0,72.7686195384648,103.03970786023686,63.59819386622252,5.373806929266,0.0,23995.42594583
CUSDT,2025-07-15,e2526,listing_d1_d7,2,1440.0,59.435351542270375,86.42964144489392,55.795911424967706,4.808284397557477,0.0,19710.45422563
CUSDT,2025-07-15,e2526,listing_d1_d7,3,1440.0,126.93795925218895,210.29806730046064,133.9435642234056,2.289462189784605,0.0,396965.18057258
CUSDT,2025-07-15,e2526,listing_d1_d7,4,1440.0,58.30512468484688,85.3706429608525,49.34574117902443,0.7452117064845049,0.0,100305.33924339
CUSDT,2025-07-15,e2526,listing_d1_d7,5,1440.0,48.2957292402579,74.56815458549724,49.65567921612587,1.26529110731335,0.0,54342.23055161
CUSDT,2025-07-15,e2526,listing_d1_d7,6,1440.0,44.621248593371824,66.95604533314389,39.108067377018756,2.347447866844262,0.0,30602.905210619996
CUSDT,2025-07-15,e2526,listing_d1_d7,7,1440.0,65.17880017677781,94.19744412317063,54.851363466654966,1.5570389387356933,0.0,58769.33578515
CUSDT,2025-07-15,e2526,mature_d60_d66,60,1440.0,12.703804201642685,23.30263587693484,18.407415475178915,50.660140627385694,33.0,3207.13934514
CUSDT,2025-07-15,e2526,mature_d60_d66,61,1440.0,20.67636135249829,31.6816792168229,24.74960523537102,27.974584966001785,1.0,3918.0914417
CUSDT,2025-07-15,e2526,mature_d60_d66,62,1440.0,48.752569519769324,75.40511748913302,48.72801174201176,10.342739818824157,0.0,15609.52025546
CUSDT,2025-07-15,e2526,mature_d60_d66,63,1440.0,22.540584349865725,33.69176524171574,21.99879374461126,21.17396596238526,1.0,4289.4282302
CUSDT,2025-07-15,e2526,mature_d60_d66,64,1440.0,18.593790948052156,27.487943464761457,18.82087766389473,20.7321668950629,2.0,3277.2391683799997
CUSDT,2025-07-15,e2526,mature_d60_d66,65,1440.0,19.486886338169324,29.86989213618179,20.866814779584896,24.491186188794906,2.0,4301.88812739
CUSDT,2025-07-15,e2526,mature_d60_d66,66,1440.0,16.043455318990272,23.54730307240125,15.579989626100284,26.31696862843837,4.0,3427.5338697
CYBERUSDT,2023-08-16,e2324,listing_d1_d7,1,1440.0,24.15073372118729,39.76358456409318,29.638396838287075,130.042001337483,58.0,7092.40508106
CYBERUSDT,2023-08-16,e2324,listing_d1_d7,2,1440.0,52.818956196509504,88.58970772734206,54.17603651026748,18.25460200957638,8.0,72039.53482045999
CYBERUSDT,2023-08-16,e2324,listing_d1_d7,3,1440.0,22.318883621204435,36.31272878237862,26.65547644045251,6.4309252751787795,19.0,17162.549847910002
CYBERUSDT,2023-08-16,e2324,listing_d1_d7,4,1440.0,25.191149735691805,41.63777441597218,31.581903437431606,3.9591584726561786,0.0,32423.33784557
CYBERUSDT,2023-08-16,e2324,listing_d1_d7,5,1440.0,36.41498447630304,63.12284555667369,36.61840934650994,1.7413463666718827,0.0,60392.19288064
CYBERUSDT,2023-08-16,e2324,listing_d1_d7,6,1440.0,39.56108943865236,66.61533647502522,46.84344811912174,0.8140382645240243,0.0,109056.92214701
CYBERUSDT,2023-08-16,e2324,listing_d1_d7,7,1440.0,26.712709319421826,41.04058806253199,42.429891668573376,1.4136302217397132,0.0,54373.655510920005
CYBERUSDT,2023-08-16,e2324,mature_d60_d66,60,1440.0,4.618328221046488,7.814026212773874,6.5727132610765615,23.742814034110047,58.0,5703.09407895
CYBERUSDT,2023-08-16,e2324,mature_d60_d66,61,1440.0,7.027561338662648,11.213042601020044,10.126251282710143,20.1615394760426,53.0,13202.624565609998
CYBERUSDT,2023-08-16,e2324,mature_d60_d66,62,1440.0,6.6979992169576725,11.773005861503698,10.75593186629874,23.73548277655577,61.0,11213.65999881
CYBERUSDT,2023-08-16,e2324,mature_d60_d66,63,1440.0,8.965024512741259,14.23445385043639,10.349302604896033,16.25119474600772,26.0,9160.86534865
CYBERUSDT,2023-08-16,e2324,mature_d60_d66,64,1440.0,8.650195400065272,14.134461764349359,11.09861076929692,36.788570958957436,28.0,10924.6029783
CYBERUSDT,2023-08-16,e2324,mature_d60_d66,65,1440.0,7.479973188970594,12.802794405982162,9.147887372713747,52.50842869912442,64.0,7235.75006715
CYBERUSDT,2023-08-16,e2324,mature_d60_d66,66,1440.0,6.468636740493379,11.076024404508965,8.425972232047961,43.47577025956831,110.0,6152.92686757
DBRUSDT,2024-10-17,e2324,listing_d1_d7,1,1440.0,54.47364938287397,86.56437475621138,57.40148903874122,2.1344687392308557,1.0,41113.64876710001
DBRUSDT,2024-10-17,e2324,listing_d1_d7,2,1440.0,26.58396159003834,44.020545764310626,29.3225458476741,4.976477006853484,1.0,12784.099699499999
DBRUSDT,2024-10-17,e2324,listing_d1_d7,3,1440.0,24.383680616724515,40.63113755370495,26.97913137005102,7.264717955602234,11.0,9857.816475099999
DBRUSDT,2024-10-17,e2324,listing_d1_d7,4,1440.0,18.967619911906827,30.674846625767753,22.869913613885835,10.970796780328664,19.0,7816.169731
DBRUSDT,2024-10-17,e2324,listing_d1_d7,5,1440.0,26.533999602210095,41.49736411900663,24.733245106609377,12.06714648150609,14.0,10412.874512699998
DBRUSDT,2024-10-17,e2324,listing_d1_d7,6,1440.0,30.17729588206844,46.22819988199245,31.96836075964341,6.582828698958681,4.0,13327.722758400001
DBRUSDT,2024-10-17,e2324,listing_d1_d7,7,1440.0,32.86473434589744,54.759224748996225,38.10967466169828,3.8905049164944665,0.0,21845.5003472
DBRUSDT,2024-10-17,e2324,mature_d60_d66,60,1440.0,20.47083300763845,35.50296790833401,22.56166518452151,32.50292579984896,75.0,4758.467692699999
DBRUSDT,2024-10-17,e2324,mature_d60_d66,61,1440.0,11.387900586626364,20.185999882231354,14.485024030760501,51.16420566759522,92.0,4304.4618007
DBRUSDT,2024-10-17,e2324,mature_d60_d66,62,1440.0,12.051822838203789,23.286277131446326,18.10818608175274,37.71244411275216,76.0,6644.1955076
DBRUSDT,2024-10-17,e2324,mature_d60_d66,63,1440.0,11.87472194784169,22.188833769134227,19.10388289531439,30.952559965132153,70.0,6454.468187799999
DBRUSDT,2024-10-17,e2324,mature_d60_d66,64,1440.0,49.76435983593057,96.06072600241716,86.35714047361466,6.497738271469531,14.0,66269.3713152
DBRUSDT,2024-10-17,e2324,mature_d60_d66,65,1440.0,52.118103025162654,81.15586911529769,53.6635820189981,1.6242749954161417,0.0,55553.9623957
DBRUSDT,2024-10-17,e2324,mature_d60_d66,66,1440.0,37.33844047651469,56.95648953620011,34.67910544929928,3.284298922069677,1.0,24041.157867299997
DEGENUSDT,2024-04-01,e2324,listing_d1_d7,1,1440.0,71.72135382716054,110.89293738150191,71.20857203521226,3.3243877600412657,0.0,33948.1731592
DEGENUSDT,2024-04-01,e2324,listing_d1_d7,2,1440.0,72.18797107175287,107.16105494571183,64.36633306118814,1.7613630464848122,0.0,56908.0728318
DEGENUSDT,2024-04-01,e2324,listing_d1_d7,3,1440.0,46.62006098022003,70.57068412858098,41.055709781819,1.8359342638540384,0.0,36651.45027079999
DEGENUSDT,2024-04-01,e2324,listing_d1_d7,4,1440.0,50.37961408471807,76.19039140602811,50.893594376679026,1.6487086736700052,0.0,42991.2974208
DEGENUSDT,2024-04-01,e2324,listing_d1_d7,5,1440.0,51.31707103723508,71.86789943563147,39.679939809482725,1.6882288510317185,0.0,38314.7052703
DEGENUSDT,2024-04-01,e2324,listing_d1_d7,6,1440.0,44.89607978837722,66.21427554465681,39.69508262503629,1.6639987446561308,0.0,37559.0992764
DEGENUSDT,2024-04-01,e2324,listing_d1_d7,7,1440.0,45.51143533715148,68.14197903364457,42.653658116470865,1.1733425182843191,0.0,71600.86363910002
DEGENUSDT,2024-04-01,e2324,mature_d60_d66,60,1440.0,19.102196752625773,28.697836936152008,20.785814962635676,2.389161825524707,5.0,22034.330160499998
DEGENUSDT,2024-04-01,e2324,mature_d60_d66,61,1440.0,17.44059380906452,25.884397553499802,16.074968686062405,1.58201940905896,0.0,18886.2054961
DEGENUSDT,2024-04-01,e2324,mature_d60_d66,62,1440.0,13.805798435342282,22.5835591689241,15.017803461857726,2.5226690787401056,2.0,16822.1836767
DEGENUSDT,2024-04-01,e2324,mature_d60_d66,63,1440.0,13.863216266173188,22.9278926845276,14.709435945998694,3.490021374395748,2.0,11621.5849545
DEGENUSDT,2024-04-01,e2324,mature_d60_d66,64,1440.0,17.19690773574286,25.564550489987653,15.859486520779653,2.2087014759231565,0.0,16821.597774000005
DEGENUSDT,2024-04-01,e2324,mature_d60_d66,65,1440.0,17.219113215668692,25.762129669385324,15.243597671358279,1.736006729820115,0.0,15471.656864
DEGENUSDT,2024-04-01,e2324,mature_d60_d66,66,1440.0,12.51564673399251,20.321075471127077,12.224827634019263,3.476623319869162,2.0,12376.2914402
DEXEUSDT,2024-07-25,e2324,listing_d1_d7,1,1440.0,6.420545819910013,14.941304070783845,12.581334837209162,131.646182299244,422.0,691.6610124
DEXEUSDT,2024-07-25,e2324,listing_d1_d7,2,1440.0,3.1515915885161725,13.87652883758159,12.693100752968205,106.09951080190069,532.0,688.3052859000001
DEXEUSDT,2024-07-25,e2324,listing_d1_d7,3,1440.0,3.256449277758262,15.064701455254893,14.55520021815368,191.6282128960183,567.0,458.87970429999996
DEXEUSDT,2024-07-25,e2324,listing_d1_d7,4,1440.0,12.672983752241306,24.729777024384106,21.112593884598255,107.59295143859443,244.0,1328.7284677
DEXEUSDT,2024-07-25,e2324,listing_d1_d7,5,1440.0,12.5543131489771,25.665018541069387,20.15268870966333,92.19896436066625,217.0,1646.1493719000002
DEXEUSDT,2024-07-25,e2324,listing_d1_d7,6,1440.0,12.752393377591805,27.641604587775216,18.084788345113708,98.39253202439622,374.0,1378.6659169
DEXEUSDT,2024-07-25,e2324,listing_d1_d7,7,1440.0,12.522768832607731,25.81478703009114,21.248686379703422,132.13866977686195,342.0,867.7505022999999
DEXEUSDT,2024-07-25,e2324,mature_d60_d66,60,1440.0,0.0,0.0,8.267853635570196,552.3406745735714,1082.0,175.08508259999996
DEXEUSDT,2024-07-25,e2324,mature_d60_d66,61,1440.0,0.0,0.0,8.332491382175851,592.4456284515404,1056.0,186.76404440000002
DEXEUSDT,2024-07-25,e2324,mature_d60_d66,62,1440.0,0.0,0.0,6.692664094688552,314.4923981056192,1172.0,88.1529841
DEXEUSDT,2024-07-25,e2324,mature_d60_d66,63,1440.0,0.0,2.271378935018889,10.346939082841496,442.3692513598991,1023.0,132.4448401
DEXEUSDT,2024-07-25,e2324,mature_d60_d66,64,1440.0,0.0,5.527614522215311,13.287249918229739,473.16128705048754,962.0,256.4476427
DEXEUSDT,2024-07-25,e2324,mature_d60_d66,65,1440.0,0.0,0.0,6.7429600276984445,639.4401818415645,1102.0,86.70492559999998
DEXEUSDT,2024-07-25,e2324,mature_d60_d66,66,1440.0,0.0,0.0,9.405759174188434,466.9643704434798,1083.0,163.70080679999998
DOODUSDT,2025-05-09,e2526,listing_d1_d7,1,1440.0,52.465443279314236,79.25867939495832,51.589170301037015,5.702635585088132,0.0,15837.11569376
DOODUSDT,2025-05-09,e2526,listing_d1_d7,2,1440.0,30.76227283266648,47.05575341916997,33.48708614619889,9.553193433775084,1.0,10660.97795488
DOODUSDT,2025-05-09,e2526,listing_d1_d7,3,1440.0,35.03098134607064,55.656074754765505,64.48712850976544,10.24849688651659,0.0,11881.334538600002
DOODUSDT,2025-05-09,e2526,listing_d1_d7,4,1440.0,40.79246192267247,60.304853971939934,41.14542351761097,9.499751945946105,0.0,9727.33690105
DOODUSDT,2025-05-09,e2526,listing_d1_d7,5,1440.0,33.47722901449036,50.09169319291719,38.036606505112076,19.064328148444964,1.0,5994.728569919999
DOODUSDT,2025-05-09,e2526,listing_d1_d7,6,1440.0,30.864397216549857,45.660043470291086,32.252094275677585,18.251884095752093,0.0,5290.81018052
DOODUSDT,2025-05-09,e2526,listing_d1_d7,7,1440.0,34.861098075074516,50.02501400880578,37.793902445270135,15.863529430864872,0.0,6995.957728530001
DOODUSDT,2025-05-09,e2526,mature_d60_d66,60,1440.0,3.9864462416954294,11.82499014584183,11.536320826960646,1733.489088866351,344.0,284.89812059
DOODUSDT,2025-05-09,e2526,mature_d60_d66,61,1440.0,3.892565200465936,11.525163273146234,9.626717310212038,2210.1004038748815,324.0,255.76129123
DOODUSDT,2025-05-09,e2526,mature_d60_d66,62,1440.0,7.487833322119986,14.995315545527207,16.289599949736957,1504.614209309802,192.0,650.0601013200001
DOODUSDT,2025-05-09,e2526,mature_d60_d66,63,1440.0,20.121727146564336,36.494086489755794,30.35192822830407,578.488666687647,11.0,2148.91467057
DOODUSDT,2025-05-09,e2526,mature_d60_d66,64,1440.0,13.458951725634254,21.86390214155012,21.971257458037766,1011.4902695888426,47.0,852.18105111
DOODUSDT,2025-05-09,e2526,mature_d60_d66,65,1440.0,17.940437746681845,28.99019587478935,26.505961355346674,1098.5663585404807,30.0,1809.86071057
DOODUSDT,2025-05-09,e2526,mature_d60_d66,66,1440.0,15.513502715946027,26.139521780033792,18.352383056081834,793.5214303157252,55.0,635.7929359500001
DRIFTUSDT,2024-05-21,e2324,listing_d1_d7,1,1440.0,55.17631760367506,86.48722916106456,48.82994605590357,1.0186003897675369,0.0,71699.0552846
DRIFTUSDT,2024-05-21,e2324,listing_d1_d7,2,1440.0,37.17169763208998,53.76569944872353,33.498597030069654,3.651396623773785,0.0,19723.849678000002
DRIFTUSDT,2024-05-21,e2324,listing_d1_d7,3,1440.0,19.653388251859553,30.61684596849401,22.258446006332562,11.2009148814735,13.0,5447.0238942
DRIFTUSDT,2024-05-21,e2324,listing_d1_d7,4,1440.0,19.436349759571602,31.448165622035432,26.979108048826614,9.289542342182976,15.0,7892.1947531000005
DRIFTUSDT,2024-05-21,e2324,listing_d1_d7,5,1440.0,24.402777078212342,36.78280511552566,23.79454096083169,10.282785806998007,1.0,6214.4839134
DRIFTUSDT,2024-05-21,e2324,listing_d1_d7,6,1440.0,22.278647561701547,35.652389467529304,23.47051697448086,10.967981786089949,3.0,5668.1485904
DRIFTUSDT,2024-05-21,e2324,listing_d1_d7,7,1440.0,29.037303213286506,43.61817096639047,29.1790951634257,13.652676365188157,6.0,11594.1366991
DRIFTUSDT,2024-05-21,e2324,mature_d60_d66,60,1440.0,6.846970304844114,13.763046764149628,11.88889503507833,107.01153776258715,398.0,1099.1106883
DRIFTUSDT,2024-05-21,e2324,mature_d60_d66,61,1440.0,16.595542911331872,27.972027972027806,18.27515667969691,48.442133596773886,137.0,2931.8989273
DRIFTUSDT,2024-05-21,e2324,mature_d60_d66,62,1440.0,22.681451612903526,34.76317948275114,22.794102093598056,79.23816913818814,68.0,4564.505038599999
DRIFTUSDT,2024-05-21,e2324,mature_d60_d66,63,1440.0,21.601191608868692,32.61755911932533,19.825777796046822,92.1155805381608,102.0,3762.5990236999996
DRIFTUSDT,2024-05-21,e2324,mature_d60_d66,64,1440.0,19.0891737114817,30.17418905761509,19.030863846780736,189.27509810303704,164.0,2364.0815773
DRIFTUSDT,2024-05-21,e2324,mature_d60_d66,65,1440.0,26.682478505780736,38.507109004738794,24.54360900479214,80.26197313317861,103.0,3799.5374065
DRIFTUSDT,2024-05-21,e2324,mature_d60_d66,66,1440.0,27.73051261688574,40.46023711607607,22.75495094851081,44.63505933259264,38.0,5250.9067001
DUCKUSDT,2025-01-16,e2526,listing_d1_d7,1,1440.0,56.64409789472122,84.43848338733082,56.081582671940296,2.661930243245673,0.0,32508.03943074
DUCKUSDT,2025-01-16,e2526,listing_d1_d7,2,1440.0,42.51367735817907,63.98108580790214,47.979384917694446,5.24814092626453,1.0,17792.13578562
DUCKUSDT,2025-01-16,e2526,listing_d1_d7,3,1440.0,53.579772398748595,82.59260205228225,63.60422949169771,6.935565407173751,0.0,15189.041183149999
DUCKUSDT,2025-01-16,e2526,listing_d1_d7,4,1440.0,68.65998713517888,112.78560649707286,76.49995436965179,6.592093098406951,0.0,21639.207809189997
DUCKUSDT,2025-01-16,e2526,listing_d1_d7,5,1440.0,44.97493936629755,66.77084583300316,41.362667235358856,6.361112248668397,0.0,11566.07714553
DUCKUSDT,2025-01-16,e2526,listing_d1_d7,6,1440.0,36.62668284532342,52.839107653393604,34.95814161407206,7.882450226176125,0.0,10482.49425931
DUCKUSDT,2025-01-16,e2526,listing_d1_d7,7,1440.0,37.59803903750011,55.300530565955704,35.36338861097692,11.597207910065295,0.0,7911.610677510001
DUCKUSDT,2025-01-16,e2526,mature_d60_d66,60,1440.0,9.923920982871845,17.534632513963015,14.320392956224017,399.1703658944598,280.0,578.66486863
DUCKUSDT,2025-01-16,e2526,mature_d60_d66,61,1440.0,15.046731807287763,33.573949456744835,28.283642232586534,951.2490469249934,169.0,1983.7187008299998
DUCKUSDT,2025-01-16,e2526,mature_d60_d66,62,1440.0,46.69347299436891,80.47812389278796,80.95606541232564,81.7977356054598,24.0,17086.527356090002
DUCKUSDT,2025-01-16,e2526,mature_d60_d66,63,1440.0,51.94555348460622,82.24915767200193,60.09703911325299,5.841083329024313,0.0,18923.729822269997
DUCKUSDT,2025-01-16,e2526,mature_d60_d66,64,1440.0,34.41162748288359,57.22522812907543,47.789806916474795,11.977504361021246,0.0,9969.192925270001
DUCKUSDT,2025-01-16,e2526,mature_d60_d66,65,1440.0,19.024970273484406,30.794742502037376,31.51142725243066,40.44360257111723,29.0,5207.89607857
DUCKUSDT,2025-01-16,e2526,mature_d60_d66,66,1440.0,14.76668764356203,24.662605030969054,19.643307875335456,95.05519974299528,49.0,2114.42466332
DYMUSDT,2024-02-07,e2324,listing_d1_d7,1,1440.0,47.003363862065505,71.68731460337222,39.61278563362621,0.20883782149578348,0.0,410074.3788484
DYMUSDT,2024-02-07,e2324,listing_d1_d7,2,1440.0,46.56400398283945,62.396995919614966,35.13590204980661,0.14213507317610394,0.0,370907.02003400004
DYMUSDT,2024-02-07,e2324,listing_d1_d7,3,1440.0,28.005601244743065,36.93566241419684,21.65714550216303,0.243260766142884,0.0,136027.7675525
DYMUSDT,2024-02-07,e2324,listing_d1_d7,4,1440.0,21.39180436058756,30.010462963644557,17.422304134372414,0.366323758729735,0.0,86471.79818239999
DYMUSDT,2024-02-07,e2324,listing_d1_d7,5,1440.0,22.065932433998043,30.024956781549683,18.721099679702146,0.3632503673789108,0.0,87362.2007927
DYMUSDT,2024-02-07,e2324,listing_d1_d7,6,1440.0,19.81041168906028,29.122174455692562,18.186931861453782,0.40896931548255144,0.0,79767.65115329999
DYMUSDT,2024-02-07,e2324,listing_d1_d7,7,1440.0,25.32205524770098,40.23410540634013,27.125323623219977,0.4445243584788429,0.0,137954.63594480001
DYMUSDT,2024-02-07,e2324,mature_d60_d66,60,1440.0,9.065361925144423,12.737694793684614,8.169882538670045,20.98390821294355,7.0,5933.9077494
DYMUSDT,2024-02-07,e2324,mature_d60_d66,61,1440.0,10.818608357502162,16.42195183575246,11.799438765947967,6.07587019372023,7.0,11613.180776
DYMUSDT,2024-02-07,e2324,mature_d60_d66,62,1440.0,11.302627961249211,17.398028223468664,12.79367575568108,7.56357144480942,8.0,10633.8545583
DYMUSDT,2024-02-07,e2324,mature_d60_d66,63,1440.0,13.998600279944247,20.290149759216945,16.86156550132136,4.945700270401487,7.0,12864.717512199999
DYMUSDT,2024-02-07,e2324,mature_d60_d66,64,1440.0,10.655301133229745,16.9581351768137,11.799655543967093,8.273776661467823,9.0,8120.1709792
DYMUSDT,2024-02-07,e2324,mature_d60_d66,65,1440.0,14.847811451083789,28.688376340112132,55.02211877041798,5.388323268945346,10.0,25946.7444875
DYMUSDT,2024-02-07,e2324,mature_d60_d66,66,1440.0,26.62761330650308,46.48628487201585,40.583168804724146,15.418486787395766,0.0,35318.4893227
EDENUSDT,2025-09-30,e2526,listing_d1_d7,1,1440.0,70.68822246602966,104.10714982019654,60.31427116996507,2.0593373532389303,0.0,51303.113649599996
EDENUSDT,2025-09-30,e2526,listing_d1_d7,2,1440.0,45.75495678698586,64.89309204397695,39.928018231645716,3.5643973474464437,0.0,30391.5303888
EDENUSDT,2025-09-30,e2526,listing_d1_d7,3,1440.0,30.4962572775172,44.25106902796625,31.286213914993,5.4191149891308985,0.0,13046.570481699999
EDENUSDT,2025-09-30,e2526,listing_d1_d7,4,1440.0,22.870213418549177,34.98801811685167,23.911955269397463,7.1696070580146,2.0,9601.9089991
EDENUSDT,2025-09-30,e2526,listing_d1_d7,5,1440.0,37.574816331264465,57.9557428872492,37.432558524664245,3.7250052826960234,0.0,25334.4079515
EDENUSDT,2025-09-30,e2526,listing_d1_d7,6,1440.0,25.5065938117199,36.88183084681159,26.402662313254346,4.354648831958273,0.0,14354.8175451
EDENUSDT,2025-09-30,e2526,listing_d1_d7,7,1440.0,24.194772860730815,35.75502008592012,24.59773146679245,7.215850136996084,3.0,10813.3690709
EDENUSDT,2025-09-30,e2526,mature_d60_d66,60,1440.0,9.06324856520485,15.471893500003748,12.457839875544929,405.5735957007188,95.0,482.11305042999993
EDENUSDT,2025-09-30,e2526,mature_d60_d66,61,1440.0,14.965393984503509,25.823056356245672,19.761009722316487,255.68452121038234,46.0,820.75600803
EDENUSDT,2025-09-30,e2526,mature_d60_d66,62,1440.0,20.829347237207376,34.26862249397436,27.57978615502745,152.03476950326137,15.0,2252.6224866800003
EDENUSDT,2025-09-30,e2526,mature_d60_d66,63,1440.0,14.058768141206146,24.25957756165504,18.454574762453348,206.79603190109088,35.0,2906.06639665
EDENUSDT,2025-09-30,e2526,mature_d60_d66,64,1440.0,14.939562678256006,28.9549601871008,23.250545126290316,152.7146635549525,25.0,1319.29096759
EDENUSDT,2025-09-30,e2526,mature_d60_d66,65,1440.0,15.787238081551966,27.157141093691887,19.779700462354764,105.53777663389481,27.0,1132.6299070999999
EDENUSDT,2025-09-30,e2526,mature_d60_d66,66,1440.0,13.7508607717398,23.186873495463022,18.0360826072285,362.5134531718587,48.0,708.7958137899999
EDUUSDT,2023-05-05,e2324,listing_d1_d7,1,1440.0,17.923683204035296,28.57075069709321,20.842268916761206,965.0682007962172,49.0,5669.22648491
EDUUSDT,2023-05-05,e2324,listing_d1_d7,2,1440.0,16.822430053475898,25.30462503078268,17.356479900625754,1396.8162297502267,37.0,3891.3396670700004
EDUUSDT,2023-05-05,e2324,listing_d1_d7,3,1440.0,21.86335452310046,33.200871539017825,25.400374004297646,574.049013487801,20.0,4754.9171569499995
EDUUSDT,2023-05-05,e2324,listing_d1_d7,4,1440.0,22.51512779703303,33.796470146450254,23.515089656155585,198.49498903534146,8.0,6422.706992309999
EDUUSDT,2023-05-05,e2324,listing_d1_d7,5,1440.0,24.615868403771646,42.93111821625775,31.607714041998893,281.26790737196757,30.0,27022.955929310003
EDUUSDT,2023-05-05,e2324,listing_d1_d7,6,1440.0,28.149724733540307,41.56020713856593,30.159765071825383,6.300408791116252,0.0,28179.78590862
EDUUSDT,2023-05-05,e2324,listing_d1_d7,7,1440.0,24.3261735150149,35.76987572741342,24.9476569283462,22.02834045147584,1.0,12991.95584761
EDUUSDT,2023-05-05,e2324,mature_d60_d66,60,1440.0,24.927297300682298,39.081305916729356,27.449864462240924,14.457847838780342,7.0,20091.88616324
EDUUSDT,2023-05-05,e2324,mature_d60_d66,61,1440.0,23.09387268996048,38.97615610510693,26.49829094028291,14.826367845315215,1.0,21705.390745009998
EDUUSDT,2023-05-05,e2324,mature_d60_d66,62,1440.0,17.411491951005747,26.93445979968669,19.442015174180565,27.6612068339713,8.0,7389.179750600001
EDUUSDT,2023-05-05,e2324,mature_d60_d66,63,1440.0,12.294475648265266,20.673382561494222,14.595010926434048,73.83213431416291,45.0,3793.0352103200003
EDUUSDT,2023-05-05,e2324,mature_d60_d66,64,1440.0,14.370934714837587,22.350270729587542,15.726445282525791,73.42232513744908,10.0,7683.022538860001
EDUUSDT,2023-05-05,e2324,mature_d60_d66,65,1440.0,7.215014576515818,12.921751615219122,10.03294016135096,205.35359529812948,102.0,2276.52264928
EDUUSDT,2023-05-05,e2324,mature_d60_d66,66,1440.0,11.719894772480432,19.031598048634468,14.708952256630907,188.06877684517082,35.0,2761.8964767800003
EIGENUSDT,2024-08-07,e2324,listing_d1_d7,1,1440.0,0.0,94.178336140883,62.30814483472617,1830.7148300795084,775.0,204.4004964
EIGENUSDT,2024-08-07,e2324,listing_d1_d7,2,1440.0,0.0,0.7115960567235876,65.87844213475331,1921.912278313945,1012.0,195.0136451
EIGENUSDT,2024-08-07,e2324,listing_d1_d7,3,1440.0,0.0,9.752282469538025,74.42670657367553,2094.539679801588,976.0,170.06723719999997
EIGENUSDT,2024-08-07,e2324,listing_d1_d7,4,1440.0,0.0,0.0,42.10351147713861,2384.593180846499,1193.0,66.6617125
EIGENUSDT,2024-08-07,e2324,listing_d1_d7,5,1440.0,0.0,0.0,75.66391876211611,4732.0736165523385,1187.0,133.8882501
EIGENUSDT,2024-08-07,e2324,listing_d1_d7,6,1440.0,0.0,0.0,54.35947339780045,4239.610471888574,1267.0,36.7989359
EIGENUSDT,2024-08-07,e2324,listing_d1_d7,7,1440.0,0.0,0.0,74.8801191344367,2528.4888372529463,1069.0,133.6139867
EIGENUSDT,2024-08-07,e2324,mature_d60_d66,60,1440.0,22.91788572020778,32.355096410453186,21.297647365505235,0.6789575022137517,0.0,59780.999669799996
EIGENUSDT,2024-08-07,e2324,mature_d60_d66,61,1440.0,26.825726247032357,39.77531496677571,24.318368838057395,0.553460071871838,0.0,81091.69455520001
EIGENUSDT,2024-08-07,e2324,mature_d60_d66,62,1440.0,35.29814751967567,53.43725572017487,30.857214364023196,0.4645942584687591,0.0,153168.0130619
EIGENUSDT,2024-08-07,e2324,mature_d60_d66,63,1440.0,36.07676410569854,49.409043212806,29.090623281871135,0.2910510196677729,0.0,186402.15633859998
EIGENUSDT,2024-08-07,e2324,mature_d60_d66,64,1440.0,33.24977271910807,46.06255454901542,27.97756036856808,0.39363682270707767,0.0,143752.2667972
EIGENUSDT,2024-08-07,e2324,mature_d60_d66,65,1440.0,28.53453503335465,39.98410964351431,22.966341976864133,0.3452935413092021,0.0,122810.203537
EIGENUSDT,2024-08-07,e2324,mature_d60_d66,66,1440.0,18.57636887863226,25.928908264730072,15.444200419386652,0.41380835394444243,0.0,59617.71125470001
ENAUSDT,2024-04-02,e2324,listing_d1_d7,1,1440.0,94.88915305380253,138.13531332781628,74.45978692634151,0.16967626445318476,0.0,659085.3084142
ENAUSDT,2024-04-02,e2324,listing_d1_d7,2,1440.0,74.28321853066636,106.96023765996355,59.955530295481616,0.15152657600333197,0.0,534004.2385617
ENAUSDT,2024-04-02,e2324,listing_d1_d7,3,1440.0,57.85523577331614,80.96416546180343,45.56327101992714,0.1796740768289602,0.0,345649.84991060005
ENAUSDT,2024-04-02,e2324,listing_d1_d7,4,1440.0,44.61040109993828,64.3198587520539,37.48465769232096,0.1375948474298682,0.0,370903.1590782
ENAUSDT,2024-04-02,e2324,listing_d1_d7,5,1440.0,39.67925316349269,57.88069983427948,33.232857511735155,0.12383195797375128,0.0,352738.52481289994
ENAUSDT,2024-04-02,e2324,listing_d1_d7,6,1440.0,35.03656333683697,52.11453697363919,36.694480953145906,0.1149947618251479,0.0,468677.2333772
ENAUSDT,2024-04-02,e2324,listing_d1_d7,7,1440.0,39.443674870211396,53.886976838458395,31.18920756407214,0.09819088569699846,0.0,468912.35352859995
ENAUSDT,2024-04-02,e2324,mature_d60_d66,60,1440.0,12.544195632179086,19.988906900949864,12.332855474132892,0.6366768823779871,0.0,41019.2727135
ENAUSDT,2024-04-02,e2324,mature_d60_d66,61,1440.0,17.574693291053418,24.98506526820416,15.163249079475944,0.5035188136293752,0.0,58326.5129981
ENAUSDT,2024-04-02,e2324,mature_d60_d66,62,1440.0,25.19018596750931,35.53976600695047,21.010146663319144,0.3013100194597241,0.0,126411.755517
ENAUSDT,2024-04-02,e2324,mature_d60_d66,63,1440.0,22.428282938821944,33.84107437716566,20.468568885152152,0.2934835046525916,0.0,129645.90519559999
ENAUSDT,2024-04-02,e2324,mature_d60_d66,64,1440.0,16.664062952027994,23.750519355926215,14.706777307612963,0.4719829514796199,0.0,64884.1434197
ENAUSDT,2024-04-02,e2324,mature_d60_d66,65,1440.0,14.172202627277569,20.281934328698462,13.459328248589376,0.5768352450057627,0.0,56702.676633
ENAUSDT,2024-04-02,e2324,mature_d60_d66,66,1440.0,14.553779832962581,23.72613354916658,35.18392590361743,0.4445232451511181,0.0,116953.2401703
EPICUSDT,2025-03-14,e2526,listing_d1_d7,1,1440.0,42.04538162856305,60.50786445786738,34.5981260931806,1.7732056505322789,0.0,38630.6500043
EPICUSDT,2025-03-14,e2526,listing_d1_d7,2,1440.0,24.75612274113932,36.594364148266685,24.528423482377683,4.352956735125131,2.0,13826.455368099998
EPICUSDT,2025-03-14,e2526,listing_d1_d7,3,1440.0,18.829334824896446,28.61389549121459,17.742582772908875,6.1558127537201095,3.0,8752.2922989
EPICUSDT,2025-03-14,e2526,listing_d1_d7,4,1440.0,22.585902962481004,33.17046115592503,24.212913639765713,8.046435628502715,2.0,9672.2443636
EPICUSDT,2025-03-14,e2526,listing_d1_d7,5,1440.0,18.820123153260216,28.196011227167627,21.203800654083434,10.372195990376298,3.0,7201.3544869
EPICUSDT,2025-03-14,e2526,listing_d1_d7,6,1440.0,15.173410721486844,23.34144083320212,15.019722928150728,13.068282941443814,5.0,5985.4915685
EPICUSDT,2025-03-14,e2526,listing_d1_d7,7,1440.0,16.08542151928838,23.314146091251956,16.477528083776352,20.071132722437657,7.0,4940.4940575
EPICUSDT,2025-03-14,e2526,mature_d60_d66,60,1440.0,11.607268245348376,20.33469690035135,18.475605792331354,301.2814960077423,158.0,1378.1321620000003
EPICUSDT,2025-03-14,e2526,mature_d60_d66,61,1440.0,16.28134220403452,27.8360588515769,34.084370217934875,203.86933251072645,88.0,2388.7458679
EPICUSDT,2025-03-14,e2526,mature_d60_d66,62,1440.0,29.4959280091687,46.0101472970214,28.3538795818088,43.562288851730756,4.0,6503.8520825
EPICUSDT,2025-03-14,e2526,mature_d60_d66,63,1440.0,12.141652669072572,19.64154225576326,13.527507853887847,212.05492427363512,127.0,1007.4959253
EPICUSDT,2025-03-14,e2526,mature_d60_d66,64,1440.0,7.995666212333327,16.402444597988673,13.163748130286127,312.5775002659998,294.0,503.40670910000006
EPICUSDT,2025-03-14,e2526,mature_d60_d66,65,1440.0,8.760403165290793,19.884128366148886,19.28069429334382,269.980260170267,303.0,1141.3864514000002
EPICUSDT,2025-03-14,e2526,mature_d60_d66,66,1440.0,19.07267379266528,31.973529674375637,18.967584307272823,88.68199226234378,58.0,6014.490047
ESPORTSUSDT,2025-07-29,e2526,listing_d1_d7,1,1440.0,60.91821224536503,92.77402366559718,63.111472260221596,4.956243675404982,0.0,30323.797946140006
ESPORTSUSDT,2025-07-29,e2526,listing_d1_d7,2,1440.0,66.81563763093037,98.39254638824212,64.41219898772648,1.4514157682189046,0.0,64812.28460114
ESPORTSUSDT,2025-07-29,e2526,listing_d1_d7,3,1440.0,39.53638277688987,55.85836311888775,30.8809689510471,8.157083558964972,0.0,10157.731452830001
ESPORTSUSDT,2025-07-29,e2526,listing_d1_d7,4,1440.0,34.791556773177255,51.00721450984151,34.34157024013618,10.24436575200083,2.0,11385.79840103
ESPORTSUSDT,2025-07-29,e2526,listing_d1_d7,5,1440.0,46.49901531708959,65.75330122119173,45.10121875772597,5.49494736671695,0.0,29090.12974094
ESPORTSUSDT,2025-07-29,e2526,listing_d1_d7,6,1440.0,71.09651850650064,104.17206190251198,62.97672043795659,0.835995734721558,0.0,124338.58333281998
ESPORTSUSDT,2025-07-29,e2526,listing_d1_d7,7,1440.0,52.546357237286244,76.2771124846491,47.94310438232745,2.213544572398073,0.0,39906.8321998
ESPORTSUSDT,2025-07-29,e2526,mature_d60_d66,60,1440.0,10.055620635493137,17.83111971497103,15.379751608714,161.99884071860467,130.0,1006.59494721
ESPORTSUSDT,2025-07-29,e2526,mature_d60_d66,61,1440.0,8.622018775576693,16.74224538930833,15.555589291961718,186.91006922409866,210.0,662.75539451
ESPORTSUSDT,2025-07-29,e2526,mature_d60_d66,62,1440.0,24.442974097069428,40.742396739271584,26.213390237864193,60.29651863431762,10.0,3068.09127992
ESPORTSUSDT,2025-07-29,e2526,mature_d60_d66,63,1440.0,17.24347825125813,27.300529645964136,21.713896041485192,70.401557973631,27.0,2065.61768445
ESPORTSUSDT,2025-07-29,e2526,mature_d60_d66,64,1440.0,14.413008909472046,26.672035024553686,19.474985874796033,206.80457648256893,191.0,1276.97682902
ESPORTSUSDT,2025-07-29,e2526,mature_d60_d66,65,1440.0,17.863321619065886,31.641525833030606,21.987768618816737,166.40923162390555,144.0,1540.31854304
ESPORTSUSDT,2025-07-29,e2526,mature_d60_d66,66,1440.0,22.482428187699806,37.14733342794837,25.669969676716114,215.76560588956292,31.0,1618.9328833700001
ESUSDT,2025-07-16,e2526,listing_d1_d7,1,1440.0,44.59750508147123,71.93173766503361,40.75451546193186,4.324052645590684,0.0,19097.6953231
ESUSDT,2025-07-16,e2526,listing_d1_d7,2,1440.0,26.967807946297828,41.060768155390754,35.73941064101253,6.763630905732085,0.0,11708.742314399999
ESUSDT,2025-07-16,e2526,listing_d1_d7,3,1440.0,19.58480219349786,31.595576619272016,21.154996727752096,12.879961888596215,11.0,6147.189566100001
ESUSDT,2025-07-16,e2526,listing_d1_d7,4,1440.0,16.048145079094564,27.994404479103853,23.33462836813356,18.862829669487418,5.0,5847.5836974
ESUSDT,2025-07-16,e2526,listing_d1_d7,5,1440.0,12.079726682504173,20.082338191657772,13.987384215413844,15.521805158043035,28.0,3842.3956661
ESUSDT,2025-07-16,e2526,listing_d1_d7,6,1440.0,12.809564474807631,21.397240490970177,15.650361982873877,16.00480082861067,17.0,4190.1090576
ESUSDT,2025-07-16,e2526,listing_d1_d7,7,1440.0,16.85274985257886,28.994520152859153,23.436443152608614,20.25319662377639,14.0,5853.567209000001
ESUSDT,2025-07-16,e2526,mature_d60_d66,60,1440.0,12.626262626262111,25.5795383329,20.20013410350729,297.3776881507823,315.0,1377.2985488999998
ESUSDT,2025-07-16,e2526,mature_d60_d66,61,1440.0,19.419070239216627,33.052390744062954,22.950194599523286,125.20867801462309,82.0,1481.4816069
ESUSDT,2025-07-16,e2526,mature_d60_d66,62,1440.0,6.605019815060551,13.623978201635268,13.690264358617515,278.4096626593667,476.0,313.93787
ESUSDT,2025-07-16,e2526,mature_d60_d66,63,1440.0,0.0,13.663536635926544,11.614468021304106,417.6586498515496,706.0,313.4115873
ESUSDT,2025-07-16,e2526,mature_d60_d66,64,1440.0,0.0,6.7272138556596515,10.122251146659526,394.76677723935234,856.0,157.41666279999998
ESUSDT,2025-07-16,e2526,mature_d60_d66,65,1440.0,0.0,6.850488700273893,11.28119731156557,455.1093456297234,889.0,292.59541020000006
ESUSDT,2025-07-16,e2526,mature_d60_d66,66,1440.0,0.0,6.735141169104094,9.645212762010074,357.82755394552385,950.0,192.7290644
ETHFIUSDT,2024-03-18,e2324,listing_d1_d7,1,1440.0,49.98438475952479,83.00227337311726,52.61269998819222,7.950033547573223,0.0,20784.8959939
ETHFIUSDT,2024-03-18,e2324,listing_d1_d7,2,1440.0,56.17101088537876,84.96310562968186,51.09238964405734,3.321357253344704,0.0,65249.4499743
ETHFIUSDT,2024-03-18,e2324,listing_d1_d7,3,1440.0,41.936773504755095,60.05912474734027,37.67630151063855,2.3480775052852474,2.0,53676.4538406
ETHFIUSDT,2024-03-18,e2324,listing_d1_d7,4,1440.0,30.47935716264865,45.71138395704876,29.562380088680754,3.086135960179977,0.0,31212.4426177
ETHFIUSDT,2024-03-18,e2324,listing_d1_d7,5,1440.0,30.932741895121023,44.30402691376282,29.943357341424473,2.434957175392482,0.0,35197.8591665
ETHFIUSDT,2024-03-18,e2324,listing_d1_d7,6,1440.0,22.514071646781908,32.739416652640834,21.40251989975135,2.890238252079849,0.0,19764.6973905
ETHFIUSDT,2024-03-18,e2324,listing_d1_d7,7,1440.0,29.28779969277287,46.22112026943539,30.34565456355088,1.7717685930102032,0.0,37991.8710757
ETHFIUSDT,2024-03-18,e2324,mature_d60_d66,60,1440.0,14.501160092808403,23.108030040439072,15.610366297527873,3.120520429750657,0.0,19183.5925098
ETHFIUSDT,2024-03-18,e2324,mature_d60_d66,61,1440.0,11.685655857435009,19.725262718765844,12.488743839223789,5.6040623299232655,5.0,11483.0164246
ETHFIUSDT,2024-03-18,e2324,mature_d60_d66,62,1440.0,11.649920153852923,15.376336091874895,11.308961032046197,3.8610334565623963,7.0,11342.8116845
ETHFIUSDT,2024-03-18,e2324,mature_d60_d66,63,1440.0,18.393625272458387,30.590429008983158,22.388046183217888,3.701038475188753,1.0,31561.322582999997
ETHFIUSDT,2024-03-18,e2324,mature_d60_d66,64,1440.0,27.723830056467456,40.85079842283046,24.367385032356857,0.9691696887712683,0.0,59884.81670620001
ETHFIUSDT,2024-03-18,e2324,mature_d60_d66,65,1440.0,20.184183539336196,28.17804261466264,17.764873779106324,1.106233042114132,0.0,39171.0639324
ETHFIUSDT,2024-03-18,e2324,mature_d60_d66,66,1440.0,40.53969824828363,63.545936007152555,45.06212652447689,0.7394028200622852,0.0,191151.442603
FIDAUSDT,2024-09-25,e2324,listing_d1_d7,1,1440.0,11.876484560570413,20.586724570674416,15.930491970747694,64.78018651396354,77.0,3125.2453946
FIDAUSDT,2024-09-25,e2324,listing_d1_d7,2,1440.0,11.629597570953766,17.726567983490046,14.148620225329744,59.592286399414945,130.0,1960.5108776000002
FIDAUSDT,2024-09-25,e2324,listing_d1_d7,3,1440.0,14.242985618662077,23.190086603553052,17.795504714062368,80.87270816487751,83.0,3371.1766629
FIDAUSDT,2024-09-25,e2324,listing_d1_d7,4,1440.0,11.4090140485285,17.663943762475622,15.340916516503313,80.55478969672986,110.0,1820.1133539
FIDAUSDT,2024-09-25,e2324,listing_d1_d7,5,1440.0,12.051822838204625,18.78816483914826,15.345663400291329,72.48635400939216,89.0,2247.3372663000005
FIDAUSDT,2024-09-25,e2324,listing_d1_d7,6,1440.0,14.484881879893129,25.766081449748587,24.632998126030873,74.31901594519532,68.0,2890.2218614
FIDAUSDT,2024-09-25,e2324,listing_d1_d7,7,1440.0,14.695077149155455,24.9132491014532,17.599948441994158,109.71678778822245,64.0,1225.9513750999997
FIDAUSDT,2024-09-25,e2324,mature_d60_d66,60,1440.0,17.432992765060366,30.175691795047214,22.298958702184922,65.24844377794238,13.0,2441.6785234
FIDAUSDT,2024-09-25,e2324,mature_d60_d66,61,1440.0,20.82465639316953,32.83398732241375,21.3104854325639,50.18144589181834,4.0,2553.5732345
FIDAUSDT,2024-09-25,e2324,mature_d60_d66,62,1440.0,21.303792074989367,30.13669246938172,19.961543228383864,36.75794424064877,5.0,3078.8873913
FIDAUSDT,2024-09-25,e2324,mature_d60_d66,63,1440.0,16.174686615446728,24.348185729374094,18.168744570698333,47.35388471543011,7.0,3526.4334609
FIDAUSDT,2024-09-25,e2324,mature_d60_d66,64,1440.0,32.022772762316286,49.55843951739689,32.608640195211194,7.74287577528562,1.0,14512.5430889
FIDAUSDT,2024-09-25,e2324,mature_d60_d66,65,1440.0,10.693281394720291,17.62735930283811,13.962368331190932,21.264265572844035,32.0,3670.1002688999997
FIDAUSDT,2024-09-25,e2324,mature_d60_d66,66,1440.0,33.30811901159828,52.731803600237235,40.75924690356357,5.241791149842337,0.0,24130.320775000004
FIOUSDT,2024-09-26,e2324,listing_d1_d7,1,1440.0,11.092623405434933,16.743408261547078,12.80684854148619,102.7945392576495,143.0,1393.8034180999998
FIOUSDT,2024-09-26,e2324,listing_d1_d7,2,1440.0,8.247422836243418,13.82743362831898,11.76974585394568,127.7757743457227,211.0,748.3887546999999
FIOUSDT,2024-09-26,e2324,listing_d1_d7,3,1440.0,11.11419838844078,19.72247922267052,16.083685588512406,113.70863211380865,118.0,1239.3382560999999
FIOUSDT,2024-09-26,e2324,listing_d1_d7,4,1440.0,11.776829343981758,20.29721713888931,16.51853833515234,194.1772604483989,139.0,1043.5347530000001
FIOUSDT,2024-09-26,e2324,listing_d1_d7,5,1440.0,11.965301698837164,23.97723619106023,22.57495186841969,226.83203548077108,266.0,750.7335955000001
FIOUSDT,2024-09-26,e2324,listing_d1_d7,6,1440.0,26.041668846992163,40.64155663327351,27.67691935393784,79.74494013032358,30.0,2514.0728322
FIOUSDT,2024-09-26,e2324,listing_d1_d7,7,1440.0,11.92783685379646,23.19849356149386,18.576192993300804,172.93177812918466,152.0,720.0931814000002
FIOUSDT,2024-09-26,e2324,mature_d60_d66,60,1440.0,18.33900969347671,29.060171180353244,21.157004038444626,125.01333546050408,13.0,1583.9844318
FIOUSDT,2024-09-26,e2324,mature_d60_d66,61,1440.0,16.8586734890849,26.791696017389846,20.831375529248163,231.4472141915975,41.0,1029.0050695
FIOUSDT,2024-09-26,e2324,mature_d60_d66,62,1440.0,14.142271531613812,24.77462858435823,18.180526513150326,180.44972509998223,45.0,2908.1193073
FIOUSDT,2024-09-26,e2324,mature_d60_d66,63,1440.0,10.412599421486592,18.306636390400918,14.162071794366403,547.143491339724,105.0,1165.6377889
FIOUSDT,2024-09-26,e2324,mature_d60_d66,64,1440.0,9.659516618287885,17.07525384185043,15.920979103061384,283.3933805908838,162.0,1938.6153833
FIOUSDT,2024-09-26,e2324,mature_d60_d66,65,1440.0,11.609009216480889,18.75952709579531,16.35174923183642,244.2043707664754,75.0,1902.2975781
FIOUSDT,2024-09-26,e2324,mature_d60_d66,66,1440.0,10.895619960776079,18.01091929090693,16.051297874282376,134.04325905907226,94.0,2300.1756579
FLOCKUSDT,2025-01-09,e2526,listing_d1_d7,1,1440.0,51.5995933092942,82.48469996239145,56.51984790912983,9.1239106302559,3.0,21185.7431402
FLOCKUSDT,2025-01-09,e2526,listing_d1_d7,2,1440.0,24.539877300613348,40.60347581571971,39.810818243379046,2.7610532564439754,0.0,23467.171876999997
FLOCKUSDT,2025-01-09,e2526,listing_d1_d7,3,1440.0,21.651716671822033,35.60743286167787,28.20150338436691,9.712084361143344,4.0,8503.9518796
FLOCKUSDT,2025-01-09,e2526,listing_d1_d7,4,1440.0,39.62750304174655,63.560529903218004,52.8417730060664,6.5174504065760805,0.0,19298.3672616
FLOCKUSDT,2025-01-09,e2526,listing_d1_d7,5,1440.0,44.9236388954759,73.70158567763326,46.81557139471251,3.938583527619995,0.0,24049.660824699997
FLOCKUSDT,2025-01-09,e2526,listing_d1_d7,6,1440.0,44.99437798030819,68.90215893431333,40.84003982608161,7.763108371259717,0.0,14840.369755400003
FLOCKUSDT,2025-01-09,e2526,listing_d1_d7,7,1440.0,34.37270032878931,51.19734318019027,30.31028817764747,6.44226637539669,7.0,14169.270693699998
FLOCKUSDT,2025-01-09,e2526,mature_d60_d66,60,1440.0,27.310237486800364,46.21800887644916,35.21516318087289,550.2094949454448,75.0,3786.6360601999995
FLOCKUSDT,2025-01-09,e2526,mature_d60_d66,61,1440.0,26.56457551961298,43.72160094329377,33.95252695412625,98.12139795069766,43.0,4235.74343037
FLOCKUSDT,2025-01-09,e2526,mature_d60_d66,62,1440.0,23.962859720752625,38.186900164042164,35.21663524717876,192.17341593782265,30.0,5657.11818035
FLOCKUSDT,2025-01-09,e2526,mature_d60_d66,63,1440.0,29.503911101697234,49.32619802212527,36.504647151123436,123.99742926537934,30.0,4678.60253493
FLOCKUSDT,2025-01-09,e2526,mature_d60_d66,64,1440.0,17.960650926333777,29.764270050817743,27.650074365020096,152.95738698536144,34.0,5462.79542901
FLOCKUSDT,2025-01-09,e2526,mature_d60_d66,65,1440.0,22.49245294570294,34.91838983458667,24.369748106959126,161.03217660369612,30.0,4142.51131205
FLOCKUSDT,2025-01-09,e2526,mature_d60_d66,66,1440.0,19.595430181708913,31.6128032868404,24.157609374353626,124.03369338475044,56.0,2029.0323904900001
FORMUSDT,2025-03-19,e2526,listing_d1_d7,1,1440.0,45.83248056120369,69.62871003455282,42.2943765615195,3.509949395896298,0.0,28468.976426199995
FORMUSDT,2025-03-19,e2526,listing_d1_d7,2,1440.0,31.090908629669727,45.52519975224972,30.373269072801737,2.362638217835349,0.0,22767.836135200003
FORMUSDT,2025-03-19,e2526,listing_d1_d7,3,1440.0,16.232646377471028,24.385948932766258,16.403838581370007,4.215875115408135,1.0,9355.4862656
FORMUSDT,2025-03-19,e2526,listing_d1_d7,4,1440.0,26.865337599700215,42.31766894284971,36.91766468215933,2.8577334890346724,0.0,27118.9007289
FORMUSDT,2025-03-19,e2526,listing_d1_d7,5,1440.0,31.2140237274989,48.41791768026029,40.14566973777726,1.874920847178456,0.0,44539.625532000005
FORMUSDT,2025-03-19,e2526,listing_d1_d7,6,1440.0,27.510317133386916,39.913819152472314,25.378006583427478,1.8243807186348895,0.0,35138.187259399994
FORMUSDT,2025-03-19,e2526,listing_d1_d7,7,1440.0,18.085075350983285,26.397034073420944,16.46001736659126,3.2504835981665425,0.0,13202.808191600001
FORMUSDT,2025-03-19,e2526,mature_d60_d66,60,1440.0,7.929536936418306,14.147068080788536,11.968946006209736,43.952809089204365,94.0,3532.4187702
FORMUSDT,2025-03-19,e2526,mature_d60_d66,61,1440.0,11.15106235034863,19.466404110054018,14.86448847238549,40.930429128877236,73.0,3127.6980753
FORMUSDT,2025-03-19,e2526,mature_d60_d66,62,1440.0,7.509480761755949,13.598404614389315,12.060493864822188,50.6694914697208,167.0,2000.6979545
FORMUSDT,2025-03-19,e2526,mature_d60_d66,63,1440.0,6.026825126673632,11.340121060738461,10.799355229422954,70.98115519895528,276.0,1469.059407
FORMUSDT,2025-03-19,e2526,mature_d60_d66,64,1440.0,5.60433684251738,11.396771265320757,11.736344169116062,82.73137287958474,270.0,1642.0579395999998
FORMUSDT,2025-03-19,e2526,mature_d60_d66,65,1440.0,19.344712199751132,31.806785962217415,23.111041810000902,32.61640779040127,43.0,7695.5840884
FORMUSDT,2025-03-19,e2526,mature_d60_d66,66,1440.0,8.24161673291153,14.848322670783917,10.895170686215103,47.57524650310232,119.0,2424.6265247
FORTHUSDT,2023-08-01,e2324,listing_d1_d7,1,1440.0,9.029045263211687,26.751910638292564,16.933719624255225,3930.6600492458824,277.0,645.0949217799999
FORTHUSDT,2023-08-01,e2324,listing_d1_d7,2,1440.0,16.772178936986077,33.62486387039201,27.196466522984803,1776.5756125322737,170.0,6521.087797319999
FORTHUSDT,2023-08-01,e2324,listing_d1_d7,3,1440.0,2.5389649850656184,13.662112629122861,11.743556800260734,1759.4514041269886,419.0,545.84456314
FORTHUSDT,2023-08-01,e2324,listing_d1_d7,4,1440.0,6.756642950087134,26.0247469960051,28.01921379026181,1496.7320010033259,290.0,1637.8799329
FORTHUSDT,2023-08-01,e2324,listing_d1_d7,5,1440.0,0.0,16.838630142004632,13.478451710331308,1985.742101224276,395.0,277.24799465
FORTHUSDT,2023-08-01,e2324,listing_d1_d7,6,1440.0,0.0,10.314338894273437,10.9903779062581,2645.9965919009637,493.0,695.70452823
FORTHUSDT,2023-08-01,e2324,listing_d1_d7,7,1440.0,0.0,3.423836751463313,11.117769199243343,2753.807950678613,778.0,144.36146085000001
FORTHUSDT,2023-08-01,e2324,mature_d60_d66,60,1440.0,1.042825816396375,5.2390765446195555,5.984508301190011,408.56582674900915,558.0,521.43357997
FORTHUSDT,2023-08-01,e2324,mature_d60_d66,61,1440.0,2.8033289746455883,7.900522121461833,9.699116161049472,318.2496261359018,379.0,1045.96134014
FORTHUSDT,2023-08-01,e2324,mature_d60_d66,62,1440.0,5.100049439345203,9.874190249139103,11.679803559105071,268.9222607353024,207.0,1677.653448
FORTHUSDT,2023-08-01,e2324,mature_d60_d66,63,1440.0,3.530887486621379,8.173546037045332,9.190456223535683,195.718294005466,347.0,1011.9118199799999
FORTHUSDT,2023-08-01,e2324,mature_d60_d66,64,1440.0,4.770729752616693,12.633216078971117,14.614758703325064,415.35441974136717,380.0,2403.15434039
FORTHUSDT,2023-08-01,e2324,mature_d60_d66,65,1440.0,2.3097313947247686,8.645611929585142,9.953662387275095,302.76975310143564,562.0,793.0203243
FORTHUSDT,2023-08-01,e2324,mature_d60_d66,66,1440.0,0.0,4.278801327637218,5.895509783003347,519.6738939213033,659.0,300.78695243
FOXYUSDT,2024-04-12,e2324,listing_d1_d7,1,1440.0,92.42738139638529,149.37770336752072,102.5506307822637,1.354806573943214,0.0,99988.89863387999
FOXYUSDT,2024-04-12,e2324,listing_d1_d7,2,1440.0,70.46146554496065,120.5592937525872,73.08621766914402,2.2785422881761916,0.0,44995.69842134
FOXYUSDT,2024-04-12,e2324,listing_d1_d7,3,1440.0,48.071753743523324,75.6822186073546,50.753778015046066,2.8572508988039256,0.0,25098.10269269
FOXYUSDT,2024-04-12,e2324,listing_d1_d7,4,1440.0,41.66333494539851,59.84849017143598,35.715683097783575,2.094653728459082,0.0,26930.53921976
FOXYUSDT,2024-04-12,e2324,listing_d1_d7,5,1440.0,36.09460527537318,51.58225902318066,31.898932052336658,3.0497871906488707,0.0,17486.56771234
FOXYUSDT,2024-04-12,e2324,listing_d1_d7,6,1440.0,34.44397894048895,47.67439018220565,30.87499221491389,3.367753984991608,0.0,15703.034724590001
FOXYUSDT,2024-04-12,e2324,listing_d1_d7,7,1440.0,29.493946690218426,43.696086372784926,30.08971364650361,5.690734063614902,0.0,11569.67752936
FOXYUSDT,2024-04-12,e2324,mature_d60_d66,60,1440.0,24.03465062995418,37.23185710194787,22.640190725638323,3.355956620591446,0.0,12981.30452007
FOXYUSDT,2024-04-12,e2324,mature_d60_d66,61,1440.0,24.06101215346113,37.61240434338691,27.763999984089125,2.66113321830524,0.0,21087.32943418
FOXYUSDT,2024-04-12,e2324,mature_d60_d66,62,1440.0,22.269920450267684,32.272025017218034,20.219110038397083,3.668762376389769,0.0,10872.73890735
FOXYUSDT,2024-04-12,e2324,mature_d60_d66,63,1440.0,21.61987067755469,32.65695303933805,21.637828464078527,4.775577182604888,0.0,9562.57284195
FOXYUSDT,2024-04-12,e2324,mature_d60_d66,64,1440.0,17.68242101279128,26.628753256098275,19.73096414531565,7.577506840879954,0.0,7828.00676753
FOXYUSDT,2024-04-12,e2324,mature_d60_d66,65,1440.0,19.174817407700772,29.222049659413475,20.807067972952996,5.520693512078718,0.0,9011.46171759
FOXYUSDT,2024-04-12,e2324,mature_d60_d66,66,1440.0,21.79463364559215,32.07930717906014,19.881508994229623,4.730623691225036,2.0,9379.97353338
FUSDT,2024-12-06,e2324,listing_d1_d7,1,1440.0,58.48329144705027,93.22657275217762,64.57400863490392,4.359921332784462,0.0,23102.66842943
FUSDT,2024-12-06,e2324,listing_d1_d7,2,1440.0,34.65293319499862,53.97276729389944,31.896601528846848,5.5225706530277705,3.0,13329.211836989998
FUSDT,2024-12-06,e2324,listing_d1_d7,3,1440.0,57.239658959752255,88.75858824610722,80.76327956755112,3.900599246779406,0.0,29891.724211909997
FUSDT,2024-12-06,e2324,listing_d1_d7,4,1440.0,70.58279716904066,121.76169299444058,104.833623175431,6.425554145792603,2.0,45301.77108702
FUSDT,2024-12-06,e2324,listing_d1_d7,5,1440.0,40.25686982124295,66.85635041069888,43.41068744543662,6.297124100682546,2.0,19750.929783869997
FUSDT,2024-12-06,e2324,listing_d1_d7,6,1440.0,52.109459805489,78.08968735227027,47.57580253984739,2.5489367448775493,0.0,33173.97555033
FUSDT,2024-12-06,e2324,listing_d1_d7,7,1440.0,27.14269140685559,43.32379249841069,24.68051390678929,7.255114157873497,2.0,14586.598885779998
FUSDT,2024-12-06,e2324,mature_d60_d66,60,1440.0,29.330516737081958,45.032793847846385,29.60917340847444,1692.308856788226,65.0,1176.77875515
FUSDT,2024-12-06,e2324,mature_d60_d66,61,1440.0,19.120458891014817,31.61805450153799,21.555703790820615,627.5872679706509,133.0,696.2206822800001
FUSDT,2024-12-06,e2324,mature_d60_d66,62,1440.0,17.559263052375762,29.764366050753683,22.489139747762366,1309.7127792833535,79.0,851.1459052800001
FUSDT,2024-12-06,e2324,mature_d60_d66,63,1440.0,16.934801501756283,27.30841679255495,20.65100130050702,1447.8707703747873,119.0,658.5511248600001
FUSDT,2024-12-06,e2324,mature_d60_d66,64,1440.0,7.21500721500692,14.49406684841739,15.774650790715006,6914.573546455143,298.0,654.20253333
FUSDT,2024-12-06,e2324,mature_d60_d66,65,1440.0,21.56721782890044,54.74868926250046,48.63758852127627,2534.2708505277824,95.0,5959.32349368
FUSDT,2024-12-06,e2324,mature_d60_d66,66,1440.0,54.52289154892264,87.2600511837748,51.80666094131326,13.010408914304401,1.0,23793.89456482
FWOGUSDT,2024-11-12,e2324,listing_d1_d7,1,1440.0,68.98559550103082,113.3066755857719,69.09091976548945,30.179005868356644,11.0,24009.277691379997
FWOGUSDT,2024-11-12,e2324,listing_d1_d7,2,1440.0,59.95987045145498,92.16844467336261,57.02452999589793,5.12765501750311,0.0,24387.903135110002
FWOGUSDT,2024-11-12,e2324,listing_d1_d7,3,1440.0,40.70458259244068,67.30701262356988,45.42141884003076,7.932211645392536,6.0,16715.91167596
FWOGUSDT,2024-11-12,e2324,listing_d1_d7,4,1440.0,37.65829681795181,58.47979209106711,32.258738379617604,6.264613410778681,3.0,12886.033915679998
FWOGUSDT,2024-11-12,e2324,listing_d1_d7,5,1440.0,52.319734000758636,79.25704841564654,53.481049255927694,4.8393882466649085,0.0,25740.379415299998
FWOGUSDT,2024-11-12,e2324,listing_d1_d7,6,1440.0,46.79973197679883,71.09236301333067,45.12913626435147,5.375246462683737,0.0,21832.665141709997
FWOGUSDT,2024-11-12,e2324,listing_d1_d7,7,1440.0,46.69069805216796,72.92406467966035,43.69429502272073,3.9647354545238778,0.0,22619.35628828
FWOGUSDT,2024-11-12,e2324,mature_d60_d66,60,1440.0,29.23965736386503,45.72209593073512,33.2018369629783,8.422553345008756,4.0,11926.84151237
FWOGUSDT,2024-11-12,e2324,mature_d60_d66,61,1440.0,30.159604169574312,47.468643990806434,31.56705018516947,4.635710598482551,0.0,18653.3153577
FWOGUSDT,2024-11-12,e2324,mature_d60_d66,62,1440.0,45.11526928610546,69.04201428666113,40.51299331960621,5.520374674596037,0.0,18488.309911649998
FWOGUSDT,2024-11-12,e2324,mature_d60_d66,63,1440.0,32.6697617736347,47.26450886779839,28.27061844737812,7.550359813808431,0.0,9498.9381296
FWOGUSDT,2024-11-12,e2324,mature_d60_d66,64,1440.0,39.49343213638878,61.75843729699943,41.58072517218494,5.226293278839278,1.0,18504.67289846
FWOGUSDT,2024-11-12,e2324,mature_d60_d66,65,1440.0,36.889853159433045,57.00479220593253,34.2763791560467,5.577630172630529,0.0,17005.87680523
FWOGUSDT,2024-11-12,e2324,mature_d60_d66,66,1440.0,50.22931324161354,76.31264032816684,46.09686092040243,3.7951414659567013,0.0,22799.682573709997
GIGAUSDT,2024-12-12,e2324,listing_d1_d7,1,1440.0,34.218218899665125,56.627312234184686,38.55777876589957,6.474467050688914,5.0,17899.577211400003
GIGAUSDT,2024-12-12,e2324,listing_d1_d7,2,1440.0,22.304916063201862,33.57912011758281,23.887498965401008,24.466027236153053,19.0,5921.173043299999
GIGAUSDT,2024-12-12,e2324,listing_d1_d7,3,1440.0,22.18700531159539,34.9643496660152,24.23936745345569,19.59771667332461,25.0,6537.239287
GIGAUSDT,2024-12-12,e2324,listing_d1_d7,4,1440.0,20.52640302017834,33.27410692845897,23.561012254989166,19.268591981951534,35.0,7329.675086499999
GIGAUSDT,2024-12-12,e2324,listing_d1_d7,5,1440.0,18.063881546005142,29.391371838060742,24.081143473293068,36.61017315205156,67.0,4910.1287255
GIGAUSDT,2024-12-12,e2324,listing_d1_d7,6,1440.0,21.494780098836205,33.572365344333654,30.23873377750385,24.73287176002662,43.0,7767.4829334
GIGAUSDT,2024-12-12,e2324,listing_d1_d7,7,1440.0,29.577050797994072,60.20981718212764,35.56928930106776,24.06495850562662,64.0,10703.1782185
GIGAUSDT,2024-12-12,e2324,mature_d60_d66,60,1440.0,25.15723319581202,39.07654892675704,28.703280412447103,23.513802711397542,15.0,5239.6642816
GIGAUSDT,2024-12-12,e2324,mature_d60_d66,61,1440.0,23.65114611915814,35.142853522976225,25.91776841930903,21.244487795369217,15.0,4882.7436771
GIGAUSDT,2024-12-12,e2324,mature_d60_d66,62,1440.0,21.410086151121135,37.63139359876024,28.808176952893785,36.23840688600733,23.0,5877.480404000001
GIGAUSDT,2024-12-12,e2324,mature_d60_d66,63,1440.0,19.36111647647289,31.583174638892384,23.269240714348722,33.56598233808912,28.0,4556.595522199999
GIGAUSDT,2024-12-12,e2324,mature_d60_d66,64,1440.0,23.23266103909972,39.16804395996094,28.912478212023878,36.591954688701236,25.0,6661.9140922
GIGAUSDT,2024-12-12,e2324,mature_d60_d66,65,1440.0,16.350555918901712,26.367831245880097,20.94671622933678,41.331806696933896,46.0,3163.7328270999997
GIGAUSDT,2024-12-12,e2324,mature_d60_d66,66,1440.0,18.844221105527957,30.988543175255483,27.28040822772144,56.403869330885726,22.0,4174.9663556000005
GLMUSDT,2023-08-10,e2324,listing_d1_d7,1,1440.0,8.237246883473455,15.680849236167004,12.52907287813505,1377.5127427121115,137.0,795.2114026500001
GLMUSDT,2023-08-10,e2324,listing_d1_d7,2,1440.0,4.710981307860282,14.362996068016027,9.23734354205792,1242.5218458870336,209.0,593.58164907
GLMUSDT,2023-08-10,e2324,listing_d1_d7,3,1440.0,4.815911775288185,15.41982896312785,9.520709730479545,1774.8975013086138,155.0,268.67551178
GLMUSDT,2023-08-10,e2324,listing_d1_d7,4,1440.0,4.855783237835728,16.034206306787667,9.754771214649148,1307.1346840717479,177.0,334.29982733
GLMUSDT,2023-08-10,e2324,listing_d1_d7,5,1440.0,1.4699597567864262,15.30807619278856,11.691136551920513,2571.5428335328,319.0,480.77506028
GLMUSDT,2023-08-10,e2324,listing_d1_d7,6,1440.0,0.0,19.328224199431357,18.993075171849352,4811.729326903903,487.0,307.59602455000004
GLMUSDT,2023-08-10,e2324,listing_d1_d7,7,1440.0,0.0,5.664599428903912,28.292000894509016,8080.810658454199,816.0,426.12350895
GLMUSDT,2023-08-10,e2324,mature_d60_d66,60,1440.0,0.0,5.924974047277817,10.620615592618892,1994.1808161092406,712.0,159.01734806
GLMUSDT,2023-08-10,e2324,mature_d60_d66,61,1440.0,0.0,0.555995726891312,6.071463272054896,1236.3198756319039,806.0,80.00515153999999
GLMUSDT,2023-08-10,e2324,mature_d60_d66,62,1440.0,0.0,0.0,8.162153403955601,2329.2973631605096,1066.0,154.20747257
GLMUSDT,2023-08-10,e2324,mature_d60_d66,63,1440.0,0.0,0.0,5.9429498806489125,4174.411211482024,1162.0,107.42484813
GLMUSDT,2023-08-10,e2324,mature_d60_d66,64,1440.0,0.0,0.0,4.9913623455676115,6329.568419116455,1148.0,77.78420405
GLMUSDT,2023-08-10,e2324,mature_d60_d66,65,1440.0,0.0,0.0,3.9662670623136056,1872.572146301945,963.0,151.29226229
GLMUSDT,2023-08-10,e2324,mature_d60_d66,66,1440.0,0.0,0.0,7.340453885634287,3664.979183711339,1155.0,159.35679005
GMEUSDT,2024-06-11,e2324,listing_d1_d7,1,1440.0,55.85230363455684,93.42519714143113,57.70521890727266,5.145528335172031,0.0,22723.64071712
GMEUSDT,2024-06-11,e2324,listing_d1_d7,2,1440.0,44.560882536249395,75.58003592398146,48.20361860322542,6.990109054487223,0.0,15875.603972930001
GMEUSDT,2024-06-11,e2324,listing_d1_d7,3,1440.0,43.572207479997445,67.96107171647154,46.850683709789145,4.5735433007345145,0.0,14894.17716813
GMEUSDT,2024-06-11,e2324,listing_d1_d7,4,1440.0,31.299501891278943,48.75955297747622,33.04084685173025,5.784255059936975,0.0,11128.471401559998
GMEUSDT,2024-06-11,e2324,listing_d1_d7,5,1440.0,43.86786271694974,69.81346970858101,39.23034993365562,5.384916844569254,0.0,16404.81573852
GMEUSDT,2024-06-11,e2324,listing_d1_d7,6,1440.0,50.69902960454854,76.75347379747893,47.5138136628348,5.687725140801961,0.0,16314.191327920002
GMEUSDT,2024-06-11,e2324,listing_d1_d7,7,1440.0,70.5385530077507,111.69285311417234,66.15459967966706,7.77427080779001,0.0,17751.35869906
GMEUSDT,2024-06-11,e2324,mature_d60_d66,60,1440.0,40.56795269790239,59.79967511257727,36.04037658684364,63.32676367150827,6.0,5990.459325509999
GMEUSDT,2024-06-11,e2324,mature_d60_d66,61,1440.0,43.10344827586224,61.47397924449324,38.69383784028429,10.14096099748329,0.0,8616.82380676
GMEUSDT,2024-06-11,e2324,mature_d60_d66,62,1440.0,35.39825299925869,49.66245142879297,30.48107895496811,32.00795774606898,5.0,3177.39699854
GMEUSDT,2024-06-11,e2324,mature_d60_d66,63,1440.0,27.02246935898031,40.24146227751099,22.336579983234977,162.8030899609588,23.0,2258.2903499999998
GMEUSDT,2024-06-11,e2324,mature_d60_d66,64,1440.0,23.923447770390244,36.86049148721942,23.352294335591065,55.22052852113172,16.0,2080.23852569
GMEUSDT,2024-06-11,e2324,mature_d60_d66,65,1440.0,22.054770088851956,33.076088384562965,20.96991584882938,216.0939399102743,36.0,1616.60603746
GMEUSDT,2024-06-11,e2324,mature_d60_d66,66,1440.0,22.887660569401767,37.470726981956446,25.44539836891495,272.66284663700276,62.0,1469.8043494199999
GNOUSDT,2024-05-14,e2324,listing_d1_d7,1,1440.0,23.296633748479326,41.42808560131142,25.879964459816154,183.0498313098215,111.0,1883.7588260000002
GNOUSDT,2024-05-14,e2324,listing_d1_d7,2,1440.0,7.065182892091872,20.47493030333315,14.522773847041556,297.79184251884675,343.0,798.33773313
GNOUSDT,2024-05-14,e2324,listing_d1_d7,3,1440.0,13.171765138399946,29.10125925009747,20.999640749069638,210.63996622086552,332.0,3035.02032244
GNOUSDT,2024-05-14,e2324,listing_d1_d7,4,1440.0,11.988012107651269,21.682386618491797,14.313258737817764,128.51328410221797,173.0,1145.02614796
GNOUSDT,2024-05-14,e2324,listing_d1_d7,5,1440.0,9.475307267769844,17.644829242890825,12.905321174344568,145.9928534517565,288.0,934.94096918
GNOUSDT,2024-05-14,e2324,listing_d1_d7,6,1440.0,13.897196142157972,24.965182296017783,22.27622353378278,105.8696507697762,80.0,6093.27927681
GNOUSDT,2024-05-14,e2324,listing_d1_d7,7,1440.0,13.079340488690232,21.785660854929166,14.728676303425354,79.47834699185509,135.0,2886.95413187
GNOUSDT,2024-05-14,e2324,mature_d60_d66,60,1440.0,0.7622679483495238,6.851467956416413,5.86831689908889,1831.203899010899,532.0,109.77400726000002
GNOUSDT,2024-05-14,e2324,mature_d60_d66,61,1440.0,0.0,3.7522397854653313,4.856246406768185,1445.7235682684707,810.0,100.74642679999998
GNOUSDT,2024-05-14,e2324,mature_d60_d66,62,1440.0,0.7255840961509731,7.856703199767253,8.312873462395444,128.86956511998403,640.0,423.85655673
GNOUSDT,2024-05-14,e2324,mature_d60_d66,63,1440.0,0.35864151225578605,10.288633408557954,10.490973907610117,238.4889040380486,692.0,403.92393794000003
GNOUSDT,2024-05-14,e2324,mature_d60_d66,64,1440.0,0.0,9.48937238279936,10.642801540810506,307.86148882381497,722.0,357.61342699
GNOUSDT,2024-05-14,e2324,mature_d60_d66,65,1440.0,0.0,6.913640525454483,8.59330095056986,937.2270960308955,833.0,438.15574513
GNOUSDT,2024-05-14,e2324,mature_d60_d66,66,1440.0,0.384116356360978,6.820442471450105,8.056904580699554,3696.9989801990414,591.0,222.57533837
GOATUSDT,2024-10-23,e2324,listing_d1_d7,1,1440.0,84.48225315086123,123.18679281851934,70.17012558570417,0.6303788884200429,0.0,187247.7448082
GOATUSDT,2024-10-23,e2324,listing_d1_d7,2,1440.0,69.28236252124323,100.62444719263965,55.72743552580771,0.5326678604154089,0.0,148729.63747189997
GOATUSDT,2024-10-23,e2324,listing_d1_d7,3,1440.0,61.906830968553386,87.74894743680056,44.295294002186345,0.47614997229516753,0.0,150028.02282880002
GOATUSDT,2024-10-23,e2324,listing_d1_d7,4,1440.0,44.764715611805684,64.3814373853444,36.240152240411,0.516668255888905,0.0,108375.7055254
GOATUSDT,2024-10-23,e2324,listing_d1_d7,5,1440.0,58.71320270633898,78.1555653364633,44.09999953710536,0.45683734291803246,0.0,148143.2061574
GOATUSDT,2024-10-23,e2324,listing_d1_d7,6,1440.0,49.72148459406741,71.78428847616519,39.410392046835824,0.45120177949730983,0.0,139814.96252829998
GOATUSDT,2024-10-23,e2324,listing_d1_d7,7,1440.0,37.713255017384476,51.54812333367015,29.81349568532525,0.49342323479572653,0.0,98596.1802435
GOATUSDT,2024-10-23,e2324,mature_d60_d66,60,1440.0,37.408125579745715,50.69605611933099,30.391429562915047,0.33822586101254526,0.0,125793.75016440001
GOATUSDT,2024-10-23,e2324,mature_d60_d66,61,1440.0,36.48194570792144,49.484538888193654,28.96970384215468,0.35944638410256774,0.0,120454.9146703
GOATUSDT,2024-10-23,e2324,mature_d60_d66,62,1440.0,25.431429333112035,35.3176320065754,21.749844869973114,0.4177141441190068,0.0,83361.4673775
GOATUSDT,2024-10-23,e2324,mature_d60_d66,63,1440.0,24.372905704799617,32.62977972817046,19.192283308315847,0.44446223818832886,0.0,74931.4515442
GOATUSDT,2024-10-23,e2324,mature_d60_d66,64,1440.0,22.54794297683679,31.14398791952396,19.193117591465583,0.5766008496564777,0.0,60278.73558
GOATUSDT,2024-10-23,e2324,mature_d60_d66,65,1440.0,24.463479151229468,34.75843031911538,20.9144627965808,0.5218250993270792,0.0,69314.8406585
GOATUSDT,2024-10-23,e2324,mature_d60_d66,66,1440.0,19.953442213933094,27.314632787904333,16.971363246146886,0.7127657947518222,0.0,44176.0662289
GODSUSDT,2023-11-22,e2324,listing_d1_d7,1,1440.0,28.217589657236225,46.486403564469164,31.706607373758658,269.1448083717977,16.0,7844.675466499999
GODSUSDT,2023-11-22,e2324,listing_d1_d7,2,1440.0,36.728369785123725,62.84678447705965,41.70922963198798,59.44644275426894,12.0,14539.3915059
GODSUSDT,2023-11-22,e2324,listing_d1_d7,3,1440.0,32.3262469251743,54.552027177800326,31.87700031173306,112.83202284663508,16.0,12022.923167399998
GODSUSDT,2023-11-22,e2324,listing_d1_d7,4,1440.0,22.06592236148797,37.438162190310194,26.265784154196346,299.4973523836015,60.0,6330.134381299999
GODSUSDT,2023-11-22,e2324,listing_d1_d7,5,1440.0,22.656487609192602,40.28197436148219,30.380292583191714,407.4472426598752,66.0,4916.1748125
GODSUSDT,2023-11-22,e2324,listing_d1_d7,6,1440.0,17.830610787175612,30.371656209570922,23.53404474646956,747.1452166924373,139.0,2935.891286
GODSUSDT,2023-11-22,e2324,listing_d1_d7,7,1440.0,13.618412345718589,25.167838463366326,20.135082301314945,867.6046816321855,208.0,2732.9898265000006
GODSUSDT,2023-11-22,e2324,mature_d60_d66,60,1440.0,0.0,16.49484839166859,14.043133496834965,2844.4340889770215,694.0,127.09495130000002
GODSUSDT,2023-11-22,e2324,mature_d60_d66,61,1440.0,0.0,21.361816262136287,17.677317849627936,3441.239846393785,702.0,257.48669509999996
GODSUSDT,2023-11-22,e2324,mature_d60_d66,62,1440.0,3.825555265297923,21.72338884866001,18.395322246480465,5450.213154170822,641.0,200.6675866
GODSUSDT,2023-11-22,e2324,mature_d60_d66,63,1440.0,0.0,14.865744136795222,12.650851178395389,2786.645590335337,744.0,131.6088494
GODSUSDT,2023-11-22,e2324,mature_d60_d66,64,1440.0,0.0,14.731611881265938,13.376574492797284,2197.991859837386,879.0,115.0471278
GODSUSDT,2023-11-22,e2324,mature_d60_d66,65,1440.0,3.565062388592397,17.895490336435238,20.09154701530279,2259.7222653233066,659.0,1172.9210475999998
GODSUSDT,2023-11-22,e2324,mature_d60_d66,66,1440.0,0.0,14.030164854437439,12.157061392139296,2818.1129476648816,768.0,217.03649180000002
GPSUSDT,2025-02-18,e2526,listing_d1_d7,1,1440.0,61.80877600475483,87.79588813688864,47.712430893543846,1.628561489293722,0.0,48650.755655450004
GPSUSDT,2025-02-18,e2526,listing_d1_d7,2,1440.0,52.40536888444827,77.21979241134724,44.74730887423239,2.199768630360927,0.0,38241.670002570005
GPSUSDT,2025-02-18,e2526,listing_d1_d7,3,1440.0,38.62693228943066,57.00908533526591,35.11869246740885,9.015386380777521,2.0,17773.70673516
GPSUSDT,2025-02-18,e2526,listing_d1_d7,4,1440.0,29.38333659911115,44.66406412246064,26.873677919026743,23.846492885794685,12.0,6939.0421095
GPSUSDT,2025-02-18,e2526,listing_d1_d7,5,1440.0,25.53191626913016,38.16646098145981,23.496283067587672,32.38632756708387,19.0,3844.59915637
GPSUSDT,2025-02-18,e2526,listing_d1_d7,6,1440.0,24.043006256284723,37.27881255290629,25.432544020474733,10.93740484870819,1.0,6286.48456716
GPSUSDT,2025-02-18,e2526,listing_d1_d7,7,1440.0,26.12645600817984,40.178415625812534,27.17619433153633,10.681214214674656,4.0,6802.27922126
GPSUSDT,2025-02-18,e2526,mature_d60_d66,60,1440.0,11.91895113229987,18.206646683291368,16.15121878903833,1920.601839345482,212.0,2222.1217767400003
GPSUSDT,2025-02-18,e2526,mature_d60_d66,61,1440.0,26.773763632755845,43.313481321061296,30.06034002639427,176.06930751771282,35.0,5657.447572279999
GPSUSDT,2025-02-18,e2526,mature_d60_d66,62,1440.0,16.077170418005775,26.784519989826173,18.46075940165067,39.84668941079466,32.0,3761.9531432800004
GPSUSDT,2025-02-18,e2526,mature_d60_d66,63,1440.0,11.757789535566834,23.108030040440116,16.67747166928275,439.3602881958249,62.0,2376.58577068
GPSUSDT,2025-02-18,e2526,mature_d60_d66,64,1440.0,15.686275581957673,26.181438707253623,18.69434956003868,182.10379003655103,40.0,2345.12974594
GPSUSDT,2025-02-18,e2526,mature_d60_d66,65,1440.0,24.90040458197191,40.3073454131796,38.2309669133146,21.300661752265643,10.0,7931.928089739999
GPSUSDT,2025-02-18,e2526,mature_d60_d66,66,1440.0,23.020257826888322,39.84974560351899,28.719995666430894,39.69597179648427,13.0,4533.58515454
GRASSUSDT,2024-10-17,e2324,listing_d1_d7,1,1440.0,18.866935747013926,135.26403534825795,101.67904448627087,2326.161520298434,554.0,382.5780987
GRASSUSDT,2024-10-17,e2324,listing_d1_d7,2,1440.0,22.925182585401487,117.31977885791575,89.91522191919506,2134.5385648256424,539.0,358.1505389
GRASSUSDT,2024-10-17,e2324,listing_d1_d7,3,1440.0,0.0,47.731582015975874,47.97378185480035,1447.5421766106383,786.0,274.8187802
GRASSUSDT,2024-10-17,e2324,listing_d1_d7,4,1440.0,0.0,46.672501121925485,51.764665705755725,1373.7116257173682,777.0,207.6393
GRASSUSDT,2024-10-17,e2324,listing_d1_d7,5,1440.0,0.0,3.506195188224988,44.488574996680065,1292.135078524691,964.0,193.8755165
GRASSUSDT,2024-10-17,e2324,listing_d1_d7,6,1440.0,0.0,8.367026043017459,55.06263710313505,2290.7058323811493,1002.0,124.3402392
GRASSUSDT,2024-10-17,e2324,listing_d1_d7,7,1440.0,0.0,27.434939493444578,82.87943522503289,1719.6944490022395,912.0,2482.231728
GRASSUSDT,2024-10-17,e2324,mature_d60_d66,60,1440.0,23.117327199296223,33.778681315117275,20.601811963094,0.5200185485965613,0.0,80079.3195436
GRASSUSDT,2024-10-17,e2324,mature_d60_d66,61,1440.0,20.999382881208025,30.477842295577165,20.445421922292887,0.5801107559509733,0.0,66502.309364
GRASSUSDT,2024-10-17,e2324,mature_d60_d66,62,1440.0,29.212984490565663,41.56762507038738,29.580017156695984,0.6849138609110934,0.0,68245.3945022
GRASSUSDT,2024-10-17,e2324,mature_d60_d66,63,1440.0,30.802091308482865,48.291461961840724,32.993757601291755,0.8039915008387288,0.0,73642.28871729999
GRASSUSDT,2024-10-17,e2324,mature_d60_d66,64,1440.0,34.28803362770626,51.81736956500746,32.403966601507776,0.975854380910258,0.0,61593.5972942
GRASSUSDT,2024-10-17,e2324,mature_d60_d66,65,1440.0,31.89758881274195,45.46542867186304,25.7630547689847,0.8259166851814612,0.0,55978.9643115
GRASSUSDT,2024-10-17,e2324,mature_d60_d66,66,1440.0,31.688210690170923,43.237713813338935,24.719626698027753,0.9214979586538705,0.0,47773.5323499
GRIFFAINUSDT,2024-12-20,e2324,listing_d1_d7,1,1440.0,76.09104615765241,110.65943443595877,60.207566303503796,28.49928179174955,2.0,13510.54763679
GRIFFAINUSDT,2024-12-20,e2324,listing_d1_d7,2,1440.0,48.77066133969013,78.95015962472237,48.23873534472165,33.68237288109808,11.0,6737.39515964
GRIFFAINUSDT,2024-12-20,e2324,listing_d1_d7,3,1440.0,49.091345551758,79.60862949328359,49.78271062135657,26.634068988677136,9.0,7186.02459502
GRIFFAINUSDT,2024-12-20,e2324,listing_d1_d7,4,1440.0,45.52844877223171,73.89204494809398,51.0598765917928,15.97529487612089,11.0,13222.60990367
GRIFFAINUSDT,2024-12-20,e2324,listing_d1_d7,5,1440.0,39.57943739073294,66.6706478093256,40.83403994444047,17.818617257458385,35.0,9506.263082669999
GRIFFAINUSDT,2024-12-20,e2324,listing_d1_d7,6,1440.0,46.96769932334331,70.27215291793142,56.99461793741856,15.908570136474747,6.0,15603.331443860003
GRIFFAINUSDT,2024-12-20,e2324,listing_d1_d7,7,1440.0,34.91739009309428,54.89187397880678,37.18614372515007,12.422356928164595,3.0,9324.665237289999
GRIFFAINUSDT,2024-12-20,e2324,mature_d60_d66,60,1440.0,36.775088661153404,53.18726719050161,31.925597435798355,1.4775022255195436,0.0,32373.85747046
GRIFFAINUSDT,2024-12-20,e2324,mature_d60_d66,61,1440.0,37.84454728896244,50.27515064694725,30.492895685661882,1.540781947235288,0.0,26646.46931587
GRIFFAINUSDT,2024-12-20,e2324,mature_d60_d66,62,1440.0,44.21485192892409,59.952758889449655,35.82853085145018,1.754658228911102,0.0,31336.310440610003
GRIFFAINUSDT,2024-12-20,e2324,mature_d60_d66,63,1440.0,55.01676017543356,75.81694649642135,45.46790036565574,2.166116155245283,0.0,36737.96719405
GRIFFAINUSDT,2024-12-20,e2324,mature_d60_d66,64,1440.0,45.35468805996306,64.10694387866644,36.76538517486103,3.262904011491305,0.0,29200.648812649997
GRIFFAINUSDT,2024-12-20,e2324,mature_d60_d66,65,1440.0,30.446291897544345,43.74829288503582,24.901375057908453,3.6366012689840006,0.0,20073.971036969997
GRIFFAINUSDT,2024-12-20,e2324,mature_d60_d66,66,1440.0,41.40956401856775,57.49929511659666,36.1253322915428,1.6621202854076622,0.0,35307.78759762999
GUNUSDT,2025-03-31,e2526,listing_d1_d7,1,1440.0,68.76065342870142,97.81332925086782,64.21838918931337,1.1373002427022827,0.0,78837.07216172999
GUNUSDT,2025-03-31,e2526,listing_d1_d7,2,1440.0,56.43594214165019,79.96853267708548,51.3565783925515,1.39740216023183,0.0,55221.89993373
GUNUSDT,2025-03-31,e2526,listing_d1_d7,3,1440.0,42.61335953545951,59.13206724920247,34.73130069507322,2.2428065476773362,0.0,29617.56154043
GUNUSDT,2025-03-31,e2526,listing_d1_d7,4,1440.0,38.47024410627817,55.13976138179816,38.13247631304107,2.171492938868187,0.0,28902.567508659995
GUNUSDT,2025-03-31,e2526,listing_d1_d7,5,1440.0,43.628432636065824,66.44720414777305,40.02591061641482,1.695580050646385,0.0,64041.97533178
GUNUSDT,2025-03-31,e2526,listing_d1_d7,6,1440.0,58.02856461532296,78.87214880821094,47.755761781571316,0.5504801177463609,0.0,156167.67140633
GUNUSDT,2025-03-31,e2526,listing_d1_d7,7,1440.0,52.41095905462461,75.07561334336907,46.78208561507875,1.3904285609480072,0.0,49368.54314834
GUNUSDT,2025-03-31,e2526,mature_d60_d66,60,1440.0,18.032238341765733,28.126155552816943,24.187500800144473,68.81013284109137,17.0,4392.81760074
GUNUSDT,2025-03-31,e2526,mature_d60_d66,61,1440.0,13.488137025209413,23.423777810306206,19.01559352228347,95.03566992527841,38.0,1978.01115386
GUNUSDT,2025-03-31,e2526,mature_d60_d66,62,1440.0,10.31726659230139,17.682349437979976,12.826866742050216,198.44199689086145,48.0,1099.99137955
GUNUSDT,2025-03-31,e2526,mature_d60_d66,63,1440.0,10.012515644555286,15.159171298635497,10.984482102723428,365.71300375029,39.0,992.85619346
GUNUSDT,2025-03-31,e2526,mature_d60_d66,64,1440.0,9.815950920244997,14.814814814814639,11.58152967718686,289.17444858110616,54.0,839.9036618800001
GUNUSDT,2025-03-31,e2526,mature_d60_d66,65,1440.0,10.970930344522621,18.952214390000524,13.603490453828634,224.91962921007897,40.0,1439.6022239899999
GUNUSDT,2025-03-31,e2526,mature_d60_d66,66,1440.0,13.36541031809715,21.157038401052912,17.915361808486136,183.8013900275962,22.0,1982.75582626
HAEDALUSDT,2025-04-30,e2526,listing_d1_d7,1,1440.0,56.28291964762719,85.88813704662223,53.079476870599365,1.9172165219927364,0.0,60939.6836763
HAEDALUSDT,2025-04-30,e2526,listing_d1_d7,2,1440.0,56.80549607002525,86.85811485581634,75.41864630704958,0.8111328275908992,0.0,117865.7019048
HAEDALUSDT,2025-04-30,e2526,listing_d1_d7,3,1440.0,56.22525170268918,80.66776870266038,48.18224333620471,0.7764508675177001,0.0,85734.86463100002
HAEDALUSDT,2025-04-30,e2526,listing_d1_d7,4,1440.0,43.81083956636255,62.351238001613396,37.98025667189328,1.207488867953024,0.0,52052.0283708
HAEDALUSDT,2025-04-30,e2526,listing_d1_d7,5,1440.0,45.35665421607153,62.639830696140486,37.42909104629428,1.2917703595994678,0.0,47024.786937799996
HAEDALUSDT,2025-04-30,e2526,listing_d1_d7,6,1440.0,52.51543430413367,76.22162068350268,47.12157093946809,0.8810441528025267,0.0,92737.44988100001
HAEDALUSDT,2025-04-30,e2526,listing_d1_d7,7,1440.0,36.72927235948317,51.12157341331504,32.51557501371057,1.9302994241753748,0.0,33022.0527935
HAEDALUSDT,2025-04-30,e2526,mature_d60_d66,60,1440.0,6.510946571978681,12.005522670163787,9.236575562107223,27.54125486848083,100.0,1539.2576279
HAEDALUSDT,2025-04-30,e2526,mature_d60_d66,61,1440.0,8.872417475808922,14.243325115005884,10.769348970134937,31.417165530052195,57.0,1403.5558021
HAEDALUSDT,2025-04-30,e2526,mature_d60_d66,62,1440.0,7.485963934372317,12.582045836236794,9.47128938381819,37.22763042342556,91.0,1112.4944514
HAEDALUSDT,2025-04-30,e2526,mature_d60_d66,63,1440.0,8.06747797250839,13.706106157237707,10.528802205213525,34.43696093528467,66.0,1150.2130828999998
HAEDALUSDT,2025-04-30,e2526,mature_d60_d66,64,1440.0,9.518899115450134,15.900790003280326,12.353955586612738,28.362552554083887,81.0,1867.2357182
HAEDALUSDT,2025-04-30,e2526,mature_d60_d66,65,1440.0,10.938355159905871,18.020841494945323,13.42111282704084,25.944600237001502,22.0,1891.1134693
HAEDALUSDT,2025-04-30,e2526,mature_d60_d66,66,1440.0,5.907178085908995,10.708622514088674,8.824915932427125,41.07030757002905,113.0,928.1080483
HEIUSDT,2025-02-14,e2526,listing_d1_d7,1,1440.0,34.47095878401689,49.153990666196414,29.64059199442511,3.967341935225031,0.0,18896.94371742
HEIUSDT,2025-02-14,e2526,listing_d1_d7,2,1440.0,28.690288337397813,40.832132029115854,32.01518677578286,4.687164893831864,0.0,12505.03842461
HEIUSDT,2025-02-14,e2526,listing_d1_d7,3,1440.0,24.891174323096184,35.910514480990294,23.640731387535883,5.704233199160655,2.0,9599.94015716
HEIUSDT,2025-02-14,e2526,listing_d1_d7,4,1440.0,21.682930220531823,31.04962865215137,21.411840165533167,5.92943482692965,1.0,8875.127242290002
HEIUSDT,2025-02-14,e2526,listing_d1_d7,5,1440.0,18.846915134441243,26.904321506641377,18.017997955350513,7.453407795301113,0.0,5991.946114140001
HEIUSDT,2025-02-14,e2526,listing_d1_d7,6,1440.0,19.99333555481471,26.792816317044185,17.88963995853936,7.3576849173849865,1.0,7098.46587699
HEIUSDT,2025-02-14,e2526,listing_d1_d7,7,1440.0,22.620779391662417,33.83890269391733,23.494873793017092,94.72104030223298,25.0,6355.74086611
HEIUSDT,2025-02-14,e2526,mature_d60_d66,60,1440.0,9.177118384827851,18.039692207248827,16.637402369663082,1020.5692092011811,135.0,1324.2957914200001
HEIUSDT,2025-02-14,e2526,mature_d60_d66,61,1440.0,11.740535205754334,17.988308813057216,14.390384330680718,494.82957907289676,130.0,918.7276538599999
HEIUSDT,2025-02-14,e2526,mature_d60_d66,62,1440.0,8.694406904795153,14.598540145985414,20.600150918347854,1479.268341282319,277.0,967.6292874799999
HEIUSDT,2025-02-14,e2526,mature_d60_d66,63,1440.0,5.87112885098333,11.730205278591082,10.712496939465495,1709.42375890093,340.0,649.31658653
HEIUSDT,2025-02-14,e2526,mature_d60_d66,64,1440.0,2.952901289824168,8.883624518804337,8.802446309219944,2373.610782715772,504.0,324.02630564000003
HEIUSDT,2025-02-14,e2526,mature_d60_d66,65,1440.0,5.884949369694991,16.229375169057207,13.848063189608043,834.8371063433005,344.0,838.0760824099999
HEIUSDT,2025-02-14,e2526,mature_d60_d66,66,1440.0,8.519097147463874,14.540167442508785,13.27203285676478,1706.4507846389542,331.0,670.11724158
HIFIUSDT,2023-08-28,e2324,listing_d1_d7,1,1440.0,7.056831777739368,23.35346389240254,21.04675307452116,2219.8410350202666,363.0,987.43411801
HIFIUSDT,2023-08-28,e2324,listing_d1_d7,2,1440.0,7.168547469090398,19.415932257838186,16.945525053934723,2397.210945930073,269.0,1066.76467563
HIFIUSDT,2023-08-28,e2324,listing_d1_d7,3,1440.0,4.5562288106632005,15.3103198135625,16.141633623252645,3050.3225348607975,379.0,428.03314770000003
HIFIUSDT,2023-08-28,e2324,listing_d1_d7,4,1440.0,0.0,10.153275330484359,15.056310611162058,3648.1956798216843,632.0,321.5407753
HIFIUSDT,2023-08-28,e2324,listing_d1_d7,5,1440.0,20.590906436199287,54.85048095924018,40.25070549015144,1613.9512248302347,376.0,10840.31378909
HIFIUSDT,2023-08-28,e2324,listing_d1_d7,6,1440.0,39.600130435200334,77.34979005893518,55.86351906925218,1.856118338384229,0.0,59925.56291785
HIFIUSDT,2023-08-28,e2324,listing_d1_d7,7,1440.0,24.80283524385154,46.74693858534903,39.083732125239585,29.242910734419183,0.0,34014.014432799995
HIFIUSDT,2023-08-28,e2324,mature_d60_d66,60,1440.0,24.78335223850224,40.66662199021775,28.981835132827104,1.7760151611444135,0.0,44222.76109797
HIFIUSDT,2023-08-28,e2324,mature_d60_d66,61,1440.0,14.510238824124674,22.648729925607785,18.962889128648165,4.638634657542438,5.0,21884.27435511
HIFIUSDT,2023-08-28,e2324,mature_d60_d66,62,1440.0,16.480715424881154,27.109661458765718,23.977007314492607,2.691556940835716,3.0,37746.11098115
HIFIUSDT,2023-08-28,e2324,mature_d60_d66,63,1440.0,14.73274622698806,20.954398950123107,17.201236508485067,3.4596866863407563,0.0,17615.948597259998
HIFIUSDT,2023-08-28,e2324,mature_d60_d66,64,1440.0,14.967665638549311,21.853557149412655,15.965137374519955,3.431462594444953,2.0,20436.90441476
HIFIUSDT,2023-08-28,e2324,mature_d60_d66,65,1440.0,14.561852032027767,20.869829002446274,14.960559663095014,3.4680833331002523,1.0,15465.63314821
HIFIUSDT,2023-08-28,e2324,mature_d60_d66,66,1440.0,13.229735791442915,18.346224702975885,11.617005158507201,3.390761993500624,4.0,11168.223512680002
HIPPOUSDT,2024-11-14,e2324,listing_d1_d7,1,1440.0,109.14663106985361,153.26534208098866,89.62337056011431,1.8811040172584794,0.0,132139.4403824
HIPPOUSDT,2024-11-14,e2324,listing_d1_d7,2,1440.0,70.29150600207689,105.66656581770133,64.30138988290899,1.2148755151230508,0.0,100385.2884104
HIPPOUSDT,2024-11-14,e2324,listing_d1_d7,3,1440.0,47.160558735391604,66.64270697129011,42.698638505448415,1.44553956435818,0.0,55194.074921399995
HIPPOUSDT,2024-11-14,e2324,listing_d1_d7,4,1440.0,36.315957993210866,52.327574386398425,36.72789184539161,1.4242646525618996,0.0,58239.1620948
HIPPOUSDT,2024-11-14,e2324,listing_d1_d7,5,1440.0,32.97220913801254,46.685371357040935,30.595419444280186,1.2989664372417353,0.0,47859.203337700004
HIPPOUSDT,2024-11-14,e2324,listing_d1_d7,6,1440.0,34.53237696039618,46.83840749414532,32.25476493263594,1.3066458215066306,0.0,44070.3712769
HIPPOUSDT,2024-11-14,e2324,listing_d1_d7,7,1440.0,44.36522146232856,68.15630244468103,41.1864178365471,1.3433870885860115,0.0,47826.11225499999
HIPPOUSDT,2024-11-14,e2324,mature_d60_d66,60,1440.0,25.70711075865777,28.612303290414957,22.32994318675758,8.238093970621735,19.0,8811.7820378
HIPPOUSDT,2024-11-14,e2324,mature_d60_d66,61,1440.0,13.106159895151324,25.806451612903295,16.067211769691564,161.96406874005135,77.0,3893.8758921
HIPPOUSDT,2024-11-14,e2324,mature_d60_d66,62,1440.0,12.987012987012458,24.420024420025545,20.055045558728775,24.419169120151132,59.0,7868.5637317
HIPPOUSDT,2024-11-14,e2324,mature_d60_d66,63,1440.0,12.121212121211627,24.125452352230617,18.691596780845014,34.03681472706871,70.0,5738.6364367
HIPPOUSDT,2024-11-14,e2324,mature_d60_d66,64,1440.0,11.933174224343189,23.647656217214895,17.728589412605935,231.8209514078323,56.0,6368.986967999999
HIPPOUSDT,2024-11-14,e2324,mature_d60_d66,65,1440.0,13.089005235601562,26.14379084967327,20.48756702507703,360.58134895425945,28.0,6905.3617237
HIPPOUSDT,2024-11-14,e2324,mature_d60_d66,66,1440.0,25.55911586690266,40.4312668463607,32.77967376721397,16.67372705826743,7.0,12967.778222899999
HIVEUSDT,2024-12-23,e2324,listing_d1_d7,1,1440.0,28.07805755185752,43.224046489459596,30.273067230466157,11.283711729010058,0.0,16239.508564499998
HIVEUSDT,2024-12-23,e2324,listing_d1_d7,2,1440.0,23.760042622707736,38.61290625996609,31.43262352502511,12.681196344586056,9.0,14978.2758028
HIVEUSDT,2024-12-23,e2324,listing_d1_d7,3,1440.0,30.670143337415816,48.76191240808497,40.01165932300546,4.003587535004778,1.0,27601.257900900004
HIVEUSDT,2024-12-23,e2324,listing_d1_d7,4,1440.0,17.068413591874812,27.694438525463823,19.124450662418763,21.689918342906292,8.0,9230.1225307
HIVEUSDT,2024-12-23,e2324,listing_d1_d7,5,1440.0,23.560595415901908,38.96008234736025,27.96560423333436,59.74375768013165,19.0,17452.413275
HIVEUSDT,2024-12-23,e2324,listing_d1_d7,6,1440.0,61.99335551572505,87.8959907280218,53.439939549219524,0.33693086989738874,0.0,221002.061458
HIVEUSDT,2024-12-23,e2324,listing_d1_d7,7,1440.0,27.43110469810437,40.01858388826114,26.846920672227412,0.6714288202727577,0.0,63158.0004635
HIVEUSDT,2024-12-23,e2324,mature_d60_d66,60,1440.0,8.830022266296856,15.231132699744213,12.505037364757749,32.24217147141735,57.0,7697.4673484
HIVEUSDT,2024-12-23,e2324,mature_d60_d66,61,1440.0,5.819028222286238,11.661807580174047,10.646648888283478,251.65101080252842,332.0,2802.1555762
HIVEUSDT,2024-12-23,e2324,mature_d60_d66,62,1440.0,2.935133548576137,8.787346221440563,8.098232868630086,270.09893962363344,500.0,1871.6537218999997
HIVEUSDT,2024-12-23,e2324,mature_d60_d66,63,1440.0,9.472687085569774,15.741848275325548,14.65915415151782,159.36844132461331,38.0,3691.5084407
HIVEUSDT,2024-12-23,e2324,mature_d60_d66,64,1440.0,20.99003037808453,31.562478617146528,22.277698989731807,11.51695472785889,3.0,6092.3236449999995
HIVEUSDT,2024-12-23,e2324,mature_d60_d66,65,1440.0,10.555947823458691,18.238207169250447,14.262507904748757,94.55893645664723,41.0,4859.599235400001
HIVEUSDT,2024-12-23,e2324,mature_d60_d66,66,1440.0,10.341261633919155,14.010507880909142,10.74102440177955,31.488067299607145,51.0,3046.5876633000003
HMSTRUSDT,2024-09-13,e2324,listing_d1_d7,1,1440.0,121.63345410628051,178.57142857142787,114.56997989437696,87.353163766571,7.0,3334.1835318999997
HMSTRUSDT,2024-09-13,e2324,listing_d1_d7,2,1440.0,79.49125596184372,113.26860841423944,67.09606356827372,201.38175240834636,30.0,1939.84571
HMSTRUSDT,2024-09-13,e2324,listing_d1_d7,3,1440.0,67.56756756756775,104.21195652173941,71.38279861036925,384.73202133221076,86.0,1579.5067889
HMSTRUSDT,2024-09-13,e2324,listing_d1_d7,4,1440.0,49.58677685950498,67.5961494489415,40.498718777303296,433.29085348169747,204.0,647.4935967000001
HMSTRUSDT,2024-09-13,e2324,listing_d1_d7,5,1440.0,33.38898163606019,65.35947712418177,37.38485881844118,572.6619341029751,130.0,733.518044
HMSTRUSDT,2024-09-13,e2324,listing_d1_d7,6,1440.0,47.92332268370551,78.12499999999952,82.02825070243135,454.6505359738051,53.0,1792.6520173
HMSTRUSDT,2024-09-13,e2324,listing_d1_d7,7,1440.0,83.97484868073126,136.7554858934173,87.09719059575897,107.59341986561286,13.0,4080.2633787000004
HMSTRUSDT,2024-09-13,e2324,mature_d60_d66,60,1440.0,43.22247631040941,61.15367428286453,35.024309967379246,0.2815374193912765,0.0,175997.52726474003
HMSTRUSDT,2024-09-13,e2324,mature_d60_d66,61,1440.0,38.228739145791245,52.63161865900359,30.67266886197934,0.35667509568883254,0.0,129071.33330296999
HMSTRUSDT,2024-09-13,e2324,mature_d60_d66,62,1440.0,32.7662385927241,47.10257500436164,35.4387999851246,0.386924409137236,0.0,140136.91598363
HMSTRUSDT,2024-09-13,e2324,mature_d60_d66,63,1440.0,34.67129012181024,52.16869123836095,35.13333595445424,0.4006805210779601,0.0,147210.12150167002
HMSTRUSDT,2024-09-13,e2324,mature_d60_d66,64,1440.0,22.26895988556547,29.949469035947235,18.119525384236184,0.5522539436271368,0.0,54038.187623800004
HMSTRUSDT,2024-09-13,e2324,mature_d60_d66,65,1440.0,27.366588307529682,38.046926376583784,23.37581272252222,0.5984292738278968,0.0,64844.09777464
HMSTRUSDT,2024-09-13,e2324,mature_d60_d66,66,1440.0,29.13138862237468,45.04505453785536,33.306991138774116,0.5453600896021646,0.0,102479.58255939999
HOMEUSDT,2025-06-10,e2526,listing_d1_d7,1,1440.0,74.661266474251,108.0352667278399,60.2013477876552,0.5327686267941567,0.0,151215.564915
HOMEUSDT,2025-06-10,e2526,listing_d1_d7,2,1440.0,55.2841845589603,76.60124504732634,71.08260413168479,0.4600704678356653,0.0,180948.0713792
HOMEUSDT,2025-06-10,e2526,listing_d1_d7,3,1440.0,53.49636988918591,73.95538062847312,44.028041287183584,0.6280917570349173,0.0,113146.8251994
HOMEUSDT,2025-06-10,e2526,listing_d1_d7,4,1440.0,42.9491823092104,60.363628323505516,38.58341123907508,0.6178195426273654,0.0,105943.7826742
HOMEUSDT,2025-06-10,e2526,listing_d1_d7,5,1440.0,26.465028355387755,37.313432835821,21.888971650712996,1.0230959060671736,0.0,42085.752265300005
HOMEUSDT,2025-06-10,e2526,listing_d1_d7,6,1440.0,22.514071294559486,33.2502086648968,20.85605410974159,1.307733674821414,1.0,29806.096416099997
HOMEUSDT,2025-06-10,e2526,listing_d1_d7,7,1440.0,19.7824006371686,28.157683024938514,17.33734655103597,2.1122174236499633,0.0,21064.870336499996
HOMEUSDT,2025-06-10,e2526,mature_d60_d66,60,1440.0,10.032606600534628,15.291494292655953,12.066141931921907,27.509424430957413,37.0,4490.479137200001
HOMEUSDT,2025-06-10,e2526,mature_d60_d66,61,1440.0,10.14584670725824,17.458536791752874,13.17213440232495,20.906458053331175,48.0,3596.5165965
HOMEUSDT,2025-06-10,e2526,mature_d60_d66,62,1440.0,12.406947890818351,19.90544911669532,14.506820458617144,15.083665420720168,33.0,5724.717642
HOMEUSDT,2025-06-10,e2526,mature_d60_d66,63,1440.0,12.680699974638964,22.07370387866055,18.176874911362994,25.31165143726621,34.0,9321.2116587
HOMEUSDT,2025-06-10,e2526,mature_d60_d66,64,1440.0,15.898252012440231,26.249590792398287,19.160950571342187,7.424362526246735,11.0,13135.535093800001
HOMEUSDT,2025-06-10,e2526,mature_d60_d66,65,1440.0,13.305244647438537,23.128830316228743,21.007643565077082,11.657060573968122,11.0,9485.3293602
HOMEUSDT,2025-06-10,e2526,mature_d60_d66,66,1440.0,10.90750488208433,17.418761697848996,13.38069564230797,18.67209980231716,34.0,4310.2567057999995
HUSDT,2025-06-25,e2526,listing_d1_d7,1,1440.0,86.6518166253832,120.63617928517905,68.05074331776628,0.9087044705458867,0.0,115554.42631494
HUSDT,2025-06-25,e2526,listing_d1_d7,2,1440.0,65.33129620828939,87.87948777366702,55.280789567300886,1.1933531669327948,0.0,66653.05240907
HUSDT,2025-06-25,e2526,listing_d1_d7,3,1440.0,34.37095794083488,49.05851176664172,28.064175943890245,1.9035102597325355,0.0,27630.840477340003
HUSDT,2025-06-25,e2526,listing_d1_d7,4,1440.0,79.43923260160717,131.3179498364355,92.386003376886,0.6954950531774697,0.0,407968.7000308
HUSDT,2025-06-25,e2526,listing_d1_d7,5,1440.0,64.60553273659752,92.65392081811024,53.0577826415725,0.26451586948475825,0.0,301560.6921358
HUSDT,2025-06-25,e2526,listing_d1_d7,6,1440.0,56.81150049802899,93.68271427808092,66.25564395239468,0.32917827255431537,0.0,310749.24685096
HUSDT,2025-06-25,e2526,listing_d1_d7,7,1440.0,84.98380032570502,132.90762308608203,89.9877198796011,0.2034735233294278,0.0,620852.58471759
HUSDT,2025-06-25,e2526,mature_d60_d66,60,1440.0,14.268965147588101,25.903957031527185,21.649213863905267,9.288177466278624,12.0,10681.409217769999
HUSDT,2025-06-25,e2526,mature_d60_d66,61,1440.0,22.917734196651942,34.91759727657444,25.143731792257736,7.581405984906864,0.0,11907.333027109999
HUSDT,2025-06-25,e2526,mature_d60_d66,62,1440.0,13.383345281786658,21.309701153442635,17.965321614783953,19.18439059864166,20.0,5300.500564440001
HUSDT,2025-06-25,e2526,mature_d60_d66,63,1440.0,11.737428927481764,18.79082816573627,14.800594713381466,82.01322678208608,44.0,2644.79359153
HUSDT,2025-06-25,e2526,mature_d60_d66,64,1440.0,13.654596188234171,21.690570977718643,15.84706250555177,50.53657898702691,38.0,3664.90613617
HUSDT,2025-06-25,e2526,mature_d60_d66,65,1440.0,13.111026904129753,21.368092142213023,15.7810169695748,35.205257237559145,27.0,3292.8562842300003
HUSDT,2025-06-25,e2526,mature_d60_d66,66,1440.0,13.401009061389987,24.39820417837046,20.510877060392854,44.337376274483766,69.0,4998.30003401
ICNTUSDT,2025-07-03,e2526,listing_d1_d7,1,1440.0,63.81125461200154,90.75766449205261,70.51485110215076,1.2944603882963996,0.0,65212.80372719999
ICNTUSDT,2025-07-03,e2526,listing_d1_d7,2,1440.0,42.229797509190995,59.02204852370144,34.474505863731466,1.4316838166349208,0.0,42196.2993275
ICNTUSDT,2025-07-03,e2526,listing_d1_d7,3,1440.0,38.707181631745584,57.78557609040569,42.36173849163425,2.287287987423675,0.0,28996.685231700005
ICNTUSDT,2025-07-03,e2526,listing_d1_d7,4,1440.0,35.98562877008455,55.84934236747729,39.18764755507493,3.3042618055645296,0.0,25316.602951700002
ICNTUSDT,2025-07-03,e2526,listing_d1_d7,5,1440.0,45.19699081869188,74.09278131543124,44.44722113933657,2.517627372788149,0.0,61722.553141200005
ICNTUSDT,2025-07-03,e2526,listing_d1_d7,6,1440.0,30.211484671136883,45.24461449835991,29.05375733804896,2.6339465145068295,0.0,19995.489875799998
ICNTUSDT,2025-07-03,e2526,listing_d1_d7,7,1440.0,32.29279210151953,46.607521094482784,29.550230590532582,4.654451839340506,0.0,13823.0072735
ICNTUSDT,2025-07-03,e2526,mature_d60_d66,60,1440.0,3.842459315700759,11.3175519383931,9.221747176793944,294.70125048327736,430.0,367.6487071
ICNTUSDT,2025-07-03,e2526,mature_d60_d66,61,1440.0,7.117437722419145,17.656936259911117,22.295604827122606,255.2697305253055,399.0,2036.3437947
ICNTUSDT,2025-07-03,e2526,mature_d60_d66,62,1440.0,3.5587188612095724,10.664770707429108,10.72022163997303,246.89723512273454,474.0,566.9656057
ICNTUSDT,2025-07-03,e2526,mature_d60_d66,63,1440.0,7.154382907281429,14.5573654784978,13.89012425918533,358.0334920977529,387.0,966.8505989000001
ICNTUSDT,2025-07-03,e2526,mature_d60_d66,64,1440.0,3.768607633338807,11.046672470889515,11.16271712586439,278.6721949410855,425.0,718.0973335000001
ICNTUSDT,2025-07-03,e2526,mature_d60_d66,65,1440.0,3.7601054158521166,7.828572902042005,10.090696461171536,207.4371146198007,625.0,348.0231602
ICNTUSDT,2025-07-03,e2526,mature_d60_d66,66,1440.0,3.8602587811383255,7.821666014860847,8.936747951162566,273.02357469628333,560.0,273.3304128
IDEXUSDT,2023-05-23,e2324,listing_d1_d7,1,1440.0,9.155114411390642,15.678077625642054,12.460699552602696,287.1061646050739,171.0,2555.0489176
IDEXUSDT,2023-05-23,e2324,listing_d1_d7,2,1440.0,6.535520582126612,12.958823379646953,9.837927677038277,253.29035235783553,246.0,1510.4451114
IDEXUSDT,2023-05-23,e2324,listing_d1_d7,3,1440.0,7.685902804859474,15.017364929722332,11.590099755275029,195.45677899390338,229.0,2062.6464499999997
IDEXUSDT,2023-05-23,e2324,listing_d1_d7,4,1440.0,5.197505197504985,10.33658828838957,7.4039151728289045,189.66743878678372,306.0,1131.7246449
IDEXUSDT,2023-05-23,e2324,listing_d1_d7,5,1440.0,4.448977513212589,10.157440816404245,8.215286151366026,89.63366886059511,275.0,1388.1344087
IDEXUSDT,2023-05-23,e2324,listing_d1_d7,6,1440.0,14.206230248481054,29.375480090126587,23.55434875502803,105.28181870953762,114.0,8865.3068281
IDEXUSDT,2023-05-23,e2324,listing_d1_d7,7,1440.0,14.590143882018493,25.37305450744235,20.06807840417642,70.97396686605744,67.0,8776.4893402
IDEXUSDT,2023-05-23,e2324,mature_d60_d66,60,1440.0,5.84169069407065,10.155934613956298,9.28590278764875,554.4297747466911,398.0,1089.8192785
IDEXUSDT,2023-05-23,e2324,mature_d60_d66,61,1440.0,3.984857541342735,10.034619512847032,8.277197626634843,1126.174752888277,541.0,336.02277769999995
IDEXUSDT,2023-05-23,e2324,mature_d60_d66,62,1440.0,8.068583693794846,14.447139989308658,17.23204604425765,807.3031601582968,298.0,545.8628593
IDEXUSDT,2023-05-23,e2324,mature_d60_d66,63,1440.0,4.1004613449864635,10.269576461213413,9.057115198804386,2052.5004269791225,450.0,191.24003109999998
IDEXUSDT,2023-05-23,e2324,mature_d60_d66,64,1440.0,4.04326295448274,10.200438698469892,8.774080174925055,1594.9883311819046,492.0,477.5731856
IDEXUSDT,2023-05-23,e2324,mature_d60_d66,65,1440.0,1.9982016384900205,9.843004156376777,7.628727868028201,1491.763827919171,571.0,279.819137
IDEXUSDT,2023-05-23,e2324,mature_d60_d66,66,1440.0,0.0,5.954448865174221,6.730491417408996,978.00616420581,709.0,428.9536322
INITUSDT,2025-04-14,e2526,listing_d1_d7,1,1440.0,77.06671551015067,154.0362525919404,98.32930327809972,1757.0502064942295,277.0,1519.3398851999998
INITUSDT,2025-04-14,e2526,listing_d1_d7,2,1440.0,117.28246471862549,184.94129558516588,105.68143741836226,1297.3491730137118,139.0,2082.2272124
INITUSDT,2025-04-14,e2526,listing_d1_d7,3,1440.0,59.34154585052745,93.2563278798846,51.67432017709034,326.8171780380137,167.0,3614.7777768
INITUSDT,2025-04-14,e2526,listing_d1_d7,4,1440.0,29.73174528298069,53.66399343296158,32.7975003690541,303.465653837693,281.0,1256.7006918000002
INITUSDT,2025-04-14,e2526,listing_d1_d7,5,1440.0,12.126928573537405,33.9236270208499,20.22892952211229,241.8846629499627,464.0,692.9496572
INITUSDT,2025-04-14,e2526,listing_d1_d7,6,1440.0,9.519926657853675,29.75486307630318,20.419077365229583,280.6643952586979,494.0,631.5367117999999
INITUSDT,2025-04-14,e2526,listing_d1_d7,7,1440.0,5.359132222657855,31.591258789592114,21.53945181725767,454.24396898748216,592.0,639.4396135
INITUSDT,2025-04-14,e2526,mature_d60_d66,60,1440.0,33.115413001858784,46.36706856157493,28.817104136400282,0.7799821580872245,0.0,60820.83037190001
INITUSDT,2025-04-14,e2526,mature_d60_d66,61,1440.0,22.261385962793703,31.211288768581515,20.81078042199954,1.2688093630938222,0.0,35855.1765264
INITUSDT,2025-04-14,e2526,mature_d60_d66,62,1440.0,15.197568389057134,21.25090691716699,14.481876421844401,1.7736375510704419,0.0,20594.9776285
INITUSDT,2025-04-14,e2526,mature_d60_d66,63,1440.0,21.699822006522908,30.777623795670067,19.863973100189714,1.7207206440802958,0.0,24082.6803073
INITUSDT,2025-04-14,e2526,mature_d60_d66,64,1440.0,22.607385881521015,31.24296348876263,21.012186417182008,2.2071895012521066,0.0,22127.522204099998
INITUSDT,2025-04-14,e2526,mature_d60_d66,65,1440.0,19.874790596773046,27.845462875829433,18.875576067132315,3.4991574028859693,0.0,12319.317164500002
INITUSDT,2025-04-14,e2526,mature_d60_d66,66,1440.0,13.729528424677355,19.558945913130103,13.396981403360577,6.60317589518555,3.0,6654.6352445
IOUSDT,2024-06-11,e2324,listing_d1_d7,1,1440.0,84.88006833619146,126.5577977197957,70.2317416482043,0.31739842494004616,0.0,417706.68129720003
IOUSDT,2024-06-11,e2324,listing_d1_d7,2,1440.0,69.40300267369388,100.00292506151396,58.42396023672177,0.19118994472156908,0.0,394069.8642702
IOUSDT,2024-06-11,e2324,listing_d1_d7,3,1440.0,46.502271542641,65.21576849467176,38.63946132229026,0.2480614088911202,0.0,219356.5562745
IOUSDT,2024-06-11,e2324,listing_d1_d7,4,1440.0,32.961709041165044,46.43145270826718,28.592736192368122,0.3595036646403267,0.0,126527.80404029999
IOUSDT,2024-06-11,e2324,listing_d1_d7,5,1440.0,30.29155622870128,43.28401639149395,25.816103432499702,0.31548847572404204,0.0,139226.6799318
IOUSDT,2024-06-11,e2324,listing_d1_d7,6,1440.0,35.32177610357811,48.352434804453864,30.31098540844173,0.32362745632624795,0.0,146638.9845105
IOUSDT,2024-06-11,e2324,listing_d1_d7,7,1440.0,40.14452099182982,55.25231100325792,35.222022028347524,0.4787199451195542,0.0,114194.835489
IOUSDT,2024-06-11,e2324,mature_d60_d66,60,1440.0,18.061408789886293,24.271844660194198,16.243161878117917,2.0806049495547727,1.0,18887.233358500005
IOUSDT,2024-06-11,e2324,mature_d60_d66,61,1440.0,18.192844147969154,25.591810620601432,16.443503697656553,2.69064749905259,1.0,20856.133067900002
IOUSDT,2024-06-11,e2324,mature_d60_d66,62,1440.0,19.960079840319377,32.5839139368203,21.63367140146719,2.3125925247467176,2.0,29507.155888800004
IOUSDT,2024-06-11,e2324,mature_d60_d66,63,1440.0,18.714938677345366,30.70310970150286,21.897409132370438,3.6369002145799967,3.0,25804.1181758
IOUSDT,2024-06-11,e2324,mature_d60_d66,64,1440.0,18.226002430134347,29.83738823780926,18.83059177663276,2.3164611382376568,5.0,24152.5511789
IOUSDT,2024-06-11,e2324,mature_d60_d66,65,1440.0,23.59882005899707,35.35651149086627,22.628423262808177,1.5483425076953705,0.0,36356.003957400004
IOUSDT,2024-06-11,e2324,mature_d60_d66,66,1440.0,24.279231052068106,36.5463707477616,24.829270444507355,1.50543313985063,0.0,28378.811076899998
JELLYJELLYUSDT,2025-01-30,e2526,listing_d1_d7,1,1440.0,166.97976097950334,255.34004932491683,139.17570210651442,0.6079193645436526,0.0,303475.49783259997
JELLYJELLYUSDT,2025-01-30,e2526,listing_d1_d7,2,1440.0,105.82022431647982,161.7796304985971,94.74305015724723,0.937486601461833,0.0,126303.6550474
JELLYJELLYUSDT,2025-01-30,e2526,listing_d1_d7,3,1440.0,110.34503751731303,159.57446808510585,96.66281404757225,1.65790486061713,0.0,78655.08197130001
JELLYJELLYUSDT,2025-01-30,e2526,listing_d1_d7,4,1440.0,130.08164473962552,183.77228708480402,113.09582456019558,1.2342335729708946,0.0,121282.7009049
JELLYJELLYUSDT,2025-01-30,e2526,listing_d1_d7,5,1440.0,88.49557522123942,123.45679012345606,68.01874491365258,2.0809107152934563,0.0,58425.47209720001
JELLYJELLYUSDT,2025-01-30,e2526,listing_d1_d7,6,1440.0,108.30324909747227,147.87447546068307,85.3993532547616,2.061926835909745,0.0,79919.7451122
JELLYJELLYUSDT,2025-01-30,e2526,listing_d1_d7,7,1440.0,90.0281785240586,121.7822729387079,81.16595132247261,1.587082889850487,0.0,77249.85184812901
JELLYJELLYUSDT,2025-01-30,e2526,mature_d60_d66,60,1440.0,42.93133516445733,62.58860048491631,39.134081972612975,3.1049334397471546,0.0,21933.25334308
JELLYJELLYUSDT,2025-01-30,e2526,mature_d60_d66,61,1440.0,40.75485742139732,55.96821728444263,30.751706485966764,3.952420150784589,0.0,15286.979414067
JELLYJELLYUSDT,2025-01-30,e2526,mature_d60_d66,62,1440.0,35.75933155540331,49.268409901448706,31.935985546335875,3.390042088083601,0.0,14821.237447479998
JELLYJELLYUSDT,2025-01-30,e2526,mature_d60_d66,63,1440.0,29.36915842642428,40.2828990121335,24.00847430803218,5.948122364639568,0.0,8145.187279058
JELLYJELLYUSDT,2025-01-30,e2526,mature_d60_d66,64,1440.0,26.20836781143581,38.704348702365834,23.391375048021665,7.563955124429676,0.0,6716.704038279001
JELLYJELLYUSDT,2025-01-30,e2526,mature_d60_d66,65,1440.0,23.93936422346525,37.49307840063993,23.911112857568106,6.451198849812706,0.0,10286.611891074
JELLYJELLYUSDT,2025-01-30,e2526,mature_d60_d66,66,1440.0,26.731809022929582,38.68562813332305,25.373806611296146,6.294210730119723,0.0,8619.09045702
JOEUSDT,2023-03-29,e2324,listing_d1_d7,1,1440.0,25.768616417178777,42.112844391569446,27.776092076772937,18.831776730267038,13.0,27486.981969099998
JOEUSDT,2023-03-29,e2324,listing_d1_d7,2,1440.0,19.34002430068381,33.18550252911063,23.514371450253602,9.484817626643247,22.0,29665.30188125
JOEUSDT,2023-03-29,e2324,listing_d1_d7,3,1440.0,11.529756524939335,21.55396212724144,16.120178566493287,78.13670876291715,101.0,11412.948756099999
JOEUSDT,2023-03-29,e2324,listing_d1_d7,4,1440.0,15.74999096393864,26.638880611062643,18.632780530303048,69.53012448538948,61.0,14815.806367899999
JOEUSDT,2023-03-29,e2324,listing_d1_d7,5,1440.0,18.08666292618306,28.946202904773624,22.205719987618224,33.750894456305396,43.0,14030.467751049999
JOEUSDT,2023-03-29,e2324,listing_d1_d7,6,1440.0,11.480114801148567,20.469258274135946,15.57803747211235,78.57576453175636,139.0,6917.276880699999
JOEUSDT,2023-03-29,e2324,listing_d1_d7,7,1440.0,9.221998917886816,16.495865913045566,14.354049891288494,123.27080614248153,193.0,5925.974978049999
JOEUSDT,2023-03-29,e2324,mature_d60_d66,60,1440.0,4.130524654924354,9.671848152318612,11.390881953158356,239.75930884816216,463.0,1694.4833866000001
JOEUSDT,2023-03-29,e2324,mature_d60_d66,61,1440.0,20.005002501250505,31.005076040486266,20.39255020136148,23.081051133842422,22.0,15669.229444449998
JOEUSDT,2023-03-29,e2324,mature_d60_d66,62,1440.0,25.196180597274214,38.89597019315578,25.220149864024865,38.404953162522034,6.0,26002.41533705
JOEUSDT,2023-03-29,e2324,mature_d60_d66,63,1440.0,13.904689894784347,22.619683477261898,17.274113076382488,17.57660042863601,15.0,13314.40684755
JOEUSDT,2023-03-29,e2324,mature_d60_d66,64,1440.0,16.739206549280734,27.4876315633687,19.144952068979574,81.11515666900196,40.0,16047.877675599999
JOEUSDT,2023-03-29,e2324,mature_d60_d66,65,1440.0,13.732346917568355,22.03492716270863,15.956539851618658,20.216836597921976,25.0,11055.0145674
JOEUSDT,2023-03-29,e2324,mature_d60_d66,66,1440.0,12.271996587884862,19.30830993330938,14.01086586325608,40.67592645873885,56.0,9351.4341979
JTOUSDT,2023-12-08,e2324,listing_d1_d7,1,1440.0,68.96551724137963,101.56218214251854,59.075788127662044,0.43157449578522716,0.0,299402.12888010003
JTOUSDT,2023-12-08,e2324,listing_d1_d7,2,1440.0,49.23968242302918,72.6290800384168,38.32206083614297,0.4351409144258248,0.0,140686.42022459998
JTOUSDT,2023-12-08,e2324,listing_d1_d7,3,1440.0,46.32694087686781,65.43929555293094,62.936289185087375,0.4508039911685127,0.0,144513.0080374
JTOUSDT,2023-12-08,e2324,listing_d1_d7,4,1440.0,41.97273827340444,57.166343806423946,29.586052473552492,0.6494671444964609,0.0,81500.17159130001
JTOUSDT,2023-12-08,e2324,listing_d1_d7,5,1440.0,33.22872551858121,47.74584640109538,28.617125159963752,0.6992186463785668,0.0,69695.4010221
JTOUSDT,2023-12-08,e2324,listing_d1_d7,6,1440.0,42.079951908627095,58.24989438773243,35.95891145992968,0.49115073734723264,0.0,121304.5887792
JTOUSDT,2023-12-08,e2324,listing_d1_d7,7,1440.0,46.94056166355716,62.973002322201395,37.68966554299315,0.41926829077888966,0.0,142003.5450902
JTOUSDT,2023-12-08,e2324,mature_d60_d66,60,1440.0,11.331444759206809,17.12328767123226,12.464575543982923,6.526849853188845,7.0,9524.492449700001
JTOUSDT,2023-12-08,e2324,mature_d60_d66,61,1440.0,11.254924029262813,16.882386043893593,12.489629270098334,5.706047766694762,8.0,11566.0401064
JTOUSDT,2023-12-08,e2324,mature_d60_d66,62,1440.0,10.793308148947661,16.21621621621593,10.853004098865531,9.422425766902668,10.0,7724.2171213
JTOUSDT,2023-12-08,e2324,mature_d60_d66,63,1440.0,15.440045263252163,25.163563160543276,16.35301695359948,4.464665499712077,1.0,19180.030663
JTOUSDT,2023-12-08,e2324,mature_d60_d66,64,1440.0,10.230179028133,15.337423312884017,10.558919250903353,23.956342955386155,6.0,9216.025364799998
JTOUSDT,2023-12-08,e2324,mature_d60_d66,65,1440.0,14.888337468980989,23.972193290429466,15.376815921024441,3.116875513792985,2.0,22007.931852600002
JTOUSDT,2023-12-08,e2324,mature_d60_d66,66,1440.0,15.128593040846654,20.449897750511266,14.179280816577858,19.007637487024,0.0,19531.8318893
JUPUSDT,2024-01-31,e2324,listing_d1_d7,1,1440.0,47.11733545470758,71.51500834477343,44.20727653127865,0.3678560447033252,0.0,174014.35178469997
JUPUSDT,2024-01-31,e2324,listing_d1_d7,2,1440.0,30.72790962585803,44.2588775980068,24.958722071825175,0.39518200512391394,0.0,116407.8720255
JUPUSDT,2024-01-31,e2324,listing_d1_d7,3,1440.0,22.616562967064407,31.24093672993446,19.994868953416262,0.5745378366998096,0.0,67755.99881810001
JUPUSDT,2024-01-31,e2324,listing_d1_d7,4,1440.0,21.045257638317203,28.73821353785999,16.955122547148836,0.6532924741943362,0.0,63244.8070893
JUPUSDT,2024-01-31,e2324,listing_d1_d7,5,1440.0,19.98728890502978,27.921263674049456,15.805874119444507,0.5442999757432712,0.0,61774.3564119
JUPUSDT,2024-01-31,e2324,listing_d1_d7,6,1440.0,19.277110045524097,26.11453087110585,15.609310941429921,0.5760131879766179,0.0,55348.934895499995
JUPUSDT,2024-01-31,e2324,listing_d1_d7,7,1440.0,23.10563624755436,36.2499453695924,21.53590305267922,0.4741895969008244,0.0,128795.4740593
JUPUSDT,2024-01-31,e2324,mature_d60_d66,60,1440.0,20.822143238225166,31.860398861504894,20.48312658126032,0.44621507763997836,0.0,97124.3819434
JUPUSDT,2024-01-31,e2324,mature_d60_d66,61,1440.0,36.52430008049293,51.58455572562922,31.129028119729416,0.2719432183532118,0.0,196134.92551929998
JUPUSDT,2024-01-31,e2324,mature_d60_d66,62,1440.0,32.83055354674192,44.02618391848405,28.222376813036718,0.39151757194082365,0.0,136594.8362284
JUPUSDT,2024-01-31,e2324,mature_d60_d66,63,1440.0,29.734604311153035,41.84357933206791,23.415466504120488,0.3340172849981236,0.0,120561.54298270002
JUPUSDT,2024-01-31,e2324,mature_d60_d66,64,1440.0,22.193447063816077,29.168219627262573,16.594676236171406,0.4327474229872236,0.0,80553.4131929
JUPUSDT,2024-01-31,e2324,mature_d60_d66,65,1440.0,24.741669975773128,34.14287183310181,19.254802038801436,0.5136229161800321,0.0,88163.086445
JUPUSDT,2024-01-31,e2324,mature_d60_d66,66,1440.0,20.840819690327393,27.719172282321065,16.832259373116695,0.7648756388522475,0.0,46219.6502799
KAITOUSDT,2025-02-20,e2526,listing_d1_d7,1,1440.0,114.49205320244963,167.03455970298813,95.74909467204836,0.2616348358397051,0.0,543747.3968218
KAITOUSDT,2025-02-20,e2526,listing_d1_d7,2,1440.0,60.87799558869825,88.55028657446599,54.224449146123234,0.31711416902474154,0.0,213838.43034360002
KAITOUSDT,2025-02-20,e2526,listing_d1_d7,3,1440.0,38.83635965090893,55.14288651281141,29.444588690610303,0.45143937316370025,0.0,100162.4419578
KAITOUSDT,2025-02-20,e2526,listing_d1_d7,4,1440.0,62.243078305844904,86.4210049199747,47.7108121957599,0.22364446722277934,0.0,358157.8163019
KAITOUSDT,2025-02-20,e2526,listing_d1_d7,5,1440.0,49.25852934102057,68.19377850240603,38.28675787648805,0.2785483244843687,0.0,208963.46474680002
KAITOUSDT,2025-02-20,e2526,listing_d1_d7,6,1440.0,61.98165484974947,90.62745281745903,50.74145337477824,0.18943813819683578,0.0,423982.6364965
KAITOUSDT,2025-02-20,e2526,listing_d1_d7,7,1440.0,60.3893500259607,85.07050839368925,44.3725981329621,0.16295534598830416,0.0,414992.478059
KAITOUSDT,2025-02-20,e2526,mature_d60_d66,60,1440.0,14.376266153005227,21.052404567078526,13.975581538120396,13.118365142988512,6.0,6342.3767542
KAITOUSDT,2025-02-20,e2526,mature_d60_d66,61,1440.0,17.785155573718896,25.69455795453985,18.62503417697343,7.880813440250423,2.0,8312.4846057
KAITOUSDT,2025-02-20,e2526,mature_d60_d66,62,1440.0,17.913126974641933,26.800666077872524,19.120162245022755,7.27941666812223,0.0,12046.6070958
KAITOUSDT,2025-02-20,e2526,mature_d60_d66,63,1440.0,17.9680874650168,25.06908247564655,17.5069159502897,9.440962918845363,2.0,8454.799294400002
KAITOUSDT,2025-02-20,e2526,mature_d60_d66,64,1440.0,14.72909402844664,21.62571529660139,15.529697127755469,9.178014026624465,0.0,7421.550775400001
KAITOUSDT,2025-02-20,e2526,mature_d60_d66,65,1440.0,18.393184021061273,27.265842167662914,19.333694365496896,7.912355146963648,1.0,10160.096628200003
KAITOUSDT,2025-02-20,e2526,mature_d60_d66,66,1440.0,13.375862988612965,19.759252395618272,14.493412111054065,12.092306692711619,2.0,6801.4091248
KASUSDT,2023-08-04,e2324,listing_d1_d7,1,1440.0,21.186440677965237,31.94888178913719,17.999980077511577,537.8437150757812,150.0,3104.9023635
KASUSDT,2023-08-04,e2324,listing_d1_d7,2,1440.0,20.811744667397083,38.79728419010646,21.75660700596586,407.80113097213757,122.0,4256.49091
KASUSDT,2023-08-04,e2324,listing_d1_d7,3,1440.0,19.999999999999186,39.292730844793475,25.707747850439493,284.40319172603574,143.0,6470.832397499999
KASUSDT,2023-08-04,e2324,listing_d1_d7,4,1440.0,22.11167065956081,42.82655246252651,26.324701507409536,61.09286217607676,116.0,6968.813714
KASUSDT,2023-08-04,e2324,listing_d1_d7,5,1440.0,10.822510822511132,21.645021645022265,16.9520810157765,308.69042235358324,286.0,1825.5747764999999
KASUSDT,2023-08-04,e2324,listing_d1_d7,6,1440.0,11.27395715896312,22.54791431792624,17.680767071462242,415.76118652689615,248.0,3030.7660155
KASUSDT,2023-08-04,e2324,listing_d1_d7,7,1440.0,22.560638874539062,34.21728807734902,21.38119052295094,113.70329072257967,108.0,4874.9771025
KASUSDT,2023-08-04,e2324,mature_d60_d66,60,1440.0,7.984828904777462,13.899920571882568,9.078297813325374,29.754785660931553,62.0,2990.6169996
KASUSDT,2023-08-04,e2324,mature_d60_d66,61,1440.0,5.991013539510893,11.951001252004536,8.106762187159227,89.22663944587808,82.0,3355.4102386
KASUSDT,2023-08-04,e2324,mature_d60_d66,62,1440.0,10.213461448589916,16.521246478260753,12.13479570888046,60.581555050531456,43.0,5369.6097609
KASUSDT,2023-08-04,e2324,mature_d60_d66,63,1440.0,8.228759514502853,14.432246796108311,10.211880629795719,75.32575636777216,94.0,4024.1453274
KASUSDT,2023-08-04,e2324,mature_d60_d66,64,1440.0,6.031969498986169,12.037920264205454,9.565900949485899,66.28127824557139,166.0,3564.7258075
KASUSDT,2023-08-04,e2324,mature_d60_d66,65,1440.0,6.085192697767812,12.056666696956261,9.106310464938483,86.16943045907377,210.0,2281.6832831
KASUSDT,2023-08-04,e2324,mature_d60_d66,66,1440.0,8.579088570510052,15.45936395759731,12.421158334205945,46.88049644338551,128.0,5935.1327155
KERNELUSDT,2025-04-14,e2526,listing_d1_d7,1,1440.0,71.68729545484224,103.11852238252777,61.82769659864613,1.259765108206934,0.0,68751.04416479998
KERNELUSDT,2025-04-14,e2526,listing_d1_d7,2,1440.0,62.400070087828645,90.05874268051672,65.42337000047041,1.3573694503173168,0.0,69794.401653
KERNELUSDT,2025-04-14,e2526,listing_d1_d7,3,1440.0,36.844664523404674,53.2092748486194,30.844353762131522,1.6827448729299948,0.0,36373.1900855
KERNELUSDT,2025-04-14,e2526,listing_d1_d7,4,1440.0,25.86652871184689,38.3417271932342,23.161106768689223,2.1081356986309254,0.0,22954.238125699998
KERNELUSDT,2025-04-14,e2526,listing_d1_d7,5,1440.0,25.62788313685292,36.697255274637484,25.95215661738862,5.306925908614815,0.0,14638.3376324
KERNELUSDT,2025-04-14,e2526,listing_d1_d7,6,1440.0,34.02188928553235,49.370534825919215,31.096200801162123,4.170353122039937,0.0,15781.352964
KERNELUSDT,2025-04-14,e2526,listing_d1_d7,7,1440.0,25.62805145892053,40.005002501251425,26.10235924282781,4.692964356160449,2.0,13215.8242335
KERNELUSDT,2025-04-14,e2526,mature_d60_d66,60,1440.0,17.809439002671926,27.002700270026526,20.480019007643246,81.1583022135156,47.0,2571.3387069
KERNELUSDT,2025-04-14,e2526,mature_d60_d66,61,1440.0,8.650519031142117,17.152658662091927,12.024769752182413,143.5003323432104,212.0,1047.3683702
KERNELUSDT,2025-04-14,e2526,mature_d60_d66,62,1440.0,8.745082563980452,8.986745913242396,11.16576034208813,165.20409486060782,261.0,869.8266993
KERNELUSDT,2025-04-14,e2526,mature_d60_d66,63,1440.0,8.375209380234164,16.66666666666599,13.6134714006056,402.6856288549414,233.0,1173.3114905
KERNELUSDT,2025-04-14,e2526,mature_d60_d66,64,1440.0,9.029347212846009,18.19836214740599,15.741626296290894,962.7628884004329,213.0,1148.6208350999998
KERNELUSDT,2025-04-14,e2526,mature_d60_d66,65,1440.0,9.380863039399893,18.744142455483196,15.392858505210205,502.1967277193543,179.0,1345.8711482
KERNELUSDT,2025-04-14,e2526,mature_d60_d66,66,1440.0,9.057971014493013,17.98965867809823,12.27920611704601,901.6671792191403,272.0,722.2806249
KEYUSDT,2023-05-29,e2324,listing_d1_d7,1,1440.0,17.946233293751412,27.475725895928583,22.57119880671625,483.2763046655997,23.0,5470.593454649999
KEYUSDT,2023-05-29,e2324,listing_d1_d7,2,1440.0,41.167297412915815,59.583066372436996,37.74909407988607,2.9768480047260986,0.0,28956.61373545
KEYUSDT,2023-05-29,e2324,listing_d1_d7,3,1440.0,39.27614018218436,57.76801719084511,36.71382797251204,0.9981348840412197,0.0,75070.04606735
KEYUSDT,2023-05-29,e2324,listing_d1_d7,4,1440.0,29.99389164094694,48.02726743070403,31.43523177257186,1.2228921007654425,0.0,55473.805866149996
KEYUSDT,2023-05-29,e2324,listing_d1_d7,5,1440.0,16.405448966767537,25.706941976841488,20.387358073952964,4.439763342125749,1.0,15453.6773691
KEYUSDT,2023-05-29,e2324,listing_d1_d7,6,1440.0,13.380057831955538,21.10956251760251,16.19717262375218,17.21268467761668,11.0,8975.21317275
KEYUSDT,2023-05-29,e2324,listing_d1_d7,7,1440.0,17.79388218349258,30.101506845895834,26.202405233243134,29.82063804658678,10.0,10408.554284000002
KEYUSDT,2023-05-29,e2324,mature_d60_d66,60,1440.0,7.341807017707163,11.932626630093237,8.494813311295676,169.09717372359572,201.0,941.3596127
KEYUSDT,2023-05-29,e2324,mature_d60_d66,61,1440.0,4.538028680341075,9.052026647620037,6.859251100128539,326.1417254680437,390.0,391.59138675
KEYUSDT,2023-05-29,e2324,mature_d60_d66,62,1440.0,6.22748099626405,10.721705537670347,8.955985588737848,189.86957851656942,270.0,779.7909491
KEYUSDT,2023-05-29,e2324,mature_d60_d66,63,1440.0,5.404431677787545,9.099388080279429,7.761478086448144,209.4931744836767,306.0,616.5264288
KEYUSDT,2023-05-29,e2324,mature_d60_d66,64,1440.0,6.273528190535844,10.782882190873142,10.562510694895394,393.11966571855055,289.0,676.5625804000001
KEYUSDT,2023-05-29,e2324,mature_d60_d66,65,1440.0,4.442667386261888,8.127144862026311,7.85556672657731,355.37299521133696,334.0,740.0660835000001
KEYUSDT,2023-05-29,e2324,mature_d60_d66,66,1440.0,4.619796864676046,9.12179883295857,7.602911179532188,257.5917596094017,357.0,522.75316695
L3USDT,2024-07-31,e2324,listing_d1_d7,1,1440.0,36.33500998022667,59.461746504639606,44.189098398727296,3.66604478310502,0.0,21137.5955615
L3USDT,2024-07-31,e2324,listing_d1_d7,2,1440.0,29.032501360932702,48.677049297170164,33.40208208426342,6.064491729012658,2.0,12423.7366405
L3USDT,2024-07-31,e2324,listing_d1_d7,3,1440.0,31.35620219441874,54.86969082303816,41.67444776993976,5.59411072354312,0.0,13353.393856699999
L3USDT,2024-07-31,e2324,listing_d1_d7,4,1440.0,39.40074203135446,65.94880279003367,52.69761249298574,6.147745227449039,0.0,17154.6513196
L3USDT,2024-07-31,e2324,listing_d1_d7,5,1440.0,44.06610312659678,78.72933124848221,63.409033075157424,8.819170062449848,2.0,15426.1306147
L3USDT,2024-07-31,e2324,listing_d1_d7,6,1440.0,25.162827607457483,43.43565571982134,34.87798681476633,17.09123675015079,8.0,6038.825642100001
L3USDT,2024-07-31,e2324,listing_d1_d7,7,1440.0,21.43394197367272,40.78838304746868,32.70214751115536,12.302863942247606,12.0,5704.7261831
L3USDT,2024-07-31,e2324,mature_d60_d66,60,1440.0,23.580987320432,35.04522232396848,23.057110572514546,16.007492114214966,7.0,4840.4834245
L3USDT,2024-07-31,e2324,mature_d60_d66,61,1440.0,24.38599547117188,38.379346905898835,24.507082018964372,33.49811807780882,30.0,4757.6713275
L3USDT,2024-07-31,e2324,mature_d60_d66,62,1440.0,27.557367618267573,45.17371021087651,29.846883361459792,48.98314099228312,40.0,5415.081631
L3USDT,2024-07-31,e2324,mature_d60_d66,63,1440.0,22.5903686510435,34.811197846044315,23.58273948262742,49.29025125658684,43.0,2811.8931245
L3USDT,2024-07-31,e2324,mature_d60_d66,64,1440.0,24.246956150265074,37.19028077390632,25.23874264616971,43.32183039398794,58.0,2303.2731771999997
L3USDT,2024-07-31,e2324,mature_d60_d66,65,1440.0,25.919565528961208,43.51231497362345,28.400677263341727,26.636971591186796,46.0,3867.6149123
L3USDT,2024-07-31,e2324,mature_d60_d66,66,1440.0,26.05395491484722,42.363186376515955,27.669315672641115,18.07238747811823,24.0,4525.694556299999
LABUSDT,2025-10-27,e2526,listing_d1_d7,1,1440.0,35.77818803496542,53.097345132742426,32.88689344804387,15.556087497162704,0.0,6770.186676400001
LABUSDT,2025-10-27,e2526,listing_d1_d7,2,1440.0,28.03083391730887,42.342978122795856,30.408364615351896,21.68203585750265,4.0,6402.4877359
LABUSDT,2025-10-27,e2526,listing_d1_d7,3,1440.0,53.94106962693323,132.9163507540073,157.87087434481012,13.648457245153754,0.0,165686.285741
LABUSDT,2025-10-27,e2526,listing_d1_d7,4,1440.0,119.83113227971407,189.8337645287094,129.13787248532745,0.6773585754354262,0.0,232175.1426949
LABUSDT,2025-10-27,e2526,listing_d1_d7,5,1440.0,61.33401882811736,86.85043126177355,55.16664984869558,1.1985499435811844,0.0,68993.4690926
LABUSDT,2025-10-27,e2526,listing_d1_d7,6,1440.0,63.16394433962846,94.7142991439591,65.81093189262836,1.4042928876665872,0.0,101723.5101181
LABUSDT,2025-10-27,e2526,listing_d1_d7,7,1440.0,58.51565299900044,85.65311947804793,51.57351445171661,1.6285478889337797,0.0,52650.386725
LABUSDT,2025-10-27,e2526,mature_d60_d66,60,1440.0,27.46649401190177,42.1234058352736,26.874660576672085,85.38793823618751,13.0,4268.5975052799995
LABUSDT,2025-10-27,e2526,mature_d60_d66,61,1440.0,20.761908438822527,32.22318326992438,24.87463135295925,155.91129231670485,22.0,3069.7054472699997
LABUSDT,2025-10-27,e2526,mature_d60_d66,62,1440.0,22.119883499568797,39.2660334069514,32.45356588151681,176.8239529311537,10.0,7327.05493156
LABUSDT,2025-10-27,e2526,mature_d60_d66,63,1440.0,19.07616876949018,29.552535674027617,19.437519356908467,143.69008183361586,6.0,2146.09218542
LABUSDT,2025-10-27,e2526,mature_d60_d66,64,1440.0,13.036597394839086,20.81904027302219,16.233933876022824,132.44781624433472,45.0,1729.5093527299998
LABUSDT,2025-10-27,e2526,mature_d60_d66,65,1440.0,18.572920293340125,32.44191219071413,22.937636057183877,145.48916879810054,36.0,2562.8332512499996
LABUSDT,2025-10-27,e2526,mature_d60_d66,66,1440.0,21.58709049241843,38.10467104303866,28.805103486268575,105.55749059931391,62.0,3787.3774691099998
LAUSDT,2025-06-05,e2526,listing_d1_d7,1,1440.0,66.58093783894212,92.33659620714519,55.55695130754477,0.4480010524043391,0.0,188753.24349812002
LAUSDT,2025-06-05,e2526,listing_d1_d7,2,1440.0,48.91209721166585,66.70419000734206,37.393670186866494,0.5843022146000478,0.0,96011.18214693
LAUSDT,2025-06-05,e2526,listing_d1_d7,3,1440.0,39.74220739654996,55.28397247108939,32.610196992158,0.6007894570416722,0.0,85110.91650808
LAUSDT,2025-06-05,e2526,listing_d1_d7,4,1440.0,35.80732306350621,50.27742193063338,29.70544666006387,0.6561869194243621,0.0,74336.40674794001
LAUSDT,2025-06-05,e2526,listing_d1_d7,5,1440.0,30.012969921594554,41.99695834663908,27.3642815043572,1.029629200638463,0.0,45510.35774228
LAUSDT,2025-06-05,e2526,listing_d1_d7,6,1440.0,24.944429727226787,36.42404384601658,24.080910366381943,1.4293001953292126,0.0,38217.30530706
LAUSDT,2025-06-05,e2526,listing_d1_d7,7,1440.0,19.54472395816851,28.92932747377938,17.401692385497842,1.364976609755239,0.0,25098.43272296
LAUSDT,2025-06-05,e2526,mature_d60_d66,60,1440.0,9.00225076529329,12.316219139758243,10.044637958111903,17.326595647235617,73.0,2933.32571819
LAUSDT,2025-06-05,e2526,mature_d60_d66,61,1440.0,9.848982271831739,17.938560731221976,13.712429843998338,16.56156383254411,53.0,4840.040184779999
LAUSDT,2025-06-05,e2526,mature_d60_d66,62,1440.0,9.870044682288889,16.43250382475339,11.609905514874114,24.983128926699717,88.0,4633.17621945
LAUSDT,2025-06-05,e2526,mature_d60_d66,63,1440.0,6.660006660005926,10.125728003012,9.987562357678607,73.97143698431778,106.0,2321.8645686100003
LAUSDT,2025-06-05,e2526,mature_d60_d66,64,1440.0,9.237875507668152,12.739868066222924,10.400170459706544,128.4764207676781,43.0,3309.6371874700003
LAUSDT,2025-06-05,e2526,mature_d60_d66,65,1440.0,8.948550837467582,17.32601790355153,13.460552265935394,23.902528741119614,37.0,4707.388525210001
LAUSDT,2025-06-05,e2526,mature_d60_d66,66,1440.0,19.123070975561504,29.83657734254606,22.820415112316013,7.610392617089177,4.0,11714.212443940001
LEVERUSDT,2023-06-05,e2324,listing_d1_d7,1,1440.0,14.084507042253863,28.0898876404486,18.406158237927137,1520.4676507974136,155.0,990.7581296
LEVERUSDT,2023-06-05,e2324,listing_d1_d7,2,1440.0,7.423904974016512,22.22222222222196,16.070805063917593,2289.5447187378354,282.0,742.1411279
LEVERUSDT,2023-06-05,e2324,listing_d1_d7,3,1440.0,0.0,21.711599744726342,17.39877820304533,2153.31717587478,600.0,1195.2718329999998
LEVERUSDT,2023-06-05,e2324,listing_d1_d7,4,1440.0,0.0,7.458512805102997,11.91821073474415,3131.7709525568534,858.0,484.2072727
LEVERUSDT,2023-06-05,e2324,listing_d1_d7,5,1440.0,0.0,27.297543221109777,40.395431488580364,2279.3841257651998,640.0,969.5924793
LEVERUSDT,2023-06-05,e2324,listing_d1_d7,6,1440.0,0.0,8.695652173912311,14.45885106661755,3262.1064349810113,974.0,267.2455093
LEVERUSDT,2023-06-05,e2324,listing_d1_d7,7,1440.0,0.0,8.519702970441493,14.636201776724324,5552.0971805324,1000.0,237.45528960000001
LEVERUSDT,2023-06-05,e2324,mature_d60_d66,60,1440.0,0.0,0.0,8.225005437763516,29273.486987517634,1194.0,193.89567860000002
LEVERUSDT,2023-06-05,e2324,mature_d60_d66,61,1440.0,0.0,0.0,7.291243055275089,40480.202339443844,1170.0,39.5866155
LEVERUSDT,2023-06-05,e2324,mature_d60_d66,62,1440.0,0.0,0.0,10.636451240346597,16590.665903135836,1036.0,219.7086923
LEVERUSDT,2023-06-05,e2324,mature_d60_d66,63,1440.0,8.22030553993879,24.14488095461875,16.736727664417014,3337.2580085243903,383.0,535.1252050999999
LEVERUSDT,2023-06-05,e2324,mature_d60_d66,64,1440.0,0.0,16.06425702811284,12.537944200609635,4019.1852071449553,650.0,497.2988614000001
LEVERUSDT,2023-06-05,e2324,mature_d60_d66,65,1440.0,0.0,7.999999999999327,8.773528044033332,4609.835035888615,753.0,146.7384414
LEVERUSDT,2023-06-05,e2324,mature_d60_d66,66,1440.0,0.0,8.001601281025883,10.737796288244805,2605.575624542035,525.0,356.0038227
LISTAUSDT,2024-06-21,e2324,listing_d1_d7,1,1440.0,43.01774268046978,65.12488677443383,45.92145228621262,2.8714355151296607,0.0,32161.4622334
LISTAUSDT,2024-06-21,e2324,listing_d1_d7,2,1440.0,28.95903655599912,41.44296107656034,26.55334238038305,6.459541661750472,2.0,15569.6686887
LISTAUSDT,2024-06-21,e2324,listing_d1_d7,3,1440.0,40.312569093099036,60.726257308569615,38.54790342736526,5.261741226426793,2.0,32757.949852899997
LISTAUSDT,2024-06-21,e2324,listing_d1_d7,4,1440.0,37.45847951682793,55.09145957003627,32.580198179295394,1.1192833470447439,0.0,58455.6393737
LISTAUSDT,2024-06-21,e2324,listing_d1_d7,5,1440.0,30.97683034490133,45.40416450281663,29.125505026393416,1.9712863984726694,0.0,34625.474971
LISTAUSDT,2024-06-21,e2324,listing_d1_d7,6,1440.0,34.28327964710318,47.25516879282088,28.564575834596003,1.4008613462192565,0.0,54838.632558799996
LISTAUSDT,2024-06-21,e2324,listing_d1_d7,7,1440.0,28.633761099570208,40.23560803846994,25.122767857208295,1.9815742044195552,0.0,27220.7057496
LISTAUSDT,2024-06-21,e2324,mature_d60_d66,60,1440.0,12.719409819384392,20.007511266900924,13.632053288997314,17.46891690809527,12.0,3968.8961928999997
LISTAUSDT,2024-06-21,e2324,mature_d60_d66,61,1440.0,12.650221581313236,18.15588212494588,12.889166278772795,18.686861530268853,10.0,3398.5101120000004
LISTAUSDT,2024-06-21,e2324,mature_d60_d66,62,1440.0,14.37642287316928,21.500238891542196,15.626374688724967,36.095732572396315,13.0,4641.062902199999
LISTAUSDT,2024-06-21,e2324,mature_d60_d66,63,1440.0,14.741889754196569,24.25980239988937,20.425494004125785,17.514323413807524,4.0,6520.2434122
LISTAUSDT,2024-06-21,e2324,mature_d60_d66,64,1440.0,14.63210702341208,23.109243697479947,17.14513511291856,12.34955493414916,3.0,5806.4347195
LISTAUSDT,2024-06-21,e2324,mature_d60_d66,65,1440.0,13.62552532611876,20.405850463842203,14.907740996483808,21.971432798008262,6.0,4044.273767
LISTAUSDT,2024-06-21,e2324,mature_d60_d66,66,1440.0,14.348918057606777,20.901343352170958,14.52214190477243,22.439696243998497,5.0,2888.1636202000004
LUMIAUSDT,2024-10-25,e2324,listing_d1_d7,1,1440.0,43.554006968641154,85.77146902955832,58.53916025719692,77.58175719611492,99.0,7417.1565018
LUMIAUSDT,2024-10-25,e2324,listing_d1_d7,2,1440.0,34.11519442751215,55.775049710383044,39.02990780124275,77.86579376517936,36.0,11304.8183761
LUMIAUSDT,2024-10-25,e2324,listing_d1_d7,3,1440.0,18.939393939393955,37.28735168519011,30.588331944583466,66.21318049549005,104.0,3924.3372192
LUMIAUSDT,2024-10-25,e2324,listing_d1_d7,4,1440.0,18.48428835489835,28.011204481791708,22.88013912458522,239.88641121733005,209.0,1956.6152163999998
LUMIAUSDT,2024-10-25,e2324,listing_d1_d7,5,1440.0,17.691290501787925,28.281880746181617,27.605505391487696,84.77882446066009,285.0,3392.2049603
LUMIAUSDT,2024-10-25,e2324,listing_d1_d7,6,1440.0,34.64703984634664,54.21279348417359,38.51206565093474,34.06953952118291,35.0,7971.9334077
LUMIAUSDT,2024-10-25,e2324,listing_d1_d7,7,1440.0,27.384761523847637,45.99816007359659,35.643918246231735,132.24303095473928,71.0,5638.3170823
LUMIAUSDT,2024-10-25,e2324,mature_d60_d66,60,1440.0,20.283975659228474,33.53454057679375,25.225047799706065,12.553010489517355,14.0,14280.390807999998
LUMIAUSDT,2024-10-25,e2324,mature_d60_d66,61,1440.0,13.661202185792362,26.631158455391724,18.334594197148615,21.720639297575826,21.0,13622.428943300001
LUMIAUSDT,2024-10-25,e2324,mature_d60_d66,62,1440.0,14.39884809215264,21.949883308824504,15.990606618709165,28.196141029403833,44.0,5158.522769499999
LUMIAUSDT,2024-10-25,e2324,mature_d60_d66,63,1440.0,14.930946462608555,22.53944402704652,18.238199037448425,42.96564990737854,54.0,6467.8549661
LUMIAUSDT,2024-10-25,e2324,mature_d60_d66,64,1440.0,14.336917562724027,22.492973318292528,19.075420696206685,17.122548758244292,70.0,8390.901582299999
LUMIAUSDT,2024-10-25,e2324,mature_d60_d66,65,1440.0,14.367816091954035,21.645021645022467,15.675731877547376,37.74148315969638,65.0,5185.0704674
LUMIAUSDT,2024-10-25,e2324,mature_d60_d66,66,1440.0,15.273007190384842,23.62670091770358,19.782842457858827,24.377992356628496,20.0,5246.228869799999
MANEKIUSDT,2024-06-26,e2324,listing_d1_d7,1,1440.0,37.12601712853267,57.26693394851805,38.635062006135186,11.279006894271582,3.0,12298.7969421
MANEKIUSDT,2024-06-26,e2324,listing_d1_d7,2,1440.0,26.3817314363901,40.94826821642107,25.72545072870514,15.457007548469806,7.0,5009.332166
MANEKIUSDT,2024-06-26,e2324,listing_d1_d7,3,1440.0,23.29709455715285,34.821305400674945,19.4842645237431,18.088471509466434,9.0,3737.9883677
MANEKIUSDT,2024-06-26,e2324,listing_d1_d7,4,1440.0,20.38457771210698,31.63000472777107,19.298253847255847,21.972982906053193,15.0,3115.2147503
MANEKIUSDT,2024-06-26,e2324,listing_d1_d7,5,1440.0,22.54084022302572,34.23743890756893,19.78677053977364,18.099228806366128,9.0,3789.7970945999996
MANEKIUSDT,2024-06-26,e2324,listing_d1_d7,6,1440.0,22.999844061128243,33.75174365219379,21.695200124779987,37.98291936499749,18.0,2549.5548155
MANEKIUSDT,2024-06-26,e2324,listing_d1_d7,7,1440.0,26.935202498375556,38.71571950828263,20.9379321828331,17.630562346937527,2.0,3844.7127974
MANEKIUSDT,2024-06-26,e2324,mature_d60_d66,60,1440.0,29.75843972440217,46.10067352002948,29.185726073455978,13.85819961607172,0.0,11274.2362652
MANEKIUSDT,2024-06-26,e2324,mature_d60_d66,61,1440.0,34.273914457151726,51.00739717852425,31.146871188454814,19.040724257798384,9.0,8091.0829707
MANEKIUSDT,2024-06-26,e2324,mature_d60_d66,62,1440.0,25.105918168043615,37.90442878000081,22.985977986548097,31.825998353454075,7.0,3138.177379
MANEKIUSDT,2024-06-26,e2324,mature_d60_d66,63,1440.0,25.082002577104184,38.70453853835622,23.922930452741657,64.90113547861952,31.0,1732.5233681999998
MANEKIUSDT,2024-06-26,e2324,mature_d60_d66,64,1440.0,22.144307821815495,33.45259102469727,20.31638025392059,76.98627865469375,36.0,1860.2169963
MANEKIUSDT,2024-06-26,e2324,mature_d60_d66,65,1440.0,24.689040326111794,39.192982993035706,24.35129849808393,65.7444318622689,26.0,2439.2306201
MANEKIUSDT,2024-06-26,e2324,mature_d60_d66,66,1440.0,12.759752520210723,22.246941045606366,15.970895052467302,94.53457986871179,143.0,1598.7960734
MASAUSDT,2024-05-21,e2324,listing_d1_d7,1,1440.0,48.251628883450316,76.59654984509744,52.326467398756755,12.437613589431217,5.0,13348.40269165
MASAUSDT,2024-05-21,e2324,listing_d1_d7,2,1440.0,30.524748173439317,49.64300013046979,32.47342941503112,48.424765596573735,19.0,3132.0208868400005
MASAUSDT,2024-05-21,e2324,listing_d1_d7,3,1440.0,39.46545465799705,71.7772298561768,45.90739741981198,38.133247735324396,8.0,7679.49397117
MASAUSDT,2024-05-21,e2324,listing_d1_d7,4,1440.0,48.33073117656539,68.97169784328966,42.258143703067226,11.316171026311212,2.0,8126.71686207
MASAUSDT,2024-05-21,e2324,listing_d1_d7,5,1440.0,38.976762224720915,61.445747857905374,37.032823353832846,18.824323090671168,1.0,4901.9994582
MASAUSDT,2024-05-21,e2324,listing_d1_d7,6,1440.0,24.800564222318492,39.2337157215135,26.388634569036324,26.926136054257526,2.0,2823.8620353300003
MASAUSDT,2024-05-21,e2324,listing_d1_d7,7,1440.0,21.429902432773392,32.6495071085846,22.422120603104975,37.6531193877713,16.0,2231.21656662
MASAUSDT,2024-05-21,e2324,mature_d60_d66,60,1440.0,1.3368091861392533,16.163793983495577,13.412371184954615,1449.6931419850623,637.0,331.3572274
MASAUSDT,2024-05-21,e2324,mature_d60_d66,61,1440.0,2.780481023216903,16.502786952561674,13.534347497677762,1624.7238713801883,573.0,498.54775379
MASAUSDT,2024-05-21,e2324,mature_d60_d66,62,1440.0,8.503402897701482,21.198428625749973,15.294293513022952,1961.7690824305137,478.0,462.73487202
MASAUSDT,2024-05-21,e2324,mature_d60_d66,63,1440.0,14.98468524077489,26.34757691825289,19.720727670648447,2436.5113828368203,327.0,546.0993491400001
MASAUSDT,2024-05-21,e2324,mature_d60_d66,64,1440.0,16.27099023488954,29.844177152875652,22.241945997296224,1320.1701292720008,304.0,846.7221180800001
MASAUSDT,2024-05-21,e2324,mature_d60_d66,65,1440.0,21.448040489388514,38.48948396490884,25.389979349126765,979.9372380030543,197.0,1471.4619314799997
MASAUSDT,2024-05-21,e2324,mature_d60_d66,66,1440.0,12.655370624785212,25.811658725819537,17.99920857290158,926.8129850916046,420.0,824.0243469200001
MAVIAUSDT,2024-02-07,e2324,listing_d1_d7,1,1440.0,47.05076892725274,86.7313751172626,57.968675580125094,5.678735083942727,0.0,57825.93943620001
MAVIAUSDT,2024-02-07,e2324,listing_d1_d7,2,1440.0,60.87153465353216,98.06628720498254,58.67476968722994,1.0084311210713148,0.0,105636.937087
MAVIAUSDT,2024-02-07,e2324,listing_d1_d7,3,1440.0,60.6898805645758,90.9508195433,51.223487957969894,0.38585007336635474,0.0,187705.37955090002
MAVIAUSDT,2024-02-07,e2324,listing_d1_d7,4,1440.0,67.72435003010628,103.58901908214142,61.11853604327885,0.2751736596631401,0.0,305380.44127250003
MAVIAUSDT,2024-02-07,e2324,listing_d1_d7,5,1440.0,70.92772545483972,103.86561795012518,57.77028558231837,0.37897304707864965,0.0,220905.9785201
MAVIAUSDT,2024-02-07,e2324,listing_d1_d7,6,1440.0,48.83144941436846,73.21202453084524,39.976413341479656,0.4294342450145074,0.0,137335.2239643
MAVIAUSDT,2024-02-07,e2324,listing_d1_d7,7,1440.0,37.72402980972667,57.471045638922085,34.99568100884275,0.4845400901074396,0.0,96576.6231391
MAVIAUSDT,2024-02-07,e2324,mature_d60_d66,60,1440.0,11.591962905719141,17.288575252895505,11.433466499326501,11.14478364761547,2.0,3827.5746281
MAVIAUSDT,2024-02-07,e2324,mature_d60_d66,61,1440.0,12.854650737333007,19.429737350349036,12.870588965701577,6.728170287863318,3.0,5569.7364123
MAVIAUSDT,2024-02-07,e2324,mature_d60_d66,62,1440.0,15.869869587906392,24.63142118493783,15.131197763573727,4.952822748979189,1.0,10679.758668299999
MAVIAUSDT,2024-02-07,e2324,mature_d60_d66,63,1440.0,16.691007719591084,25.31914764663086,17.38540879712847,4.970425448527829,1.0,8800.568986
MAVIAUSDT,2024-02-07,e2324,mature_d60_d66,64,1440.0,14.627522072390192,24.878201278963516,16.55635419990373,2.9475280513013526,3.0,15706.329443600001
MAVIAUSDT,2024-02-07,e2324,mature_d60_d66,65,1440.0,14.247625830683285,27.882416356646004,55.31616639853604,4.355472372891963,4.0,22889.958412599997
MAVIAUSDT,2024-02-07,e2324,mature_d60_d66,66,1440.0,29.223768665181368,52.574053351349484,47.26547108285636,1.8223235784804723,0.0,31734.7250107
MAVUSDT,2023-06-28,e2324,listing_d1_d7,1,1440.0,43.00970873786369,71.4069825676728,56.25651141199631,5.062156645171134,0.0,33804.583516499995
MAVUSDT,2023-06-28,e2324,listing_d1_d7,2,1440.0,43.751083009941965,72.77581790118576,51.66884557703336,48.453293467524105,1.0,36180.6890806
MAVUSDT,2023-06-28,e2324,listing_d1_d7,3,1440.0,25.761136837816647,42.71356783919685,31.69397366437793,40.01895693495458,11.0,18403.6942817
MAVUSDT,2023-06-28,e2324,listing_d1_d7,4,1440.0,19.699581383896156,29.379362319987035,26.57025126765714,82.73843797530904,36.0,10207.753192400001
MAVUSDT,2023-06-28,e2324,listing_d1_d7,5,1440.0,21.12676056337991,35.067213594385734,24.10719104846541,74.1509533468257,22.0,14020.887747199997
MAVUSDT,2023-06-28,e2324,listing_d1_d7,6,1440.0,36.911928162511174,64.91399124458395,41.596739753813296,20.753007519604964,1.0,59320.03666599999
MAVUSDT,2023-06-28,e2324,listing_d1_d7,7,1440.0,27.273695603470227,42.806183115338456,32.730097870371694,4.300448562010381,0.0,38365.683845600004
MAVUSDT,2023-06-28,e2324,mature_d60_d66,60,1440.0,0.0,4.847309743092049,5.6126770044381145,356.7751720645531,537.0,735.0804343
MAVUSDT,2023-06-28,e2324,mature_d60_d66,61,1440.0,4.957858205255471,10.065425264216305,10.29027807214756,209.95796469972527,260.0,1978.6703923999999
MAVUSDT,2023-06-28,e2324,mature_d60_d66,62,1440.0,10.09336425609413,19.905541774328587,17.95929541945328,249.73801104513905,163.0,4661.9239906
MAVUSDT,2023-06-28,e2324,mature_d60_d66,63,1440.0,22.532672374943065,38.847524827754526,27.56157954187851,32.127838334733,28.0,18056.6970634
MAVUSDT,2023-06-28,e2324,mature_d60_d66,64,1440.0,18.12415043044909,31.080041426246762,22.899011722707794,34.6508817335862,21.0,16034.097177099999
MAVUSDT,2023-06-28,e2324,mature_d60_d66,65,1440.0,25.641025641026374,46.257383686201216,37.33721692837685,55.68015019234187,35.0,28714.6368094
MAVUSDT,2023-06-28,e2324,mature_d60_d66,66,1440.0,21.547081370990526,33.858879375455714,21.75521541494576,58.49827889789317,43.0,14143.2341492
MAXUSDT,2024-08-06,e2324,listing_d1_d7,1,1440.0,68.42997854154753,113.29688783113959,77.37921209329649,4.257252958372113,0.0,32907.50689915
MAXUSDT,2024-08-06,e2324,listing_d1_d7,2,1440.0,43.42284969957586,65.06825432688603,44.32673517126977,4.723951736288077,0.0,16391.1999694
MAXUSDT,2024-08-06,e2324,listing_d1_d7,3,1440.0,37.24608804880181,58.65809591952989,37.869905521778755,11.430022548452628,6.0,12586.411920850001
MAXUSDT,2024-08-06,e2324,listing_d1_d7,4,1440.0,31.459123087856526,46.360379346564685,27.58270530037994,8.54852103175535,2.0,9840.67808683
MAXUSDT,2024-08-06,e2324,listing_d1_d7,5,1440.0,35.539102637629504,52.40250636872076,30.82255698927156,5.404737459346278,0.0,13099.024553899999
MAXUSDT,2024-08-06,e2324,listing_d1_d7,6,1440.0,31.519626058656634,44.92785333544614,25.90379325231303,6.797697028022483,0.0,8829.961837910001
MAXUSDT,2024-08-06,e2324,listing_d1_d7,7,1440.0,23.861242272996773,34.871895009566266,21.6819219498036,5.20152532923337,0.0,8437.01109446
MAXUSDT,2024-08-06,e2324,mature_d60_d66,60,1440.0,3.7006556785964846,8.008877911812032,8.117931944276384,64.35968351590462,297.0,842.04297734
MAXUSDT,2024-08-06,e2324,mature_d60_d66,61,1440.0,2.68912210246591,6.364786017554879,5.851441809827197,48.90468913688893,379.0,537.7386969400001
MAXUSDT,2024-08-06,e2324,mature_d60_d66,62,1440.0,6.294003154449716,11.709222176287254,10.506668137849696,29.151325426032177,181.0,2223.84367388
MAXUSDT,2024-08-06,e2324,mature_d60_d66,63,1440.0,6.814426189582219,12.85607961651418,9.607114791169046,45.572369949407225,114.0,1155.1642543099997
MAXUSDT,2024-08-06,e2324,mature_d60_d66,64,1440.0,6.104281561201078,10.87436722856725,9.694589063075206,121.34947815080798,147.0,947.25822196
MAXUSDT,2024-08-06,e2324,mature_d60_d66,65,1440.0,5.901651368327662,10.895935307753755,8.46868197599506,88.75335152860345,154.0,893.52717021
MAXUSDT,2024-08-06,e2324,mature_d60_d66,66,1440.0,4.080799841486623,7.508216375579828,6.594163812149265,93.25256444110087,219.0,875.98460469
MBLUSDT,2023-11-14,e2324,listing_d1_d7,1,1440.0,29.162768698683436,53.631885117009,40.928180716573216,89.97314347008567,43.0,10156.9872678
MBLUSDT,2023-11-14,e2324,listing_d1_d7,2,1440.0,17.417054595420055,30.724450194049027,23.300061351110894,197.1083522785443,89.0,7426.4651754999995
MBLUSDT,2023-11-14,e2324,listing_d1_d7,3,1440.0,13.894922289795144,25.709144452029925,20.996815954702452,274.7385909107235,130.0,6079.3272906
MBLUSDT,2023-11-14,e2324,listing_d1_d7,4,1440.0,13.649215299865771,22.111677484544295,16.159335868082582,303.1769213035294,125.0,3394.9951056000004
MBLUSDT,2023-11-14,e2324,listing_d1_d7,5,1440.0,9.743739739783743,15.75500971529233,12.80814371749232,227.488112188747,206.0,2098.0477421
MBLUSDT,2023-11-14,e2324,listing_d1_d7,6,1440.0,25.28233718737387,46.21508369570475,33.22089313787888,77.99995501667465,58.0,12435.761225600001
MBLUSDT,2023-11-14,e2324,listing_d1_d7,7,1440.0,15.88842904246752,29.907473840161213,24.498760110530817,98.38981605695254,48.0,7369.547046299999
MBLUSDT,2023-11-14,e2324,mature_d60_d66,60,1440.0,4.555289889394369,11.328877744554832,9.456136596144493,248.7051964283052,453.0,653.3317575000001
MBLUSDT,2023-11-14,e2324,mature_d60_d66,61,1440.0,4.506534474989332,11.258092716932127,11.120873735819783,563.6405884502369,435.0,975.235496
MBLUSDT,2023-11-14,e2324,mature_d60_d66,62,1440.0,2.2451728783119282,8.981195706572693,9.083047195676025,412.61838638823184,612.0,892.1858753999999
MBLUSDT,2023-11-14,e2324,mature_d60_d66,63,1440.0,2.1992522542338526,8.88099467140245,8.820621094709097,478.4143999791154,625.0,878.9363017
MBLUSDT,2023-11-14,e2324,mature_d60_d66,64,1440.0,25.701859446703683,42.851621663968864,27.551050264723386,32.66428591987262,12.0,12659.9377857
MBLUSDT,2023-11-14,e2324,mature_d60_d66,65,1440.0,12.61034047919279,20.717878516724024,16.235414938771058,131.00871233456212,49.0,4282.254549799999
MBLUSDT,2023-11-14,e2324,mature_d60_d66,66,1440.0,9.027307605506877,15.819209039548161,12.259096100036512,312.0890401898941,150.0,1416.6221365000001
MBOXUSDT,2024-01-19,e2324,listing_d1_d7,1,1440.0,20.69485414618176,36.25925614732451,28.07313517385031,277.02372332053324,98.0,3610.0105429000005
MBOXUSDT,2024-01-19,e2324,listing_d1_d7,2,1440.0,12.424289785609483,21.955621932502833,16.606868980632292,766.5047457302908,274.0,1007.4176104000001
MBOXUSDT,2024-01-19,e2324,listing_d1_d7,3,1440.0,10.245912395349269,23.700696130184728,17.767645133677497,926.997520930824,230.0,1102.6480456
MBOXUSDT,2024-01-19,e2324,listing_d1_d7,4,1440.0,10.681858981964606,21.532390381348264,18.56115099517702,1836.0316166527296,307.0,944.5911771
MBOXUSDT,2024-01-19,e2324,listing_d1_d7,5,1440.0,10.282776651629332,20.82790986925799,16.11696340890085,942.0110662203319,322.0,824.6780634000002
MBOXUSDT,2024-01-19,e2324,listing_d1_d7,6,1440.0,7.137758743753675,17.65692634213222,13.488890299245476,500.00811320270526,297.0,741.4789069999999
MBOXUSDT,2024-01-19,e2324,listing_d1_d7,7,1440.0,10.307507605350303,17.284591174672126,12.906000791387958,404.8375693116743,256.0,750.1125793
MBOXUSDT,2024-01-19,e2324,mature_d60_d66,60,1440.0,29.397356002377446,42.314874399861466,28.182860269705397,44.09600340454839,7.0,3505.0374881000007
MBOXUSDT,2024-01-19,e2324,mature_d60_d66,61,1440.0,25.015635163090703,36.60573389039468,24.12040033096087,50.58691280785694,8.0,2307.1264788000003
MBOXUSDT,2024-01-19,e2324,mature_d60_d66,62,1440.0,20.6564149644247,31.90519598906009,20.3189337142577,57.51467170149526,40.0,2228.6119197
MBOXUSDT,2024-01-19,e2324,mature_d60_d66,63,1440.0,21.166511048451117,31.505607486079843,19.730711071088034,44.88771353044116,13.0,2019.1153189
MBOXUSDT,2024-01-19,e2324,mature_d60_d66,64,1440.0,16.54259741872833,26.922432036832642,18.7166155518048,114.00654252929519,38.0,1827.0848835999998
MBOXUSDT,2024-01-19,e2324,mature_d60_d66,65,1440.0,19.68934587617615,30.98089645768922,23.682630974230356,46.161898932065164,21.0,3935.4284074999996
MBOXUSDT,2024-01-19,e2324,mature_d60_d66,66,1440.0,16.977928692699976,26.385227536476147,17.665359021360786,77.01477400046113,32.0,2940.4814296
MDTUSDT,2023-06-30,e2324,listing_d1_d7,1,1440.0,25.52583240823695,44.4111641513602,32.263410586504456,1716.4428881291296,183.0,1971.3065944999998
MDTUSDT,2023-06-30,e2324,listing_d1_d7,2,1440.0,22.458147118245368,38.19674813445059,28.47725451226568,792.687207387369,115.0,7955.835504349999
MDTUSDT,2023-06-30,e2324,listing_d1_d7,3,1440.0,41.50198714835563,69.29479378775648,41.911794506722465,190.5665649819404,31.0,64539.3630553
MDTUSDT,2023-06-30,e2324,listing_d1_d7,4,1440.0,27.279916258393715,50.25948111030796,37.543991176019354,6.471917915816477,0.0,71111.9894324
MDTUSDT,2023-06-30,e2324,listing_d1_d7,5,1440.0,12.78247042175453,22.86759790742326,16.987702653271523,30.938162500489078,33.0,13521.238336049999
MDTUSDT,2023-06-30,e2324,listing_d1_d7,6,1440.0,17.860505775675843,30.100673716783195,21.561915395703863,49.80969970731659,30.0,12123.457207799998
MDTUSDT,2023-06-30,e2324,listing_d1_d7,7,1440.0,16.963529016557846,28.680847338973543,19.728154633242493,46.451701852331496,32.0,8320.64097035
MDTUSDT,2023-06-30,e2324,mature_d60_d66,60,1440.0,5.424096573852942,12.154772244563341,10.726871791926701,258.75090592823847,267.0,1935.9997067499999
MDTUSDT,2023-06-30,e2324,mature_d60_d66,61,1440.0,5.024178880583207,8.93426974113356,8.42879648089373,324.72475583281863,309.0,1322.3261795
MDTUSDT,2023-06-30,e2324,mature_d60_d66,62,1440.0,10.049620038390263,18.915510718789076,17.132596646165332,140.49734922052681,128.0,6787.387155400001
MDTUSDT,2023-06-30,e2324,mature_d60_d66,63,1440.0,12.030141390812913,19.85912439410331,16.628248145093792,149.51802343843448,69.0,5196.8985864
MDTUSDT,2023-06-30,e2324,mature_d60_d66,64,1440.0,27.505447966777453,61.194243963054284,44.498090571228055,45.822963942100465,9.0,67122.87945875
MDTUSDT,2023-06-30,e2324,mature_d60_d66,65,1440.0,21.841223748716693,39.693948671993695,28.911079245320806,2.8032230779561953,0.0,51274.397141949994
MDTUSDT,2023-06-30,e2324,mature_d60_d66,66,1440.0,11.655011785855233,19.52484431432868,15.862939539910874,34.183235763150336,46.0,12879.612991749998
MELANIAUSDT,2025-01-20,e2526,listing_d1_d7,1,1440.0,131.318999080714,183.70358655787211,98.39844462532322,0.1361873824447229,0.0,846194.0111549
MELANIAUSDT,2025-01-20,e2526,listing_d1_d7,2,1440.0,56.18047380289529,80.84074373484182,46.00473764814391,0.19754028101291216,0.0,286857.6774818
MELANIAUSDT,2025-01-20,e2526,listing_d1_d7,3,1440.0,59.51339233628315,86.18460934992662,51.8411745553099,0.18306588766823184,0.0,385365.1184959
MELANIAUSDT,2025-01-20,e2526,listing_d1_d7,4,1440.0,40.34476570670072,53.763440860214246,30.889123072395442,0.22883945024213198,0.0,196167.43033469998
MELANIAUSDT,2025-01-20,e2526,listing_d1_d7,5,1440.0,37.367696478421934,55.74018238043773,36.81603307266826,0.2200320447958124,0.0,233203.89079729997
MELANIAUSDT,2025-01-20,e2526,listing_d1_d7,6,1440.0,31.47128245476006,43.48614307784473,25.01953575582846,0.25689213356514906,0.0,140071.1405535
MELANIAUSDT,2025-01-20,e2526,listing_d1_d7,7,1440.0,37.38317918253335,53.54752513085517,32.22950034119665,0.30316176894182084,0.0,151383.53104280002
MELANIAUSDT,2025-01-20,e2526,mature_d60_d66,60,1440.0,11.853026987771157,18.333099387731657,11.374426791311727,5.632004305631761,11.0,9840.860333829998
MELANIAUSDT,2025-01-20,e2526,mature_d60_d66,61,1440.0,8.311977169324757,13.98797034550288,12.038986636448461,8.345797411625474,12.0,8576.156905870002
MELANIAUSDT,2025-01-20,e2526,mature_d60_d66,62,1440.0,8.798944883623292,17.224674412546506,11.889996413596167,6.534399427285497,7.0,11873.951696859998
MELANIAUSDT,2025-01-20,e2526,mature_d60_d66,63,1440.0,8.698173566391608,14.600671630895034,9.649570236984827,6.014590416888463,29.0,7367.351020849999
MELANIAUSDT,2025-01-20,e2526,mature_d60_d66,64,1440.0,8.830022075054215,14.640755419443956,8.936125440468238,9.561516177680897,18.0,5041.02494571
MELANIAUSDT,2025-01-20,e2526,mature_d60_d66,65,1440.0,8.857399014014636,14.687525088895635,9.156561952205195,38.608757410860036,13.0,6312.99323625
MELANIAUSDT,2025-01-20,e2526,mature_d60_d66,66,1440.0,7.4895146794479475,11.944309706154929,7.9635503026151255,4.501013418764644,17.0,12637.28020094
MEMEUSDT,2023-11-03,e2324,listing_d1_d7,1,1440.0,41.084807719218766,67.87104704329361,40.57792604203996,1.2385113436411155,0.0,68567.66256489999
MEMEUSDT,2023-11-03,e2324,listing_d1_d7,2,1440.0,33.48481416139831,54.073080458143885,44.614263934669296,1.7156391749302164,0.0,60781.8498066
MEMEUSDT,2023-11-03,e2324,listing_d1_d7,3,1440.0,25.354969574037234,39.970029970030076,25.27198263918961,1.7289421463357066,0.0,37487.671742399994
MEMEUSDT,2023-11-03,e2324,listing_d1_d7,4,1440.0,26.93965517241363,42.4741263190671,33.120833373058254,2.1247653587733164,0.0,41310.242346600004
MEMEUSDT,2023-11-03,e2324,listing_d1_d7,5,1440.0,22.284122562673186,33.43084189638685,21.629453464710743,2.9441146652676795,4.0,24932.4760046
MEMEUSDT,2023-11-03,e2324,listing_d1_d7,6,1440.0,47.21435316336137,69.24786052141823,51.081938067774516,2.0840716504333163,0.0,78478.19828189998
MEMEUSDT,2023-11-03,e2324,listing_d1_d7,7,1440.0,35.11412310186989,51.9272221726205,34.63980194489432,2.75258734471814,0.0,31891.554940000005
MEMEUSDT,2023-11-03,e2324,mature_d60_d66,60,1440.0,14.250090871616214,21.849963583393453,15.1453833838239,5.912846606406175,1.0,18234.3269056
MEMEUSDT,2023-11-03,e2324,mature_d60_d66,61,1440.0,17.91793642904923,35.06773445423754,63.88485946092736,7.665149279253347,2.0,52532.27146620001
MEMEUSDT,2023-11-03,e2324,mature_d60_d66,62,1440.0,33.023770980659535,52.08333333333293,48.66602483440584,2.5599860962076684,0.0,108988.72178379998
MEMEUSDT,2023-11-03,e2324,mature_d60_d66,63,1440.0,24.778031203026792,36.559359311514626,28.169121027403314,4.712252124557054,2.0,33432.033858999996
MEMEUSDT,2023-11-03,e2324,mature_d60_d66,64,1440.0,21.450025397713336,33.631136665191384,24.02443809064644,7.665260519241568,1.0,20199.1208493
MEMEUSDT,2023-11-03,e2324,mature_d60_d66,65,1440.0,16.72940192388199,25.632810874161166,19.051666435361213,14.563235511009676,0.0,12244.4837745
MEMEUSDT,2023-11-03,e2324,mature_d60_d66,66,1440.0,22.050769185287393,31.46067415730365,22.332905514872763,10.04826242812943,0.0,17200.7412355
MERLUSDT,2024-04-19,e2324,listing_d1_d7,1,1440.0,40.310348875987714,62.678724694149814,40.72000630233781,0.854778315136409,0.0,70713.07351735
MERLUSDT,2024-04-19,e2324,listing_d1_d7,2,1440.0,29.536278775103508,47.368491132139255,34.907876827920504,1.1893121220706389,0.0,43390.38453918
MERLUSDT,2024-04-19,e2324,listing_d1_d7,3,1440.0,28.694404591104757,47.57800670560149,31.84364940357464,0.9009067381176162,0.0,58357.20541013
MERLUSDT,2024-04-19,e2324,listing_d1_d7,4,1440.0,29.83656835425388,46.52595506878067,31.391682628510296,1.2235895245473012,0.0,47655.798804989994
MERLUSDT,2024-04-19,e2324,listing_d1_d7,5,1440.0,28.97850929677679,45.0601188104682,31.81414428479547,1.5828951013320616,0.0,36056.00440339
MERLUSDT,2024-04-19,e2324,listing_d1_d7,6,1440.0,44.49132676980815,62.06013025410853,34.21289735441929,1.0145703521784042,0.0,66584.94252121
MERLUSDT,2024-04-19,e2324,listing_d1_d7,7,1440.0,32.14623073159298,44.543429844097744,25.502815730836293,0.8434233318420316,0.0,53073.338642049996
MERLUSDT,2024-04-19,e2324,mature_d60_d66,60,1440.0,34.05994550408722,50.68424154377506,42.056443622824304,2.2014080213264324,0.0,24689.807290530003
MERLUSDT,2024-04-19,e2324,mature_d60_d66,61,1440.0,20.833333333333933,31.52368920657231,19.781461867777946,2.5769480363797146,3.0,13678.709713479999
MERLUSDT,2024-04-19,e2324,mature_d60_d66,62,1440.0,23.224950232248787,33.8353651574346,22.440275739347438,2.8730075488203495,0.0,13672.630707639999
MERLUSDT,2024-04-19,e2324,mature_d60_d66,63,1440.0,23.478115703053177,33.61062736673071,21.272910860536555,40.36897741669859,1.0,15643.69979411
MERLUSDT,2024-04-19,e2324,mature_d60_d66,64,1440.0,13.24065459499639,19.926934573231136,13.604643398093954,5.032535236181724,7.0,6503.60584172
MERLUSDT,2024-04-19,e2324,mature_d60_d66,65,1440.0,16.388069485414633,25.166279629064263,17.13353943588794,4.780723027766509,2.0,12948.98983923
MERLUSDT,2024-04-19,e2324,mature_d60_d66,66,1440.0,22.85714617427931,33.68263473053937,20.878977871381068,2.303728194987241,1.0,18281.536164729998
METISUSDT,2024-01-03,e2324,listing_d1_d7,1,1440.0,32.364329993090706,50.62779675080913,36.644539625448274,208.2675385818054,67.0,5381.7432678
METISUSDT,2024-01-03,e2324,listing_d1_d7,2,1440.0,26.113922680285167,42.66329378257667,33.238345022707676,69.87550352232364,51.0,5910.425903899999
METISUSDT,2024-01-03,e2324,listing_d1_d7,3,1440.0,24.21161026508914,38.24051651506518,29.836297368363912,136.54454721530655,83.0,3777.7062410000003
METISUSDT,2024-01-03,e2324,listing_d1_d7,4,1440.0,19.920370909022278,31.20989625084274,23.36202149664903,235.99127186496236,146.0,2008.7730506000003
METISUSDT,2024-01-03,e2324,listing_d1_d7,5,1440.0,37.09649742910206,57.192529485066416,38.0664304295484,79.8296952281583,48.0,6175.028109999999
METISUSDT,2024-01-03,e2324,listing_d1_d7,6,1440.0,26.904130918386144,42.36064428969656,31.119136245142588,135.73974488543917,49.0,3448.2374858
METISUSDT,2024-01-03,e2324,listing_d1_d7,7,1440.0,33.23224443645847,56.3049464100167,39.42482352228714,144.37737396459855,67.0,6733.9103265
METISUSDT,2024-01-03,e2324,mature_d60_d66,60,1440.0,14.148295182921052,23.924549463693133,16.65263899252985,118.06668239441579,99.0,3796.390241300001
METISUSDT,2024-01-03,e2324,mature_d60_d66,61,1440.0,20.371736162658223,31.809553378305075,21.816551013317795,49.48417994219057,24.0,10296.173996800002
METISUSDT,2024-01-03,e2324,mature_d60_d66,62,1440.0,34.1260534967838,53.78226793248092,57.681856972159295,11.171585520822966,4.0,15385.933233600002
METISUSDT,2024-01-03,e2324,mature_d60_d66,63,1440.0,25.78804005797022,37.2077684285866,23.013217486612245,24.710465686162724,4.0,7799.655009599999
METISUSDT,2024-01-03,e2324,mature_d60_d66,64,1440.0,18.50769600733067,28.80520483952902,20.206222715108396,57.34099532492892,7.0,4311.2142947
METISUSDT,2024-01-03,e2324,mature_d60_d66,65,1440.0,14.167172782193354,22.18021428298014,16.17566886220121,64.9379247415608,32.0,3547.6543087
METISUSDT,2024-01-03,e2324,mature_d60_d66,66,1440.0,15.211728247974984,24.59911947599927,17.293826844635248,36.58946331213575,39.0,4316.3542094
MEUSDT,2024-11-26,e2324,listing_d1_d7,1,1440.0,17.262110239839853,182.4345241654482,117.73540226295133,2863.102541115255,562.0,384.01315859999994
MEUSDT,2024-11-26,e2324,listing_d1_d7,2,1440.0,0.0,98.25150931754148,92.46182428136568,3183.4920188114556,758.0,128.9593735
MEUSDT,2024-11-26,e2324,listing_d1_d7,3,1440.0,0.0,44.51317615374923,99.40816920969894,1967.9524436616289,894.0,402.5178889
MEUSDT,2024-11-26,e2324,listing_d1_d7,4,1440.0,0.0,0.3326411692215252,65.12593725312472,2363.8458410830617,1053.0,97.4714728
MEUSDT,2024-11-26,e2324,listing_d1_d7,5,1440.0,0.0,67.92758268698086,69.20523423289238,1358.2185363110236,802.0,326.2214915
MEUSDT,2024-11-26,e2324,listing_d1_d7,6,1440.0,0.0,41.66162213644511,72.26445827646471,1301.7994663126706,876.0,317.46427159999996
MEUSDT,2024-11-26,e2324,listing_d1_d7,7,1440.0,0.0,0.0,48.6400984735255,1418.432603830532,1070.0,147.0287219
MEUSDT,2024-11-26,e2324,mature_d60_d66,60,1440.0,12.551145927530987,18.947431126038342,13.240172777104458,7.806283325303944,1.0,6684.8373229
MEUSDT,2024-11-26,e2324,mature_d60_d66,61,1440.0,10.409961291524871,15.712855926523954,12.010178685694028,13.563919817871657,10.0,4780.8409945
MEUSDT,2024-11-26,e2324,mature_d60_d66,62,1440.0,21.844560892511755,31.013244305101058,21.084879449886387,5.208475309236922,0.0,11689.5944376
MEUSDT,2024-11-26,e2324,mature_d60_d66,63,1440.0,13.97774377846421,20.861996046584046,15.495378696674225,10.473209138534797,2.0,6398.3198708
MEUSDT,2024-11-26,e2324,mature_d60_d66,64,1440.0,15.819768043215474,24.13030369939551,18.032464807460055,12.595905602317654,2.0,6496.3046009
MEUSDT,2024-11-26,e2324,mature_d60_d66,65,1440.0,13.797332551742713,20.426795758083042,15.1395198815199,9.679856571039211,9.0,7512.059388600001
MEUSDT,2024-11-26,e2324,mature_d60_d66,66,1440.0,16.0692714437089,24.184374793869488,16.79267199937699,7.463815860358755,4.0,10344.4094417
MITOUSDT,2025-08-29,e2526,listing_d1_d7,1,1440.0,46.93006472947016,67.45756094915751,43.062519577163535,2.1219346626174023,0.0,32118.025382549997
MITOUSDT,2025-08-29,e2526,listing_d1_d7,2,1440.0,56.27826754379424,85.43833580980636,53.36884470273243,0.9986573651729646,0.0,99608.09628334001
MITOUSDT,2025-08-29,e2526,listing_d1_d7,3,1440.0,33.47182750533646,48.0311499831289,30.2050526653071,1.8498952970626696,0.0,28935.48292634
MITOUSDT,2025-08-29,e2526,listing_d1_d7,4,1440.0,26.100743214824774,38.657694434135074,26.68157225395783,3.103033420171893,0.0,15398.19997598
MITOUSDT,2025-08-29,e2526,listing_d1_d7,5,1440.0,19.163046366752198,27.210535111188307,17.940359430995027,4.338728921424296,1.0,11156.795345100001
MITOUSDT,2025-08-29,e2526,listing_d1_d7,6,1440.0,25.62692301428542,41.63721308331979,30.26769523059685,3.6088088213437546,0.0,16823.014616619996
MITOUSDT,2025-08-29,e2526,listing_d1_d7,7,1440.0,25.2447043963815,36.88616449252037,22.338519320230414,3.253556284575556,0.0,12296.301421119999
MITOUSDT,2025-08-29,e2526,mature_d60_d66,60,1440.0,9.734513579278275,17.788068102811664,15.67565269105804,555.61815858837,220.0,480.40088390999995
MITOUSDT,2025-08-29,e2526,mature_d60_d66,61,1440.0,9.045680761487676,17.233172533930325,18.084672908917423,644.4085688459218,230.0,545.04858116
MITOUSDT,2025-08-29,e2526,mature_d60_d66,62,1440.0,12.480799231272258,22.261017573394327,18.442471955302064,689.5404332125755,172.0,484.22488909000003
MITOUSDT,2025-08-29,e2526,mature_d60_d66,63,1440.0,7.988018291604437,17.48991320680815,25.111835792542273,841.959175091525,329.0,1063.69461881
MITOUSDT,2025-08-29,e2526,mature_d60_d66,64,1440.0,7.103354693803632,13.56357160467659,11.744643929336371,947.1445602383453,255.0,443.6530134000001
MITOUSDT,2025-08-29,e2526,mature_d60_d66,65,1440.0,8.66673570511995,15.814866271853168,16.184009320988316,1052.6904950424237,219.0,608.4099016
MITOUSDT,2025-08-29,e2526,mature_d60_d66,66,1440.0,20.08146895740675,35.6495990304154,37.91310357422716,622.6852970361813,68.0,4050.87466498
MLNUSDT,2025-04-09,e2526,listing_d1_d7,1,1440.0,15.467908819390393,26.79260517282005,18.772797662386854,68.03876917474791,63.0,2861.0212873
MLNUSDT,2025-04-09,e2526,listing_d1_d7,2,1440.0,9.992783759998709,16.667136167811215,12.889362098082962,60.95104023564712,144.0,1333.2143853000002
MLNUSDT,2025-04-09,e2526,listing_d1_d7,3,1440.0,11.21893844915492,19.434803706446974,15.379006164143085,85.49644679246016,134.0,1834.0542049
MLNUSDT,2025-04-09,e2526,listing_d1_d7,4,1440.0,11.180055655665498,20.985793259132766,17.504376153131297,91.84918785855999,119.0,2067.7631052
MLNUSDT,2025-04-09,e2526,listing_d1_d7,5,1440.0,12.474026990917388,21.81150614862097,16.57538003035579,104.41445366691276,102.0,2199.7885466
MLNUSDT,2025-04-09,e2526,listing_d1_d7,6,1440.0,8.281085493267913,16.606383938454282,14.41842994701201,118.77160177424904,232.0,928.8717334
MLNUSDT,2025-04-09,e2526,listing_d1_d7,7,1440.0,9.781745147773124,18.398704031558,16.330565840095577,173.62697614183614,206.0,975.449709
MLNUSDT,2025-04-09,e2526,mature_d60_d66,60,1440.0,0.0,8.794250452367224,9.823731101957549,297.882107200838,818.0,933.0995519999999
MLNUSDT,2025-04-09,e2526,mature_d60_d66,61,1440.0,0.0,6.2680205591073,7.319242308717937,259.56614786060413,818.0,136.833157
MLNUSDT,2025-04-09,e2526,mature_d60_d66,62,1440.0,0.0,7.364222903136709,8.201845885399049,428.115082945418,766.0,167.05788929999997
MLNUSDT,2025-04-09,e2526,mature_d60_d66,63,1440.0,0.0,3.739366449846264,8.905000515970265,688.7157656839267,878.0,345.9620168
MLNUSDT,2025-04-09,e2526,mature_d60_d66,64,1440.0,3.7960268860342232,10.331912695337733,9.578901448323386,304.35713901013105,531.0,4847.6348802
MLNUSDT,2025-04-09,e2526,mature_d60_d66,65,1440.0,3.9218251066807643,11.779335175779746,10.567138849849314,304.5238988035799,521.0,435.2165638
MLNUSDT,2025-04-09,e2526,mature_d60_d66,66,1440.0,0.0,7.885658598283693,8.646039754178862,328.6903413193437,709.0,868.3952376
MNTUSDT,2023-10-02,e2324,listing_d1_d7,1,1440.0,0.48557832378411186,2.9098319645013477,4.10593405952316,110.53157437963789,159.0,1559.33145554
MNTUSDT,2023-10-02,e2324,listing_d1_d7,2,1440.0,0.24637823987410074,2.9459419649435112,4.223996278269377,74.3135914606338,172.0,1868.1856481399998
MNTUSDT,2023-10-02,e2324,listing_d1_d7,3,1440.0,0.0,2.4663954757292954,4.3378393074396655,119.11225119630313,358.0,1363.6111122300001
MNTUSDT,2023-10-02,e2324,listing_d1_d7,4,1440.0,0.0,1.3228810430962923,3.7135245300703468,115.2734373929901,416.0,795.419377
MNTUSDT,2023-10-02,e2324,listing_d1_d7,5,1440.0,0.0,1.270971024324389,2.680409915644028,102.19235774864329,320.0,1387.50575746
MNTUSDT,2023-10-02,e2324,listing_d1_d7,6,1440.0,0.2630229224927148,2.882278617126604,4.149057037058762,73.48144611253451,159.0,1280.83016842
MNTUSDT,2023-10-02,e2324,listing_d1_d7,7,1440.0,0.2612466691052302,1.3992094781239948,4.19280369556533,88.31308942439024,186.0,1480.8866502100002
MNTUSDT,2023-10-02,e2324,mature_d60_d66,60,1440.0,6.781152083252603,9.39097136986433,5.971039926389479,3.050677704906347,9.0,7251.740460749999
MNTUSDT,2023-10-02,e2324,mature_d60_d66,61,1440.0,4.007359033438839,6.422961175102163,4.970287577977221,4.936070879747722,9.0,5774.1263215
MNTUSDT,2023-10-02,e2324,mature_d60_d66,62,1440.0,4.20640687806616,6.645107283160025,4.796189398219249,13.563010826951148,44.0,5416.970472110001
MNTUSDT,2023-10-02,e2324,mature_d60_d66,63,1440.0,9.800664305792102,14.125808065939436,9.557772465842334,1.8604184801535677,2.0,22978.567987110004
MNTUSDT,2023-10-02,e2324,mature_d60_d66,64,1440.0,11.317329104213579,16.728296228475504,10.480627196435345,1.3769803342075022,0.0,24577.70757885
MNTUSDT,2023-10-02,e2324,mature_d60_d66,65,1440.0,11.414431220693354,16.600111818713682,10.950296971396542,1.8136014408378722,1.0,18820.7023522
MNTUSDT,2023-10-02,e2324,mature_d60_d66,66,1440.0,9.666536520822957,14.846739041948483,10.530002859350082,2.487795361025025,2.0,16811.26500612
MOBILEUSDT,2024-02-22,e2324,listing_d1_d7,1,1440.0,49.227404174960775,85.57866915467358,46.93329723200746,89.43559916000801,5.0,11156.5239687
MOBILEUSDT,2024-02-22,e2324,listing_d1_d7,2,1440.0,21.499598435342833,43.21117479012204,26.765863816076557,68.90153410625788,15.0,2157.8759763000003
MOBILEUSDT,2024-02-22,e2324,listing_d1_d7,3,1440.0,16.346547095320147,30.25510597827245,23.29024922763461,192.52029104637768,10.0,1645.3269285
MOBILEUSDT,2024-02-22,e2324,listing_d1_d7,4,1440.0,22.75313039570787,41.000522794561014,23.079119881845553,63.700394169942484,16.0,1961.8030324
MOBILEUSDT,2024-02-22,e2324,listing_d1_d7,5,1440.0,24.206564419215283,44.116633978385906,25.60448217186746,309.10333493947206,75.0,2027.2046594
MOBILEUSDT,2024-02-22,e2324,listing_d1_d7,6,1440.0,21.589532616186933,39.2202788972775,22.54596727769579,349.3236108905058,83.0,1753.6961005000003
MOBILEUSDT,2024-02-22,e2324,listing_d1_d7,7,1440.0,22.225309499552885,39.1252988349934,27.44995527447001,127.7445608488205,57.0,2237.992315
MOBILEUSDT,2024-02-22,e2324,mature_d60_d66,60,1440.0,13.333333333333178,22.036139268401186,16.077094437823067,177.98920065706312,25.0,1212.9368088
MOBILEUSDT,2024-02-22,e2324,mature_d60_d66,61,1440.0,9.212344541685082,17.87310098302099,11.985649854427448,76.78390444073968,144.0,765.4697819
MOBILEUSDT,2024-02-22,e2324,mature_d60_d66,62,1440.0,18.669828119941215,29.087384629561285,18.51896125673983,102.93343458847755,31.0,2142.7944929
MOBILEUSDT,2024-02-22,e2324,mature_d60_d66,63,1440.0,16.348778697230518,27.016076043628786,19.01370193001489,30.55472019975712,12.0,1948.4547475999998
MOBILEUSDT,2024-02-22,e2324,mature_d60_d66,64,1440.0,40.36343382443524,69.05630256308729,42.94649237627457,15.397052433110117,9.0,13874.2027983
MOBILEUSDT,2024-02-22,e2324,mature_d60_d66,65,1440.0,54.57026555660271,84.49514333940903,49.6536193761081,2.403036526435013,0.0,32264.393258699998
MOBILEUSDT,2024-02-22,e2324,mature_d60_d66,66,1440.0,37.02394777306167,56.47433128307198,37.6859408707838,2.9889529534264665,0.0,22526.774734799998
MOCAUSDT,2024-07-12,e2324,listing_d1_d7,1,1440.0,36.120647660108204,57.4095611215158,39.45661434470111,2.870531572222321,0.0,27975.20623398
MOCAUSDT,2024-07-12,e2324,listing_d1_d7,2,1440.0,25.141420692957745,37.62099786777251,24.119001640634668,3.805218662438924,0.0,12451.03013316
MOCAUSDT,2024-07-12,e2324,listing_d1_d7,3,1440.0,17.400861030646315,27.194234864116726,15.566488991142574,6.312991473361249,1.0,7403.016388550001
MOCAUSDT,2024-07-12,e2324,listing_d1_d7,4,1440.0,21.649115566223152,33.34944715576763,23.426699963697068,6.283986408315379,0.0,11193.43511414
MOCAUSDT,2024-07-12,e2324,listing_d1_d7,5,1440.0,37.63102726772522,61.57060147551396,45.20392651026263,2.2975258776326193,0.0,31756.80430437
MOCAUSDT,2024-07-12,e2324,listing_d1_d7,6,1440.0,34.00963943177838,51.3576605809493,34.02083040777255,4.0666212197633085,0.0,17910.4438054
MOCAUSDT,2024-07-12,e2324,listing_d1_d7,7,1440.0,29.519362716682984,45.14062748277006,31.09334244772151,4.975581612031592,0.0,13299.562863310002
MOCAUSDT,2024-07-12,e2324,mature_d60_d66,60,1440.0,0.0,9.201987076428441,9.393896950470573,373.94112885728725,856.0,299.78414828
MOCAUSDT,2024-07-12,e2324,mature_d60_d66,61,1440.0,0.0,10.712372790573417,10.213375727493371,524.6082391597689,775.0,576.41801585
MOCAUSDT,2024-07-12,e2324,mature_d60_d66,62,1440.0,0.0,2.0830078803022687,9.040368197772972,473.66193255564804,993.0,329.41839811999995
MOCAUSDT,2024-07-12,e2324,mature_d60_d66,63,1440.0,0.0,1.0549924002004956,7.816085295893206,413.27867129369594,1006.0,294.2010650600001
MOCAUSDT,2024-07-12,e2324,mature_d60_d66,64,1440.0,0.0,16.028487510997092,15.10005972503624,510.83631277275776,669.0,1464.4933362899997
MOCAUSDT,2024-07-12,e2324,mature_d60_d66,65,1440.0,13.822336896424378,24.959269071530393,21.457098641884283,595.9117084408789,353.0,2591.1316989599995
MOCAUSDT,2024-07-12,e2324,mature_d60_d66,66,1440.0,6.396534450996713,21.8006081855221,18.14245449473567,848.878528592422,547.0,1775.1042312
MOODENGUSDT,2024-10-01,e2324,listing_d1_d7,1,1440.0,74.40366351099313,114.82762840377971,58.749689188749834,2.267821188900299,0.0,52149.55260216
MOODENGUSDT,2024-10-01,e2324,listing_d1_d7,2,1440.0,59.67489316214245,91.68551221804665,56.64667766257887,1.6264405473989407,0.0,49228.386955530004
MOODENGUSDT,2024-10-01,e2324,listing_d1_d7,3,1440.0,69.98860087862482,105.58555343330659,57.04971077976619,1.391181776877763,0.0,68888.70535405999
MOODENGUSDT,2024-10-01,e2324,listing_d1_d7,4,1440.0,57.440784138283995,85.26573247475677,46.41236549013496,1.3342265064446142,0.0,51490.14683884
MOODENGUSDT,2024-10-01,e2324,listing_d1_d7,5,1440.0,53.88025081634555,78.23102099465224,43.10124598956049,1.2513608298952716,0.0,52274.90608577
MOODENGUSDT,2024-10-01,e2324,listing_d1_d7,6,1440.0,72.03479410309464,107.48787336794445,62.4944016861646,0.9527300990626552,0.0,105304.24753865998
MOODENGUSDT,2024-10-01,e2324,listing_d1_d7,7,1440.0,81.03992521565847,114.36916194450707,61.463419441458846,0.761768775484183,0.0,120905.13809474
MOODENGUSDT,2024-10-01,e2324,mature_d60_d66,60,1440.0,20.27728921501159,28.56264886516312,17.448681827155088,0.30630685151270737,0.0,92893.77249558001
MOODENGUSDT,2024-10-01,e2324,mature_d60_d66,61,1440.0,28.073764103707074,41.519178549799555,26.724790378349706,0.38570158437489616,0.0,113773.54901813
MOODENGUSDT,2024-10-01,e2324,mature_d60_d66,62,1440.0,41.11245106850554,74.8634938824704,96.72317431521874,0.2126415356022247,0.0,678262.64737428
MOODENGUSDT,2024-10-01,e2324,mature_d60_d66,63,1440.0,62.01558343514631,96.1062774517376,65.66398499946065,0.11951749055936643,0.0,685295.1304335499
MOODENGUSDT,2024-10-01,e2324,mature_d60_d66,64,1440.0,43.04380834543583,66.21733324070296,43.61869461028861,0.18413874093147867,0.0,337772.74167749
MOODENGUSDT,2024-10-01,e2324,mature_d60_d66,65,1440.0,37.79205873464981,53.22389750255996,33.523090371124916,0.21737186677631545,0.0,207597.79281557
MOODENGUSDT,2024-10-01,e2324,mature_d60_d66,66,1440.0,28.021857770440533,39.26941663588516,22.54139384722816,0.30198084925933605,0.0,121296.05219489001
MORPHOUSDT,2024-11-22,e2324,listing_d1_d7,1,1440.0,38.65979381443393,64.16207059662852,47.059182091528996,7.4036945714424025,1.0,15108.857626899999
MORPHOUSDT,2024-11-22,e2324,listing_d1_d7,2,1440.0,26.439887207653534,46.70029196942248,32.30034973158665,9.816904135334342,5.0,11980.176352800001
MORPHOUSDT,2024-11-22,e2324,listing_d1_d7,3,1440.0,61.25758882445651,109.06742052781766,75.99537801550984,4.880609111559117,1.0,43126.9616391
MORPHOUSDT,2024-11-22,e2324,listing_d1_d7,4,1440.0,76.15679477489138,113.67062793004214,68.60792633473497,2.259079989446818,0.0,57444.8012651
MORPHOUSDT,2024-11-22,e2324,listing_d1_d7,5,1440.0,89.79619238965554,130.96928890322314,81.60493211163114,0.6205660962138237,0.0,178226.9068812
MORPHOUSDT,2024-11-22,e2324,listing_d1_d7,6,1440.0,48.042474606712716,70.57137278324542,47.369010439478494,1.1183580783197105,0.0,65465.3020089
MORPHOUSDT,2024-11-22,e2324,listing_d1_d7,7,1440.0,35.7874877339625,50.99537340276825,34.11804793131705,1.5504955391807616,0.0,34862.7415072
MORPHOUSDT,2024-11-22,e2324,mature_d60_d66,60,1440.0,24.254509992924163,34.14104169878709,21.630035651776808,3.6966366587750272,0.0,14706.8366272
MORPHOUSDT,2024-11-22,e2324,mature_d60_d66,61,1440.0,25.572750480940403,37.99968793391787,24.16414017068591,2.6865529485740454,0.0,19382.033822300004
MORPHOUSDT,2024-11-22,e2324,mature_d60_d66,62,1440.0,22.68407842125742,34.4428046810379,22.66859538490873,3.211073190772877,0.0,17219.9889258
MORPHOUSDT,2024-11-22,e2324,mature_d60_d66,63,1440.0,23.211828775055398,34.17552638134745,22.101615377797895,2.505817406375614,0.0,25444.565007100002
MORPHOUSDT,2024-11-22,e2324,mature_d60_d66,64,1440.0,15.948719290263911,23.627169499846833,17.59049747106512,2.4169959778564927,0.0,15817.340027799999
MORPHOUSDT,2024-11-22,e2324,mature_d60_d66,65,1440.0,16.577494947313568,25.570537966610594,17.699488243812183,3.6167058340245344,0.0,14003.8585584
MORPHOUSDT,2024-11-22,e2324,mature_d60_d66,66,1440.0,27.157951010653246,39.09127827020884,25.156339177737298,2.9262915742682463,0.0,19197.6945224
MOVEUSDT,2024-12-09,e2324,listing_d1_d7,1,1440.0,114.15938697128982,161.8610851065155,90.42724133877873,0.16753667851907694,0.0,736417.8886674
MOVEUSDT,2024-12-09,e2324,listing_d1_d7,2,1440.0,45.06725973542919,72.75638943831514,49.12223820786855,0.2060904135696435,0.0,287076.0247506
MOVEUSDT,2024-12-09,e2324,listing_d1_d7,3,1440.0,24.646612256592924,34.55618963381913,21.47365100465091,0.19320820502949956,0.0,152844.7570766
MOVEUSDT,2024-12-09,e2324,listing_d1_d7,4,1440.0,22.069835401557057,31.975710891381706,18.98519631604311,0.2952272820883059,0.0,114696.39240289999
MOVEUSDT,2024-12-09,e2324,listing_d1_d7,5,1440.0,26.21535175202797,36.79264306089486,22.60729409881191,0.30226817405627593,0.0,137418.8639148
MOVEUSDT,2024-12-09,e2324,listing_d1_d7,6,1440.0,19.596639177180826,27.578376534302944,16.846067169847135,0.4513476916041281,0.0,63355.13236569999
MOVEUSDT,2024-12-09,e2324,listing_d1_d7,7,1440.0,22.017774890628964,31.31205869230994,20.985801175605374,0.5231726148700112,0.0,81751.2693319
MOVEUSDT,2024-12-09,e2324,mature_d60_d66,60,1440.0,23.644962586513195,33.985011115149426,22.97263297548867,1.5945473771010141,0.0,29846.9184428
MOVEUSDT,2024-12-09,e2324,mature_d60_d66,61,1440.0,21.321620155211928,32.102226098421866,19.63107243292983,1.6672548965037954,0.0,23523.9412403
MOVEUSDT,2024-12-09,e2324,mature_d60_d66,62,1440.0,18.3267700892334,27.140465398971656,18.39484329777558,2.2915658707598134,0.0,20929.528699299997
MOVEUSDT,2024-12-09,e2324,mature_d60_d66,63,1440.0,21.76870909481819,31.839679742649487,23.085409344452884,2.525982692264577,0.0,32790.038732
MOVEUSDT,2024-12-09,e2324,mature_d60_d66,64,1440.0,18.21991451761197,25.845756384314146,17.23002622741576,2.392887753655826,0.0,20497.785421800003
MOVEUSDT,2024-12-09,e2324,mature_d60_d66,65,1440.0,18.278209380947704,26.01505223939331,20.096054611838994,3.044153274272889,0.0,21534.6259193
MOVEUSDT,2024-12-09,e2324,mature_d60_d66,66,1440.0,16.447368421052847,23.968660193513788,16.29850844213262,3.7748260904124167,0.0,17233.7121016
MOVRUSDT,2023-11-23,e2324,listing_d1_d7,1,1440.0,20.14823437061526,35.119868085631914,21.843076964339897,228.15311823418367,121.0,3655.5183624
MOVRUSDT,2023-11-23,e2324,listing_d1_d7,2,1440.0,12.128567225654615,24.293963603346256,17.542883277151038,495.0320689094831,276.0,2679.0767238
MOVRUSDT,2023-11-23,e2324,listing_d1_d7,3,1440.0,10.371145489523116,23.47422158855791,19.134849252455563,469.53747379381815,229.0,3550.5793498
MOVRUSDT,2023-11-23,e2324,listing_d1_d7,4,1440.0,16.723681625388792,34.23516593760532,27.738260435130556,381.3233305189187,167.0,5977.250442500001
MOVRUSDT,2023-11-23,e2324,listing_d1_d7,5,1440.0,15.15036748334701,30.05824101952823,22.916428758104544,238.0896499067612,167.0,2977.1216476
MOVRUSDT,2023-11-23,e2324,listing_d1_d7,6,1440.0,7.833920925475993,18.297564854833215,14.88166346359284,443.46881816493357,253.0,2221.5332524
MOVRUSDT,2023-11-23,e2324,listing_d1_d7,7,1440.0,6.23781771224084,16.706538075603262,13.994440259945359,288.1030742515991,357.0,1975.2728579000002
MOVRUSDT,2023-11-23,e2324,mature_d60_d66,60,1440.0,19.26400432085699,26.940973156274595,17.475510989377202,7.116528273632921,0.0,10181.3260201
MOVRUSDT,2023-11-23,e2324,mature_d60_d66,61,1440.0,25.06684058199592,38.02614384806208,26.40535626386132,5.516406830244164,0.0,22264.823170800002
MOVRUSDT,2023-11-23,e2324,mature_d60_d66,62,1440.0,21.87196903291469,31.97106636069236,21.032571989040324,3.2343286597446235,0.0,19126.570282200002
MOVRUSDT,2023-11-23,e2324,mature_d60_d66,63,1440.0,16.600489116620313,23.15663027958197,15.016733944656231,6.901477862306423,1.0,8558.2937945
MOVRUSDT,2023-11-23,e2324,mature_d60_d66,64,1440.0,12.725996236343942,18.17200347778106,11.407507182817007,8.157597908906029,2.0,7126.5005066
MOVRUSDT,2023-11-23,e2324,mature_d60_d66,65,1440.0,13.830309044279064,22.514776209486442,17.975476573196314,9.732294891470149,5.0,13037.476409999997
MOVRUSDT,2023-11-23,e2324,mature_d60_d66,66,1440.0,15.01286580902194,20.901238484139384,13.637279250671254,10.915354489710916,0.0,8059.6516534
MUSDT,2025-07-08,e2526,listing_d1_d7,1,1440.0,72.83266488519432,106.61694081487387,62.85876946736959,1.118987438401476,0.0,122896.4462682
MUSDT,2025-07-08,e2526,listing_d1_d7,2,1440.0,91.65794123421279,138.94936157421105,88.11263995098238,0.4779608307707065,0.0,270329.06185299996
MUSDT,2025-07-08,e2526,listing_d1_d7,3,1440.0,137.72744825532257,198.16907341188104,114.24248279326086,0.3361343223210143,0.0,565971.3736553
MUSDT,2025-07-08,e2526,listing_d1_d7,4,1440.0,87.22423656911765,126.31756592740898,75.21833909104345,0.4409766403943397,0.0,249445.28477350003
MUSDT,2025-07-08,e2526,listing_d1_d7,5,1440.0,62.211024022729035,89.82553207337914,61.155018242532144,0.7382802446280624,0.0,120601.5478826
MUSDT,2025-07-08,e2526,listing_d1_d7,6,1440.0,56.3459354844637,84.7419891319472,50.405835630393675,0.704180124155301,0.0,123682.54526819999
MUSDT,2025-07-08,e2526,listing_d1_d7,7,1440.0,53.040403422643074,74.27360001708797,46.33760632587443,0.8876558379099057,0.0,87636.1179025
MUSDT,2025-07-08,e2526,mature_d60_d66,60,1440.0,48.4492078922623,73.81181233694862,42.863044849592136,0.1663185356838206,0.0,347682.1138638
MUSDT,2025-07-08,e2526,mature_d60_d66,61,1440.0,36.46934960096241,52.734415835832046,32.72610949527772,0.22981174834380894,0.0,197936.4581473
MUSDT,2025-07-08,e2526,mature_d60_d66,62,1440.0,46.00007290731982,69.80362692712043,46.88245865786962,0.3766035349906731,0.0,172477.5893922
MUSDT,2025-07-08,e2526,mature_d60_d66,63,1440.0,43.06891414504648,59.25417081413621,35.22395659774549,0.5367276885617327,0.0,101702.5076672
MUSDT,2025-07-08,e2526,mature_d60_d66,64,1440.0,38.48381482405417,53.57414996984349,31.99722887383723,0.6923745684040412,0.0,81503.6996504
MUSDT,2025-07-08,e2526,mature_d60_d66,65,1440.0,28.247875122007077,39.61452287344692,23.32464517846161,0.7176391202980414,0.0,54636.9914517
MUSDT,2025-07-08,e2526,mature_d60_d66,66,1440.0,49.164297234753036,75.52538165935859,49.83981030030529,0.5819846373014225,0.0,128247.60942490002
MYROUSDT,2024-01-19,e2324,listing_d1_d7,1,1440.0,53.98773331252129,93.0713547052742,57.19056733066659,10.340681333725927,0.0,15798.919799600002
MYROUSDT,2024-01-19,e2324,listing_d1_d7,2,1440.0,51.679589415059674,84.67608464750448,52.043322451123494,10.484652408796837,0.0,13337.9575617
MYROUSDT,2024-01-19,e2324,listing_d1_d7,3,1440.0,59.23000987166864,88.29924384460915,46.32961886607356,10.230828127812167,0.0,17892.9903556
MYROUSDT,2024-01-19,e2324,listing_d1_d7,4,1440.0,63.728111441277285,95.90792838874688,54.71255095761577,6.64126339986589,0.0,15836.653377999999
MYROUSDT,2024-01-19,e2324,listing_d1_d7,5,1440.0,58.42264545930358,85.04263491590126,45.38289708900546,5.847075552001027,0.0,16612.494334
MYROUSDT,2024-01-19,e2324,listing_d1_d7,6,1440.0,46.680548157474114,69.73317053645195,39.46786540919269,8.702495017883951,0.0,10942.526074000001
MYROUSDT,2024-01-19,e2324,listing_d1_d7,7,1440.0,36.6860321661688,55.73100565697074,35.77395050316333,28.266499562081584,4.0,9452.3425482
MYROUSDT,2024-01-19,e2324,mature_d60_d66,60,1440.0,57.04783145452263,77.71561426130778,43.414175610799234,0.7134465355244953,0.0,81626.37833358
MYROUSDT,2024-01-19,e2324,mature_d60_d66,61,1440.0,47.08225754641908,65.3608538142765,39.868065123293604,1.0518444093432127,0.0,58129.21962664
MYROUSDT,2024-01-19,e2324,mature_d60_d66,62,1440.0,33.889088965326664,48.286896482229174,27.482276417022078,1.3169325030704018,1.0,42725.0532996
MYROUSDT,2024-01-19,e2324,mature_d60_d66,63,1440.0,29.21541212708687,41.3869690197247,25.414041842291507,1.1552442412936996,0.0,37770.49046601001
MYROUSDT,2024-01-19,e2324,mature_d60_d66,64,1440.0,23.076466115232382,32.350041169374144,19.312049416798185,1.4420698073372753,0.0,24208.96882011
MYROUSDT,2024-01-19,e2324,mature_d60_d66,65,1440.0,28.307825932734968,41.482629558853446,26.636300691561264,1.1965828170553587,0.0,38346.997666639996
MYROUSDT,2024-01-19,e2324,mature_d60_d66,66,1440.0,29.336385020463908,42.98678200237708,26.677925449054936,1.2471171296051085,0.0,42910.37030974
MYXUSDT,2025-08-05,e2526,listing_d1_d7,1,1440.0,165.46715754897738,257.55745376193244,150.10225566331297,0.2520920916297509,0.0,719929.43893053
MYXUSDT,2025-08-05,e2526,listing_d1_d7,2,1440.0,97.11809372837877,152.04040469328947,84.32115059141009,0.24509162454864256,0.0,494793.0774607099
MYXUSDT,2025-08-05,e2526,listing_d1_d7,3,1440.0,83.58915756023825,131.03315132786477,76.93142015398864,0.2490204355825178,0.0,491596.48039020004
MYXUSDT,2025-08-05,e2526,listing_d1_d7,4,1440.0,48.89758558647271,68.28034427961991,44.254650254951216,0.37073344962526666,0.0,162745.81310852
MYXUSDT,2025-08-05,e2526,listing_d1_d7,5,1440.0,39.34950649729693,55.43698448497326,34.94552785499458,0.5058195438234192,0.0,101205.93320365998
MYXUSDT,2025-08-05,e2526,listing_d1_d7,6,1440.0,28.56612049442456,41.92681759804919,30.181869612314948,0.7461455511099506,0.0,73249.64458114
MYXUSDT,2025-08-05,e2526,listing_d1_d7,7,1440.0,20.945854687803013,32.190245529316314,23.656910399807327,0.8691885709452424,0.0,47702.21298237
MYXUSDT,2025-08-05,e2526,mature_d60_d66,60,1440.0,90.90277253654676,140.6703821200953,90.14283302904731,0.4079574178187167,0.0,320479.47507979
MYXUSDT,2025-08-05,e2526,mature_d60_d66,61,1440.0,58.042892445831896,83.81418758858996,50.29323714852139,0.5115557485985474,0.0,135221.68571463999
MYXUSDT,2025-08-05,e2526,mature_d60_d66,62,1440.0,74.479302106213,111.82434861855859,72.13111598452394,0.49886016247278936,0.0,213783.59304829995
MYXUSDT,2025-08-05,e2526,mature_d60_d66,63,1440.0,51.79793082201907,75.27325999833582,43.48002827059204,0.7269400167348699,0.0,91733.4070706
MYXUSDT,2025-08-05,e2526,mature_d60_d66,64,1440.0,34.84920454100819,49.36339448852982,30.866506684555254,0.8737124412676358,0.0,56727.9838366
MYXUSDT,2025-08-05,e2526,mature_d60_d66,65,1440.0,32.985008008034,46.136020450448285,26.453911697492963,1.2539133296101568,0.0,40874.5256252
MYXUSDT,2025-08-05,e2526,mature_d60_d66,66,1440.0,40.09741198448956,65.45202086581084,311.21316063531737,1.2108519746527184,0.0,90977.75394072
NAORISUSDT,2025-07-31,e2526,listing_d1_d7,1,1440.0,44.466913829906346,67.56313003175893,40.8276876321967,5.2655936677507835,1.0,17090.0570408
NAORISUSDT,2025-07-31,e2526,listing_d1_d7,2,1440.0,34.43974821306339,53.02936868230329,40.72014585224308,3.118945288804039,0.0,18840.364827100002
NAORISUSDT,2025-07-31,e2526,listing_d1_d7,3,1440.0,43.65691094281662,70.7626012951579,45.196949460463145,3.581482332354662,0.0,34793.9638194
NAORISUSDT,2025-07-31,e2526,listing_d1_d7,4,1440.0,28.974059573689317,46.884645061728484,29.658993562719346,3.279794166947498,0.0,15481.722886
NAORISUSDT,2025-07-31,e2526,listing_d1_d7,5,1440.0,29.27353641839243,49.25038101707377,37.413817865002876,3.538306944491037,1.0,16110.7464927
NAORISUSDT,2025-07-31,e2526,listing_d1_d7,6,1440.0,34.82120176185288,51.16617579387293,33.096720641251906,4.25644152783621,1.0,14421.5335639
NAORISUSDT,2025-07-31,e2526,listing_d1_d7,7,1440.0,40.81000138952039,63.91709547850423,52.47376127278848,5.828947575305632,4.0,19291.3066083
NAORISUSDT,2025-07-31,e2526,mature_d60_d66,60,1440.0,16.438074704382633,24.546345360885557,17.401407269212612,44.32482071424989,9.0,1481.2896801999998
NAORISUSDT,2025-07-31,e2526,mature_d60_d66,61,1440.0,21.10616257019956,32.09418036224605,24.547280599113932,52.640097374687365,3.0,2232.9980976
NAORISUSDT,2025-07-31,e2526,mature_d60_d66,62,1440.0,19.074047124505363,30.224915333359792,23.90218288310871,84.36671025347285,23.0,1510.6279829
NAORISUSDT,2025-07-31,e2526,mature_d60_d66,63,1440.0,29.73930556032362,73.11817714119859,57.844458543009615,71.49115316713021,58.0,9899.624568800002
NAORISUSDT,2025-07-31,e2526,mature_d60_d66,64,1440.0,47.905832843330536,76.01393365538289,57.45010765950078,18.69865860815481,2.0,12379.976787799998
NAORISUSDT,2025-07-31,e2526,mature_d60_d66,65,1440.0,23.85211704846001,36.37115572599496,26.586123735072782,47.08120024756205,14.0,2553.1066342000004
NAORISUSDT,2025-07-31,e2526,mature_d60_d66,66,1440.0,18.01506714706886,27.83577022280334,20.19039169551564,63.77720226010047,10.0,1437.5369468000001
NEIROETHUSDT,2024-08-15,e2324,listing_d1_d7,1,1440.0,60.125721900050095,98.54771784232324,52.465822116663006,5.269050451063575,0.0,23236.3775585
NEIROETHUSDT,2024-08-15,e2324,listing_d1_d7,2,1440.0,63.0444758398167,99.60467201425821,62.03933285158534,3.5865545915957022,0.0,32475.949734
NEIROETHUSDT,2024-08-15,e2324,listing_d1_d7,3,1440.0,48.57737682165205,77.82101167315217,51.432946799910155,3.6444873804146063,0.0,22394.5355365
NEIROETHUSDT,2024-08-15,e2324,listing_d1_d7,4,1440.0,58.327932598833314,95.94095940959377,60.08428823074388,3.2771679488130383,0.0,33073.023140900004
NEIROETHUSDT,2024-08-15,e2324,listing_d1_d7,5,1440.0,52.972410073176015,77.41555924695433,47.06298651614125,3.0788816360707556,0.0,30073.1049278
NEIROETHUSDT,2024-08-15,e2324,listing_d1_d7,6,1440.0,54.96393640723504,76.70850767085055,44.37951750882084,3.4457550254662443,0.0,25460.363311899997
NEIROETHUSDT,2024-08-15,e2324,listing_d1_d7,7,1440.0,42.7046263345198,61.1205644496942,33.788556227892784,3.4005618543497063,0.0,21417.4494319
NEIROETHUSDT,2024-08-15,e2324,mature_d60_d66,60,1440.0,42.98980587241867,59.29694002940248,35.411535946932965,0.2869249107086782,0.0,169418.3745683
NEIROETHUSDT,2024-08-15,e2324,mature_d60_d66,61,1440.0,42.70256819874665,61.146956510790886,34.44405915265986,0.2888736493181458,0.0,176559.93110955
NEIROETHUSDT,2024-08-15,e2324,mature_d60_d66,62,1440.0,41.96708948408692,58.78439419510953,34.24436723975226,0.3908608058341813,0.0,122849.75627487001
NEIROETHUSDT,2024-08-15,e2324,mature_d60_d66,63,1440.0,27.850617928872698,38.261580959402764,22.264230800551697,0.419132073009125,0.0,79576.24417688
NEIROETHUSDT,2024-08-15,e2324,mature_d60_d66,64,1440.0,35.551032046388634,52.20662672380096,37.49996743651043,0.3817654835079153,0.0,146231.13291402
NEIROETHUSDT,2024-08-15,e2324,mature_d60_d66,65,1440.0,33.09717839579442,48.66439453484131,29.62027127249741,0.4429612790537191,0.0,94776.52922082001
NEIROETHUSDT,2024-08-15,e2324,mature_d60_d66,66,1440.0,29.48632948088909,41.00182777137764,26.690114459989186,0.5174406336228442,0.0,75293.00644808999
NMRUSDT,2023-09-04,e2324,listing_d1_d7,1,1440.0,22.033476919833635,33.38097880863185,24.62189655516165,90.70088803413813,32.0,8981.406363299999
NMRUSDT,2023-09-04,e2324,listing_d1_d7,2,1440.0,23.17833757190736,40.20400709947694,30.32124629182433,58.73927876725617,33.0,14328.7915189
NMRUSDT,2023-09-04,e2324,listing_d1_d7,3,1440.0,11.006422676736243,20.30101505075248,15.087378958023484,109.49460929758963,130.0,3901.3855422
NMRUSDT,2023-09-04,e2324,listing_d1_d7,4,1440.0,8.650207255785428,18.00599297129637,17.537405415756876,239.04071504937076,255.0,3029.8579882
NMRUSDT,2023-09-04,e2324,listing_d1_d7,5,1440.0,5.271486338540229,13.852689938140294,12.879618607141111,165.94524349796976,346.0,1752.4321729
NMRUSDT,2023-09-04,e2324,listing_d1_d7,6,1440.0,6.81973238374061,15.97201122945724,16.38483380748929,233.14641827964937,320.0,1730.4062746
NMRUSDT,2023-09-04,e2324,listing_d1_d7,7,1440.0,9.831572091566647,21.311052922801508,18.65592291736989,131.9371305329812,227.0,3964.0794663000006
NMRUSDT,2023-09-04,e2324,mature_d60_d66,60,1440.0,0.0,11.048912720104619,10.980840023607948,2089.70791889989,725.0,245.6763483
NMRUSDT,2023-09-04,e2324,mature_d60_d66,61,1440.0,0.0,10.642829863742485,10.386810172530378,934.482257789746,724.0,745.9483262
NMRUSDT,2023-09-04,e2324,mature_d60_d66,62,1440.0,0.0,11.011510948832498,11.47739581027087,1301.4680385113313,741.0,778.6710584
NMRUSDT,2023-09-04,e2324,mature_d60_d66,63,1440.0,0.0,9.590848004789594,9.554418594961462,1597.9747032082787,781.0,398.7277369
NMRUSDT,2023-09-04,e2324,mature_d60_d66,64,1440.0,0.0,12.039660056656842,11.241236768495035,1621.1522025143377,733.0,802.6023547
NMRUSDT,2023-09-04,e2324,mature_d60_d66,65,1440.0,0.0,4.169127745950238,8.13667820055803,1546.1027867014786,967.0,231.49979100000002
NMRUSDT,2023-09-04,e2324,mature_d60_d66,66,1440.0,4.73010550309145,17.88446861059856,26.150379239826687,1176.4892180601382,575.0,1298.0849532999998
NOMUSDT,2025-10-01,e2526,listing_d1_d7,1,1440.0,38.91316703058613,56.935863613530735,33.613123078933164,12.49259733420245,1.0,9642.972853199999
NOMUSDT,2025-10-01,e2526,listing_d1_d7,2,1440.0,25.164267233049273,41.10716191134659,27.239429919000226,12.807324563975037,5.0,10573.1367343
NOMUSDT,2025-10-01,e2526,listing_d1_d7,3,1440.0,22.029464826258508,35.29355785087172,24.814026423316534,11.301887621430097,6.0,8216.022877999998
NOMUSDT,2025-10-01,e2526,listing_d1_d7,4,1440.0,14.852246944447863,25.95342842001146,19.29494486294051,22.931541040019784,20.0,4660.5170745000005
NOMUSDT,2025-10-01,e2526,listing_d1_d7,5,1440.0,15.463120827443472,24.121816811881587,16.379883400853334,15.318302204727896,6.0,4036.3481552
NOMUSDT,2025-10-01,e2526,listing_d1_d7,6,1440.0,18.711991722722125,30.05937999143533,22.218226826132216,22.14478303735935,8.0,4736.720523399999
NOMUSDT,2025-10-01,e2526,listing_d1_d7,7,1440.0,13.097578352541545,22.55336330654425,16.258780660970107,28.48174204716183,14.0,3026.5523861999995
NOMUSDT,2025-10-01,e2526,mature_d60_d66,60,1440.0,0.0,9.107468123861196,10.150958337185255,1458.1357320397317,607.0,369.38374430000005
NOMUSDT,2025-10-01,e2526,mature_d60_d66,61,1440.0,10.172939979653705,20.38735983690029,17.701648258842223,1020.3300878994294,293.0,738.3551484
NOMUSDT,2025-10-01,e2526,mature_d60_d66,62,1440.0,0.0,10.152284263960738,12.327832369314692,1287.5948037883418,565.0,264.63461600000005
NOMUSDT,2025-10-01,e2526,mature_d60_d66,63,1440.0,0.0,9.541984732824039,11.424033930719506,3564.271734791828,727.0,277.2690102
NOMUSDT,2025-10-01,e2526,mature_d60_d66,64,1440.0,0.0,9.560229445506302,13.733433557071983,2522.3106794948862,634.0,466.8517521
NOMUSDT,2025-10-01,e2526,mature_d60_d66,65,1440.0,9.523809523810787,10.020040080161651,14.513652316927907,610.4446301711187,434.0,570.2027501
NOMUSDT,2025-10-01,e2526,mature_d60_d66,66,1440.0,0.0,9.852216748769782,10.739196423621804,950.1750679966365,704.0,295.8226225
NOTUSDT,2024-05-16,e2324,listing_d1_d7,1,1440.0,46.02821997143895,68.77111444490842,40.80985739651203,0.26243184871821534,0.0,199603.35276411998
NOTUSDT,2024-05-16,e2324,listing_d1_d7,2,1440.0,22.603978813481593,33.69660718430506,17.81955743682906,0.1876123194182035,0.0,117545.96199732
NOTUSDT,2024-05-16,e2324,listing_d1_d7,3,1440.0,27.088046938852262,38.75499595066745,23.613505076275228,0.20576991234024178,0.0,150393.13602670003
NOTUSDT,2024-05-16,e2324,listing_d1_d7,4,1440.0,31.047413902367918,44.845060587191064,27.472533140310084,0.20937771414541007,0.0,152342.0172685
NOTUSDT,2024-05-16,e2324,listing_d1_d7,5,1440.0,29.167812092398957,42.05177842866519,24.817546963187652,0.27138044644668735,0.0,134193.81287839002
NOTUSDT,2024-05-16,e2324,listing_d1_d7,6,1440.0,22.57973488798171,30.476243631463937,19.835483681965353,0.3939208204621971,0.0,70305.27931599
NOTUSDT,2024-05-16,e2324,listing_d1_d7,7,1440.0,21.03854358781163,29.72403101939531,33.69878966666719,0.4416821354332348,0.0,68987.6584856
NOTUSDT,2024-05-16,e2324,mature_d60_d66,60,1440.0,24.029935590485714,35.524463229904725,21.681485089647477,0.10549406204092127,0.0,312918.16501352
NOTUSDT,2024-05-16,e2324,mature_d60_d66,61,1440.0,23.43306046321392,32.34581919205577,18.374360521330008,0.12094293118745839,0.0,244845.35839205
NOTUSDT,2024-05-16,e2324,mature_d60_d66,62,1440.0,20.95370602709136,28.6568489116309,16.380424680623776,0.14417315525015603,0.0,198507.00724728
NOTUSDT,2024-05-16,e2324,mature_d60_d66,63,1440.0,16.316301357120004,23.465119614391895,13.352752249691907,0.18890628090395517,0.0,124093.77728087001
NOTUSDT,2024-05-16,e2324,mature_d60_d66,64,1440.0,18.677324243864092,25.941131107460944,15.172543841370796,0.1598015119203027,0.0,167743.49602429997
NOTUSDT,2024-05-16,e2324,mature_d60_d66,65,1440.0,14.881440181996771,22.024099549653183,16.588135024515903,0.15694223741541288,0.0,169582.28670102
NOTUSDT,2024-05-16,e2324,mature_d60_d66,66,1440.0,13.687977006226738,19.34930489037324,12.980263730764984,0.22603498076193426,0.0,123457.25977306
NTRNUSDT,2023-10-10,e2324,listing_d1_d7,1,1440.0,28.905911862662062,53.383157930737575,41.45801569017601,16.269102559415792,6.0,13160.751547900001
NTRNUSDT,2023-10-10,e2324,listing_d1_d7,2,1440.0,19.64314997797386,36.541652837703296,27.169108094807026,113.23068061768379,42.0,6786.1529965
NTRNUSDT,2023-10-10,e2324,listing_d1_d7,3,1440.0,21.37082342238826,40.179264199219006,31.948133238458652,122.11365680970634,100.0,5664.9118985
NTRNUSDT,2023-10-10,e2324,listing_d1_d7,4,1440.0,9.545020680877972,22.488153997209775,22.100488086540008,431.76699920397346,182.0,2551.7334954
NTRNUSDT,2023-10-10,e2324,listing_d1_d7,5,1440.0,6.556302421674187,16.523468735072747,17.132196742263606,601.9321532573157,242.0,1841.8349849
NTRNUSDT,2023-10-10,e2324,listing_d1_d7,6,1440.0,6.437078233600383,19.219989158192668,19.47727578612917,700.1658635957159,285.0,2279.0431332
NTRNUSDT,2023-10-10,e2324,listing_d1_d7,7,1440.0,6.648936905059317,20.217336796404304,17.901079647575614,1119.507126345756,307.0,1219.8572634999998
NTRNUSDT,2023-10-10,e2324,mature_d60_d66,60,1440.0,15.51710770454677,25.383368765922043,22.835010937763126,42.280207352281195,14.0,7926.958079699999
NTRNUSDT,2023-10-10,e2324,mature_d60_d66,61,1440.0,9.630818867716977,15.966152445259576,13.12088147006593,112.30050044452668,70.0,3529.2146647999994
NTRNUSDT,2023-10-10,e2324,mature_d60_d66,62,1440.0,25.85009943780814,44.00892273159558,38.685160056808925,63.925805640153406,17.0,13533.944646000002
NTRNUSDT,2023-10-10,e2324,mature_d60_d66,63,1440.0,41.92691335472109,61.52284696639565,38.77242281554846,2.938781686000419,0.0,35393.9408992
NTRNUSDT,2023-10-10,e2324,mature_d60_d66,64,1440.0,30.239684657090493,46.152628787944195,33.37120352470337,4.166386906429774,0.0,20689.005290799996
NTRNUSDT,2023-10-10,e2324,mature_d60_d66,65,1440.0,36.736244862608,57.36171668636548,35.44307247836924,5.102591883907586,0.0,22998.0327259
NTRNUSDT,2023-10-10,e2324,mature_d60_d66,66,1440.0,29.13844624634209,44.441292654227254,27.966562635898008,6.226521177893455,0.0,14329.7137544
OGUSDT,2023-08-28,e2324,listing_d1_d7,1,1440.0,8.78150147127803,21.00287680550615,19.74345339159351,1388.8209185905257,322.0,1082.7526623400001
OGUSDT,2023-08-28,e2324,listing_d1_d7,2,1440.0,7.518027113848673,16.705332557374952,14.177772905154484,2264.047249946035,160.0,695.8110136600001
OGUSDT,2023-08-28,e2324,listing_d1_d7,3,1440.0,6.87718526512985,16.879338896256886,15.612735789236146,2760.8170817881974,235.0,734.44480994
OGUSDT,2023-08-28,e2324,listing_d1_d7,4,1440.0,6.559514852162748,15.579667600704724,16.97071436019989,2715.598243148653,284.0,659.64472859
OGUSDT,2023-08-28,e2324,listing_d1_d7,5,1440.0,17.911276854217878,56.47920359481097,53.14141383234787,1776.9222373486718,285.0,15382.126976700001
OGUSDT,2023-08-28,e2324,listing_d1_d7,6,1440.0,34.43983748268506,55.001629866974994,36.786492629444595,39.65318077666642,10.0,14332.949510440001
OGUSDT,2023-08-28,e2324,listing_d1_d7,7,1440.0,10.49734369551573,18.29727388220814,15.535840874309539,405.40369252692784,146.0,2910.16492724
OGUSDT,2023-08-28,e2324,mature_d60_d66,60,1440.0,10.534191108876136,23.20057697441899,20.89802089977624,1403.2841383912983,302.0,1526.87020924
OGUSDT,2023-08-28,e2324,mature_d60_d66,61,1440.0,2.7082622307403645,11.216483754036211,9.56379238061639,1253.353205987126,557.0,323.62127418
OGUSDT,2023-08-28,e2324,mature_d60_d66,62,1440.0,0.9000214548297482,10.13302479096133,8.861520191466843,1135.5474712767048,640.0,280.26045906
OGUSDT,2023-08-28,e2324,mature_d60_d66,63,1440.0,0.0,6.788597435497148,7.379455480267214,999.1702676668402,690.0,173.13694406000002
OGUSDT,2023-08-28,e2324,mature_d60_d66,64,1440.0,3.345153039852766,11.938080159475948,11.984090576552234,1166.8203042138011,497.0,583.0486942
OGUSDT,2023-08-28,e2324,mature_d60_d66,65,1440.0,1.5924328363343017,9.096596019217161,9.515003599862014,1358.618601790255,602.0,470.41307206000005
OGUSDT,2023-08-28,e2324,mature_d60_d66,66,1440.0,0.0,8.660977205122933,9.433770289704903,2283.639346369518,816.0,257.2595159
OLUSDT,2024-11-21,e2324,listing_d1_d7,1,1440.0,72.67484503236703,117.26689783444125,77.25342877352719,19.700114066244552,1.0,20657.17948453
OLUSDT,2024-11-21,e2324,listing_d1_d7,2,1440.0,37.4012742501325,60.64120467432022,43.22776147030758,31.762539586020896,6.0,8567.57050259
OLUSDT,2024-11-21,e2324,listing_d1_d7,3,1440.0,41.40405054284448,68.47313416921101,48.397835584465845,22.934174818566785,5.0,8238.663657879999
OLUSDT,2024-11-21,e2324,listing_d1_d7,4,1440.0,64.95296104238237,102.93120805369055,70.92709970968602,9.756780565311885,2.0,35993.26582268
OLUSDT,2024-11-21,e2324,listing_d1_d7,5,1440.0,79.71810157772079,111.55934574206705,71.0677403376701,0.9276979668291794,0.0,107822.77209718
OLUSDT,2024-11-21,e2324,listing_d1_d7,6,1440.0,49.96598204237136,74.24508200578119,50.736227867328296,2.6507098219907625,0.0,34855.936546159995
OLUSDT,2024-11-21,e2324,listing_d1_d7,7,1440.0,39.000996963532806,57.396354967184685,37.77537655131807,3.264193650788134,0.0,22456.25222513
OLUSDT,2024-11-21,e2324,mature_d60_d66,60,1440.0,37.71641791174943,58.937237023678186,38.24741035056706,8.96916325346615,2.0,13229.678754300001
OLUSDT,2024-11-21,e2324,mature_d60_d66,61,1440.0,26.78312195127662,39.48064401447784,25.500839538171086,15.942499932368165,2.0,5251.176530069999
OLUSDT,2024-11-21,e2324,mature_d60_d66,62,1440.0,19.625603976555816,29.349917249974226,20.21135790989115,50.897603931711096,5.0,3708.0362237099994
OLUSDT,2024-11-21,e2324,mature_d60_d66,63,1440.0,18.983146159109083,29.575395171252527,21.33324493835934,64.61509757976886,17.0,3558.64338979
OLUSDT,2024-11-21,e2324,mature_d60_d66,64,1440.0,15.944051006866124,25.4346760917191,19.000231748483518,56.33278193945271,16.0,2360.9477024400003
OLUSDT,2024-11-21,e2324,mature_d60_d66,65,1440.0,15.546170387656863,24.982117618798686,19.37974754559762,44.99889523313616,35.0,2579.86761322
OLUSDT,2024-11-21,e2324,mature_d60_d66,66,1440.0,10.509349546203177,17.81373824331235,14.027847230440068,64.63789490188428,52.0,2860.89498269
OMNIUSDT,2024-04-17,e2324,listing_d1_d7,1,1440.0,54.03783473302741,84.51492950092664,47.36661689164173,0.8958979496125493,0.0,84752.86725500999
OMNIUSDT,2024-04-17,e2324,listing_d1_d7,2,1440.0,43.04764689603953,63.26186219049812,39.88934356671901,1.3510842057393984,0.0,54011.209972740005
OMNIUSDT,2024-04-17,e2324,listing_d1_d7,3,1440.0,34.9152573679372,49.805053435329484,32.36694155386906,1.3253108939783071,0.0,38428.231654660005
OMNIUSDT,2024-04-17,e2324,listing_d1_d7,4,1440.0,28.052950327372315,38.38501655904724,25.87033453641366,1.3047319656843792,0.0,35201.80549774
OMNIUSDT,2024-04-17,e2324,listing_d1_d7,5,1440.0,25.591084816611016,35.62865667674507,20.28794832879194,1.7454917702305208,0.0,26045.43997283
OMNIUSDT,2024-04-17,e2324,listing_d1_d7,6,1440.0,23.47913726661709,31.796899286349305,20.43534554498219,2.198829144178228,0.0,21255.30822302
OMNIUSDT,2024-04-17,e2324,listing_d1_d7,7,1440.0,25.43798949372443,35.25198707081231,21.043846810985343,1.732324976883345,0.0,24167.68958526
OMNIUSDT,2024-04-17,e2324,mature_d60_d66,60,1440.0,12.727936095836352,17.999590928429814,12.188271692703262,2.8400325024272233,0.0,10403.48988479
OMNIUSDT,2024-04-17,e2324,mature_d60_d66,61,1440.0,21.40771984357793,29.887139520970017,19.285504993837016,2.0588200761591264,0.0,17934.948918029997
OMNIUSDT,2024-04-17,e2324,mature_d60_d66,62,1440.0,27.33070290572259,39.39234479878614,29.414788393462572,1.777492920380167,0.0,26426.325891609995
OMNIUSDT,2024-04-17,e2324,mature_d60_d66,63,1440.0,21.917808482405835,31.537827595278053,19.17620763866935,1.8432212959337924,0.0,17024.71671661
OMNIUSDT,2024-04-17,e2324,mature_d60_d66,64,1440.0,20.66106051363673,29.065966518986624,17.40111961452139,2.7197413142960762,1.0,12918.100344030001
OMNIUSDT,2024-04-17,e2324,mature_d60_d66,65,1440.0,17.96881367156742,25.57343549254572,15.994156192982249,3.4720864621603775,1.0,8746.995313930001
OMNIUSDT,2024-04-17,e2324,mature_d60_d66,66,1440.0,10.742677295529283,15.083227106939619,9.766661066140253,5.702756416063213,2.0,4825.456132570001
OMUSDT,2024-03-18,e2324,listing_d1_d7,1,1440.0,81.38718549145688,117.11971835206549,66.8115101401351,1.1947895634954684,0.0,103002.69699184998
OMUSDT,2024-03-18,e2324,listing_d1_d7,2,1440.0,54.29473157163066,74.37071050624094,46.227394839100796,2.0989972544102455,0.0,37462.32616443
OMUSDT,2024-03-18,e2324,listing_d1_d7,3,1440.0,35.999988433945255,51.6588585298725,32.74322653784092,3.0627447928327642,1.0,27119.63136222
OMUSDT,2024-03-18,e2324,listing_d1_d7,4,1440.0,30.363413276525424,40.4905628049811,24.61614847890187,2.953047186622936,0.0,18187.77862124
OMUSDT,2024-03-18,e2324,listing_d1_d7,5,1440.0,22.472886513464694,31.843202239296886,21.218758839759225,2.8426467606837114,0.0,16193.695952000002
OMUSDT,2024-03-18,e2324,listing_d1_d7,6,1440.0,21.341737491033303,29.87340362806723,18.300413030346476,3.287870554388462,0.0,11664.86892949
OMUSDT,2024-03-18,e2324,listing_d1_d7,7,1440.0,37.37566205954995,59.21972804958856,37.231176687787624,1.4490231463050043,0.0,87427.07098095
OMUSDT,2024-03-18,e2324,mature_d60_d66,60,1440.0,13.100499424908467,20.19714433204954,13.373139588549119,11.19523645836555,4.0,6224.66519565
OMUSDT,2024-03-18,e2324,mature_d60_d66,61,1440.0,8.841554399232534,13.930603771536349,9.67659992954341,23.54515107622342,26.0,2414.8599257399997
OMUSDT,2024-03-18,e2324,mature_d60_d66,62,1440.0,8.34414372697172,12.64828245482085,9.107408533798486,38.59123012548192,24.0,2179.74743907
OMUSDT,2024-03-18,e2324,mature_d60_d66,63,1440.0,11.188177734493436,17.47300629256887,12.7190114097176,32.76664555845494,11.0,2951.03154044
OMUSDT,2024-03-18,e2324,mature_d60_d66,64,1440.0,9.67852755969061,15.742971243214827,11.589172904246233,46.29735908647288,50.0,3124.92423539
OMUSDT,2024-03-18,e2324,mature_d60_d66,65,1440.0,9.829618557039314,15.399290856104235,11.05178622570214,77.32472685686903,70.0,2611.8428440300004
OMUSDT,2024-03-18,e2324,mature_d60_d66,66,1440.0,12.274775431070124,20.128025760026258,16.95827154228252,42.536419085408845,59.0,5343.979288189999
ORCAUSDT,2024-04-01,e2324,listing_d1_d7,1,1440.0,26.2536171095009,57.2212065813526,47.34601203923737,83.56022701966553,50.0,2062.1182119
ORCAUSDT,2024-04-01,e2324,listing_d1_d7,2,1440.0,24.038545568117602,50.194841129701864,34.86913521577988,121.43277108472414,10.0,2490.2213771
ORCAUSDT,2024-04-01,e2324,listing_d1_d7,3,1440.0,33.97804727674512,54.43500357341377,33.31184308531607,61.396400618674534,6.0,2958.3805079999997
ORCAUSDT,2024-04-01,e2324,listing_d1_d7,4,1440.0,22.302761699934297,39.68600604782138,27.521582665249767,112.69038806741365,66.0,1918.2717179
ORCAUSDT,2024-04-01,e2324,listing_d1_d7,5,1440.0,21.630391094255977,35.626198958618524,21.340996681137398,183.31528213481025,158.0,902.7413901000001
ORCAUSDT,2024-04-01,e2324,listing_d1_d7,6,1440.0,16.218408189211726,27.107617240444284,19.39861848644587,278.04723483958605,131.0,1061.0573732
ORCAUSDT,2024-04-01,e2324,listing_d1_d7,7,1440.0,25.626425767887092,41.688512628392054,24.241847626767,88.35369540286464,44.0,2883.3303998
ORCAUSDT,2024-04-01,e2324,mature_d60_d66,60,1440.0,3.8328861632805284,11.575190831510794,12.407707724206938,286.7276384821431,593.0,405.2368509
ORCAUSDT,2024-04-01,e2324,mature_d60_d66,61,1440.0,0.0,3.9619651347063782,9.290927217621263,307.94588375113904,844.0,433.0285016
ORCAUSDT,2024-04-01,e2324,mature_d60_d66,62,1440.0,0.0,3.9698292973402176,7.378780413341752,308.4750016473078,972.0,204.57475449999998
ORCAUSDT,2024-04-01,e2324,mature_d60_d66,63,1440.0,0.0,7.889546351084381,11.398890543156412,650.6918032193713,793.0,331.80452269999995
ORCAUSDT,2024-04-01,e2324,mature_d60_d66,64,1440.0,0.0,8.040201979961502,10.471724180019276,632.3382291005955,738.0,381.0064523
ORCAUSDT,2024-04-01,e2324,mature_d60_d66,65,1440.0,0.0,7.677543186179577,9.111560697766325,894.4041586644664,763.0,325.1765
ORCAUSDT,2024-04-01,e2324,mature_d60_d66,66,1440.0,0.0,3.9698292973415397,8.44223253621204,313.51551314989433,866.0,343.6880545
ORDERUSDT,2024-08-27,e2324,listing_d1_d7,1,1440.0,30.562347188264088,50.646312679527206,43.54567072294134,5.2439561533408785,0.0,14780.7034908
ORDERUSDT,2024-08-27,e2324,listing_d1_d7,2,1440.0,25.429116338207095,55.01314375454975,51.845395306400434,4.968925452425835,0.0,30393.069622400002
ORDERUSDT,2024-08-27,e2324,listing_d1_d7,3,1440.0,35.20391151293821,58.13728153052204,40.105319531111505,2.684564119374252,0.0,27293.262208300002
ORDERUSDT,2024-08-27,e2324,listing_d1_d7,4,1440.0,22.08724461623399,38.24616052019179,28.583280648536313,4.645893419811922,0.0,11494.714188400001
ORDERUSDT,2024-08-27,e2324,listing_d1_d7,5,1440.0,17.035775127768012,29.158771359852516,25.381010022246514,7.468717212775538,2.0,7912.3982862
ORDERUSDT,2024-08-27,e2324,listing_d1_d7,6,1440.0,23.92344497607641,37.8668462827636,27.215135678946016,7.415182803600224,1.0,8631.484315400001
ORDERUSDT,2024-08-27,e2324,listing_d1_d7,7,1440.0,19.323673501902427,38.290477935080716,33.971708637046156,8.436513577701207,5.0,10824.2919967
ORDERUSDT,2024-08-27,e2324,mature_d60_d66,60,1440.0,8.576329331045963,17.152658662093117,19.27149967436363,627.8008547880507,377.0,1278.7777511
ORDERUSDT,2024-08-27,e2324,mature_d60_d66,61,1440.0,0.0,8.695652173913292,7.773230194407116,104.44745783366257,791.0,353.34405
ORDERUSDT,2024-08-27,e2324,mature_d60_d66,62,1440.0,8.95255147717125,17.95332136445294,14.07575538235484,155.8304602754518,299.0,1339.602118
ORDERUSDT,2024-08-27,e2324,mature_d60_d66,63,1440.0,8.673026886383596,16.736401673639484,11.1158128383269,200.04407427686454,191.0,657.5765496
ORDERUSDT,2024-08-27,e2324,mature_d60_d66,64,1440.0,8.354218880534908,16.447368421053103,11.942081836335683,184.03851070297347,332.0,740.1286648
ORDERUSDT,2024-08-27,e2324,mature_d60_d66,65,1440.0,0.0,8.826125330979952,8.520388893851974,362.50895058106846,749.0,407.1238783
ORDERUSDT,2024-08-27,e2324,mature_d60_d66,66,1440.0,8.97666068222647,17.714791851196257,11.296538440926271,167.3500689786883,140.0,571.2991307
ORDIUSDT,2023-05-22,e2324,listing_d1_d7,1,1440.0,19.24928215300226,31.843175274043467,24.944887875508297,50.59684682200087,4.0,15557.26631678
ORDIUSDT,2023-05-22,e2324,listing_d1_d7,2,1440.0,27.47073070814066,47.74435759346339,40.99846154038895,12.943540210320695,0.0,18231.4482747
ORDIUSDT,2023-05-22,e2324,listing_d1_d7,3,1440.0,31.87962721081113,50.621229438766576,36.131581084755105,12.815238970157788,0.0,16202.814003169999
ORDIUSDT,2023-05-22,e2324,listing_d1_d7,4,1440.0,20.65049079314241,32.64820799475426,21.950722162890454,81.52913578101608,3.0,10344.23328063
ORDIUSDT,2023-05-22,e2324,listing_d1_d7,5,1440.0,11.559959248996734,19.19079555318131,14.311047590521486,439.3509179515041,55.0,4285.243017929999
ORDIUSDT,2023-05-22,e2324,listing_d1_d7,6,1440.0,22.00231048520178,39.091712046633326,31.768613727938575,216.98981874929225,20.0,41425.89209967
ORDIUSDT,2023-05-22,e2324,listing_d1_d7,7,1440.0,20.268019457083224,33.16475454132884,24.764118816375742,94.206868384796,13.0,22255.94537203
ORDIUSDT,2023-05-22,e2324,mature_d60_d66,60,1440.0,11.621995176707397,17.460259790677934,13.635604053999495,40.718679274633644,32.0,3989.5357226200003
ORDIUSDT,2023-05-22,e2324,mature_d60_d66,61,1440.0,7.410701052319392,11.882217567997014,9.618560507131647,251.1737080036514,108.0,2176.96395162
ORDIUSDT,2023-05-22,e2324,mature_d60_d66,62,1440.0,7.360518818515756,11.88089423383542,8.947386885293117,324.361833133521,134.0,1831.5346748600002
ORDIUSDT,2023-05-22,e2324,mature_d60_d66,63,1440.0,14.10990261435232,21.78016552925885,27.483921245146313,95.32590562746488,37.0,5974.41443336
ORDIUSDT,2023-05-22,e2324,mature_d60_d66,64,1440.0,9.637006103437564,14.495671501959192,16.301445195471253,88.91456793529775,77.0,1927.5304064499999
ORDIUSDT,2023-05-22,e2324,mature_d60_d66,65,1440.0,9.57625095875832,15.7884409529143,11.401266228802532,113.34358280903614,75.0,1455.04199607
ORDIUSDT,2023-05-22,e2324,mature_d60_d66,66,1440.0,9.308098045299074,15.40238764413146,11.508017771832304,137.74496995479726,93.0,2320.00638644
OXTUSDT,2023-08-10,e2324,listing_d1_d7,1,1440.0,36.94581280788198,60.24096385542173,39.91571450612544,4.275860208970678,4.0,44476.894643
OXTUSDT,2023-08-10,e2324,listing_d1_d7,2,1440.0,37.75973182431725,52.7704485488128,38.85419524569144,11.359138477932937,7.0,32174.991919000004
OXTUSDT,2023-08-10,e2324,listing_d1_d7,3,1440.0,13.495276653171777,26.91790040376741,18.433528170653382,70.82805332595996,86.0,9184.631671
OXTUSDT,2023-08-10,e2324,listing_d1_d7,4,1440.0,13.90820584144492,14.104372355430586,14.665154141111252,79.0430077161874,195.0,4701.150189999999
OXTUSDT,2023-08-10,e2324,listing_d1_d7,5,1440.0,14.858841010401616,29.23976608187218,23.04473499887473,150.45246993149746,134.0,7548.947727999999
OXTUSDT,2023-08-10,e2324,listing_d1_d7,6,1440.0,16.129032258064978,17.152658662093117,19.289421737921455,410.73281544610137,317.0,4513.878146
OXTUSDT,2023-08-10,e2324,listing_d1_d7,7,1440.0,16.94915254237337,33.50083752093811,30.336228249854855,464.35663922423106,318.0,5203.347268
OXTUSDT,2023-08-10,e2324,mature_d60_d66,60,1440.0,11.055832020301889,18.958094800208002,15.134155073876423,20.86420299008059,75.0,6264.7784704
OXTUSDT,2023-08-10,e2324,mature_d60_d66,61,1440.0,6.513066883517646,11.43090432333558,9.219626486869323,35.323024103727285,219.0,2572.6180798000005
OXTUSDT,2023-08-10,e2324,mature_d60_d66,62,1440.0,6.51996757339002,11.42344259305119,9.377562796980746,40.66702881740466,205.0,2059.5835893000003
OXTUSDT,2023-08-10,e2324,mature_d60_d66,63,1440.0,5.025547409614607,11.5606936416186,8.896036938914435,70.88083155428889,241.0,1432.5847122
OXTUSDT,2023-08-10,e2324,mature_d60_d66,64,1440.0,4.91480996068132,9.801119010123056,7.204898101469109,161.63449402386922,340.0,1315.8089947
OXTUSDT,2023-08-10,e2324,mature_d60_d66,65,1440.0,1.6539861065172117,6.555227794166718,5.933261201266489,133.2825781096604,520.0,764.7536133000001
OXTUSDT,2023-08-10,e2324,mature_d60_d66,66,1440.0,4.874878256767982,11.214354373598304,11.629776221903422,118.89131163318756,340.0,3192.8527233000004
PARTIUSDT,2025-03-25,e2526,listing_d1_d7,1,1440.0,59.31771298767704,86.73149359039593,51.63145598396796,0.5312368387312763,0.0,140454.0073451
PARTIUSDT,2025-03-25,e2526,listing_d1_d7,2,1440.0,41.21284913998229,58.06237611331385,34.36773134649199,0.839934414780743,0.0,62533.1111157
PARTIUSDT,2025-03-25,e2526,listing_d1_d7,3,1440.0,34.61841155742448,47.86979781753458,30.810609615679795,0.9567136439695223,0.0,64041.2160637
PARTIUSDT,2025-03-25,e2526,listing_d1_d7,4,1440.0,34.95769341436317,48.6125237090718,29.663358342477654,0.969703400996239,0.0,55606.2514837
PARTIUSDT,2025-03-25,e2526,listing_d1_d7,5,1440.0,35.58015557087208,53.70159641137326,38.742908646850466,1.2120840751864665,0.0,63925.4836609
PARTIUSDT,2025-03-25,e2526,listing_d1_d7,6,1440.0,28.854085694018156,41.51531011199699,23.951391667231874,1.6368589695299693,0.0,36803.789044799996
PARTIUSDT,2025-03-25,e2526,listing_d1_d7,7,1440.0,27.13704206241535,37.05421562564398,22.18740146282012,1.4931149034234075,0.0,33165.5387322
PARTIUSDT,2025-03-25,e2526,mature_d60_d66,60,1440.0,11.12553348098593,15.186028853453148,11.620519631854906,14.96987671010881,34.0,4353.3647058999995
PARTIUSDT,2025-03-25,e2526,mature_d60_d66,61,1440.0,7.795751611642782,15.455950540958714,11.466113209772217,18.393859481677406,39.0,4362.8612978
PARTIUSDT,2025-03-25,e2526,mature_d60_d66,62,1440.0,7.639419404126565,14.947683109118515,10.702174481935257,17.776847635152247,35.0,4429.940648299999
PARTIUSDT,2025-03-25,e2526,mature_d60_d66,63,1440.0,11.926058908868832,19.79610075021756,15.073183474859032,11.936503314836415,15.0,8288.3425204
PARTIUSDT,2025-03-25,e2526,mature_d60_d66,64,1440.0,11.549567319192933,15.82435018258385,12.388725656492921,18.614201501617007,34.0,3871.9133795
PARTIUSDT,2025-03-25,e2526,mature_d60_d66,65,1440.0,19.56947162426616,31.480570686904745,24.69107761440403,8.373618953649304,14.0,13641.3425073
PARTIUSDT,2025-03-25,e2526,mature_d60_d66,66,1440.0,35.302342709696944,54.81184961909736,40.59497068458588,3.385950640352155,0.0,32326.9065013
PEAQUSDT,2024-11-19,e2324,listing_d1_d7,1,1440.0,23.485535932428746,43.74931798733039,31.560038527248008,110.17476378190668,87.0,3576.6330164
PEAQUSDT,2024-11-19,e2324,listing_d1_d7,2,1440.0,19.723865877712598,34.22146788253722,25.132689770245307,47.622074764187566,95.0,3596.4516971999997
PEAQUSDT,2024-11-19,e2324,listing_d1_d7,3,1440.0,21.09704641350198,38.64201822106799,30.69429296029498,72.54822486278341,87.0,4418.656306700001
PEAQUSDT,2024-11-19,e2324,listing_d1_d7,4,1440.0,31.369035856751957,58.64253547647981,43.08688451186131,39.69090176622329,105.0,6803.6351457
PEAQUSDT,2024-11-19,e2324,listing_d1_d7,5,1440.0,29.03360101291574,50.58052850299862,36.64562338975264,81.27521521825659,153.0,5007.4009799000005
PEAQUSDT,2024-11-19,e2324,listing_d1_d7,6,1440.0,25.949975949976178,51.78472882239369,35.9209709449508,105.23281601799464,145.0,3864.0843477
PEAQUSDT,2024-11-19,e2324,listing_d1_d7,7,1440.0,15.518914260031218,30.698388334613313,18.70520546538519,51.17361748742575,171.0,2410.6549511
PEAQUSDT,2024-11-19,e2324,mature_d60_d66,60,1440.0,16.544553039545747,27.224795848809393,22.08106304291738,30.282801065773327,79.0,6039.5745842
PEAQUSDT,2024-11-19,e2324,mature_d60_d66,61,1440.0,16.3838504291816,31.05962253640225,24.368905248173213,68.6785735498078,123.0,6809.3991101
PEAQUSDT,2024-11-19,e2324,mature_d60_d66,62,1440.0,21.50537634408664,37.50084161465437,24.124975877385584,20.342581418455392,89.0,7478.0998008
PEAQUSDT,2024-11-19,e2324,mature_d60_d66,63,1440.0,13.939234729407096,25.139670692329627,17.86589688992486,65.81864468479328,186.0,3147.9398178
PEAQUSDT,2024-11-19,e2324,mature_d60_d66,64,1440.0,12.894906726342521,20.949263771847075,14.339935616651152,90.32210623365684,212.0,2286.8620224
PEAQUSDT,2024-11-19,e2324,mature_d60_d66,65,1440.0,13.39232869046809,22.8180318128877,17.83315007662561,73.3710086318998,143.0,3261.4855407
PEAQUSDT,2024-11-19,e2324,mature_d60_d66,66,1440.0,17.777800997762913,32.74438956969267,22.998889920468034,23.084581962220355,85.0,7653.8147029
PENGUSDT,2024-05-27,e2324,listing_d1_d7,1,1440.0,107.34366061212809,162.27139486824694,96.19106088487294,1.7626450890786294,0.0,116819.487829
PENGUSDT,2024-05-27,e2324,listing_d1_d7,2,1440.0,73.94268317925483,110.03354382901426,69.4578147164533,1.6054938483694037,0.0,62494.268268700005
PENGUSDT,2024-05-27,e2324,listing_d1_d7,3,1440.0,69.27041071094168,105.78154872892674,64.84913862058569,2.596836555408828,0.0,38724.899675500004
PENGUSDT,2024-05-27,e2324,listing_d1_d7,4,1440.0,63.659531503825214,91.90997555495484,54.36710893800114,3.0396986447402212,0.0,29298.0932141
PENGUSDT,2024-05-27,e2324,listing_d1_d7,5,1440.0,45.405807455854045,68.51545286824731,41.51485899153539,3.345505498505093,0.0,20960.9844011
PENGUSDT,2024-05-27,e2324,listing_d1_d7,6,1440.0,47.88033465314014,78.84691887208703,52.87181156940496,4.037263797874116,0.0,26463.9079774
PENGUSDT,2024-05-27,e2324,listing_d1_d7,7,1440.0,46.88289612281186,73.62063110684043,45.31488260514734,4.788526258097916,0.0,17052.431276900003
PENGUSDT,2024-05-27,e2324,mature_d60_d66,60,1440.0,20.567667626491172,38.21251561240731,24.442110042940104,126.95225187626802,45.0,1978.5946221
PENGUSDT,2024-05-27,e2324,mature_d60_d66,61,1440.0,30.07519222047472,50.49598668061441,30.977248351258126,28.61099542686536,20.0,4477.159158399999
PENGUSDT,2024-05-27,e2324,mature_d60_d66,62,1440.0,19.59631664514133,30.879089929650448,21.28862869377542,57.04698484008539,22.0,1832.8093652000002
PENGUSDT,2024-05-27,e2324,mature_d60_d66,63,1440.0,23.83316876534314,38.31424384208066,26.239343641585332,59.137716327980804,25.0,2235.5345982
PENGUSDT,2024-05-27,e2324,mature_d60_d66,64,1440.0,17.141633527521822,29.866667686332494,20.796265461729746,95.43618722523433,50.0,1334.5464471999999
PENGUSDT,2024-05-27,e2324,mature_d60_d66,65,1440.0,13.818519744379419,25.773195876289396,17.612450346931755,88.19251466316953,53.0,1078.8098095
PENGUSDT,2024-05-27,e2324,mature_d60_d66,66,1440.0,18.11186382437099,27.80674425529275,20.143459548789586,104.19449250866678,70.0,1179.7991966
PERPUSDT,2023-09-06,e2324,listing_d1_d7,1,1440.0,61.032723353176415,94.33532492466591,72.95957012843746,0.7159510322362926,0.0,513870.42983176996
PERPUSDT,2023-09-06,e2324,listing_d1_d7,2,1440.0,50.88811675766856,77.22081871158711,44.495271993651265,0.1592764069915639,0.0,394889.53940114996
PERPUSDT,2023-09-06,e2324,listing_d1_d7,3,1440.0,48.50854444664449,72.40860524640323,47.5893177028878,0.13269436893992453,0.0,498594.64814465004
PERPUSDT,2023-09-06,e2324,listing_d1_d7,4,1440.0,35.38012810736906,51.660990193171266,33.038309592659765,0.22116981822774856,0.0,268137.51835465996
PERPUSDT,2023-09-06,e2324,listing_d1_d7,5,1440.0,28.138086720875958,40.682342067692964,25.089666340524563,0.40916646217615393,0.0,136405.0905222
PERPUSDT,2023-09-06,e2324,listing_d1_d7,6,1440.0,20.25312868394641,30.39379471650812,18.680233874250742,0.6696291195447708,0.0,69765.72407363
PERPUSDT,2023-09-06,e2324,listing_d1_d7,7,1440.0,16.540048819144875,23.81847578435123,16.61061964972763,1.500597021045024,0.0,41027.62250143001
PERPUSDT,2023-09-06,e2324,mature_d60_d66,60,1440.0,11.99549691384622,18.16064236931872,13.843412193448849,28.190337425505568,24.0,7453.47855636
PERPUSDT,2023-09-06,e2324,mature_d60_d66,61,1440.0,12.348478962408054,17.781613666577996,11.598742712895607,33.005778505493964,24.0,6034.9725824100005
PERPUSDT,2023-09-06,e2324,mature_d60_d66,62,1440.0,12.951462564598026,19.12752477750446,13.369657618044656,21.55303513812921,17.0,5463.641157370001
PERPUSDT,2023-09-06,e2324,mature_d60_d66,63,1440.0,9.484764773669161,14.312416353161018,10.539558886835794,50.82148222638005,34.0,4098.25598928
PERPUSDT,2023-09-06,e2324,mature_d60_d66,64,1440.0,15.227425156300479,25.429008859287585,31.97527658005707,16.47245542995023,12.0,9242.749809019997
PERPUSDT,2023-09-06,e2324,mature_d60_d66,65,1440.0,20.55336488474934,31.531997908608663,25.55683214510252,8.318602649936917,3.0,16583.675588449998
PERPUSDT,2023-09-06,e2324,mature_d60_d66,66,1440.0,18.38149821194845,30.117595136519476,21.0691577085255,6.430830075384935,3.0,11292.75738173
PHAUSDT,2024-05-31,e2324,listing_d1_d7,1,1440.0,13.742071881606574,20.39346344662773,14.997189955180549,76.07662307079963,146.0,1649.3087827000004
PHAUSDT,2024-05-31,e2324,listing_d1_d7,2,1440.0,12.841106197059212,21.075834128317137,14.771527495712412,157.53471831515878,214.0,1459.9762390600001
PHAUSDT,2024-05-31,e2324,listing_d1_d7,3,1440.0,13.347570742124947,20.851154833190837,14.467335791810202,233.4421112856548,306.0,1401.94055305
PHAUSDT,2024-05-31,e2324,listing_d1_d7,4,1440.0,9.155045502466205,17.38398229968853,12.779062025173024,171.09551503025165,298.0,1019.2290736199999
PHAUSDT,2024-05-31,e2324,listing_d1_d7,5,1440.0,9.387222946544236,20.210658955493646,14.940191429458876,658.4338478090436,336.0,1211.5019326200002
PHAUSDT,2024-05-31,e2324,listing_d1_d7,6,1440.0,30.38791044205936,54.19468694518717,37.47866948118856,230.50797968648664,54.0,8738.87581883
PHAUSDT,2024-05-31,e2324,listing_d1_d7,7,1440.0,19.706341186047435,32.97144895788044,22.37414553586888,69.7419755484327,25.0,6195.37020433
PHAUSDT,2024-05-31,e2324,mature_d60_d66,60,1440.0,4.594356767008876,14.303879024507808,12.327124700933073,1790.661449224698,566.0,318.94404160000005
PHAUSDT,2024-05-31,e2324,mature_d60_d66,61,1440.0,3.232062076693116,13.663407709102152,15.19101904150469,524.321114973326,580.0,392.97494368
PHAUSDT,2024-05-31,e2324,mature_d60_d66,62,1440.0,6.755332412980805,20.23480811246324,17.30618942484999,478.26245566327987,514.0,484.06012592
PHAUSDT,2024-05-31,e2324,mature_d60_d66,63,1440.0,4.3438601588666454,19.894069453963866,18.81291818665116,491.35668770332,621.0,414.80023116
PHAUSDT,2024-05-31,e2324,mature_d60_d66,64,1440.0,0.0,15.635807054275986,17.781549359423153,1167.9880264963085,723.0,256.0834347
PHAUSDT,2024-05-31,e2324,mature_d60_d66,65,1440.0,4.835601520395564,19.46951843817857,20.669681347509197,402.2238969212733,592.0,343.66565242
PHAUSDT,2024-05-31,e2324,mature_d60_d66,66,1440.0,23.244827370325645,50.040293533125684,40.97525371591867,948.492603292946,378.0,918.51121019
PHBUSDT,2023-05-18,e2324,listing_d1_d7,1,1440.0,16.747546728788848,25.332182160148093,17.783765719151752,47.1447446486434,13.0,8012.155874800001
PHBUSDT,2023-05-18,e2324,listing_d1_d7,2,1440.0,15.950375412223323,23.548768856015414,15.023336067762122,18.01954204788941,4.0,9612.778407299998
PHBUSDT,2023-05-18,e2324,listing_d1_d7,3,1440.0,13.115614195034807,19.21354999574113,13.565084351232658,64.95812253859236,9.0,8345.4659932
PHBUSDT,2023-05-18,e2324,listing_d1_d7,4,1440.0,13.133701303512105,19.99200319872016,14.028107822497047,186.04187277212284,40.0,4530.4977686
PHBUSDT,2023-05-18,e2324,listing_d1_d7,5,1440.0,12.978587301743458,21.2667811352013,15.397721483396806,262.1260141437727,43.0,5331.5851889
PHBUSDT,2023-05-18,e2324,listing_d1_d7,6,1440.0,11.889821459039226,18.986912854347494,15.201687821455772,312.9250280101073,87.0,3766.2498077999994
PHBUSDT,2023-05-18,e2324,listing_d1_d7,7,1440.0,18.18418007038444,30.322173089071203,21.110865459909853,207.66686929464643,49.0,6784.9880449
PHBUSDT,2023-05-18,e2324,mature_d60_d66,60,1440.0,6.142506142505466,15.429722047028864,13.596788757362173,964.9641644035521,451.0,540.2408755000001
PHBUSDT,2023-05-18,e2324,mature_d60_d66,61,1440.0,3.141690229344784,12.096016298715442,10.619360909211027,915.6427920227035,576.0,342.2072752
PHBUSDT,2023-05-18,e2324,mature_d60_d66,62,1440.0,0.0,7.866893097476877,8.844482334899826,1406.6868472051597,744.0,209.52683380000002
PHBUSDT,2023-05-18,e2324,mature_d60_d66,63,1440.0,0.0,9.517389467134368,9.688485569435912,885.4708319576827,688.0,368.24845669999996
PHBUSDT,2023-05-18,e2324,mature_d60_d66,64,1440.0,0.0,6.269838188688039,7.287825129222633,620.6001218581459,799.0,170.77281839999998
PHBUSDT,2023-05-18,e2324,mature_d60_d66,65,1440.0,1.5776603395478743,6.366638842866992,7.856418375693789,857.7632348935443,614.0,375.11554859999995
PHBUSDT,2023-05-18,e2324,mature_d60_d66,66,1440.0,1.571585768817708,7.865345288657742,7.455383075178375,1176.716400517227,645.0,323.72626280000003
PIPPINUSDT,2025-01-17,e2526,listing_d1_d7,1,1440.0,102.97495406123184,180.84000155046652,106.59487993750834,19.100489827560626,6.0,24234.76577911
PIPPINUSDT,2025-01-17,e2526,listing_d1_d7,2,1440.0,84.91734176541074,141.86608473545596,95.29665862873465,9.918788557377466,0.0,19524.23073994
PIPPINUSDT,2025-01-17,e2526,listing_d1_d7,3,1440.0,87.4623475950897,150.34708239910756,98.57760434251716,12.253310858292137,0.0,17602.199958120003
PIPPINUSDT,2025-01-17,e2526,listing_d1_d7,4,1440.0,78.92120998520178,128.05740935464007,80.12397127244522,31.18495720856542,4.0,20720.037038370003
PIPPINUSDT,2025-01-17,e2526,listing_d1_d7,5,1440.0,116.26963486322975,166.03070161132274,90.9221022985952,1.153763185143117,0.0,111948.10797485999
PIPPINUSDT,2025-01-17,e2526,listing_d1_d7,6,1440.0,81.87512869684721,116.63923172744154,67.98241864351836,2.098919604069224,0.0,50273.29468698001
PIPPINUSDT,2025-01-17,e2526,listing_d1_d7,7,1440.0,73.39365858208842,104.73593980915555,66.05320762274398,2.5745274785123566,0.0,47570.07834536
PIPPINUSDT,2025-01-17,e2526,mature_d60_d66,60,1440.0,24.176490573067323,36.56307129798966,29.04089597949085,20.93316120336099,3.0,7773.48385216
PIPPINUSDT,2025-01-17,e2526,mature_d60_d66,61,1440.0,17.985611510790633,24.367962924451632,18.947349725308655,27.67718543852168,12.0,5030.48997729
PIPPINUSDT,2025-01-17,e2526,mature_d60_d66,62,1440.0,17.05514496873351,23.460410557183796,16.515811602403975,292.2615457593724,43.0,3305.08132388
PIPPINUSDT,2025-01-17,e2526,mature_d60_d66,63,1440.0,17.48251748251879,23.980815347720846,18.54776772137314,34.39629705458112,36.0,3514.79210408
PIPPINUSDT,2025-01-17,e2526,mature_d60_d66,64,1440.0,17.03094091235111,23.22880371660765,22.211956972724728,287.75468147911187,37.0,4188.21508816
PIPPINUSDT,2025-01-17,e2526,mature_d60_d66,65,1440.0,11.68224299065373,17.680861620396406,14.418335947459147,217.93777806887553,91.0,2960.53311235
PIPPINUSDT,2025-01-17,e2526,mature_d60_d66,66,1440.0,20.418580908626904,35.14944479811227,26.554359542611078,50.76700171557381,16.0,7462.94385401
PLUMEUSDT,2025-01-24,e2526,listing_d1_d7,1,1440.0,61.272700428170495,101.43517218133807,72.9917098590199,3.0056470136825273,0.0,47281.38442602
PLUMEUSDT,2025-01-24,e2526,listing_d1_d7,2,1440.0,44.83165573866859,69.09193457416869,44.740373342194566,2.1142406624960235,0.0,31772.333688720002
PLUMEUSDT,2025-01-24,e2526,listing_d1_d7,3,1440.0,48.73847809722435,72.40454829493234,45.75110672118469,3.087225166832942,0.0,23073.900220590003
PLUMEUSDT,2025-01-24,e2526,listing_d1_d7,4,1440.0,40.714015143374986,61.48822563012825,38.236801484757564,3.504765923553526,0.0,19678.42356408
PLUMEUSDT,2025-01-24,e2526,listing_d1_d7,5,1440.0,53.020097021726045,84.7420402957174,52.286535657173104,1.5228062919550391,0.0,62233.04418356
PLUMEUSDT,2025-01-24,e2526,listing_d1_d7,6,1440.0,43.23548430976876,64.41262666390729,39.39507438022403,1.3466659080684737,0.0,46065.88207953
PLUMEUSDT,2025-01-24,e2526,listing_d1_d7,7,1440.0,37.418893419942066,56.33357098589439,34.22429138099256,1.9096738972261178,0.0,29348.01119617
PLUMEUSDT,2025-01-24,e2526,mature_d60_d66,60,1440.0,21.927685852416992,34.06232010775128,20.774345185861783,4.044143736590831,0.0,12692.400487100002
PLUMEUSDT,2025-01-24,e2526,mature_d60_d66,61,1440.0,19.337804015237225,29.758667647207403,20.52369533514803,4.746006381819683,1.0,13641.77904411
PLUMEUSDT,2025-01-24,e2526,mature_d60_d66,62,1440.0,16.921859233654388,25.00667071990311,15.660255306689686,7.978753418165742,3.0,9263.751601779999
PLUMEUSDT,2025-01-24,e2526,mature_d60_d66,63,1440.0,18.11696860166684,27.495004758078366,17.091675446492502,8.537263905527771,2.0,8662.09103137
PLUMEUSDT,2025-01-24,e2526,mature_d60_d66,64,1440.0,17.030755916100766,24.018226168515035,15.718816624199365,11.254765183646912,3.0,4985.9420278
PLUMEUSDT,2025-01-24,e2526,mature_d60_d66,65,1440.0,17.033774802247223,25.525687698064246,16.509531330536394,9.997287729252394,3.0,7030.27182994
PLUMEUSDT,2025-01-24,e2526,mature_d60_d66,66,1440.0,19.11704966186879,28.430391242111043,18.49402223594388,12.483361574813156,0.0,6678.56128939
POLYXUSDT,2023-10-24,e2324,listing_d1_d7,1,1440.0,57.375092927624465,110.6478597253502,79.23740267991107,2.481720809261604,1.0,83988.5558017
POLYXUSDT,2023-10-24,e2324,listing_d1_d7,2,1440.0,41.34130408361747,76.17700529223798,52.14119231046995,25.20651384077421,2.0,38480.6801853
POLYXUSDT,2023-10-24,e2324,listing_d1_d7,3,1440.0,25.81200377547069,49.46643319677621,57.71772879730563,3.9744268985240114,0.0,43135.25445940001
POLYXUSDT,2023-10-24,e2324,listing_d1_d7,4,1440.0,23.996999295870157,42.03006402392682,32.65744634104496,8.834550461393132,28.0,31409.990312200003
POLYXUSDT,2023-10-24,e2324,listing_d1_d7,5,1440.0,23.78121352804666,41.51337805754047,33.1530695877807,4.27800027471936,6.0,35431.369819600004
POLYXUSDT,2023-10-24,e2324,listing_d1_d7,6,1440.0,46.42272328696746,71.71584866494112,44.9071995227949,0.8908366285437466,0.0,112432.73786190001
POLYXUSDT,2023-10-24,e2324,listing_d1_d7,7,1440.0,53.974889128611075,91.95480640679487,64.49337858468688,0.5508703961598127,0.0,196982.09892860003
POLYXUSDT,2023-10-24,e2324,mature_d60_d66,60,1440.0,5.053057099546071,10.12661349552385,8.81931734868626,131.02755814867595,249.0,1890.5223075000001
POLYXUSDT,2023-10-24,e2324,mature_d60_d66,61,1440.0,5.149330587024549,10.33057851239699,10.581765034980746,179.3250384269422,120.0,1738.121844
POLYXUSDT,2023-10-24,e2324,mature_d60_d66,62,1440.0,5.078720162518486,10.16906112607803,8.999497488760737,141.13989634953091,125.0,1429.4638917
POLYXUSDT,2023-10-24,e2324,mature_d60_d66,63,1440.0,10.095911155982115,19.865908817206222,14.496573470707705,102.4795982652584,50.0,5423.6285006
POLYXUSDT,2023-10-24,e2324,mature_d60_d66,64,1440.0,10.030090270812726,15.220700152206733,11.057786207078141,66.08253499301365,47.0,2689.9482567000005
POLYXUSDT,2023-10-24,e2324,mature_d60_d66,65,1440.0,10.08064516129061,15.357054465829613,12.021989520755046,69.71020859078097,59.0,2653.0795321
POLYXUSDT,2023-10-24,e2324,mature_d60_d66,66,1440.0,5.265929436545701,10.565240359218475,10.172348487376885,176.5001075717606,116.0,1916.2039864
PONKEUSDT,2024-06-07,e2324,listing_d1_d7,1,1440.0,41.4952062412578,70.11682516667047,41.94832137928981,3.324219369408638,1.0,38385.63127583
PONKEUSDT,2024-06-07,e2324,listing_d1_d7,2,1440.0,38.12149950267774,60.840692170088886,36.43682230172482,4.481886362462569,2.0,21526.575211029998
PONKEUSDT,2024-06-07,e2324,listing_d1_d7,3,1440.0,42.094657686202915,64.74392414211269,39.72045760631527,1.5707342005767677,0.0,47492.60190454
PONKEUSDT,2024-06-07,e2324,listing_d1_d7,4,1440.0,34.03694934754729,55.92772454223305,35.6554286989995,2.750224740472347,0.0,25811.49197905
PONKEUSDT,2024-06-07,e2324,listing_d1_d7,5,1440.0,28.56394992825613,50.219372488864416,32.423239752480484,4.73175213209104,0.0,15078.65120641
PONKEUSDT,2024-06-07,e2324,listing_d1_d7,6,1440.0,27.13711626590836,43.32558061531244,28.74172655037893,5.047424057454885,0.0,13802.91294539
PONKEUSDT,2024-06-07,e2324,listing_d1_d7,7,1440.0,31.132893156402034,48.25002600506314,34.690325807687834,4.297838651348366,1.0,17796.18376537
PONKEUSDT,2024-06-07,e2324,mature_d60_d66,60,1440.0,54.953889659092525,74.61235297520112,39.53219850312779,1.9535114381602674,0.0,32255.285475009998
PONKEUSDT,2024-06-07,e2324,mature_d60_d66,61,1440.0,51.1896866861852,67.70555301049268,38.48048976745943,2.478018803429224,0.0,24814.35367561
PONKEUSDT,2024-06-07,e2324,mature_d60_d66,62,1440.0,48.08885306125075,68.76567833996629,42.84075739085786,1.7158432792082223,0.0,42318.30458856
PONKEUSDT,2024-06-07,e2324,mature_d60_d66,63,1440.0,34.59849068915636,48.562524168010086,29.202477765989542,2.9557406500806924,0.0,18044.39807209
PONKEUSDT,2024-06-07,e2324,mature_d60_d66,64,1440.0,24.482364039153026,34.46890812044398,22.650894236193178,4.824805700523542,1.0,9916.92768314
PONKEUSDT,2024-06-07,e2324,mature_d60_d66,65,1440.0,26.27388316828923,39.02051309278036,23.378320811196797,4.586497257783422,0.0,12125.93555801
PONKEUSDT,2024-06-07,e2324,mature_d60_d66,66,1440.0,32.898082607748655,49.9206825150087,31.931184499002097,4.245752641142514,0.0,15444.65328091
POPCATUSDT,2024-03-28,e2324,listing_d1_d7,1,1440.0,63.28209323523903,99.710796915167,62.33372017735941,4.560181999199433,0.0,23401.853329
POPCATUSDT,2024-03-28,e2324,listing_d1_d7,2,1440.0,62.90805389717491,103.48918555235167,68.4438420114453,4.149841000427075,0.0,33909.092782499996
POPCATUSDT,2024-03-28,e2324,listing_d1_d7,3,1440.0,79.39659845934698,123.77770734709475,74.05621553301522,2.087450895220052,0.0,55496.0244764
POPCATUSDT,2024-03-28,e2324,listing_d1_d7,4,1440.0,98.0105288799162,139.78269168913698,81.83140520749333,1.36612965082655,0.0,86855.26595280001
POPCATUSDT,2024-03-28,e2324,listing_d1_d7,5,1440.0,82.94054757017429,122.55978778050907,74.16927295205879,2.3904808457422435,0.0,52098.4704722
POPCATUSDT,2024-03-28,e2324,listing_d1_d7,6,1440.0,82.73381294964115,122.8871510755947,73.30741313619176,2.218384568347022,0.0,51087.412797000005
POPCATUSDT,2024-03-28,e2324,listing_d1_d7,7,1440.0,62.36196025751739,94.93893688524564,58.44971863902966,2.164347049533939,0.0,37456.49338659999
POPCATUSDT,2024-03-28,e2324,mature_d60_d66,60,1440.0,40.634885414454764,58.66185234549761,31.32540006164218,1.0683816721101917,0.0,59494.255516200006
POPCATUSDT,2024-03-28,e2324,mature_d60_d66,61,1440.0,41.72753564644166,60.68532615878856,31.665785476892644,0.8276613358657269,0.0,68411.0505354
POPCATUSDT,2024-03-28,e2324,mature_d60_d66,62,1440.0,44.33184647282523,64.05316070433877,35.933960043583085,0.7382375074940439,0.0,78139.07048190001
POPCATUSDT,2024-03-28,e2324,mature_d60_d66,63,1440.0,38.588128972822794,56.89946749262685,32.5699277115515,1.1711565858293382,0.0,52857.388252900004
POPCATUSDT,2024-03-28,e2324,mature_d60_d66,64,1440.0,29.656667432732505,41.79000902623358,27.331707105199428,1.410140730451799,0.0,35741.961918500005
POPCATUSDT,2024-03-28,e2324,mature_d60_d66,65,1440.0,22.556390977443904,30.37205770691051,18.95915526152391,1.7076116919753948,0.0,20158.1729023
POPCATUSDT,2024-03-28,e2324,mature_d60_d66,66,1440.0,26.106252892270245,38.257986821354436,23.01325393717041,1.6449676020804094,0.0,28306.2717983
PORTALUSDT,2024-03-01,e2324,listing_d1_d7,1,1440.0,24.755001726141064,39.480209688753725,31.53740904993216,9.688759813869478,2.0,16358.51497719
PORTALUSDT,2024-03-01,e2324,listing_d1_d7,2,1440.0,31.36895914514273,51.30526793896841,39.65167904575998,10.800693994854957,0.0,19142.91959374
PORTALUSDT,2024-03-01,e2324,listing_d1_d7,3,1440.0,23.647699815762383,37.24968819752234,26.411731466540736,16.244801659359375,0.0,8795.642311239999
PORTALUSDT,2024-03-01,e2324,listing_d1_d7,4,1440.0,28.627074097032253,47.14776935559657,38.35642718225379,7.197561596453321,0.0,13669.55519625
PORTALUSDT,2024-03-01,e2324,listing_d1_d7,5,1440.0,21.127944119162887,32.470589098342444,22.857470282009103,24.825779534617702,1.0,4677.9311130099995
PORTALUSDT,2024-03-01,e2324,listing_d1_d7,6,1440.0,24.15612382642489,35.087371257404975,23.495657227619883,21.50336844857558,0.0,6288.470628120001
PORTALUSDT,2024-03-01,e2324,listing_d1_d7,7,1440.0,19.272478526090012,31.543147833538267,23.9029856643938,7.083272889306298,0.0,10444.281487610002
PORTALUSDT,2024-03-01,e2324,mature_d60_d66,60,1440.0,19.322575558787822,28.98555703943782,19.285567102054316,30.83919710857476,4.0,4024.56039288
PORTALUSDT,2024-03-01,e2324,mature_d60_d66,61,1440.0,21.980900466936184,32.56615008797526,21.13550598099194,22.017540592220108,2.0,5075.08164062
PORTALUSDT,2024-03-01,e2324,mature_d60_d66,62,1440.0,16.181230024158655,23.42738593793698,15.007861317709356,9.39201613364022,0.0,4410.31973869
PORTALUSDT,2024-03-01,e2324,mature_d60_d66,63,1440.0,13.457304451360208,19.453483199088584,12.706493941937795,15.207429414568626,0.0,4185.21412905
PORTALUSDT,2024-03-01,e2324,mature_d60_d66,64,1440.0,9.668258783340173,15.530269133338711,10.329299654878348,15.182501060460993,6.0,2728.6416402199998
PORTALUSDT,2024-03-01,e2324,mature_d60_d66,65,1440.0,11.712346257450633,18.367160810053175,13.339832939372958,15.76200676417011,13.0,3015.04338876
PORTALUSDT,2024-03-01,e2324,mature_d60_d66,66,1440.0,13.601376694940821,20.20690862679297,14.318303106481707,26.014325153194175,3.0,3782.84928376
PRCLUSDT,2024-07-17,e2324,listing_d1_d7,1,1440.0,19.500780031201263,29.942922092916717,22.348454220213423,50.48847655650717,13.0,2999.8185454000004
PRCLUSDT,2024-07-17,e2324,listing_d1_d7,2,1440.0,14.875420428393799,23.38725661263354,18.388370812269034,142.16561755216347,147.0,1613.2705666999998
PRCLUSDT,2024-07-17,e2324,listing_d1_d7,3,1440.0,11.542901115814638,19.417475728155356,13.614640213392315,124.36767327587793,228.0,991.9141347999998
PRCLUSDT,2024-07-17,e2324,listing_d1_d7,4,1440.0,8.032128514055898,16.051364365970453,13.529512597521048,112.82268580533821,304.0,784.2257010999999
PRCLUSDT,2024-07-17,e2324,listing_d1_d7,5,1440.0,4.283572695963389,15.82281456777244,12.566579157103309,625.6730754537421,420.0,671.9449528
PRCLUSDT,2024-07-17,e2324,listing_d1_d7,6,1440.0,4.443458983546791,17.404552501997276,14.936421217375887,530.3322887312157,543.0,608.4846244000001
PRCLUSDT,2024-07-17,e2324,listing_d1_d7,7,1440.0,0.0,13.256738842244575,13.97319171390344,642.6073187788244,679.0,526.4399891
PRCLUSDT,2024-07-17,e2324,mature_d60_d66,60,1440.0,13.123359580052869,20.80443828016655,19.873710759483778,291.95559507111057,342.0,1559.8367321
PRCLUSDT,2024-07-17,e2324,mature_d60_d66,61,1440.0,14.440433212995801,21.978021978023623,17.242533077172627,449.3128975584976,331.0,824.0836674
PRCLUSDT,2024-07-17,e2324,mature_d60_d66,62,1440.0,7.2358900144719875,21.15655853314686,16.35392422692535,444.8814948691786,488.0,583.6026571
PRCLUSDT,2024-07-17,e2324,mature_d60_d66,63,1440.0,24.375380865325873,38.04692454026566,27.24518343695445,108.93262272373437,101.0,2362.8055371
PRCLUSDT,2024-07-17,e2324,mature_d60_d66,64,1440.0,38.675370884373514,58.61523915036707,38.467451592996284,27.221865031118657,10.0,9614.0075924
PRCLUSDT,2024-07-17,e2324,mature_d60_d66,65,1440.0,45.571979220894626,64.96724923361194,40.21172550331957,6.744403333149669,2.0,18072.825372400002
PRCLUSDT,2024-07-17,e2324,mature_d60_d66,66,1440.0,37.02180172768343,54.166266892314404,35.11374430371643,10.39581198388957,1.0,13059.0217312
PROMPTUSDT,2025-04-10,e2526,listing_d1_d7,1,1440.0,102.14497212480151,158.51563394019732,107.55625009277789,0.9168901404930968,0.0,299610.65217118
PROMPTUSDT,2025-04-10,e2526,listing_d1_d7,2,1440.0,107.61827880261792,161.9644306645933,92.30302305498846,0.25107925849729457,0.0,478922.77586749004
PROMPTUSDT,2025-04-10,e2526,listing_d1_d7,3,1440.0,69.40836516925881,98.66111445585065,54.49927637836464,0.4186750852006898,0.0,182485.57570887
PROMPTUSDT,2025-04-10,e2526,listing_d1_d7,4,1440.0,51.83343311111471,72.56233998787357,44.34776392428562,0.8056512265918253,0.0,86279.48796076
PROMPTUSDT,2025-04-10,e2526,listing_d1_d7,5,1440.0,58.154799459144805,77.42773510919577,48.340417024198345,0.9470444760535411,0.0,74722.66076321
PROMPTUSDT,2025-04-10,e2526,listing_d1_d7,6,1440.0,50.510981685319145,69.10297633214272,41.64203097835942,1.3579013886357942,0.0,48455.87460548
PROMPTUSDT,2025-04-10,e2526,listing_d1_d7,7,1440.0,33.21438170511306,46.88159297634654,27.074885061304627,1.6146774369299057,0.0,28855.683477169998
PROMPTUSDT,2025-04-10,e2526,mature_d60_d66,60,1440.0,16.855985512525983,26.124663393388836,17.55431162555558,139.8089150175788,36.0,3574.93915051
PROMPTUSDT,2025-04-10,e2526,mature_d60_d66,61,1440.0,16.699774588746543,26.227718459648088,19.005560826090072,112.46742625901975,26.0,1573.3354657
PROMPTUSDT,2025-04-10,e2526,mature_d60_d66,62,1440.0,17.335858034174624,25.922233277332648,18.42841060829087,84.1349159596468,12.0,1782.5157681
PROMPTUSDT,2025-04-10,e2526,mature_d60_d66,63,1440.0,16.878438484064933,25.387353998767768,17.540312658648464,48.671714910786065,1.0,2025.83535398
PROMPTUSDT,2025-04-10,e2526,mature_d60_d66,64,1440.0,25.573090982888587,36.51910910242859,26.93757988142951,25.81047874113687,0.0,3470.0480266
PROMPTUSDT,2025-04-10,e2526,mature_d60_d66,65,1440.0,13.257583366380878,19.768677792607882,13.795375426927357,66.31212216731143,10.0,1057.9028333
PROMPTUSDT,2025-04-10,e2526,mature_d60_d66,66,1440.0,11.432156531752785,17.544999897378517,12.98610040939164,69.90486611232882,23.0,1023.39392509
PROMUSDT,2023-09-05,e2324,listing_d1_d7,1,1440.0,4.973577929861269,25.360251664020172,19.359076193322828,3701.15857895577,369.0,637.24637
PROMUSDT,2023-09-05,e2324,listing_d1_d7,2,1440.0,0.0,14.8347778338261,13.860907023653962,3199.984694273345,400.0,368.60337177
PROMUSDT,2023-09-05,e2324,listing_d1_d7,3,1440.0,2.4701116731613886,12.361092231775723,11.050942558402962,2050.898507361251,330.0,326.2139475
PROMUSDT,2023-09-05,e2324,listing_d1_d7,4,1440.0,8.328512092070392,21.351174710963566,22.09703596331625,1147.5600595158714,215.0,1523.2347359
PROMUSDT,2023-09-05,e2324,listing_d1_d7,5,1440.0,0.0,10.525951840435503,12.950052876950004,1307.3194300487585,457.0,255.58924811
PROMUSDT,2023-09-05,e2324,listing_d1_d7,6,1440.0,0.0,9.952081775647184,19.057338476796893,3726.3866103837695,637.0,243.77273226999998
PROMUSDT,2023-09-05,e2324,listing_d1_d7,7,1440.0,0.0,8.156565865097896,18.579436364512187,4664.6794099201925,642.0,186.07176902999998
PROMUSDT,2023-09-05,e2324,mature_d60_d66,60,1440.0,0.0,0.0,8.47048032674086,2521.2709738886974,879.0,35.83040122
PROMUSDT,2023-09-05,e2324,mature_d60_d66,61,1440.0,0.0,0.22840185608368682,10.029423699109858,2840.1427171090527,959.0,65.11224675000001
PROMUSDT,2023-09-05,e2324,mature_d60_d66,62,1440.0,0.0,0.0,8.230761881626382,2405.3185050635866,902.0,61.879276589999996
PROMUSDT,2023-09-05,e2324,mature_d60_d66,63,1440.0,0.0,2.733320534480909,11.077338987319598,3211.0584426384007,720.0,79.83307247000002
PROMUSDT,2023-09-05,e2324,mature_d60_d66,64,1440.0,0.0,2.2559108300465023,10.526665143227348,3173.7814740884996,873.0,94.72606494000001
PROMUSDT,2023-09-05,e2324,mature_d60_d66,65,1440.0,0.0,13.535565940705334,16.675304272283242,4044.585325551622,693.0,125.71002824
PROMUSDT,2023-09-05,e2324,mature_d60_d66,66,1440.0,0.0,11.40782429782264,16.979150062742995,4778.7674870230785,750.0,97.93380902
PTBUSDT,2025-09-03,e2526,listing_d1_d7,1,1440.0,89.30537422997934,130.36436442833113,73.69892184963925,2.571831109297382,0.0,58365.535953700004
PTBUSDT,2025-09-03,e2526,listing_d1_d7,2,1440.0,90.05757754876736,131.86872728312463,72.5937636743645,0.47064465811645423,0.0,200035.0199908
PTBUSDT,2025-09-03,e2526,listing_d1_d7,3,1440.0,49.00039953285433,72.12603228852919,41.22149310568424,0.8448809769090636,0.0,78003.52392390001
PTBUSDT,2025-09-03,e2526,listing_d1_d7,4,1440.0,45.580962862472624,67.4102957442751,43.633682260697725,1.3583729470528345,0.0,54387.4281463
PTBUSDT,2025-09-03,e2526,listing_d1_d7,5,1440.0,54.32219767983607,88.05643749949675,65.39212478803168,1.764261747187807,0.0,63194.592628000006
PTBUSDT,2025-09-03,e2526,listing_d1_d7,6,1440.0,58.334192500558295,82.93266775600317,50.060501848778685,2.2764746469184685,0.0,39504.25145039999
PTBUSDT,2025-09-03,e2526,listing_d1_d7,7,1440.0,70.18897053954733,102.44508607297463,58.279068458576205,1.584407967410568,0.0,56869.07475940001
PTBUSDT,2025-09-03,e2526,mature_d60_d66,60,1440.0,6.870491240123389,13.917884481558538,12.115436578520796,323.52243061239875,339.0,296.05302850000004
PTBUSDT,2025-09-03,e2526,mature_d60_d66,61,1440.0,25.004465880671887,48.19738853766338,39.64221419769691,225.05448474022177,75.0,3482.057030799999
PTBUSDT,2025-09-03,e2526,mature_d60_d66,62,1440.0,27.95248419523626,42.00577675942662,28.134348782567034,120.02085908003005,28.0,1693.2025526999998
PTBUSDT,2025-09-03,e2526,mature_d60_d66,63,1440.0,24.05085107915134,38.90735877374522,28.386695100965476,120.9160617260414,33.0,1375.467498
PTBUSDT,2025-09-03,e2526,mature_d60_d66,64,1440.0,16.139451529548957,26.34612432389336,20.753758282319648,246.46712796551506,114.0,710.881031
PTBUSDT,2025-09-03,e2526,mature_d60_d66,65,1440.0,17.733641274130715,31.73483779971784,25.413662078583254,261.9484786415387,113.0,925.30632
PTBUSDT,2025-09-03,e2526,mature_d60_d66,66,1440.0,13.77410468319503,24.343594627580355,19.805558844233975,363.43536178459686,132.0,632.8608049
PUFFERUSDT,2024-10-14,e2324,listing_d1_d7,1,1440.0,113.78425628345661,181.52446670139355,111.62615026845367,0.4586590621967288,0.0,381399.61644
PUFFERUSDT,2024-10-14,e2324,listing_d1_d7,2,1440.0,45.53553930214812,67.48625485462037,40.08378792407362,0.6734500515811352,0.0,80713.3460667
PUFFERUSDT,2024-10-14,e2324,listing_d1_d7,3,1440.0,46.066943696930316,71.29489369200869,42.80256469145818,0.6041371130967107,0.0,102819.66275310001
PUFFERUSDT,2024-10-14,e2324,listing_d1_d7,4,1440.0,51.8135401941888,76.52318159263694,45.96237829186591,0.6026331495638583,0.0,107585.2213829
PUFFERUSDT,2024-10-14,e2324,listing_d1_d7,5,1440.0,40.915500676039336,58.9479087161215,37.04564910657972,0.8868116526295357,0.0,61796.908278099996
PUFFERUSDT,2024-10-14,e2324,listing_d1_d7,6,1440.0,32.81585728595559,49.04178006172671,29.506372384235583,1.3129268825383187,0.0,42213.4618891
PUFFERUSDT,2024-10-14,e2324,listing_d1_d7,7,1440.0,29.541328744150682,43.35692829000864,27.644886088467132,1.431029987261584,0.0,37880.631700000005
PUFFERUSDT,2024-10-14,e2324,mature_d60_d66,60,1440.0,22.267339912569582,30.821804009700344,18.786333521313995,1.6705724517199143,0.0,21245.7201818
PUFFERUSDT,2024-10-14,e2324,mature_d60_d66,61,1440.0,17.233951238701568,24.393550605788512,15.701898395534302,2.041484115718642,0.0,15788.137801800001
PUFFERUSDT,2024-10-14,e2324,mature_d60_d66,62,1440.0,18.976734112507646,27.766420026384417,17.272987142286233,1.745260576242858,0.0,16371.620050099998
PUFFERUSDT,2024-10-14,e2324,mature_d60_d66,63,1440.0,24.511473753680992,34.87723417984488,21.917863571370635,1.6233872864300107,0.0,23789.0782828
PUFFERUSDT,2024-10-14,e2324,mature_d60_d66,64,1440.0,27.75027502750263,40.65694812402645,24.896251935991952,1.32836109719334,0.0,30101.511219199998
PUFFERUSDT,2024-10-14,e2324,mature_d60_d66,65,1440.0,42.71032822460666,62.17700698643261,46.8540876543842,0.6601370303873457,0.0,101765.11901609998
PUFFERUSDT,2024-10-14,e2324,mature_d60_d66,66,1440.0,38.28429654124374,55.23349573505612,45.27551062470922,0.8985379934599186,0.0,66232.4066809
PUNDIXUSDT,2025-04-30,e2526,listing_d1_d7,1,1440.0,31.360252086762674,51.727811198127384,34.64510824715711,11.095009712592175,3.0,13405.624094199999
PUNDIXUSDT,2025-04-30,e2526,listing_d1_d7,2,1440.0,50.17493564534298,75.30752795708675,45.45839055684688,1.5269954427902184,0.0,60722.861843599996
PUNDIXUSDT,2025-04-30,e2526,listing_d1_d7,3,1440.0,43.844045468243095,66.43763912964192,44.63397779089529,1.3152948576586934,0.0,72084.11240340001
PUNDIXUSDT,2025-04-30,e2526,listing_d1_d7,4,1440.0,34.407851462553644,52.93880860718868,31.99679160360036,2.1018318041030213,0.0,39399.7772745
PUNDIXUSDT,2025-04-30,e2526,listing_d1_d7,5,1440.0,25.114361850703364,39.80271786223978,25.412385151647314,2.195025331357485,2.0,33658.884615899995
PUNDIXUSDT,2025-04-30,e2526,listing_d1_d7,6,1440.0,28.583994345857242,41.78349556136907,28.58128318143974,3.1827100689841523,0.0,28824.0012208
PUNDIXUSDT,2025-04-30,e2526,listing_d1_d7,7,1440.0,26.73797322429508,39.90616274251603,27.434606975039088,4.457586658102623,1.0,16900.287302200002
PUNDIXUSDT,2025-04-30,e2526,mature_d60_d66,60,1440.0,0.0,3.6297640653373677,6.285622542747735,373.8869366105088,846.0,303.58441969999996
PUNDIXUSDT,2025-04-30,e2526,mature_d60_d66,61,1440.0,0.0,7.08278015772975,7.712155609396139,333.62445693864726,807.0,333.8458767
PUNDIXUSDT,2025-04-30,e2526,mature_d60_d66,62,1440.0,0.0,3.772161448509581,7.028305617636666,516.0052385523502,821.0,236.479659
PUNDIXUSDT,2025-04-30,e2526,mature_d60_d66,63,1440.0,0.0,7.149241078596591,8.831761824975219,358.7167401778993,668.0,487.0658996
PUNDIXUSDT,2025-04-30,e2526,mature_d60_d66,64,1440.0,0.0,6.894768747995307,7.940273336172262,492.3983200216334,737.0,450.5949961999999
PUNDIXUSDT,2025-04-30,e2526,mature_d60_d66,65,1440.0,8.433067907037156,20.670065767904784,20.00179252062222,152.1899108791167,382.0,3292.5175188000007
PUNDIXUSDT,2025-04-30,e2526,mature_d60_d66,66,1440.0,3.5130863546612616,10.43115438108369,9.537767468494536,232.7257463913718,384.0,1116.3490189999998
PYRUSDT,2024-10-07,e2324,listing_d1_d7,1,1440.0,7.574325489176634,22.35469448584122,16.634916154705195,212.34177910637908,506.0,1119.8170120000002
PYRUSDT,2024-10-07,e2324,listing_d1_d7,2,1440.0,0.0,12.594440680381389,13.996558768596854,200.55203026809463,643.0,725.316251
PYRUSDT,2024-10-07,e2324,listing_d1_d7,3,1440.0,0.0,11.60542107504973,14.417986037709085,178.77110670857886,809.0,467.289075
PYRUSDT,2024-10-07,e2324,listing_d1_d7,4,1440.0,0.0,7.789679562358373,14.024188217351242,218.2520606611204,857.0,618.6850589999999
PYRUSDT,2024-10-07,e2324,listing_d1_d7,5,1440.0,0.0,7.524454477050003,10.007884840309785,170.0706790112354,833.0,413.50291000000004
PYRUSDT,2024-10-07,e2324,listing_d1_d7,6,1440.0,0.0,7.538635506972407,11.364172550787973,145.02673748022036,847.0,522.9627250000001
PYRUSDT,2024-10-07,e2324,listing_d1_d7,7,1440.0,0.0,10.897203051216056,10.778039866327807,155.49331209795963,750.0,532.8237290000001
PYRUSDT,2024-10-07,e2324,mature_d60_d66,60,1440.0,11.924636976851444,21.31817396741083,16.963710009087126,92.08373959924108,179.0,1600.0385649999998
PYRUSDT,2024-10-07,e2324,mature_d60_d66,61,1440.0,7.03234880450097,16.24883936861577,15.659467479618627,125.00493928166267,368.0,1586.602206
PYRUSDT,2024-10-07,e2324,mature_d60_d66,62,1440.0,20.440660340568105,42.23866755694071,32.560913666511155,37.86093865710534,226.0,7682.423356999999
PYRUSDT,2024-10-07,e2324,mature_d60_d66,63,1440.0,23.455251822272977,38.31832055030515,30.7855459651814,29.25913748833716,62.0,7777.825454
PYRUSDT,2024-10-07,e2324,mature_d60_d66,64,1440.0,25.49719530851608,40.01600853902681,27.36835290195789,58.411270650569364,101.0,3671.0530109999995
PYRUSDT,2024-10-07,e2324,mature_d60_d66,65,1440.0,15.92990868374869,27.426292160399324,22.114605993303694,87.36908679076528,135.0,2928.538734
PYRUSDT,2024-10-07,e2324,mature_d60_d66,66,1440.0,13.533960140981808,22.238695329874826,16.344930064008874,79.84229637459482,169.0,2373.5748000000003
QIUSDT,2023-12-12,e2324,listing_d1_d7,1,1440.0,52.74064596115379,79.52623744497971,52.94577525118845,48.781323535825315,5.0,14128.0591307
QIUSDT,2023-12-12,e2324,listing_d1_d7,2,1440.0,44.88598338886833,75.02873334779504,54.744173163145454,28.956086177552123,3.0,16391.141671100002
QIUSDT,2023-12-12,e2324,listing_d1_d7,3,1440.0,39.58052321801458,67.06776011918384,44.55373744383898,30.962537111680522,7.0,10486.5080237
QIUSDT,2023-12-12,e2324,listing_d1_d7,4,1440.0,30.211497596942422,49.82275835615019,34.711406374680735,75.63207475482689,68.0,5188.3696623999995
QIUSDT,2023-12-12,e2324,listing_d1_d7,5,1440.0,30.33587414081957,49.59749070981937,34.80126552228225,150.5070339955071,89.0,6248.838887
QIUSDT,2023-12-12,e2324,listing_d1_d7,6,1440.0,34.499753573188215,57.411273486429536,38.39444095010291,330.09353926539364,49.0,5817.283825
QIUSDT,2023-12-12,e2324,listing_d1_d7,7,1440.0,55.97416836392095,87.60729978333492,53.39541265674934,34.71946732760763,6.0,20266.3958794
QIUSDT,2023-12-12,e2324,mature_d60_d66,60,1440.0,12.315270935961157,30.609130126957734,29.68915494832609,301.1176079397047,115.0,5509.3164086
QIUSDT,2023-12-12,e2324,mature_d60_d66,61,1440.0,17.026106696934605,28.344671201813394,22.618079738702743,35.31783008821473,15.0,4309.2392112
QIUSDT,2023-12-12,e2324,mature_d60_d66,62,1440.0,12.128562765311816,23.299841296347896,15.709824806967005,104.72643089780935,47.0,2372.7468881
QIUSDT,2023-12-12,e2324,mature_d60_d66,63,1440.0,11.534025374855354,17.772511848341022,14.624333326991145,149.43683096221378,103.0,1481.1454963
QIUSDT,2023-12-12,e2324,mature_d60_d66,64,1440.0,11.454753722794495,17.926506148067904,15.049674204929824,182.19745895309399,84.0,1778.9590474000001
QIUSDT,2023-12-12,e2324,mature_d60_d66,65,1440.0,16.047072557317378,22.440398006880045,18.29891870854646,87.353533338223,37.0,2432.5801155000004
QIUSDT,2023-12-12,e2324,mature_d60_d66,66,1440.0,5.810575246949211,16.570012078390334,11.663266938382113,351.4547906989636,185.0,1120.8250793
QNTUSDT,2023-06-19,e2324,listing_d1_d7,1,1440.0,11.00440187083633,14.07742626922462,8.74992807610432,1164.8207202164776,87.0,608.4601582
QNTUSDT,2023-06-19,e2324,listing_d1_d7,2,1440.0,11.979635695655277,18.030202248651854,12.809083725334634,1142.68885371853,85.0,1235.7010195
QNTUSDT,2023-06-19,e2324,listing_d1_d7,3,1440.0,8.886256270692751,15.577467594370836,13.599665676155967,1514.0724710608688,161.0,932.4856191999999
QNTUSDT,2023-06-19,e2324,listing_d1_d7,4,1440.0,6.818956715801976,14.185068708430565,10.25608132645172,1160.9435991288656,186.0,564.2136972000001
QNTUSDT,2023-06-19,e2324,listing_d1_d7,5,1440.0,8.568980990454758,14.472490409916414,10.61601895404552,1526.80527419233,159.0,327.48491729999995
QNTUSDT,2023-06-19,e2324,listing_d1_d7,6,1440.0,7.504342159989628,14.305469555417671,10.119293678862267,1605.0102527971642,193.0,685.6266919
QNTUSDT,2023-06-19,e2324,listing_d1_d7,7,1440.0,8.434864401319803,14.946296572886146,10.803726044235534,1612.2829770291457,169.0,686.3700506
QNTUSDT,2023-06-19,e2324,mature_d60_d66,60,1440.0,5.013285218394977,9.203396185528861,7.901755893758915,189.09506235783653,304.0,888.7473233000001
QNTUSDT,2023-06-19,e2324,mature_d60_d66,61,1440.0,1.000200130062543,5.931931362587253,5.217381679733144,187.48037599361518,606.0,479.97798539999997
QNTUSDT,2023-06-19,e2324,mature_d60_d66,62,1440.0,0.0,3.9945077388914334,4.202732718561405,198.888178551881,772.0,273.1234467
QNTUSDT,2023-06-19,e2324,mature_d60_d66,63,1440.0,1.0044194455595525,5.030813972916227,5.4274664322048,319.5524950745807,609.0,347.0218364
QNTUSDT,2023-06-19,e2324,mature_d60_d66,64,1440.0,1.0086239407005047,6.061224993371828,7.216651380254729,180.91044314204572,616.0,750.6655353000001
QNTUSDT,2023-06-19,e2324,mature_d60_d66,65,1440.0,0.9992006394889205,5.01668047200727,5.506965832307555,229.04643106425996,644.0,488.9494439
QNTUSDT,2023-06-19,e2324,mature_d60_d66,66,1440.0,0.0,3.983865374993335,4.134744298551876,332.5239906886395,802.0,220.0505953
QUICKUSDT,2024-09-10,e2324,listing_d1_d7,1,1440.0,14.536644671223785,27.392591465905497,21.312418365248778,36.16117763418271,81.0,7886.9245374
QUICKUSDT,2024-09-10,e2324,listing_d1_d7,2,1440.0,11.101243886490591,17.935209733515805,15.825047288343615,50.95230545020692,111.0,3526.4512129
QUICKUSDT,2024-09-10,e2324,listing_d1_d7,3,1440.0,6.819732109635545,13.42732511002913,10.468834747188378,61.24976233890186,234.0,1560.0833578
QUICKUSDT,2024-09-10,e2324,listing_d1_d7,4,1440.0,12.492192921280902,24.301487340010762,23.845525364294343,58.49114297647394,107.0,5744.5193912
QUICKUSDT,2024-09-10,e2324,listing_d1_d7,5,1440.0,33.071117445183134,49.35482068569728,28.871725844086292,3.792308727196635,1.0,39555.1487921
QUICKUSDT,2024-09-10,e2324,listing_d1_d7,6,1440.0,19.805902158843217,28.59623164894175,21.58572573831738,11.327587890438066,5.0,11249.3633143
QUICKUSDT,2024-09-10,e2324,listing_d1_d7,7,1440.0,16.306563391764524,26.548220966284173,22.32189192299079,16.993188531818756,24.0,8434.833913
QUICKUSDT,2024-09-10,e2324,mature_d60_d66,60,1440.0,2.571024595771636,10.353307107635374,9.903067301650289,271.1698050490027,633.0,639.3228563000001
QUICKUSDT,2024-09-10,e2324,mature_d60_d66,61,1440.0,11.85958521156934,21.368789921390206,17.242420494005785,230.95203308272718,284.0,1422.1088011
QUICKUSDT,2024-09-10,e2324,mature_d60_d66,62,1440.0,12.086052695190098,19.86343977650651,15.567244461214436,252.34485755949515,236.0,969.7808164
QUICKUSDT,2024-09-10,e2324,mature_d60_d66,63,1440.0,15.245839402484888,26.648908068807234,20.335450255996893,167.0141451881785,135.0,1804.015427
QUICKUSDT,2024-09-10,e2324,mature_d60_d66,64,1440.0,17.791335665073056,30.015007503751086,21.47253571374984,188.29492968849416,85.0,1596.6662162999999
QUICKUSDT,2024-09-10,e2324,mature_d60_d66,65,1440.0,12.876642625845923,23.084322182833272,17.671062815558923,154.92929339112152,161.0,1054.3849418000002
QUICKUSDT,2024-09-10,e2324,mature_d60_d66,66,1440.0,10.315925381073589,18.301850028714576,14.228875336009573,243.60764235612316,232.0,809.7379117
RADUSDT,2023-06-08,e2324,listing_d1_d7,1,1440.0,17.064846416381638,27.762354247639607,16.88507891794192,2226.799563754792,108.0,1172.8604329000002
RADUSDT,2023-06-08,e2324,listing_d1_d7,2,1440.0,23.788286373336767,34.632037748381656,31.062687576412518,4423.18863769402,91.0,1175.1930895
RADUSDT,2023-06-08,e2324,listing_d1_d7,3,1440.0,24.729523228552033,36.770341183683804,22.39818464255662,1517.4472270577587,86.0,5505.517044599999
RADUSDT,2023-06-08,e2324,listing_d1_d7,4,1440.0,12.61034047919295,19.280205655527723,14.991107379768726,2739.9746916753197,275.0,1443.7451384
RADUSDT,2023-06-08,e2324,listing_d1_d7,5,1440.0,18.08318264014535,29.550827423168535,19.749593015480723,775.7096505087766,134.0,5099.4750701
RADUSDT,2023-06-08,e2324,listing_d1_d7,6,1440.0,11.869436201780426,18.393623543837812,18.388792882344553,753.5365534703159,355.0,1744.2338940999998
RADUSDT,2023-06-08,e2324,listing_d1_d7,7,1440.0,6.397952655149648,18.788164839149303,13.942578606723528,1308.654414524595,375.0,1746.1224643
RADUSDT,2023-06-08,e2324,mature_d60_d66,60,1440.0,18.259281801583164,35.48721214644886,26.88802554357997,223.48531290714968,101.0,9396.5173906
RADUSDT,2023-06-08,e2324,mature_d60_d66,61,1440.0,6.195786864932539,12.383900928792581,9.14918441299907,434.56654634315146,267.0,972.3085983
RADUSDT,2023-06-08,e2324,mature_d60_d66,62,1440.0,0.0,6.27352572145616,7.068084678194303,475.7419285286259,603.0,617.4172284
RADUSDT,2023-06-08,e2324,mature_d60_d66,63,1440.0,0.0,6.298221221226342,5.591513100922634,279.3086087617387,585.0,440.352701
RADUSDT,2023-06-08,e2324,mature_d60_d66,64,1440.0,0.0,6.273525721454767,6.239921084711302,1289.1939351255537,728.0,444.5135189
RADUSDT,2023-06-08,e2324,mature_d60_d66,65,1440.0,0.0,6.249999999999312,6.508751067805037,1698.1445577596435,717.0,433.4347724
RADUSDT,2023-06-08,e2324,mature_d60_d66,66,1440.0,0.0,12.195121951219523,11.284443435231536,1049.194417825416,475.0,1218.3127985
RAREUSDT,2023-11-27,e2324,listing_d1_d7,1,1440.0,44.883303411131095,76.1966278442678,58.838842684945156,364.6308500456956,49.0,12406.5445244
RAREUSDT,2023-11-27,e2324,listing_d1_d7,2,1440.0,39.44773789397945,62.03957821753699,43.181631945275,52.480860976348715,12.0,15324.3469047
RAREUSDT,2023-11-27,e2324,listing_d1_d7,3,1440.0,26.478375992938634,52.04945432205869,40.50733484303367,418.1779617265623,93.0,9382.8713963
RAREUSDT,2023-11-27,e2324,listing_d1_d7,4,1440.0,24.752475247524316,47.318611987381416,36.37526802414834,100.75175248616755,72.0,8343.607941
RAREUSDT,2023-11-27,e2324,listing_d1_d7,5,1440.0,16.129032258064978,32.13497075117253,27.566257914434857,498.0775646374421,159.0,4804.6094167
RAREUSDT,2023-11-27,e2324,listing_d1_d7,6,1440.0,23.237800154919334,43.103715987502895,31.656813549048238,260.3776797644606,151.0,4946.1617932
RAREUSDT,2023-11-27,e2324,listing_d1_d7,7,1440.0,65.0270623972773,107.64882899721471,66.38074786897587,71.24502148274983,40.0,27095.336615999997
RAREUSDT,2023-11-27,e2324,mature_d60_d66,60,1440.0,9.657172700650568,10.090817356204743,13.392472782783416,1495.1008220908786,469.0,1338.4307998000002
RAREUSDT,2023-11-27,e2324,mature_d60_d66,61,1440.0,0.0,9.768011516373692,8.386421946901592,1188.207096329937,749.0,318.1827881
RAREUSDT,2023-11-27,e2324,mature_d60_d66,62,1440.0,9.63391136801569,19.323671497585096,28.13390511594123,1151.0628980580846,424.0,8482.875747600001
RAREUSDT,2023-11-27,e2324,mature_d60_d66,63,1440.0,27.10027100270955,43.715853263097394,27.752456954494946,51.239822227664355,21.0,8938.4509653
RAREUSDT,2023-11-27,e2324,mature_d60_d66,64,1440.0,9.199632014718397,18.348623853211535,12.961018272125072,291.3410938263753,221.0,1771.4280865000003
RAREUSDT,2023-11-27,e2324,mature_d60_d66,65,1440.0,9.615384615384892,19.14333901629749,14.196640907529904,414.3250072223991,257.0,1294.4533592000002
RAREUSDT,2023-11-27,e2324,mature_d60_d66,66,1440.0,18.570102135562276,35.658574515687484,24.994529232339513,172.78318531255943,84.0,5696.027690299999
RAYDIUMUSDT,2024-06-04,e2324,listing_d1_d7,1,1440.0,16.37868825632897,27.412323723681908,16.94673369411557,95.45048826806469,155.0,3456.51383471
RAYDIUMUSDT,2024-06-04,e2324,listing_d1_d7,2,1440.0,17.777958312673455,31.258074519831446,18.279078557820817,286.00694438320517,218.0,2677.25880223
RAYDIUMUSDT,2024-06-04,e2324,listing_d1_d7,3,1440.0,11.273961837964666,27.05371516628443,25.668664404328077,356.0549233498644,318.0,1941.8296670099996
RAYDIUMUSDT,2024-06-04,e2324,listing_d1_d7,4,1440.0,1.1872172424511778,16.452039872890555,14.45410049903331,934.122441779625,592.0,492.5072288899999
RAYDIUMUSDT,2024-06-04,e2324,listing_d1_d7,5,1440.0,0.6123324865139198,12.782243230800661,13.377892783171651,4514.336673596146,597.0,294.37025441000003
RAYDIUMUSDT,2024-06-04,e2324,listing_d1_d7,6,1440.0,0.0,14.67464702282793,14.595035284718936,2105.6309144513375,699.0,412.74758672999997
RAYDIUMUSDT,2024-06-04,e2324,listing_d1_d7,7,1440.0,0.6495404508165676,18.390272536188988,19.380744303018947,621.9195584475007,679.0,624.33494933
RAYDIUMUSDT,2024-06-04,e2324,mature_d60_d66,60,1440.0,18.275354457898175,27.597669870193805,18.969179131549282,118.13811870900393,58.0,1654.77172781
RAYDIUMUSDT,2024-06-04,e2324,mature_d60_d66,61,1440.0,19.05415998057677,29.168366293855037,20.816827145469784,142.31857103459333,55.0,1295.0442615400002
RAYDIUMUSDT,2024-06-04,e2324,mature_d60_d66,62,1440.0,48.35974380023138,71.23380428320598,48.099151726542864,85.41164591552922,3.0,5262.868563010001
RAYDIUMUSDT,2024-06-04,e2324,mature_d60_d66,63,1440.0,25.28773026979382,36.644314633985125,24.00641458666185,144.8666370036303,3.0,1825.41907262
RAYDIUMUSDT,2024-06-04,e2324,mature_d60_d66,64,1440.0,25.6618889653877,38.08278856330934,24.045398457917305,74.65950151709023,4.0,2522.23872663
RAYDIUMUSDT,2024-06-04,e2324,mature_d60_d66,65,1440.0,19.990769488346608,31.172015910173606,21.286361590477764,94.90525808844342,6.0,1896.93228421
RAYDIUMUSDT,2024-06-04,e2324,mature_d60_d66,66,1440.0,16.38676372567744,24.531616864330633,16.953800488034876,264.6235490681104,42.0,1421.98096061
RDNTUSDT,2023-04-17,e2324,listing_d1_d7,1,1440.0,20.714101434991647,35.24089148061929,25.163678894451987,51.201468558173445,5.0,25773.787353099997
RDNTUSDT,2023-04-17,e2324,listing_d1_d7,2,1440.0,18.089065782699187,33.01954307734601,29.775590391116584,32.718146989553944,16.0,25973.1196755
RDNTUSDT,2023-04-17,e2324,listing_d1_d7,3,1440.0,31.562908514936115,49.990855888807396,29.401263550299053,4.319779979081423,1.0,43131.3887777
RDNTUSDT,2023-04-17,e2324,listing_d1_d7,4,1440.0,25.794570189508654,40.01012537597889,25.09599896601219,48.1089678182872,2.0,20331.8265641
RDNTUSDT,2023-04-17,e2324,listing_d1_d7,5,1440.0,20.497053548551563,30.584786508756796,19.85253377867443,63.92598576061169,19.0,11904.73074805
RDNTUSDT,2023-04-17,e2324,listing_d1_d7,6,1440.0,15.383662690244488,25.184702341437088,17.496121887692325,127.17480882930325,44.0,8785.880184599999
RDNTUSDT,2023-04-17,e2324,listing_d1_d7,7,1440.0,18.467220683286598,29.681262549899195,19.652407071207374,219.47522304642104,28.0,7380.238603250001
RDNTUSDT,2023-04-17,e2324,mature_d60_d66,60,1440.0,7.786646197353147,13.645891607879912,11.023691783668133,126.40288256814188,129.0,3136.9337655
RDNTUSDT,2023-04-17,e2324,mature_d60_d66,61,1440.0,5.80776353300955,11.50141379468364,9.398091469573666,131.6971087206535,166.0,2530.87237145
RDNTUSDT,2023-04-17,e2324,mature_d60_d66,62,1440.0,5.83260475385397,9.806325150410048,8.105673103177933,279.08448126002816,223.0,1636.3394300500001
RDNTUSDT,2023-04-17,e2324,mature_d60_d66,63,1440.0,5.907837731389661,10.030593385292322,7.885861372116857,246.46360585778825,212.0,1673.511184
RDNTUSDT,2023-04-17,e2324,mature_d60_d66,64,1440.0,7.9880180526817455,15.262078608477417,10.913387998980935,138.53586107566784,153.0,3207.0504014999997
RDNTUSDT,2023-04-17,e2324,mature_d60_d66,65,1440.0,13.124592740207996,20.43944826723183,14.361000706650076,171.443908887023,34.0,2692.2095974500003
RDNTUSDT,2023-04-17,e2324,mature_d60_d66,66,1440.0,12.53469434347589,19.289789188105978,14.525219815835534,194.63657356967778,44.0,2610.2459268999996
REDUSDT,2025-02-26,e2526,listing_d1_d7,1,1440.0,91.2693356915887,139.76690899122548,67.50577335962873,121.54677530776782,36.0,5340.0601017
REDUSDT,2025-02-26,e2526,listing_d1_d7,2,1440.0,84.89846923316509,140.41032159574112,96.1320935340891,115.68904185568123,38.0,11223.9854424
REDUSDT,2025-02-26,e2526,listing_d1_d7,3,1440.0,52.3689817109824,84.31625251628701,51.40789622532808,160.2317021411835,93.0,4102.626373
REDUSDT,2025-02-26,e2526,listing_d1_d7,4,1440.0,31.012689324490072,55.05719452568369,35.15612044551546,235.4942571048523,205.0,2976.3990691
REDUSDT,2025-02-26,e2526,listing_d1_d7,5,1440.0,64.66947324357419,125.70831230744238,75.2608708269609,61.77549214443234,80.0,29618.0793027
REDUSDT,2025-02-26,e2526,listing_d1_d7,6,1440.0,80.05167958656311,129.53085286299714,70.76716941467275,65.72726588808865,18.0,11567.9161292
REDUSDT,2025-02-26,e2526,listing_d1_d7,7,1440.0,60.99323309178649,98.35377003073836,53.256055983312244,50.90265706577561,33.0,10386.9160799
REDUSDT,2025-02-26,e2526,mature_d60_d66,60,1440.0,14.990631089651014,23.124357656730993,17.208712888359454,34.78727945431926,17.0,2866.9758271000005
REDUSDT,2025-02-26,e2526,mature_d60_d66,61,1440.0,14.519058174255845,22.17159579364888,16.221280289186993,44.36399346897179,22.0,2413.6922317
REDUSDT,2025-02-26,e2526,mature_d60_d66,62,1440.0,12.065637065637077,19.1812026284027,14.19151743770722,59.89369896776376,34.0,1760.7573966999998
REDUSDT,2025-02-26,e2526,mature_d60_d66,63,1440.0,14.812986276822791,24.150235748339412,17.562493204477757,73.9839887642169,34.0,2753.8348724999996
REDUSDT,2025-02-26,e2526,mature_d60_d66,64,1440.0,9.668842721093545,14.869888475837543,14.129198573030362,123.38279372506328,125.0,2052.7109233
REDUSDT,2025-02-26,e2526,mature_d60_d66,65,1440.0,9.847365829640854,16.981019335059084,13.343093450985613,62.78574503524095,55.0,1970.9284581999998
REDUSDT,2025-02-26,e2526,mature_d60_d66,66,1440.0,10.139416983523738,15.753234338190559,13.300916884082655,71.26073683179108,74.0,1619.1665948
RENDERUSDT,2024-07-26,e2324,listing_d1_d7,1,1440.0,13.668463895353963,22.714369279472,18.765088313858833,5.122470772682303,4.0,14813.803155099999
RENDERUSDT,2024-07-26,e2324,listing_d1_d7,2,1440.0,10.787488821365349,18.52781109915013,15.736545446464,12.323337715650718,45.0,7492.455606699999
RENDERUSDT,2024-07-26,e2324,listing_d1_d7,3,1440.0,12.83697080549547,22.41973324466122,17.068736987524314,11.2511471255964,24.0,10633.1616393
RENDERUSDT,2024-07-26,e2324,listing_d1_d7,4,1440.0,13.000731376969936,21.627916761588615,14.855815131527049,20.373558110477386,30.0,6178.7355844
RENDERUSDT,2024-07-26,e2324,listing_d1_d7,5,1440.0,15.18218623481764,23.77414574519812,17.346685241032926,8.9888011416774,10.0,12336.513027
RENDERUSDT,2024-07-26,e2324,listing_d1_d7,6,1440.0,21.19239344601393,32.963542016088354,25.550314280575336,5.031391795004121,1.0,20031.7549699
RENDERUSDT,2024-07-26,e2324,listing_d1_d7,7,1440.0,23.01496734304585,34.18478869434782,23.160644554339235,9.966261149962898,9.0,15071.1423388
RENDERUSDT,2024-07-26,e2324,mature_d60_d66,60,1440.0,16.23772033111257,23.024422800825537,15.164409842311585,0.944420407163223,0.0,38488.398861
RENDERUSDT,2024-07-26,e2324,mature_d60_d66,61,1440.0,16.22849766855625,22.60708982009715,14.046695527546712,1.0545862888405424,0.0,35521.0683989
RENDERUSDT,2024-07-26,e2324,mature_d60_d66,62,1440.0,17.680623758011073,25.048559099293293,15.291832173245142,0.8481139059531928,0.0,46902.1662532
RENDERUSDT,2024-07-26,e2324,mature_d60_d66,63,1440.0,15.824037603292306,22.382229407447184,14.101705495663182,1.2669756162821295,2.0,36135.0548227
RENDERUSDT,2024-07-26,e2324,mature_d60_d66,64,1440.0,12.158980401255604,17.889756253044116,11.049106998851267,1.8987954342133793,0.0,19607.1569155
RENDERUSDT,2024-07-26,e2324,mature_d60_d66,65,1440.0,13.857879826537182,19.455254225888748,11.921846476172146,1.6939655302749448,0.0,22671.987331599998
RENDERUSDT,2024-07-26,e2324,mature_d60_d66,66,1440.0,18.711993087680167,26.056635895482888,17.217442109249017,1.042715599345513,0.0,40584.913932999996
RESOLVUSDT,2025-06-10,e2526,listing_d1_d7,1,1440.0,71.59720348420994,107.79630488356285,74.42031855378863,0.2635583555694613,0.0,347407.38666729996
RESOLVUSDT,2025-06-10,e2526,listing_d1_d7,2,1440.0,43.80476023345391,60.49149626665385,37.25773290255693,0.4313506147477375,0.0,131986.80181009998
RESOLVUSDT,2025-06-10,e2526,listing_d1_d7,3,1440.0,53.33333557747087,76.9230769230766,46.59827745064863,0.5741825444992229,0.0,122143.38933399999
RESOLVUSDT,2025-06-10,e2526,listing_d1_d7,4,1440.0,30.245746691871272,42.43009152539761,27.57040137078136,0.6769741476408699,0.0,78037.5547154
RESOLVUSDT,2025-06-10,e2526,listing_d1_d7,5,1440.0,24.58009012699727,35.856573705179756,22.153533022083757,0.9586929832810952,0.0,53979.1826717
RESOLVUSDT,2025-06-10,e2526,listing_d1_d7,6,1440.0,27.8330063883906,40.081986129693725,25.98383934149324,0.9837546897814115,0.0,58480.731558299995
RESOLVUSDT,2025-06-10,e2526,listing_d1_d7,7,1440.0,21.2314569593741,31.455822622203847,18.224228706271614,1.3754653113057969,2.0,34963.4828469
RESOLVUSDT,2025-06-10,e2526,mature_d60_d66,60,1440.0,15.839493136220826,26.23639122759076,21.89371207105289,10.964490132787105,3.0,11230.271343899998
RESOLVUSDT,2025-06-10,e2526,mature_d60_d66,61,1440.0,11.129660545353685,21.54301988747169,14.90565640372687,11.529781512049,9.0,5663.1482646
RESOLVUSDT,2025-06-10,e2526,mature_d60_d66,62,1440.0,20.86593635889398,31.043850995941497,20.624902950745554,7.680937773701981,2.0,10694.8191536
RESOLVUSDT,2025-06-10,e2526,mature_d60_d66,63,1440.0,16.574590694604026,26.852846401718605,19.976369128434527,8.447715520521864,6.0,8226.0618535
RESOLVUSDT,2025-06-10,e2526,mature_d60_d66,64,1440.0,15.910900084667315,26.17801047120421,17.81638994888198,9.445123646390838,6.0,12426.673046700002
RESOLVUSDT,2025-06-10,e2526,mature_d60_d66,65,1440.0,16.211835822856607,23.866348448688033,23.848013466667297,9.677430012588495,4.0,14438.5928077
RESOLVUSDT,2025-06-10,e2526,mature_d60_d66,66,1440.0,11.869436201780756,18.371096142069486,15.224852890976699,16.195140530353157,40.0,5372.8771069
REXUSDT,2025-01-09,e2526,listing_d1_d7,1,1440.0,49.22281114199317,81.68475191893491,61.35895963239056,151.59301940561335,16.0,6705.6600977
REXUSDT,2025-01-09,e2526,listing_d1_d7,2,1440.0,31.111547819303638,51.28205128205117,39.446335858004886,189.5891680399627,59.0,2802.4662503
REXUSDT,2025-01-09,e2526,listing_d1_d7,3,1440.0,27.69230769230763,44.59325470969575,33.339004268335664,199.65642195414202,64.0,2645.9406049
REXUSDT,2025-01-09,e2526,listing_d1_d7,4,1440.0,27.827166559046212,52.314946658196526,44.0111642508131,146.13531528442095,87.0,3191.4607451999996
REXUSDT,2025-01-09,e2526,listing_d1_d7,5,1440.0,27.087018000674203,47.69358869979586,36.707276004045056,116.79023153483058,114.0,2010.6002886
REXUSDT,2025-01-09,e2526,listing_d1_d7,6,1440.0,26.490066798890975,46.998028776184235,36.59633035673453,100.23023232263952,107.0,2553.9518218999997
REXUSDT,2025-01-09,e2526,listing_d1_d7,7,1440.0,28.62497616323346,53.51424579858528,46.52236751138138,145.21282635812543,60.0,3609.4354935999995
REXUSDT,2025-01-09,e2526,mature_d60_d66,60,1440.0,0.0,19.866976338743825,24.423795851122165,2824.8652034859665,696.0,439.24980239999996
REXUSDT,2025-01-09,e2526,mature_d60_d66,61,1440.0,0.0,20.64516541719001,23.335769654499483,3649.1314167605206,727.0,358.7243902
REXUSDT,2025-01-09,e2526,mature_d60_d66,62,1440.0,22.9885057471255,55.9912525450566,42.024692728235074,1326.024110925739,356.0,1458.4136452000002
REXUSDT,2025-01-09,e2526,mature_d60_d66,63,1440.0,21.44772734590993,51.28205128205097,30.90184126123022,1997.4674089159994,356.0,842.2272945999999
REXUSDT,2025-01-09,e2526,mature_d60_d66,64,1440.0,44.28711860710197,77.46934582182533,47.32474140604629,1101.4222504010495,183.0,3063.2580243
REXUSDT,2025-01-09,e2526,mature_d60_d66,65,1440.0,17.90510295434126,42.426836676675904,23.583685574751545,2680.9033407066913,364.0,651.3883065
REXUSDT,2025-01-09,e2526,mature_d60_d66,66,1440.0,9.021201654986044,28.902164086013308,18.812284483827614,2459.821344662271,497.0,299.60236629999997
REZUSDT,2024-05-08,e2324,listing_d1_d7,1,1440.0,14.084507042251971,26.83213374204852,18.37125635966353,47.225043937383525,46.0,3289.5018370000003
REZUSDT,2024-05-08,e2324,listing_d1_d7,2,1440.0,13.961607285571553,21.371328837472436,18.703941303620823,57.06505151900948,58.0,3724.4454427999995
REZUSDT,2024-05-08,e2324,listing_d1_d7,3,1440.0,14.094432699084265,14.861602876759909,14.158516454273927,162.78593978830673,95.0,2726.8778696
REZUSDT,2024-05-08,e2324,listing_d1_d7,4,1440.0,7.4962518740621435,14.970059880239951,12.948064524062163,219.6931592834955,126.0,1314.9750302
REZUSDT,2024-05-08,e2324,listing_d1_d7,5,1440.0,16.680567139282054,30.20008842111354,23.189278381670608,128.52546550550414,22.0,3694.4440326999998
REZUSDT,2024-05-08,e2324,listing_d1_d7,6,1440.0,18.198362147407256,27.63067444051209,22.08493417182074,39.46834847502144,25.0,3262.0471426
REZUSDT,2024-05-08,e2324,listing_d1_d7,7,1440.0,17.79359430605033,26.960237739727816,25.723718289704937,69.65087719459733,68.0,3474.5238962999997
REZUSDT,2024-05-08,e2324,mature_d60_d66,60,1440.0,30.67484662576562,45.061979272506356,27.23925756502327,59.89242309281695,21.0,2748.6745795
REZUSDT,2024-05-08,e2324,mature_d60_d66,61,1440.0,29.651610067040153,44.77611940298635,31.880703414955462,119.20693287789824,14.0,4862.012227700001
REZUSDT,2024-05-08,e2324,mature_d60_d66,62,1440.0,14.958871494679233,29.67359050445189,18.615640607995537,86.0217738941086,48.0,2012.8834959
REZUSDT,2024-05-08,e2324,mature_d60_d66,63,1440.0,15.015015015013361,29.197080291969613,18.5519424281315,433.4044161481629,86.0,1772.5947078
REZUSDT,2024-05-08,e2324,mature_d60_d66,64,1440.0,15.151515151515586,29.717682020801167,18.09706482174086,131.99449643336914,99.0,1225.4850836
REZUSDT,2024-05-08,e2324,mature_d60_d66,65,1440.0,15.384615384615826,15.873015873016328,15.920030188396298,295.30350837503096,106.0,1306.5359933
REZUSDT,2024-05-08,e2324,mature_d60_d66,66,1440.0,15.060240963855854,15.455950540956568,12.731457224003847,517.3899891585377,313.0,855.5748624999999
ROAMUSDT,2025-03-07,e2526,listing_d1_d7,1,1440.0,61.313555898761926,107.92473057608883,71.91571287274405,7.796151131129679,0.0,25146.463272
ROAMUSDT,2025-03-07,e2526,listing_d1_d7,2,1440.0,42.56224921424201,69.06980424002377,48.95253993060969,10.588604837667308,3.0,10954.179371399998
ROAMUSDT,2025-03-07,e2526,listing_d1_d7,3,1440.0,59.39124342914284,99.88766849725388,72.00436489816423,11.668266825614815,0.0,14092.425212400001
ROAMUSDT,2025-03-07,e2526,listing_d1_d7,4,1440.0,47.249414764252236,78.79196021549983,53.25035003261745,18.581769179145066,2.0,7929.0418285000005
ROAMUSDT,2025-03-07,e2526,listing_d1_d7,5,1440.0,48.68154959395805,80.71025020177571,55.00554521940147,17.78837735799791,5.0,9337.866290600003
ROAMUSDT,2025-03-07,e2526,listing_d1_d7,6,1440.0,47.3746619435397,74.40476190476042,46.451752907402884,22.320680539619094,8.0,6900.6408953
ROAMUSDT,2025-03-07,e2526,listing_d1_d7,7,1440.0,32.24506771334232,56.02243589743611,34.988705225526736,98.26999572667654,26.0,4640.027232099999
ROAMUSDT,2025-03-07,e2526,mature_d60_d66,60,1440.0,0.0,8.19924389702493,11.206077262657141,208.1242518202861,697.0,1012.4552230999999
ROAMUSDT,2025-03-07,e2526,mature_d60_d66,61,1440.0,13.27140078201789,27.04225455133615,23.866993840568483,249.47283951576225,284.0,1966.2029794999999
ROAMUSDT,2025-03-07,e2526,mature_d60_d66,62,1440.0,9.483167377904492,22.967400863194147,18.995981215003173,122.8784187579127,289.0,1608.8898510000001
ROAMUSDT,2025-03-07,e2526,mature_d60_d66,63,1440.0,8.873114463176215,17.85714285714213,17.431866098443255,328.46708910046664,397.0,684.6126725000001
ROAMUSDT,2025-03-07,e2526,mature_d60_d66,64,1440.0,4.458314757021355,13.71742112482829,13.863507224249858,293.50240233688896,624.0,411.87350940000005
ROAMUSDT,2025-03-07,e2526,mature_d60_d66,65,1440.0,4.625346901018351,14.405764797427402,12.973628463280422,438.3206573895107,596.0,430.3587925
ROAMUSDT,2025-03-07,e2526,mature_d60_d66,66,1440.0,10.392344063539127,24.286582738278153,23.43760782999033,192.7279873685126,329.0,1043.2504535
RONINUSDT,2025-02-13,e2526,listing_d1_d7,1,1440.0,14.633551505826608,22.131609120700272,13.31042168938149,22.347919155184695,19.0,4600.4763566500005
RONINUSDT,2025-02-13,e2526,listing_d1_d7,2,1440.0,8.800000000000807,14.234606198527091,10.543361578273228,70.4658179225386,105.0,2406.8359520299996
RONINUSDT,2025-02-13,e2526,listing_d1_d7,3,1440.0,8.671659494174468,14.116283080106856,9.753673972359286,49.02004232994046,101.0,2164.61422481
RONINUSDT,2025-02-13,e2526,listing_d1_d7,4,1440.0,14.666152851312145,25.15483785662534,16.61911099744418,84.47640361909403,36.0,7943.21747167
RONINUSDT,2025-02-13,e2526,listing_d1_d7,5,1440.0,11.366871000638428,18.64046381947205,13.286870553169534,82.3420371366958,67.0,2520.5230259
RONINUSDT,2025-02-13,e2526,listing_d1_d7,6,1440.0,5.719655196047687,10.627861347285089,8.400033144473339,435.50687569737636,218.0,1235.77959038
RONINUSDT,2025-02-13,e2526,listing_d1_d7,7,1440.0,4.843787873662196,9.658142308254169,7.834658791167653,593.4430060294203,264.0,942.37441293
RONINUSDT,2025-02-13,e2526,mature_d60_d66,60,1440.0,5.896806409419343,17.391304347824708,16.23823151406242,8067.968298828188,569.0,402.77815146
RONINUSDT,2025-02-13,e2526,mature_d60_d66,61,1440.0,2.111264744085558,12.572027653454466,12.537790864828885,4795.031857710834,655.0,287.21817221
RONINUSDT,2025-02-13,e2526,mature_d60_d66,62,1440.0,6.199637553736876,12.902533129106795,14.507556006853303,8511.560586726768,487.0,382.89392113
RONINUSDT,2025-02-13,e2526,mature_d60_d66,63,1440.0,2.063131921941451,10.060870163338835,9.122362278925547,3829.0679450590046,605.0,319.02016836999996
RONINUSDT,2025-02-13,e2526,mature_d60_d66,64,1440.0,0.0,8.115649550560873,7.956548640598519,3180.5233897462485,765.0,211.46333422
RONINUSDT,2025-02-13,e2526,mature_d60_d66,65,1440.0,3.998400639743662,11.977243595876239,14.867030251450442,2833.691098512193,545.0,643.05620431
RONINUSDT,2025-02-13,e2526,mature_d60_d66,66,1440.0,1.972777614838869,8.069803864484976,8.465635751628994,5704.213707807568,690.0,146.80977473000002
SAFEUSDT,2024-04-29,e2324,listing_d1_d7,1,1440.0,41.76475903080686,65.62582914459067,45.77340655761807,4.322040627824697,0.0,23907.47486642
SAFEUSDT,2024-04-29,e2324,listing_d1_d7,2,1440.0,35.4743969711809,57.41393500648669,38.407127242619794,5.498581054591962,0.0,15304.20379845
SAFEUSDT,2024-04-29,e2324,listing_d1_d7,3,1440.0,20.847655006691596,31.073360182109383,20.427931659393188,11.812366815584946,4.0,5754.09214479
SAFEUSDT,2024-04-29,e2324,listing_d1_d7,4,1440.0,15.272190094867808,23.884631332256966,15.706250275118244,16.702253008878813,4.0,4692.33480418
SAFEUSDT,2024-04-29,e2324,listing_d1_d7,5,1440.0,14.323274177503528,22.255510718543064,16.563775045928043,10.516006502617476,9.0,5062.7098636
SAFEUSDT,2024-04-29,e2324,listing_d1_d7,6,1440.0,12.33915040396152,19.67991800657109,14.262275632555578,9.794762615007325,11.0,4080.73599694
SAFEUSDT,2024-04-29,e2324,listing_d1_d7,7,1440.0,13.70802806557064,21.945596728189944,15.132092792202348,9.902495935090752,13.0,4880.43153399
SAFEUSDT,2024-04-29,e2324,mature_d60_d66,60,1440.0,7.825839499146199,14.197991037943414,8.543663207965155,35.06513110375691,274.0,898.3217344300001
SAFEUSDT,2024-04-29,e2324,mature_d60_d66,61,1440.0,2.131363461167037,7.862479587103553,10.632814392252355,246.90885759107346,572.0,1332.50495118
SAFEUSDT,2024-04-29,e2324,mature_d60_d66,62,1440.0,3.58474335080314,8.458597568727336,9.573071634164407,129.04180589897143,253.0,788.14987421
SAFEUSDT,2024-04-29,e2324,mature_d60_d66,63,1440.0,2.8320589210224183,7.661505672862209,7.041992623803738,136.10617273322504,403.0,508.14746290000005
SAFEUSDT,2024-04-29,e2324,mature_d60_d66,64,1440.0,1.406370859995626,5.634794879217723,6.737390833800715,137.3673321346312,526.0,440.14752439000006
SAFEUSDT,2024-04-29,e2324,mature_d60_d66,65,1440.0,4.219583949823297,12.141774461720031,10.77619590234989,189.54314950200052,424.0,609.2663913
SAFEUSDT,2024-04-29,e2324,mature_d60_d66,66,1440.0,7.868102492342283,17.866397990276717,11.849358405599522,106.70843878863772,335.0,973.73251928
SAGAUSDT,2024-04-09,e2324,listing_d1_d7,1,1440.0,41.95202821994657,60.13414089585984,34.89909895940853,1.1819319591552235,0.0,52778.86134302
SAGAUSDT,2024-04-09,e2324,listing_d1_d7,2,1440.0,35.86360851372424,49.87050701104918,30.15191798323761,1.2063740838127741,0.0,48374.531972460005
SAGAUSDT,2024-04-09,e2324,listing_d1_d7,3,1440.0,35.26270835326157,52.54515609637479,53.67950127282692,1.358270566339474,0.0,49684.303683059996
SAGAUSDT,2024-04-09,e2324,listing_d1_d7,4,1440.0,46.27922946635903,69.60097150247829,56.42701785084094,1.823096347042963,0.0,46864.25335488
SAGAUSDT,2024-04-09,e2324,listing_d1_d7,5,1440.0,45.222532121306735,62.39124904094231,41.02215410707921,1.8285091626246712,0.0,39193.62827803
SAGAUSDT,2024-04-09,e2324,listing_d1_d7,6,1440.0,33.768013095667335,45.19145862861001,26.08078624421171,2.7673890476886394,0.0,18912.98782514
SAGAUSDT,2024-04-09,e2324,listing_d1_d7,7,1440.0,38.15779281564331,53.21869097492157,31.514970169624537,2.273996500551303,0.0,26895.76144302
SAGAUSDT,2024-04-09,e2324,mature_d60_d66,60,1440.0,14.468727292986237,21.08791717553903,14.647785441967082,7.342968515279805,3.0,6516.26215092
SAGAUSDT,2024-04-09,e2324,mature_d60_d66,61,1440.0,11.496032113418385,17.194637234725054,11.304336807607887,7.813608925703141,2.0,4081.28805791
SAGAUSDT,2024-04-09,e2324,mature_d60_d66,62,1440.0,13.825922724711448,20.225703027151503,13.426730546341153,10.129840304585995,4.0,4534.401015720001
SAGAUSDT,2024-04-09,e2324,mature_d60_d66,63,1440.0,15.609815068262705,24.220564799609985,18.71730114619454,8.160670775655024,1.0,7335.4186770900005
SAGAUSDT,2024-04-09,e2324,mature_d60_d66,64,1440.0,14.996725034033556,23.39939965658678,17.864754441272964,10.133618587561754,0.0,6243.25348898
SAGAUSDT,2024-04-09,e2324,mature_d60_d66,65,1440.0,15.1413633106072,23.66072806839246,15.955975263854533,10.984052272088373,1.0,5957.20487418
SAGAUSDT,2024-04-09,e2324,mature_d60_d66,66,1440.0,15.595353438360156,23.44300470301942,18.51133348471007,9.82398004688948,0.0,5645.65460481
SAHARAUSDT,2025-06-20,e2526,listing_d1_d7,1,1440.0,45.269436142429285,71.42857142857223,46.66757272368774,455.78958773692347,260.0,998.7387964999999
SAHARAUSDT,2025-06-20,e2526,listing_d1_d7,2,1440.0,41.10420062563607,78.43137254901947,56.903379429693075,1021.2520393027759,320.0,1296.7835664
SAHARAUSDT,2025-06-20,e2526,listing_d1_d7,3,1440.0,36.63003663003768,72.76039079317724,49.6292258968304,695.7073028656356,348.0,865.0568252
SAHARAUSDT,2025-06-20,e2526,listing_d1_d7,4,1440.0,43.17802171578574,78.80910683012364,58.07561669819934,776.1268462187984,317.0,3049.8493641
SAHARAUSDT,2025-06-20,e2526,listing_d1_d7,5,1440.0,48.97959183673497,87.2742300385895,61.065667083757084,522.8773657470625,174.0,2177.4268239000003
SAHARAUSDT,2025-06-20,e2526,listing_d1_d7,6,1440.0,96.76580578988587,165.7752271544651,116.67997452387696,39.7023126727431,38.0,266647.80081100995
SAHARAUSDT,2025-06-20,e2526,listing_d1_d7,7,1440.0,41.609734084961794,61.891433995574126,37.83779428500656,0.42743499297396703,0.0,135185.09375115
SAHARAUSDT,2025-06-20,e2526,mature_d60_d66,60,1440.0,10.223788532612827,15.024125315718637,11.45896534261444,6.970124092272664,7.0,9042.92809358
SAHARAUSDT,2025-06-20,e2526,mature_d60_d66,61,1440.0,9.278590153631209,14.83467924082301,10.980273620525079,12.430115357515863,12.0,6747.6454145200005
SAHARAUSDT,2025-06-20,e2526,mature_d60_d66,62,1440.0,6.941230911615512,11.562030292519697,9.278712914663664,13.619226022452791,19.0,3621.59840249
SAHARAUSDT,2025-06-20,e2526,mature_d60_d66,63,1440.0,8.623015695607705,14.954471575528137,12.876109480302839,23.196475474551058,7.0,9963.857421319999
SAHARAUSDT,2025-06-20,e2526,mature_d60_d66,64,1440.0,6.605383407474406,11.046977498378498,8.953222582047978,23.836706102897008,54.0,6003.27896845
SAHARAUSDT,2025-06-20,e2526,mature_d60_d66,65,1440.0,8.030746523603085,13.386881356673358,11.675229451112152,11.369216163623348,8.0,8419.14914291
SAHARAUSDT,2025-06-20,e2526,mature_d60_d66,66,1440.0,13.724481087941287,21.53183733969798,16.91663252924321,6.734564655697778,0.0,13910.883008079998
SCAUSDT,2024-03-13,e2324,listing_d1_d7,1,1440.0,27.598896044159282,54.347826086956566,39.22074840952486,26.55406729513054,10.0,5007.4626764
SCAUSDT,2024-03-13,e2324,listing_d1_d7,2,1440.0,29.08386529222027,50.428681981101384,42.91393478171601,109.67590012781253,10.0,3290.0188372
SCAUSDT,2024-03-13,e2324,listing_d1_d7,3,1440.0,35.778175313059066,61.565523306947675,42.227614307063405,54.031445551730364,20.0,3948.4456855999997
SCAUSDT,2024-03-13,e2324,listing_d1_d7,4,1440.0,28.275212064091555,46.959387906386766,39.11232716550277,86.28329203958769,26.0,3067.1629235
SCAUSDT,2024-03-13,e2324,listing_d1_d7,5,1440.0,26.881742013962796,47.57373929590976,39.01622379912092,115.73701774617143,39.0,4334.574728300001
SCAUSDT,2024-03-13,e2324,listing_d1_d7,6,1440.0,26.46489852451325,52.92406510626854,39.112965901251016,80.86027773031952,17.0,3717.5279544
SCAUSDT,2024-03-13,e2324,listing_d1_d7,7,1440.0,32.24074009909569,56.89901809106957,42.49895987934282,226.32420525476383,42.0,3407.6575299
SCAUSDT,2024-03-13,e2324,mature_d60_d66,60,1440.0,13.71389398949581,27.30841679255424,18.60754246067138,155.29309972210115,101.0,1112.41069565
SCAUSDT,2024-03-13,e2324,mature_d60_d66,61,1440.0,12.268865733017847,22.6057574660099,18.989458630658245,1162.879795077247,123.0,402.96303981
SCAUSDT,2024-03-13,e2324,mature_d60_d66,62,1440.0,11.01422680228923,20.535798165946545,16.696297856691466,1175.9132232307209,106.0,287.44775503
SCAUSDT,2024-03-13,e2324,mature_d60_d66,63,1440.0,11.147237280033867,19.498804378956955,15.415049047337073,903.2674912268781,151.0,209.8299082
SCAUSDT,2024-03-13,e2324,mature_d60_d66,64,1440.0,8.509914111495743,18.44016756611135,16.14735930911499,479.2830274003172,191.0,306.1598653
SCAUSDT,2024-03-13,e2324,mature_d60_d66,65,1440.0,8.319467784404475,16.70634432165726,15.93628292869831,562.312374551348,204.0,226.01181581
SCAUSDT,2024-03-13,e2324,mature_d60_d66,66,1440.0,16.954900453490424,40.39056472775235,39.511445959455436,73.87921043177258,69.0,10901.22222841
SDUSDT,2024-11-14,e2324,listing_d1_d7,1,1440.0,12.620951026485313,26.701348278651945,18.570766947179724,182.3243141656299,293.0,1089.9905227
SDUSDT,2024-11-14,e2324,listing_d1_d7,2,1440.0,15.769488694155305,42.69823817224561,45.40491770938037,204.73707808207317,344.0,2614.4537347000005
SDUSDT,2024-11-14,e2324,listing_d1_d7,3,1440.0,98.5320576962935,163.6066998789156,105.60922541392655,4.177778715542615,2.0,66039.3540413
SDUSDT,2024-11-14,e2324,listing_d1_d7,4,1440.0,33.44290354081967,51.10206218480842,36.08275687170475,18.52744830406889,5.0,8383.925526300001
SDUSDT,2024-11-14,e2324,listing_d1_d7,5,1440.0,29.520258705058367,53.89475759411619,46.92942176376812,68.24269967274434,46.0,8059.5106698
SDUSDT,2024-11-14,e2324,listing_d1_d7,6,1440.0,49.48438395747751,82.0937259693193,55.93404924714274,13.376398416766271,0.0,19737.333057300002
SDUSDT,2024-11-14,e2324,listing_d1_d7,7,1440.0,20.896562069738785,37.281667656086,31.145534095093065,39.47717678136935,49.0,4435.560552
SDUSDT,2024-11-14,e2324,mature_d60_d66,60,1440.0,19.885467803889764,34.920874382551176,24.229430617323814,60.31040284381575,55.0,2945.6954509000007
SDUSDT,2024-11-14,e2324,mature_d60_d66,61,1440.0,14.65823184160339,26.078628694217326,21.713198678637923,58.68232815124965,100.0,2604.8850118
SDUSDT,2024-11-14,e2324,mature_d60_d66,62,1440.0,12.17927930785981,21.343849815046198,17.24931305979397,48.546623400717515,113.0,2346.8153151
SDUSDT,2024-11-14,e2324,mature_d60_d66,63,1440.0,10.621782825393062,19.496345979816994,14.731678544879735,72.44627570324356,150.0,1970.2198886
SDUSDT,2024-11-14,e2324,mature_d60_d66,64,1440.0,9.638554279050519,16.44229949951612,12.688064072374662,64.8759489633204,151.0,1694.1693240999998
SDUSDT,2024-11-14,e2324,mature_d60_d66,65,1440.0,15.95700109693681,28.465299167938102,21.303860338310958,80.78102488275103,101.0,2613.4402132
SDUSDT,2024-11-14,e2324,mature_d60_d66,66,1440.0,17.307692307692538,30.556823172036243,23.147100821817702,49.79804576047255,63.0,3148.9497435
SEIUSDT,2023-08-16,e2324,listing_d1_d7,1,1440.0,47.06227788208111,75.02481761084633,51.649801984127976,0.5909040497107906,0.0,143429.17012919998
SEIUSDT,2023-08-16,e2324,listing_d1_d7,2,1440.0,36.24579934633414,58.146733709705465,37.764832465104455,1.1305738365358957,0.0,80144.24311109
SEIUSDT,2023-08-16,e2324,listing_d1_d7,3,1440.0,17.813467330676293,28.693977252285894,21.192845325014005,2.979723184303927,11.0,28930.04136047
SEIUSDT,2023-08-16,e2324,listing_d1_d7,4,1440.0,12.10653753026632,19.00425555800068,16.6332680251286,7.53503123150822,5.0,19593.602568360002
SEIUSDT,2023-08-16,e2324,listing_d1_d7,5,1440.0,11.691884954406547,19.0114743022037,14.40747304529413,23.88914467957817,4.0,18412.87606273
SEIUSDT,2023-08-16,e2324,listing_d1_d7,6,1440.0,15.010872390495313,23.858299369730016,18.52900102366788,1.4596571436468377,4.0,25007.93314776
SEIUSDT,2023-08-16,e2324,listing_d1_d7,7,1440.0,14.063756260157337,23.32175725684806,16.621616178277222,18.51247473181285,10.0,19722.30939903
SEIUSDT,2023-08-16,e2324,mature_d60_d66,60,1440.0,2.9071175997315777,6.7936431031063735,5.859325225303704,443.7052649571948,412.0,3457.43897425
SEIUSDT,2023-08-16,e2324,mature_d60_d66,61,1440.0,3.8889699182853446,9.566406489472387,9.008913659801923,273.4970219548849,284.0,6100.44514084
SEIUSDT,2023-08-16,e2324,mature_d60_d66,62,1440.0,3.9104506794406464,8.699020212812034,9.288066696179618,245.07114831620996,308.0,6640.966902839999
SEIUSDT,2023-08-16,e2324,mature_d60_d66,63,1440.0,9.029348121679167,20.335552133524832,19.23531719403075,137.0839359710901,208.0,20314.2496553
SEIUSDT,2023-08-16,e2324,mature_d60_d66,64,1440.0,8.353782720000414,14.444530683308978,12.234984535034492,38.79309492194168,53.0,10412.48529592
SEIUSDT,2023-08-16,e2324,mature_d60_d66,65,1440.0,6.015037654437673,11.067790740417271,9.925548669424051,59.36852958936126,87.0,8856.274830029999
SEIUSDT,2023-08-16,e2324,mature_d60_d66,66,1440.0,5.004003403042275,9.728100237345476,7.811774075656835,220.74534242642952,223.0,5008.55247838
SIGNUSDT,2025-04-28,e2526,listing_d1_d7,1,1440.0,67.32074383193684,102.73497762820209,130.79872807232596,0.467613141893846,0.0,396437.4370549
SIGNUSDT,2025-04-28,e2526,listing_d1_d7,2,1440.0,44.10335878276441,66.18594028516979,41.965000554569706,0.5948204572036383,0.0,144139.35130540002
SIGNUSDT,2025-04-28,e2526,listing_d1_d7,3,1440.0,28.550269079724412,41.16355678963785,25.661400996079784,0.7694507192877601,0.0,64026.91737159999
SIGNUSDT,2025-04-28,e2526,listing_d1_d7,4,1440.0,18.765029843390508,30.139238486453962,20.636605239820103,1.3649789715488219,0.0,37815.7521851
SIGNUSDT,2025-04-28,e2526,listing_d1_d7,5,1440.0,35.551313791641135,51.80371425909791,30.574595983921924,0.6670538345402236,0.0,80177.4800309
SIGNUSDT,2025-04-28,e2526,listing_d1_d7,6,1440.0,20.277926952311205,30.949624257716845,22.848946034955617,1.0303822225907062,0.0,43153.8371198
SIGNUSDT,2025-04-28,e2526,listing_d1_d7,7,1440.0,13.937282285900707,21.82214972230626,14.737386233042763,1.6463340532560513,0.0,20998.955938900002
SIGNUSDT,2025-04-28,e2526,mature_d60_d66,60,1440.0,6.1134036374749146,9.30665425779502,7.272163875764205,19.233861820629166,80.0,2188.5640291
SIGNUSDT,2025-04-28,e2526,mature_d60_d66,61,1440.0,4.532406707961219,7.67047647199255,7.7381166384536595,16.909658098340856,160.0,2755.2502844
SIGNUSDT,2025-04-28,e2526,mature_d60_d66,62,1440.0,3.0312215822975426,5.999700420059801,5.27247462164134,25.525027336871496,275.0,1830.5669279999997
SIGNUSDT,2025-04-28,e2526,mature_d60_d66,63,1440.0,6.096167070375477,12.000300210046834,11.317064109132042,51.3644998696143,137.0,3606.9243469000003
SIGNUSDT,2025-04-28,e2526,mature_d60_d66,64,1440.0,6.118546880915359,10.711963014251484,9.82203394172182,38.59011167988124,154.0,4945.074945300001
SIGNUSDT,2025-04-28,e2526,mature_d60_d66,65,1440.0,5.8784628137236155,10.27334438198086,8.990275703167729,45.13831727685076,125.0,3204.0942129
SIGNUSDT,2025-04-28,e2526,mature_d60_d66,66,1440.0,4.4789493393241795,8.957229380167236,7.342740949444661,52.60162862814481,202.0,1765.4731001999999
SILLYUSDT,2023-12-27,e2324,listing_d1_d7,1,1440.0,57.450635773283,89.91307681607495,58.43647219820165,34.583099181260756,4.0,6217.057351199999
SILLYUSDT,2023-12-27,e2324,listing_d1_d7,2,1440.0,59.33740065606732,94.6771819012911,57.5812338054519,73.37317022664803,8.0,7521.611659699999
SILLYUSDT,2023-12-27,e2324,listing_d1_d7,3,1440.0,45.437340857477366,73.23327737298366,35.577553319512546,108.24825614801604,22.0,3440.2938789
SILLYUSDT,2023-12-27,e2324,listing_d1_d7,4,1440.0,37.02332976944379,62.72053070082643,33.08502504348934,188.80409670505696,56.0,2578.0478204
SILLYUSDT,2023-12-27,e2324,listing_d1_d7,5,1440.0,38.476342748860105,68.60257540735415,39.45199818556876,197.9874315810583,42.0,3619.9918646
SILLYUSDT,2023-12-27,e2324,listing_d1_d7,6,1440.0,55.58129955720348,84.02492377038344,47.3164717165531,17.60232704183561,0.0,8262.8557959
SILLYUSDT,2023-12-27,e2324,listing_d1_d7,7,1440.0,58.82361082852715,96.29855160715047,86.63960217559408,65.55707506669113,17.0,10491.918024
SILLYUSDT,2023-12-27,e2324,mature_d60_d66,60,1440.0,52.81923448727073,79.22761098280726,44.2959221308848,181.87675571168307,1.0,14816.54499894
SILLYUSDT,2023-12-27,e2324,mature_d60_d66,61,1440.0,39.1319864535819,60.6601770777782,34.3360324858597,18.310991916702584,1.0,8223.52522518
SILLYUSDT,2023-12-27,e2324,mature_d60_d66,62,1440.0,44.20265215912952,64.99477272474473,38.93361601997119,15.376870275123398,1.0,7671.94815383
SILLYUSDT,2023-12-27,e2324,mature_d60_d66,63,1440.0,53.92025511616247,83.64100956910755,98.10461715350819,9.848244295478976,0.0,13639.23315152
SILLYUSDT,2023-12-27,e2324,mature_d60_d66,64,1440.0,61.5961479635833,92.5390399074612,54.500661344584834,8.71759123094824,0.0,12928.185307259999
SILLYUSDT,2023-12-27,e2324,mature_d60_d66,65,1440.0,58.422988241818125,90.42039722952916,52.74148668187783,7.2590549873732435,0.0,15788.59683997
SILLYUSDT,2023-12-27,e2324,mature_d60_d66,66,1440.0,60.37129088016047,96.1125267376928,62.973082579021636,16.521890991698502,0.0,20262.63915973
SIRENUSDT,2025-03-22,e2526,listing_d1_d7,1,1440.0,36.30193792731002,59.98333343739315,39.01436715455449,7.108311178800345,0.0,13873.48951834
SIRENUSDT,2025-03-22,e2526,listing_d1_d7,2,1440.0,44.70008337649036,73.99003391146945,50.50812094229246,5.99904269373933,1.0,20731.51411829
SIRENUSDT,2025-03-22,e2526,listing_d1_d7,3,1440.0,54.69728522270876,88.41536375632408,61.8042891337501,4.556249045857526,0.0,31129.803994830007
SIRENUSDT,2025-03-22,e2526,listing_d1_d7,4,1440.0,44.89791086140108,71.37819210627664,52.31570893426086,4.562269839826477,0.0,26273.12368283
SIRENUSDT,2025-03-22,e2526,listing_d1_d7,5,1440.0,51.16533884453345,78.0951763168789,54.856447504919714,4.738348874696436,0.0,23990.75425748
SIRENUSDT,2025-03-22,e2526,listing_d1_d7,6,1440.0,43.86606322768127,66.47954448251994,46.70713633872385,6.0437491813296225,0.0,15613.852841929998
SIRENUSDT,2025-03-22,e2526,listing_d1_d7,7,1440.0,63.259113362059935,86.24517393157058,47.36226629262601,3.5155592436520506,0.0,29275.283266149996
SIRENUSDT,2025-03-22,e2526,mature_d60_d66,60,1440.0,18.033015068426543,26.672211347978056,17.915005179871645,40.094372299017095,9.0,2193.5578946399996
SIRENUSDT,2025-03-22,e2526,mature_d60_d66,61,1440.0,14.54039986359458,24.60335579248477,16.665500446609904,47.84518979536705,45.0,2054.23539161
SIRENUSDT,2025-03-22,e2526,mature_d60_d66,62,1440.0,13.351647654666738,22.406358460712465,17.35201667093012,70.11186407561671,88.0,2403.0412629899997
SIRENUSDT,2025-03-22,e2526,mature_d60_d66,63,1440.0,7.781825909067815,14.679163351751907,11.553689593511049,148.64402634069543,221.0,928.4689111399999
SIRENUSDT,2025-03-22,e2526,mature_d60_d66,64,1440.0,14.562306187343756,25.114613464909077,17.366751457483428,59.58940949257047,59.0,3562.7200398399996
SIRENUSDT,2025-03-22,e2526,mature_d60_d66,65,1440.0,8.400917717633305,14.66291783002165,11.085465517883305,81.7308802924078,194.0,2388.92916796
SIRENUSDT,2025-03-22,e2526,mature_d60_d66,66,1440.0,6.532958804911772,12.412419041206302,8.201221463278943,78.73128831433334,162.0,1682.06496981
SLFUSDT,2024-09-03,e2324,listing_d1_d7,1,1440.0,33.330073687222416,50.70495825863167,32.16457010851658,58.35170859671599,33.0,4087.2981127999997
SLFUSDT,2024-09-03,e2324,listing_d1_d7,2,1440.0,26.613439787092627,40.2202878719305,27.044495734854486,53.67529315393969,14.0,2319.596071
SLFUSDT,2024-09-03,e2324,listing_d1_d7,3,1440.0,28.254728567919333,44.73323911878421,34.45839319895369,61.92733508237459,31.0,4166.800181799999
SLFUSDT,2024-09-03,e2324,listing_d1_d7,4,1440.0,18.09340744612351,29.428438041883947,20.257920844016695,101.16519972068903,77.0,1193.2818206
SLFUSDT,2024-09-03,e2324,listing_d1_d7,5,1440.0,15.929002368002624,25.660465649385674,18.806210948895608,108.08870067373077,104.0,1557.5308456999999
SLFUSDT,2024-09-03,e2324,listing_d1_d7,6,1440.0,11.47973841325267,22.547914317924672,17.122138369820007,107.69736230648091,267.0,1626.9352233
SLFUSDT,2024-09-03,e2324,listing_d1_d7,7,1440.0,6.776598147729094,15.859530030881944,11.951231110047376,103.53447671734457,365.0,1117.4950503
SLFUSDT,2024-09-03,e2324,mature_d60_d66,60,1440.0,0.0,14.545454545452943,16.421811678276132,465.30193485724834,729.0,457.97519559999995
SLFUSDT,2024-09-03,e2324,mature_d60_d66,61,1440.0,7.944389588447713,28.011217948718475,22.860902989591125,326.33154472391755,491.0,472.94743969999996
SLFUSDT,2024-09-03,e2324,mature_d60_d66,62,1440.0,0.0,16.019230781577576,16.394902859175843,673.6658939229311,676.0,175.74095669999997
SLFUSDT,2024-09-03,e2324,mature_d60_d66,63,1440.0,0.0,12.09189842805411,14.361988620820682,901.0806658811413,784.0,165.121693
SLFUSDT,2024-09-03,e2324,mature_d60_d66,64,1440.0,21.803062569718712,47.998001705769035,42.60856736032211,523.6109687074943,406.0,2890.7673777
SLFUSDT,2024-09-03,e2324,mature_d60_d66,65,1440.0,13.867221772187591,34.02229124540524,23.528236367446812,582.2648230304659,421.0,771.9627036
SLFUSDT,2024-09-03,e2324,mature_d60_d66,66,1440.0,30.160861296088623,58.38942617855913,42.19669701356144,116.38412076131334,96.0,4037.0217824999995
SNTUSDT,2023-11-02,e2324,listing_d1_d7,1,1440.0,32.12851405622499,61.78865665477818,41.757374430932884,31.612271518789047,4.0,23743.4322149
SNTUSDT,2023-11-02,e2324,listing_d1_d7,2,1440.0,34.32089840892922,63.93658247955665,50.80391430120082,10.328587918375137,4.0,30078.3786334
SNTUSDT,2023-11-02,e2324,listing_d1_d7,3,1440.0,22.273786698777126,38.10025314626454,28.06315642795169,4.826132156598234,0.0,16943.4388627
SNTUSDT,2023-11-02,e2324,listing_d1_d7,4,1440.0,21.01723784551582,33.859948920331384,23.917757511666164,14.51258581378835,19.0,11179.5207515
SNTUSDT,2023-11-02,e2324,listing_d1_d7,5,1440.0,21.085084911315516,40.68223883699555,34.053703990406895,5.298727043848828,5.0,26756.6240076
SNTUSDT,2023-11-02,e2324,listing_d1_d7,6,1440.0,15.928330283641563,28.494388301202182,23.300806722126648,15.277805095525027,8.0,10202.5052614
SNTUSDT,2023-11-02,e2324,listing_d1_d7,7,1440.0,14.421096003296379,24.85360850678575,31.14945765378455,41.55023181718994,27.0,10776.1768713
SNTUSDT,2023-11-02,e2324,mature_d60_d66,60,1440.0,6.608657421292032,11.010790574763583,8.564054997315557,79.8299572763494,78.0,1464.8840246000002
SNTUSDT,2023-11-02,e2324,mature_d60_d66,61,1440.0,6.645990252548128,11.116051578479642,8.907014454393181,108.77363465716904,83.0,1819.613998
SNTUSDT,2023-11-02,e2324,mature_d60_d66,62,1440.0,10.020040080160781,22.0696459645919,37.199389990613895,157.29092972846863,106.0,3437.4115138999996
SNTUSDT,2023-11-02,e2324,mature_d60_d66,63,1440.0,11.853959222380615,21.051411093266644,21.409239444206428,169.88702814920296,73.0,2513.2384557
SNTUSDT,2023-11-02,e2324,mature_d60_d66,64,1440.0,9.944064790062402,17.383746398348805,15.615287174583562,170.94446591857061,82.0,1935.7312732000003
SNTUSDT,2023-11-02,e2324,mature_d60_d66,65,1440.0,7.494379215587136,12.738855985138995,10.815384381944641,174.60620513984003,125.0,1189.5603485000001
SNTUSDT,2023-11-02,e2324,mature_d60_d66,66,1440.0,7.481298619112416,12.811479242989579,11.200171794505886,147.2351548676977,148.0,1186.9274094999998
SOLAYERUSDT,2025-02-11,e2526,listing_d1_d7,1,1440.0,103.73456719616738,159.26325703391302,94.47106807137685,0.17257574194903635,0.0,713480.4126868
SOLAYERUSDT,2025-02-11,e2526,listing_d1_d7,2,1440.0,39.699249413012204,55.42919994634065,32.811926252684856,0.34607100223967435,0.0,147203.7174293
SOLAYERUSDT,2025-02-11,e2526,listing_d1_d7,3,1440.0,30.6447824504424,42.52863382615728,29.520903910615466,0.6262556416751904,0.0,68413.6379683
SOLAYERUSDT,2025-02-11,e2526,listing_d1_d7,4,1440.0,25.659825579357076,37.08472622719769,24.432064891410953,1.0388068588339743,0.0,46948.1014399
SOLAYERUSDT,2025-02-11,e2526,listing_d1_d7,5,1440.0,20.323830869598375,29.614680879232843,19.35858763913497,1.6882945577047288,0.0,24427.058450900004
SOLAYERUSDT,2025-02-11,e2526,listing_d1_d7,6,1440.0,19.62846136529898,27.404658237273022,17.04266936225506,2.80340684190674,0.0,16347.927757200001
SOLAYERUSDT,2025-02-11,e2526,listing_d1_d7,7,1440.0,21.059301147884888,29.475834557833288,21.26479763078944,3.080874740893151,0.0,18398.951881599998
SOLAYERUSDT,2025-02-11,e2526,mature_d60_d66,60,1440.0,16.207306105304493,23.44928049077178,14.512470238569895,0.7941454655568955,0.0,35433.8696514
SOLAYERUSDT,2025-02-11,e2526,mature_d60_d66,61,1440.0,30.16205746985309,42.49086123218554,29.211813244211545,0.5971847786695108,0.0,84082.3029254
SOLAYERUSDT,2025-02-11,e2526,mature_d60_d66,62,1440.0,20.441014909734893,29.7703199311106,18.277172387708585,0.6896266065025115,0.0,49736.7170527
SOLAYERUSDT,2025-02-11,e2526,mature_d60_d66,63,1440.0,19.132492522761446,27.629116124114862,20.219499751422315,0.6493612493012494,0.0,49077.4836625
SOLAYERUSDT,2025-02-11,e2526,mature_d60_d66,64,1440.0,24.97268090454729,35.44303111565188,21.833948041415212,0.5584664465000772,0.0,72585.2286939
SOLAYERUSDT,2025-02-11,e2526,mature_d60_d66,65,1440.0,13.386218766475457,20.562895061208764,14.241302363405461,0.8069643491866504,0.0,33526.359013
SOLAYERUSDT,2025-02-11,e2526,mature_d60_d66,66,1440.0,16.909814231189024,25.156424086174834,16.598250107154797,1.109020759596491,0.0,28415.8499673
SOLVUSDT,2025-01-17,e2526,listing_d1_d7,1,1440.0,54.71389245875858,81.86232163033104,52.42994271843325,2.403194483396918,0.0,38989.6633337
SOLVUSDT,2025-01-17,e2526,listing_d1_d7,2,1440.0,50.96955469187817,81.07760116699522,49.98930363452441,2.8086164376409184,0.0,31660.25224678
SOLVUSDT,2025-01-17,e2526,listing_d1_d7,3,1440.0,50.32159678572035,71.1647907157571,45.94793898692483,3.1649132930541555,0.0,27357.24902646
SOLVUSDT,2025-01-17,e2526,listing_d1_d7,4,1440.0,48.36684093801818,66.57679996024542,38.3249670200843,2.0957318066147494,0.0,27442.901614579998
SOLVUSDT,2025-01-17,e2526,listing_d1_d7,5,1440.0,37.600268040190194,54.86478339102411,31.485083415277952,2.2357715609119153,0.0,23567.48726278
SOLVUSDT,2025-01-17,e2526,listing_d1_d7,6,1440.0,28.357302134536127,39.531323737429155,23.796494822563112,2.086740724816101,0.0,18447.40308565
SOLVUSDT,2025-01-17,e2526,listing_d1_d7,7,1440.0,22.65103417677037,33.748974277445,58.32521525388116,1.798614262593799,0.0,24040.506256169996
SOLVUSDT,2025-01-17,e2526,mature_d60_d66,60,1440.0,14.811360812207477,22.59745177678156,14.941095231274922,5.462773970686278,0.0,9638.39427302
SOLVUSDT,2025-01-17,e2526,mature_d60_d66,61,1440.0,15.495877070843713,24.051309460181667,17.13517285375039,17.979267806798386,3.0,11525.242444370002
SOLVUSDT,2025-01-17,e2526,mature_d60_d66,62,1440.0,10.813733441470225,18.154704242483113,12.090327091737263,9.674138606309327,9.0,6486.84121466
SOLVUSDT,2025-01-17,e2526,mature_d60_d66,63,1440.0,10.790397332295248,16.291070669877538,11.454341112068505,15.36083824810323,18.0,3862.9384493899997
SOLVUSDT,2025-01-17,e2526,mature_d60_d66,64,1440.0,8.48536291896868,14.176353841790823,10.788151778790096,20.830000560082105,23.0,3465.22355851
SOLVUSDT,2025-01-17,e2526,mature_d60_d66,65,1440.0,8.648025367539725,14.54333915066941,11.939123185781,53.92733837769095,13.0,3917.3874048899997
SOLVUSDT,2025-01-17,e2526,mature_d60_d66,66,1440.0,8.509431457501755,14.160294534126715,11.17726662639944,17.817271281196756,14.0,3679.1087964699996
SONICUSDT,2025-01-07,e2526,listing_d1_d7,1,1440.0,77.34984255718484,111.60850402470007,67.76299444800992,0.1506935030126723,0.0,708953.3089884
SONICUSDT,2025-01-07,e2526,listing_d1_d7,2,1440.0,39.51267852609655,59.191684275956646,36.44340198603103,0.18613903127480166,0.0,266306.9996774
SONICUSDT,2025-01-07,e2526,listing_d1_d7,3,1440.0,39.612816280803955,65.95932889631109,45.70523786616824,0.20369986997036843,0.0,322548.2417432
SONICUSDT,2025-01-07,e2526,listing_d1_d7,4,1440.0,24.96416552411818,36.67752296912147,22.412968620286925,0.2486806672238722,0.0,127546.28761379998
SONICUSDT,2025-01-07,e2526,listing_d1_d7,5,1440.0,17.55155776971075,24.734752641456385,14.778805543724195,0.3367857168637489,0.0,72076.2686635
SONICUSDT,2025-01-07,e2526,listing_d1_d7,6,1440.0,27.184066177446372,37.021252074212384,22.527422066874202,0.31819409325319536,0.0,111110.9324795
SONICUSDT,2025-01-07,e2526,listing_d1_d7,7,1440.0,21.401437470023417,32.82667350456702,20.531913819274163,0.4291790443243895,0.0,80534.8091121
SONICUSDT,2025-01-07,e2526,mature_d60_d66,60,1440.0,8.146639511201863,12.266176404196292,9.50940958281948,54.385836973186954,91.0,1343.8756107000002
SONICUSDT,2025-01-07,e2526,mature_d60_d66,61,1440.0,9.259261243839267,20.903021002550886,16.22537485717975,43.8172599162575,78.0,2378.2622507
SONICUSDT,2025-01-07,e2526,mature_d60_d66,62,1440.0,22.737608003638037,39.87594151528538,34.78915595737855,26.791268980583418,13.0,20721.1040564
SONICUSDT,2025-01-07,e2526,mature_d60_d66,63,1440.0,18.348623853211535,30.864197530863553,24.28551119112153,14.261681152097614,16.0,8967.1394677
SONICUSDT,2025-01-07,e2526,mature_d60_d66,64,1440.0,17.594025692617134,26.693361017536862,19.90714003168848,20.365731894129382,5.0,6518.7682314
SONICUSDT,2025-01-07,e2526,mature_d60_d66,65,1440.0,20.93802712228564,33.71618024589569,24.198626756597648,12.27169287185311,3.0,17703.1055976
SONICUSDT,2025-01-07,e2526,mature_d60_d66,66,1440.0,12.077294685990683,19.87478941928716,17.9468775679027,16.40981999802407,6.0,8537.1575181
SOONUSDT,2025-05-23,e2526,listing_d1_d7,1,1440.0,43.04632015574458,61.325308639364245,37.06038187216613,0.7489417419686387,0.0,71923.503697
SOONUSDT,2025-05-23,e2526,listing_d1_d7,2,1440.0,30.230615539604596,43.11895311337218,28.934912168234483,1.4120287559447344,0.0,37123.6441298
SOONUSDT,2025-05-23,e2526,listing_d1_d7,3,1440.0,28.48633998297359,41.79729173814534,29.814233259041032,1.7630794936651373,0.0,32582.413727500003
SOONUSDT,2025-05-23,e2526,listing_d1_d7,4,1440.0,22.483139049855986,34.40602379588337,22.108781922808053,1.575674260927305,0.0,30569.058757799998
SOONUSDT,2025-05-23,e2526,listing_d1_d7,5,1440.0,16.027781773841543,24.54994011119685,19.49377476102258,3.8564595903295125,1.0,17073.9417344
SOONUSDT,2025-05-23,e2526,listing_d1_d7,6,1440.0,16.16379310344949,25.601638504864333,15.773146701958094,3.936126971085118,0.0,13623.9734675
SOONUSDT,2025-05-23,e2526,listing_d1_d7,7,1440.0,20.361436222328987,30.528555133345748,35.231569936855614,5.417982822007612,0.0,19528.068646699998
SOONUSDT,2025-05-23,e2526,mature_d60_d66,60,1440.0,6.985680209565725,20.435967302452426,13.915806169606034,277.0887513800563,104.0,1424.3477925
SOONUSDT,2025-05-23,e2526,mature_d60_d66,61,1440.0,13.651877133105247,20.775623268697693,17.298467933465655,113.09318791848365,106.0,2333.2111903
SOONUSDT,2025-05-23,e2526,mature_d60_d66,62,1440.0,13.661202185791792,20.84781097984675,16.26255594020117,90.65040309630089,111.0,2130.0161846
SOONUSDT,2025-05-23,e2526,mature_d60_d66,63,1440.0,6.993006993008164,14.05481377371595,11.702055451450708,52.54385815566679,188.0,1543.3318892999998
SOONUSDT,2025-05-23,e2526,mature_d60_d66,64,1440.0,0.0,6.845798992996649,9.008308140136352,288.30546764287067,524.0,1357.4750866
SOONUSDT,2025-05-23,e2526,mature_d60_d66,65,1440.0,0.0,6.835269993163977,6.121696935341457,253.64695200725834,487.0,1143.6045638
SOONUSDT,2025-05-23,e2526,mature_d60_d66,66,1440.0,6.779661016950288,13.550135501355403,11.189405666788922,50.64722656878592,255.0,1895.6835467999997
SPECUSDT,2024-05-27,e2324,listing_d1_d7,1,1440.0,38.10786286371538,59.528861788720654,34.87353861328798,5.916353593511528,0.0,11644.679639849997
SPECUSDT,2024-05-27,e2324,listing_d1_d7,2,1440.0,31.789254934884134,50.864717456592146,33.02267663972847,6.285405530991615,3.0,10982.523322080002
SPECUSDT,2024-05-27,e2324,listing_d1_d7,3,1440.0,31.870416341609683,49.717035944797345,33.06572626065192,7.595591893537913,3.0,10384.3689619
SPECUSDT,2024-05-27,e2324,listing_d1_d7,4,1440.0,23.393700177149288,36.098911059743095,23.36928863959367,20.63857645495882,3.0,6050.35176769
SPECUSDT,2024-05-27,e2324,listing_d1_d7,5,1440.0,31.55589511585487,51.5354050189661,36.81890624519294,19.109117172984206,1.0,17793.77940722
SPECUSDT,2024-05-27,e2324,listing_d1_d7,6,1440.0,26.420088367282226,39.39995909128805,24.910371759612765,9.374920663356681,2.0,6872.669373510001
SPECUSDT,2024-05-27,e2324,listing_d1_d7,7,1440.0,28.778066291521846,42.61249838856729,25.8458320194048,7.901493596607359,1.0,8774.41206771
SPECUSDT,2024-05-27,e2324,mature_d60_d66,60,1440.0,22.234585026585453,37.946945682312865,23.141583998987997,486.717258653044,123.0,2430.1341263699996
SPECUSDT,2024-05-27,e2324,mature_d60_d66,61,1440.0,12.497667669530754,25.858104903728023,20.86868297727821,272.89799378627885,149.0,1669.0523787000002
SPECUSDT,2024-05-27,e2324,mature_d60_d66,62,1440.0,6.289704377010641,16.474987775568504,12.711306231678037,399.32405199544024,444.0,529.59616012
SPECUSDT,2024-05-27,e2324,mature_d60_d66,63,1440.0,13.709792894726638,26.33621388114889,19.975104638127394,538.4590393710006,277.0,980.4061310099999
SPECUSDT,2024-05-27,e2324,mature_d60_d66,64,1440.0,13.988686465760866,26.113932410753048,19.913618414326624,1638.469930853463,297.0,1074.32659493
SPECUSDT,2024-05-27,e2324,mature_d60_d66,65,1440.0,14.037774374680545,26.413433430853157,19.26603522489316,224.53562588072487,314.0,1049.0152463699999
SPECUSDT,2024-05-27,e2324,mature_d60_d66,66,1440.0,24.747815648678205,40.9431723566607,30.013358913529817,95.51192414956057,122.0,4219.42152943
SPXUSDT,2024-10-29,e2324,listing_d1_d7,1,1440.0,32.51947452578306,52.942732685200596,38.57648073377086,23.654248378643864,18.0,8010.019285699999
SPXUSDT,2024-10-29,e2324,listing_d1_d7,2,1440.0,25.42177333466284,42.457737779403246,33.38071574326211,25.6245595656092,36.0,6189.7731911
SPXUSDT,2024-10-29,e2324,listing_d1_d7,3,1440.0,25.97250600870328,45.307023570905656,35.26569292937634,16.797384262041195,15.0,6875.7593814
SPXUSDT,2024-10-29,e2324,listing_d1_d7,4,1440.0,17.403194796549524,32.29958129310392,22.528752170898493,38.680174475933335,74.0,3847.2095808999998
SPXUSDT,2024-10-29,e2324,listing_d1_d7,5,1440.0,27.907073339787956,50.408252206291614,39.616085080216685,53.0078001053514,40.0,5604.1948434
SPXUSDT,2024-10-29,e2324,listing_d1_d7,6,1440.0,26.885404010298302,42.09197235513029,26.52659263982821,48.272335272434226,46.0,3581.3074862000003
SPXUSDT,2024-10-29,e2324,listing_d1_d7,7,1440.0,24.637689439256814,42.10984557956065,26.36366015897939,43.572337347098376,81.0,4701.870123
SPXUSDT,2024-10-29,e2324,mature_d60_d66,60,1440.0,25.854732863906452,39.06392666464302,23.162271300411273,7.41266942747809,0.0,17954.9646798
SPXUSDT,2024-10-29,e2324,mature_d60_d66,61,1440.0,21.304031549551414,31.959445731606916,21.300083053304498,6.976219920188484,0.0,15837.204203199999
SPXUSDT,2024-10-29,e2324,mature_d60_d66,62,1440.0,19.6046426135819,28.916777804503297,18.413503238100194,6.304859401916873,2.0,12355.7104396
SPXUSDT,2024-10-29,e2324,mature_d60_d66,63,1440.0,16.102134863987438,24.618146521180336,18.726741704580316,22.04105444822983,10.0,7748.6834005
SPXUSDT,2024-10-29,e2324,mature_d60_d66,64,1440.0,18.963693001718685,29.2869462149127,20.49381483668517,10.180215118565256,10.0,11496.695953200002
SPXUSDT,2024-10-29,e2324,mature_d60_d66,65,1440.0,21.627192135631194,37.14138155069725,30.767045215637097,12.80264148968761,2.0,31588.116957499995
SPXUSDT,2024-10-29,e2324,mature_d60_d66,66,1440.0,40.267700412576076,55.04442002746072,34.084890917212626,0.45120027189964773,0.0,122831.4099298
STEEMUSDT,2023-10-25,e2324,listing_d1_d7,1,1440.0,23.668640379182282,41.25132977213155,27.889703683026244,42.196321881002795,12.0,13348.928731799999
STEEMUSDT,2023-10-25,e2324,listing_d1_d7,2,1440.0,9.784735812133354,24.271844660194198,24.005777737439324,191.29545824302593,94.0,6335.2592332
STEEMUSDT,2023-10-25,e2324,listing_d1_d7,3,1440.0,13.992537313432587,23.663038334122124,16.156600204233733,133.15996590592425,62.0,6340.116388
STEEMUSDT,2023-10-25,e2324,listing_d1_d7,4,1440.0,9.40733772342454,18.887971513486093,16.464880663538832,107.56317456781389,145.0,4690.6823096
STEEMUSDT,2023-10-25,e2324,listing_d1_d7,5,1440.0,13.651877839869911,22.84148012791231,14.604050252153609,169.8741226226332,115.0,4170.7429164
STEEMUSDT,2023-10-25,e2324,listing_d1_d7,6,1440.0,14.071297654806127,30.9734513274339,22.490083171219883,100.59169453547672,117.0,9970.3874909
STEEMUSDT,2023-10-25,e2324,listing_d1_d7,7,1440.0,13.513513513513276,26.67259786476821,19.805197189276388,60.06629433389563,88.0,5892.0083316
STEEMUSDT,2023-10-25,e2324,mature_d60_d66,60,1440.0,3.942440523781822,11.620025503657494,8.859407167171012,658.9624250417843,401.0,754.1830957
STEEMUSDT,2023-10-25,e2324,mature_d60_d66,61,1440.0,3.920799993850499,11.611030805133682,8.628595783510507,745.0956529887424,384.0,469.4128211
STEEMUSDT,2023-10-25,e2324,mature_d60_d66,62,1440.0,7.788161993769695,12.1322418037129,11.333155285391811,713.9916137224078,298.0,899.560919
STEEMUSDT,2023-10-25,e2324,mature_d60_d66,63,1440.0,7.800312012481805,11.971268954510077,9.92992796213038,737.3756382390922,239.0,571.3001816
STEEMUSDT,2023-10-25,e2324,mature_d60_d66,64,1440.0,7.849294772594788,15.527950310559453,10.73066074147407,329.268247128796,212.0,696.8596169
STEEMUSDT,2023-10-25,e2324,mature_d60_d66,65,1440.0,7.863180960437783,12.160518848804001,10.945737080758523,365.1730759292669,222.0,921.5888529
STEEMUSDT,2023-10-25,e2324,mature_d60_d66,66,1440.0,4.054328161742673,8.184143479516512,8.073664451711345,331.2597604369149,361.0,585.3415074
STOUSDT,2025-04-16,e2526,listing_d1_d7,1,1440.0,34.27725631344771,52.72508792637702,33.97639523380081,29.59279894311236,0.0,5460.2708597
STOUSDT,2025-04-16,e2526,listing_d1_d7,2,1440.0,27.53510306453921,42.93127923459083,32.66426870702495,63.33121662765981,3.0,3912.63801288
STOUSDT,2025-04-16,e2526,listing_d1_d7,3,1440.0,22.975312137644924,37.23463334974467,25.839327347429112,123.31758909608233,31.0,3428.9186248399997
STOUSDT,2025-04-16,e2526,listing_d1_d7,4,1440.0,34.735852079043845,57.04446225124744,39.06987964909874,96.32552043893897,1.0,5606.9424017599995
STOUSDT,2025-04-16,e2526,listing_d1_d7,5,1440.0,30.481582565420187,46.73107874886103,32.70924093573189,72.08646355858923,14.0,4516.280095600001
STOUSDT,2025-04-16,e2526,listing_d1_d7,6,1440.0,22.993656947745073,38.05687097054797,34.97506916947607,139.26976004344198,15.0,3628.48065981
STOUSDT,2025-04-16,e2526,listing_d1_d7,7,1440.0,15.6311066374653,29.01699496063282,23.80388240579904,308.43195890795727,86.0,3097.6195336600003
STOUSDT,2025-04-16,e2526,mature_d60_d66,60,1440.0,6.5295464470878635,12.203803560838548,11.200470867378925,2063.6631392611544,347.0,325.22993577
STOUSDT,2025-04-16,e2526,mature_d60_d66,61,1440.0,5.236287831114424,12.94542072680194,11.766033346450861,2689.7604705036383,367.0,317.29376125
STOUSDT,2025-04-16,e2526,mature_d60_d66,62,1440.0,7.172577397933002,17.219122796606275,15.782923228695665,2971.5206086731255,372.0,223.84731409
STOUSDT,2025-04-16,e2526,mature_d60_d66,63,1440.0,8.431114169990723,16.690432251282974,14.489896072806326,2951.997470814788,316.0,193.41627388
STOUSDT,2025-04-16,e2526,mature_d60_d66,64,1440.0,0.0,10.011441647597342,11.245456451476992,4709.409630737531,717.0,80.98887907
STOUSDT,2025-04-16,e2526,mature_d60_d66,65,1440.0,2.7495188861678503,12.670267177781632,13.667792637345071,7189.288902418573,621.0,236.69508181
STOUSDT,2025-04-16,e2526,mature_d60_d66,66,1440.0,2.8276545171479746,14.53222571273503,16.020661133300973,5644.160917654991,638.0,259.18797642
STPTUSDT,2023-10-04,e2324,listing_d1_d7,1,1440.0,34.78907553239853,53.755467106721404,32.784777255641316,0.9136932682383042,0.0,69532.2883197
STPTUSDT,2023-10-04,e2324,listing_d1_d7,2,1440.0,27.378577704855164,42.81102916782637,30.123229106455312,7.493727422569456,4.0,42533.410206399996
STPTUSDT,2023-10-04,e2324,listing_d1_d7,3,1440.0,12.700428639467166,22.19228067508885,17.406166220438145,61.63779267820135,70.0,10375.2684953
STPTUSDT,2023-10-04,e2324,listing_d1_d7,4,1440.0,14.374703827376788,25.31845921438107,18.896665594035383,96.30371090455769,65.0,10553.855104100001
STPTUSDT,2023-10-04,e2324,listing_d1_d7,5,1440.0,14.510278962306229,26.184437151524822,21.84839502189685,72.69657629686145,102.0,8535.870047800001
STPTUSDT,2023-10-04,e2324,listing_d1_d7,6,1440.0,11.457566162344353,19.679390038156523,16.06905636360211,65.75008087876014,128.0,4922.9421873
STPTUSDT,2023-10-04,e2324,listing_d1_d7,7,1440.0,8.455944770854291,16.84778353456579,13.836402819918595,37.23249094226727,160.0,4006.8785836
STPTUSDT,2023-10-04,e2324,mature_d60_d66,60,1440.0,3.093102381689781,6.248047485160633,5.833322901146943,203.62688249287552,370.0,632.1909336
STPTUSDT,2023-10-04,e2324,mature_d60_d66,61,1440.0,6.112938250775487,12.155283960399933,12.425057988556317,154.46926519598017,205.0,1586.7314903000001
STPTUSDT,2023-10-04,e2324,mature_d60_d66,62,1440.0,6.035458351968698,10.631431480485631,9.058202804566022,263.66231620409866,232.0,955.4267814
STPTUSDT,2023-10-04,e2324,mature_d60_d66,63,1440.0,6.070723933828861,10.758058986441412,9.413231396052932,392.5124371239761,289.0,602.1183950999999
STPTUSDT,2023-10-04,e2324,mature_d60_d66,64,1440.0,6.112936537563739,12.2118760494576,10.222435383491879,250.5075022179531,246.0,1269.8152802
STPTUSDT,2023-10-04,e2324,mature_d60_d66,65,1440.0,4.531037710970958,7.664303540188174,7.192817270750953,274.217387962714,289.0,842.5834844
STPTUSDT,2023-10-04,e2324,mature_d60_d66,66,1440.0,5.8997050147490215,10.371138773628491,8.617754777796495,153.5495528639559,192.0,1576.2489929999997
SUIUSDT,2023-05-03,e2324,listing_d1_d7,1,1440.0,20.76315821631251,35.51744394702449,24.652399216597104,0.1891783698388307,0.0,256106.6630389
SUIUSDT,2023-05-03,e2324,listing_d1_d7,2,1440.0,18.97818670513137,31.389012449877114,21.33521410691608,0.2722368329975551,0.0,162020.8223845
SUIUSDT,2023-05-03,e2324,listing_d1_d7,3,1440.0,19.655499784368267,32.20526028107726,21.17934879542749,0.4053735316172294,0.0,113731.8079314
SUIUSDT,2023-05-03,e2324,listing_d1_d7,4,1440.0,10.639580044642404,17.18892653759796,14.828248740629842,0.5292854710520782,1.0,64940.0256057
SUIUSDT,2023-05-03,e2324,listing_d1_d7,5,1440.0,25.65644715237498,36.35656457940772,28.541056593957727,0.39063860391371324,0.0,137022.2094857
SUIUSDT,2023-05-03,e2324,listing_d1_d7,6,1440.0,25.211702015930015,34.39179689436672,22.467491691111636,0.5352136169615042,0.0,92453.7711182
SUIUSDT,2023-05-03,e2324,listing_d1_d7,7,1440.0,22.680065578873673,34.41588107238098,24.259569414684083,0.3366975235995915,0.0,168888.7585591
SUIUSDT,2023-05-03,e2324,mature_d60_d66,60,1440.0,11.476194348138828,17.544571637785303,11.605345986749331,0.5864318364921511,2.0,72107.220498
SUIUSDT,2023-05-03,e2324,mature_d60_d66,61,1440.0,14.490268648204204,21.90976644347647,14.347265878136467,0.38576857680611265,1.0,112203.7075869
SUIUSDT,2023-05-03,e2324,mature_d60_d66,62,1440.0,14.828752086772344,22.96270282436618,13.943393182329928,0.32240372816649415,2.0,124387.3266487
SUIUSDT,2023-05-03,e2324,mature_d60_d66,63,1440.0,10.638304957458134,15.929482589405039,11.573886444404245,0.4371037814873295,2.0,102184.562329
SUIUSDT,2023-05-03,e2324,mature_d60_d66,64,1440.0,12.897328104865009,19.883013832442202,13.183434367242064,0.4160535454332811,1.0,89594.9785485
SUIUSDT,2023-05-03,e2324,mature_d60_d66,65,1440.0,10.873505685528913,16.483012414316125,10.786677092190335,0.7485273824855545,5.0,61901.795472399994
SUIUSDT,2023-05-03,e2324,mature_d60_d66,66,1440.0,7.3795042651191975,10.501731646437454,6.728588498951687,1.0747490450836117,4.0,34895.7841462
SUPERUSDT,2023-11-23,e2324,listing_d1_d7,1,1440.0,35.555555555555344,56.51186303739974,36.80369939146856,175.039778117701,9.0,14747.6489346
SUPERUSDT,2023-11-23,e2324,listing_d1_d7,2,1440.0,69.73897522393452,124.42900713514314,65.47757943611214,47.184520358757034,20.0,195013.2599725
SUPERUSDT,2023-11-23,e2324,listing_d1_d7,3,1440.0,83.75191203364236,129.2088325986638,65.97531435812336,0.26107443146409687,0.0,369804.22049449995
SUPERUSDT,2023-11-23,e2324,listing_d1_d7,4,1440.0,43.9287375183702,66.4509347401714,39.753255017149066,0.5778167240837433,0.0,109544.2211174
SUPERUSDT,2023-11-23,e2324,listing_d1_d7,5,1440.0,55.20432515268415,82.93181028995726,44.69831330681475,0.46825368621151725,0.0,163398.38519050003
SUPERUSDT,2023-11-23,e2324,listing_d1_d7,6,1440.0,32.20213029477392,49.37087134318994,31.97145846292116,1.1382228684928135,0.0,75717.063924
SUPERUSDT,2023-11-23,e2324,listing_d1_d7,7,1440.0,21.917809864350396,30.73484213467421,18.39539397652245,2.107781613818089,1.0,27655.0816169
SUPERUSDT,2023-11-23,e2324,mature_d60_d66,60,1440.0,17.858644314488256,25.434519869932764,16.765783304470478,15.014036271105427,2.0,4684.511932799999
SUPERUSDT,2023-11-23,e2324,mature_d60_d66,61,1440.0,18.360416337989445,28.577807717283612,19.417272088039894,34.758342584564176,3.0,4843.7907267
SUPERUSDT,2023-11-23,e2324,mature_d60_d66,62,1440.0,18.928028102539514,27.8346345931904,18.411264106802218,12.963484024179504,2.0,6794.5356535
SUPERUSDT,2023-11-23,e2324,mature_d60_d66,63,1440.0,14.309990276348579,21.44020672163638,15.090144034020591,15.300889032644662,11.0,4809.7713516
SUPERUSDT,2023-11-23,e2324,mature_d60_d66,64,1440.0,15.593866529579783,27.306894946902222,21.10017727162562,20.519687955608635,3.0,13557.934947799999
SUPERUSDT,2023-11-23,e2324,mature_d60_d66,65,1440.0,22.529773817603132,34.4503703063931,20.715761023091474,3.94337300087912,2.0,26608.222840399998
SUPERUSDT,2023-11-23,e2324,mature_d60_d66,66,1440.0,13.999066728884063,20.418581003081425,13.807390070889412,9.418169929858198,2.0,6597.801180400001
SWARMSUSDT,2025-01-06,e2526,listing_d1_d7,1,1440.0,76.47118094586206,114.16775057830598,65.97617678784428,0.593979105001331,0.0,208448.73048076002
SWARMSUSDT,2025-01-06,e2526,listing_d1_d7,2,1440.0,77.73958815591182,105.48086514437054,55.61176494046328,0.6288052094491121,0.0,141575.90129709
SWARMSUSDT,2025-01-06,e2526,listing_d1_d7,3,1440.0,74.07082054378107,102.72690534103006,57.477827974909474,0.7875181781573382,0.0,121119.89030633001
SWARMSUSDT,2025-01-06,e2526,listing_d1_d7,4,1440.0,66.90052772650058,95.2345906617326,54.00806952665314,0.6804707163700727,0.0,117630.6902718
SWARMSUSDT,2025-01-06,e2526,listing_d1_d7,5,1440.0,49.594000218827205,66.8275921999965,37.87963833675378,0.5970404392982153,0.0,91681.35022087002
SWARMSUSDT,2025-01-06,e2526,listing_d1_d7,6,1440.0,49.40132986157931,67.54810958267677,38.310374678355146,0.711490506736087,0.0,88895.48077442
SWARMSUSDT,2025-01-06,e2526,listing_d1_d7,7,1440.0,59.486287315056344,79.304603957226,46.23082782325207,0.6306506535632486,0.0,109703.61352994999
SWARMSUSDT,2025-01-06,e2526,mature_d60_d66,60,1440.0,51.40507347639999,72.26257417853435,41.71110187387017,1.706342171239339,0.0,38631.33864745
SWARMSUSDT,2025-01-06,e2526,mature_d60_d66,61,1440.0,39.61192637580328,55.86194508937685,33.800809568135676,1.385827144305503,0.0,39293.21261088
SWARMSUSDT,2025-01-06,e2526,mature_d60_d66,62,1440.0,37.5328418235592,51.2789488163852,29.708303066460374,1.5096825155058549,0.0,30497.85938906
SWARMSUSDT,2025-01-06,e2526,mature_d60_d66,63,1440.0,41.66124838112486,58.654852366181835,38.191735187101386,1.4544045360324307,0.0,37835.56928628
SWARMSUSDT,2025-01-06,e2526,mature_d60_d66,64,1440.0,43.25699745546986,63.187187636171764,39.71493665549141,1.657308822336517,0.0,38444.26468493
SWARMSUSDT,2025-01-06,e2526,mature_d60_d66,65,1440.0,38.65325643748396,54.82644024385872,31.589339999184855,1.95693065376902,0.0,25515.553260220004
SWARMSUSDT,2025-01-06,e2526,mature_d60_d66,66,1440.0,32.967072777531165,47.750878598053745,30.316035260809652,2.8747615609367667,0.0,19327.36788938
SWELLUSDT,2024-11-07,e2324,listing_d1_d7,1,1440.0,112.88914065280264,166.78117137872792,100.95803799331806,0.9308959994469932,0.0,172514.6333425
SWELLUSDT,2024-11-07,e2324,listing_d1_d7,2,1440.0,100.45981490955431,145.5732035431559,84.26368354923616,0.8301114662831921,0.0,153414.13193879998
SWELLUSDT,2024-11-07,e2324,listing_d1_d7,3,1440.0,52.14905455952599,78.6154798109048,53.31259253080711,0.8377676507468067,0.0,81555.8005221
SWELLUSDT,2024-11-07,e2324,listing_d1_d7,4,1440.0,48.99868224928809,71.67611596802956,45.63239298748872,1.2482373263496342,0.0,52099.7119508
SWELLUSDT,2024-11-07,e2324,listing_d1_d7,5,1440.0,52.12620419773418,74.08322353974482,46.9205590940667,1.0806894092793216,0.0,60856.756355100006
SWELLUSDT,2024-11-07,e2324,listing_d1_d7,6,1440.0,59.26116019304116,83.69104398516166,52.04469304356037,1.0195921588490497,0.0,68056.57168719999
SWELLUSDT,2024-11-07,e2324,listing_d1_d7,7,1440.0,61.71719208621813,107.7324066029544,82.12917081844799,0.5734717314939545,0.0,198328.506849
SWELLUSDT,2024-11-07,e2324,mature_d60_d66,60,1440.0,14.224751066856737,22.16682565445656,16.025936023063903,15.645595313159466,12.0,6424.9333388000005
SWELLUSDT,2024-11-07,e2324,mature_d60_d66,61,1440.0,11.631289148640224,19.49318356450864,15.964791010677109,18.56678127793464,28.0,5822.6044927
SWELLUSDT,2024-11-07,e2324,mature_d60_d66,62,1440.0,17.358098075514402,26.94736899443402,17.822135030463848,26.586427000482868,7.0,3973.8686389
SWELLUSDT,2024-11-07,e2324,mature_d60_d66,63,1440.0,18.34864609212144,26.005387503223186,17.76222441468523,39.72829288280185,15.0,3315.0555291
SWELLUSDT,2024-11-07,e2324,mature_d60_d66,64,1440.0,17.761991584286868,22.18319679751507,15.41010314224063,30.201346881968938,5.0,2612.7705085
SWELLUSDT,2024-11-07,e2324,mature_d60_d66,65,1440.0,14.367816091953438,18.181818181818702,10.489548847279092,34.64349161999472,14.0,1562.0967877
SWELLUSDT,2024-11-07,e2324,mature_d60_d66,66,1440.0,14.556040756914788,18.377286140476244,11.818606688961317,15.818462653184874,6.0,2664.1890868
SXTUSDT,2025-05-03,e2526,listing_d1_d7,1,1440.0,65.81353713471667,91.16890479501889,55.980776872419455,450.39735796064895,140.0,1325.2714846000001
SXTUSDT,2025-05-03,e2526,listing_d1_d7,2,1440.0,58.139534883720785,84.672396814943,58.190999796270276,705.2418720820468,195.0,3174.8718738000002
SXTUSDT,2025-05-03,e2526,listing_d1_d7,3,1440.0,53.26241134751832,83.97485200789967,81.93254972217373,598.6262063903575,177.0,2406.0083698999997
SXTUSDT,2025-05-03,e2526,listing_d1_d7,4,1440.0,49.665459603347216,73.73797833763825,53.40235556277079,823.7291639071981,233.0,1054.826337
SXTUSDT,2025-05-03,e2526,listing_d1_d7,5,1440.0,62.129346948800794,107.96257081241474,96.19198251518979,231.18761302780086,118.0,19455.7461058
SXTUSDT,2025-05-03,e2526,listing_d1_d7,6,1440.0,47.93426408157886,72.3458769530636,53.41900810279161,5.129974295486703,2.0,18353.707093100005
SXTUSDT,2025-05-03,e2526,listing_d1_d7,7,1440.0,30.82852095567315,47.142020779914546,32.26915092510677,12.283090501024994,2.0,9480.0046836
SXTUSDT,2025-05-03,e2526,mature_d60_d66,60,1440.0,26.36784270373792,39.94673768309036,31.680546174140783,39.31191533437712,35.0,5687.5560653
SXTUSDT,2025-05-03,e2526,mature_d60_d66,61,1440.0,13.106159895151096,13.568521031207988,17.992819944602978,111.63672037261236,246.0,1909.35721
SXTUSDT,2025-05-03,e2526,mature_d60_d66,62,1440.0,13.58695652173952,14.49275362318882,16.022889375357142,177.14024115915237,303.0,1341.9882181000003
SXTUSDT,2025-05-03,e2526,mature_d60_d66,63,1440.0,0.0,14.285714285714693,11.875225891995445,868.1062146949245,580.0,680.7993134999999
SXTUSDT,2025-05-03,e2526,mature_d60_d66,64,1440.0,0.0,14.471780028943975,10.855617572785082,342.86424268582,707.0,606.9990049
SXTUSDT,2025-05-03,e2526,mature_d60_d66,65,1440.0,0.0,14.6842878120395,11.637172534531633,482.0778349658485,559.0,974.3186487
SXTUSDT,2025-05-03,e2526,mature_d60_d66,66,1440.0,14.005602240896758,15.313935681470577,20.579813428764606,333.0412992555519,303.0,2744.2928900999996
SYNUSDT,2024-08-20,e2324,listing_d1_d7,1,1440.0,27.95501677099417,44.732743754821776,29.325886708520574,53.68499871770406,40.0,6499.3793249
SYNUSDT,2024-08-20,e2324,listing_d1_d7,2,1440.0,19.28133216476757,30.682722651995828,21.426943284473918,35.99213441755207,31.0,4623.983494200001
SYNUSDT,2024-08-20,e2324,listing_d1_d7,3,1440.0,15.601977305286153,24.864261129760283,18.81628689192864,31.907796349236907,36.0,4140.4741705
SYNUSDT,2024-08-20,e2324,listing_d1_d7,4,1440.0,13.91788616655861,23.90710591729385,18.444577361193957,51.030063283167124,59.0,4236.2113715000005
SYNUSDT,2024-08-20,e2324,listing_d1_d7,5,1440.0,15.731515949971243,26.172302326393442,22.283034281290586,61.72736643170118,64.0,3412.9645533999997
SYNUSDT,2024-08-20,e2324,listing_d1_d7,6,1440.0,21.019453303373258,36.09934409273669,25.609112812581273,71.65202841906198,40.0,5253.512247000001
SYNUSDT,2024-08-20,e2324,listing_d1_d7,7,1440.0,13.215027373985917,22.644747941891882,18.572090821034337,151.52747263973635,70.0,2393.4204251
SYNUSDT,2024-08-20,e2324,mature_d60_d66,60,1440.0,9.747380455833877,17.23943942354493,14.086534490367919,47.69924015556208,82.0,3220.0176029
SYNUSDT,2024-08-20,e2324,mature_d60_d66,61,1440.0,11.131433837010423,16.261484996112173,12.496216172268046,50.440402118092564,71.0,1956.1588497999999
SYNUSDT,2024-08-20,e2324,mature_d60_d66,62,1440.0,14.638908510789571,22.866487559863796,15.642078755868809,28.517248256572906,44.0,3330.1356946
SYNUSDT,2024-08-20,e2324,mature_d60_d66,63,1440.0,11.554015098914284,18.5341212083758,13.59968320826137,55.75818536158515,90.0,2213.7611116999997
SYNUSDT,2024-08-20,e2324,mature_d60_d66,64,1440.0,10.62228918653387,17.48633889807612,13.19387772840426,156.61316350243592,107.0,1752.4348706000003
SYNUSDT,2024-08-20,e2324,mature_d60_d66,65,1440.0,22.29272466647827,34.95253753395108,23.204797725832254,41.59590748919095,12.0,6969.0274281
SYNUSDT,2024-08-20,e2324,mature_d60_d66,66,1440.0,16.46768496484771,25.045983895061507,18.509529127057625,32.43740987465534,41.0,5442.3657201000005
TACUSDT,2025-07-15,e2526,listing_d1_d7,1,1440.0,65.48077596470378,93.3696461541443,58.566562738489246,3.272461676589051,0.0,32005.584341700003
TACUSDT,2025-07-15,e2526,listing_d1_d7,2,1440.0,49.14005519416501,70.07485801739858,40.330083798094925,7.922065026454678,0.0,14286.1775026
TACUSDT,2025-07-15,e2526,listing_d1_d7,3,1440.0,63.49206349206311,100.00000000000007,81.71578787067595,6.004904143124223,0.0,27867.730253499998
TACUSDT,2025-07-15,e2526,listing_d1_d7,4,1440.0,39.968025579536125,60.09026097719752,35.420511757272415,6.757701484285756,0.0,12936.9541105
TACUSDT,2025-07-15,e2526,listing_d1_d7,5,1440.0,30.983752129983042,52.16104081851729,33.882590613521835,12.565935768722191,3.0,7557.221241799999
TACUSDT,2025-07-15,e2526,listing_d1_d7,6,1440.0,30.337509102978494,51.48005670259288,33.48945982905007,18.29200992002742,8.0,6887.394507799999
TACUSDT,2025-07-15,e2526,listing_d1_d7,7,1440.0,23.237800154918393,38.37298541826531,24.528372573143358,33.43720771049167,4.0,4604.5648824
TACUSDT,2025-07-15,e2526,mature_d60_d66,60,1440.0,9.407337723425519,18.867924528301117,15.726106725438866,428.4693224472639,253.0,744.3143164999999
TACUSDT,2025-07-15,e2526,mature_d60_d66,61,1440.0,9.596928982725137,19.093091821990864,15.092267618319083,685.091065768807,302.0,415.1142924
TACUSDT,2025-07-15,e2526,mature_d60_d66,62,1440.0,20.449897750511298,40.444893832153795,31.206484545363068,281.9378676232633,104.0,1955.8097147
TACUSDT,2025-07-15,e2526,mature_d60_d66,63,1440.0,10.080645161289912,19.9800199800196,15.245229531053742,533.3924800011612,336.0,448.6865709
TACUSDT,2025-07-15,e2526,mature_d60_d66,64,1440.0,9.920634920634516,19.782393669633652,16.84117856150445,588.7965630172525,292.0,578.4380338000001
TACUSDT,2025-07-15,e2526,mature_d60_d66,65,1440.0,9.737098344692885,19.47419668938746,18.940793307583704,624.921418524907,247.0,898.2162404000002
TACUSDT,2025-07-15,e2526,mature_d60_d66,66,1440.0,18.665426369552844,28.708133971291115,24.587961755801004,257.6255903160702,143.0,1396.5005770999999
TAIKOUSDT,2024-06-05,e2324,listing_d1_d7,1,1440.0,52.0767591595423,87.09137761621271,61.095268288500684,0.373163001198425,0.0,233520.69056109997
TAIKOUSDT,2024-06-05,e2324,listing_d1_d7,2,1440.0,25.6680862760704,40.85972106049015,32.56437593247494,0.5401510170259854,0.0,90271.79431773
TAIKOUSDT,2024-06-05,e2324,listing_d1_d7,3,1440.0,21.277971501512653,33.44250599833034,22.439597873381594,1.3392922968354386,0.0,27928.82780843
TAIKOUSDT,2024-06-05,e2324,listing_d1_d7,4,1440.0,17.50626479717623,28.398873621566196,23.065666455511813,2.2889630852341676,0.0,18640.426626679997
TAIKOUSDT,2024-06-05,e2324,listing_d1_d7,5,1440.0,21.2268239333815,31.95954364703055,21.555946030379918,2.0643367153221366,0.0,22541.83373173
TAIKOUSDT,2024-06-05,e2324,listing_d1_d7,6,1440.0,17.338932230632924,27.802150799977756,18.300946151823425,2.602471261036941,1.0,16847.96814921
TAIKOUSDT,2024-06-05,e2324,listing_d1_d7,7,1440.0,18.34804703613155,28.605607824551267,20.25183027865106,2.85150817691854,1.0,17501.90131012
TAIKOUSDT,2024-06-05,e2324,mature_d60_d66,60,1440.0,23.582784917426633,33.25489777000437,20.764476325575576,5.22519282957593,0.0,12176.116424380001
TAIKOUSDT,2024-06-05,e2324,mature_d60_d66,61,1440.0,46.33525993608445,66.04564462095813,41.652368517372565,2.6697439559998006,0.0,26519.69863036
TAIKOUSDT,2024-06-05,e2324,mature_d60_d66,62,1440.0,23.83968578408032,32.947076326086304,20.16813826716294,5.104740542865266,0.0,8685.76734365
TAIKOUSDT,2024-06-05,e2324,mature_d60_d66,63,1440.0,21.70045325641483,29.230621743735067,16.99235329208949,5.918431505208216,0.0,7007.373260320001
TAIKOUSDT,2024-06-05,e2324,mature_d60_d66,64,1440.0,19.427503872486707,29.11683629636214,20.492144113179453,6.83467331336117,0.0,7284.85456416
TAIKOUSDT,2024-06-05,e2324,mature_d60_d66,65,1440.0,18.40953551882255,26.774481389590782,21.648912707469204,5.837559582226326,1.0,7182.54603026
TAIKOUSDT,2024-06-05,e2324,mature_d60_d66,66,1440.0,13.396581286927336,19.87350807720295,13.496821371371684,8.0504247089951,0.0,4324.89448661
TAIUSDT,2024-11-14,e2324,listing_d1_d7,1,1440.0,53.77055778857539,89.0263941368638,55.821656148964436,35.88965100862199,19.0,15490.26491833
TAIUSDT,2024-11-14,e2324,listing_d1_d7,2,1440.0,35.29990525547561,56.14924797984806,35.42329789309977,48.7251827844831,48.0,6667.88829565
TAIUSDT,2024-11-14,e2324,listing_d1_d7,3,1440.0,46.45225918234337,73.21600077332185,47.94499034726603,19.662441704484685,8.0,11096.59918107
TAIUSDT,2024-11-14,e2324,listing_d1_d7,4,1440.0,43.39889508765221,66.42679383604596,38.51809145344906,20.200478764596205,4.0,7021.974506799999
TAIUSDT,2024-11-14,e2324,listing_d1_d7,5,1440.0,30.81155606138729,48.57340822138522,31.598507259286745,67.07250538091051,16.0,5242.48207969
TAIUSDT,2024-11-14,e2324,listing_d1_d7,6,1440.0,29.708435237706063,49.102997046723914,37.260420369808735,36.043674552315935,22.0,4829.93110461
TAIUSDT,2024-11-14,e2324,listing_d1_d7,7,1440.0,42.70707771554584,70.43123556493556,45.56597132929957,17.84490970825097,17.0,9418.44152197
TAIUSDT,2024-11-14,e2324,mature_d60_d66,60,1440.0,26.958951137076426,39.54599964931678,27.263367231305484,17.869393552663492,7.0,5388.803681289999
TAIUSDT,2024-11-14,e2324,mature_d60_d66,61,1440.0,19.21771123336659,30.402686329218625,22.700361201943483,22.015202944965917,22.0,5973.00429093
TAIUSDT,2024-11-14,e2324,mature_d60_d66,62,1440.0,18.895412806728235,30.199489440653664,22.36902542618794,25.485102921178168,30.0,5553.44159757
TAIUSDT,2024-11-14,e2324,mature_d60_d66,63,1440.0,22.010311812133814,34.4193819424202,23.275261764855397,42.29821649121876,13.0,7098.22966347
TAIUSDT,2024-11-14,e2324,mature_d60_d66,64,1440.0,20.232806309990504,32.151640442594434,23.89392370308184,16.503257808236974,11.0,7157.28452981
TAIUSDT,2024-11-14,e2324,mature_d60_d66,65,1440.0,32.62414302854447,47.165881332977385,28.884968036857614,8.872154178607014,2.0,9572.508241630001
TAIUSDT,2024-11-14,e2324,mature_d60_d66,66,1440.0,37.196365082305775,56.85253788708005,36.811389959665924,8.31708872952874,0.0,12715.799652510002
TAUSDT,2025-07-21,e2526,listing_d1_d7,1,1440.0,48.03073967339102,77.01565719223825,47.709381948095874,5.037493547430996,1.0,25104.1293137
TAUSDT,2025-07-21,e2526,listing_d1_d7,2,1440.0,39.662875391319844,63.248259064869636,44.41395081422563,7.326437729155076,3.0,18079.0160535
TAUSDT,2025-07-21,e2526,listing_d1_d7,3,1440.0,31.071991761335656,51.46684485172462,35.896595688774894,12.41816748993983,9.0,9485.0339508
TAUSDT,2025-07-21,e2526,listing_d1_d7,4,1440.0,31.41361256544447,50.50505050505054,37.59523958953049,13.834395136031125,6.0,9773.9297013
TAUSDT,2025-07-21,e2526,listing_d1_d7,5,1440.0,23.654650495894217,35.79952267303205,25.276571835177332,17.278524115159417,38.0,4723.3148398
TAUSDT,2025-07-21,e2526,listing_d1_d7,6,1440.0,23.640661938533317,35.756853396902095,24.84775908149129,226.40969496435244,54.0,4198.137493699999
TAUSDT,2025-07-21,e2526,listing_d1_d7,7,1440.0,25.940337224384656,39.21568627450957,30.61373096379152,33.829004987225304,25.0,6322.4672523
TAUSDT,2025-07-21,e2526,mature_d60_d66,60,1440.0,27.886937194189784,40.67208246919868,25.668090125096455,4.236834508985746,0.0,16028.512697319999
TAUSDT,2025-07-21,e2526,mature_d60_d66,61,1440.0,23.823236920728377,34.37506590908109,41.12751532445274,4.72821100609669,0.0,17742.38585747
TAUSDT,2025-07-21,e2526,mature_d60_d66,62,1440.0,24.747945156866482,34.56409679243364,21.852987925569305,5.5218113629960826,0.0,10995.379312959998
TAUSDT,2025-07-21,e2526,mature_d60_d66,63,1440.0,32.45146989926338,49.41829012814124,54.108429039620425,3.959011217752545,0.0,26613.34559578
TAUSDT,2025-07-21,e2526,mature_d60_d66,64,1440.0,30.654162649983476,43.19613119398818,34.859120957236044,4.867375177900616,0.0,12514.29087612
TAUSDT,2025-07-21,e2526,mature_d60_d66,65,1440.0,26.06245429211931,36.60168012879868,23.955879384296026,10.122564880885108,0.0,7342.61307779
TAUSDT,2025-07-21,e2526,mature_d60_d66,66,1440.0,27.057497334357986,37.89457875557212,24.94891239048256,11.172567940197379,0.0,7307.00447785
THEUSDT,2024-11-27,e2324,listing_d1_d7,1,1440.0,73.64176497205182,109.40563812345997,56.2365876755442,0.331086147683105,0.0,283300.1166353
THEUSDT,2024-11-27,e2324,listing_d1_d7,2,1440.0,36.128422275876176,56.82576154593807,36.555349366799696,0.4552868953432186,0.0,125877.309297
THEUSDT,2024-11-27,e2324,listing_d1_d7,3,1440.0,30.16302363156466,48.9656761633042,36.95217603331289,0.5238651786645583,0.0,104585.95605390001
THEUSDT,2024-11-27,e2324,listing_d1_d7,4,1440.0,24.33013298118381,36.63797634245138,23.600730413981882,0.8227282277071045,0.0,51366.5496928
THEUSDT,2024-11-27,e2324,listing_d1_d7,5,1440.0,31.33956066188339,44.68837919696733,33.93135027429644,0.667376215322406,0.0,79101.0086937
THEUSDT,2024-11-27,e2324,listing_d1_d7,6,1440.0,30.78164539036852,43.563092371103394,32.16078636584875,0.8768082337529336,0.0,56874.14508239999
THEUSDT,2024-11-27,e2324,listing_d1_d7,7,1440.0,33.114670514866994,48.74649139573544,34.72984606997825,0.8603353292476871,0.0,68197.6844011
THEUSDT,2024-11-27,e2324,mature_d60_d66,60,1440.0,8.948546190334307,14.325325030976575,12.051982769119304,148.44751580637697,164.0,997.5443814
THEUSDT,2024-11-27,e2324,mature_d60_d66,61,1440.0,24.194772860730815,36.139037332373164,28.780666586514783,77.74735901217832,14.0,3049.4702040999996
THEUSDT,2024-11-27,e2324,mature_d60_d66,62,1440.0,14.571949694380839,22.324871196943132,17.703835571426886,153.28103716930727,48.0,1269.8111158
THEUSDT,2024-11-27,e2324,mature_d60_d66,63,1440.0,15.135463775282245,25.151691005273705,19.57687413413804,143.53387767946796,62.0,1447.0834578
THEUSDT,2024-11-27,e2324,mature_d60_d66,64,1440.0,14.43522562627522,22.04262143909207,16.8813318914054,117.85379247080422,42.0,1368.4209764999998
THEUSDT,2024-11-27,e2324,mature_d60_d66,65,1440.0,14.363688891576507,22.98602889332467,16.457013896934814,109.04245142122937,41.0,1129.2248888
THEUSDT,2024-11-27,e2324,mature_d60_d66,66,1440.0,14.598540457105678,23.09385568161468,17.508943766080495,196.45660254783104,64.0,1047.452238
TIAUSDT,2023-10-31,e2324,listing_d1_d7,1,1440.0,45.33776691858585,76.2779836398491,46.235304564047574,0.6700547045784329,0.0,118277.68096226001
TIAUSDT,2023-10-31,e2324,listing_d1_d7,2,1440.0,42.51305444732907,68.23955385662381,43.13574250024135,1.0400402346562214,0.0,92568.97478965999
TIAUSDT,2023-10-31,e2324,listing_d1_d7,3,1440.0,34.74433727092377,49.08909836578556,27.38236035599477,1.3526738664697402,0.0,42060.30368951
TIAUSDT,2023-10-31,e2324,listing_d1_d7,4,1440.0,19.039292293845413,30.313197554761206,18.964638776679152,3.4845057532858768,2.0,17582.60188309
TIAUSDT,2023-10-31,e2324,listing_d1_d7,5,1440.0,13.819014106155969,21.999445534294576,16.846356095115258,6.444801239666754,3.0,17092.97416219
TIAUSDT,2023-10-31,e2324,listing_d1_d7,6,1440.0,13.508803151330941,20.637849075879398,14.910391677889123,8.429264106166334,5.0,10172.53617728
TIAUSDT,2023-10-31,e2324,listing_d1_d7,7,1440.0,19.108805770873232,29.79997251050209,20.85895942271129,2.9224362356739046,2.0,20788.38451015
TIAUSDT,2023-10-31,e2324,mature_d60_d66,60,1440.0,16.42170961067143,23.111845292947592,13.853185779498064,0.466289106458795,0.0,80689.17512310001
TIAUSDT,2023-10-31,e2324,mature_d60_d66,61,1440.0,15.252472030083618,21.795878639214067,15.166963913881395,0.5172520298465578,0.0,61713.4037249
TIAUSDT,2023-10-31,e2324,mature_d60_d66,62,1440.0,17.217394821972132,26.93703569966127,16.62821802640697,0.45710953597898957,0.0,99098.54053639999
TIAUSDT,2023-10-31,e2324,mature_d60_d66,63,1440.0,24.877565402985653,35.2492979929691,21.300967074176935,0.28588569602430697,0.0,155041.7134162
TIAUSDT,2023-10-31,e2324,mature_d60_d66,64,1440.0,27.539787578952247,45.92485238140107,59.1755059872979,0.32327912696705746,0.0,208329.12401605
TIAUSDT,2023-10-31,e2324,mature_d60_d66,65,1440.0,42.69985669686267,63.29208224407509,37.24037141285945,0.2022143298152656,0.0,438429.39768153
TIAUSDT,2023-10-31,e2324,mature_d60_d66,66,1440.0,46.45516953039682,65.97851946582146,36.25689517005643,0.130719216174426,0.0,547253.58443143
TNSRUSDT,2024-04-09,e2324,listing_d1_d7,1,1440.0,38.13213173290501,54.56582021049803,34.44851170832634,2.6148042579596016,0.0,25966.008830339997
TNSRUSDT,2024-04-09,e2324,listing_d1_d7,2,1440.0,32.91154115160211,44.20340696821773,27.23095144824208,2.1787814408396207,0.0,26454.12550194
TNSRUSDT,2024-04-09,e2324,listing_d1_d7,3,1440.0,34.11883559740095,51.415614402929414,64.03872986936622,2.3953524511471795,0.0,33716.78748614
TNSRUSDT,2024-04-09,e2324,listing_d1_d7,4,1440.0,38.12985695645939,63.9934435771437,50.99791786404725,2.480082874842026,0.0,33323.81850643
TNSRUSDT,2024-04-09,e2324,listing_d1_d7,5,1440.0,47.66021628658504,66.55099543639113,41.469011690282365,2.0431428887433025,0.0,31309.12324429
TNSRUSDT,2024-04-09,e2324,listing_d1_d7,6,1440.0,33.93298749196371,46.41820894508771,25.39885163172296,2.3395195761844048,0.0,18817.32726066
TNSRUSDT,2024-04-09,e2324,listing_d1_d7,7,1440.0,35.933259218514664,49.30875355510572,29.31183525346413,3.0940215297400595,0.0,16940.78206218
TNSRUSDT,2024-04-09,e2324,mature_d60_d66,60,1440.0,20.736564990072974,31.080055318440632,19.28787564602797,2.683204088786432,1.0,15667.14263978
TNSRUSDT,2024-04-09,e2324,mature_d60_d66,61,1440.0,15.877917236692175,23.289680677555257,15.6847473470726,3.9090046887695027,1.0,9798.83394916
TNSRUSDT,2024-04-09,e2324,mature_d60_d66,62,1440.0,18.51633299750057,27.04328823492221,17.336617384245493,2.2231371188900595,0.0,16332.38507409
TNSRUSDT,2024-04-09,e2324,mature_d60_d66,63,1440.0,23.408014553142376,34.35052647731335,25.081041778886014,1.8588182984990642,0.0,24126.38089854
TNSRUSDT,2024-04-09,e2324,mature_d60_d66,64,1440.0,18.576570300707473,28.03554967129379,19.77259947961893,3.212598118238389,0.0,12641.98160484
TNSRUSDT,2024-04-09,e2324,mature_d60_d66,65,1440.0,16.790616828191272,24.480554980303623,15.535100307381443,4.894016382781428,0.0,7481.821449530001
TNSRUSDT,2024-04-09,e2324,mature_d60_d66,66,1440.0,20.375142984909054,31.38307129603847,21.284021043120475,4.2878307898600925,0.0,11325.188045949999
TOKENUSDT,2023-11-03,e2324,listing_d1_d7,1,1440.0,39.17727717923615,64.40829281225022,52.25711359578832,8.785422609110336,0.0,22949.214725100002
TOKENUSDT,2023-11-03,e2324,listing_d1_d7,2,1440.0,30.852299228037747,49.900952142475276,39.75418570610752,25.623666327601164,2.0,17301.1061654
TOKENUSDT,2023-11-03,e2324,listing_d1_d7,3,1440.0,31.486149217183353,50.40561606974425,35.27177177389428,16.870881224342394,6.0,13978.3415647
TOKENUSDT,2023-11-03,e2324,listing_d1_d7,4,1440.0,29.083859217851362,51.65172334518114,41.10155260969685,20.993598476251353,11.0,18256.683013000005
TOKENUSDT,2023-11-03,e2324,listing_d1_d7,5,1440.0,22.827333034151042,39.0911319775453,29.83714343788361,20.247124774765965,22.0,8797.5270888
TOKENUSDT,2023-11-03,e2324,listing_d1_d7,6,1440.0,31.510950837354947,54.822026701892284,67.82015669202691,46.98963429319129,2.0,14952.841221499999
TOKENUSDT,2023-11-03,e2324,listing_d1_d7,7,1440.0,29.839612085042972,50.891351996417065,43.39610606471051,127.33133690333236,15.0,11921.3254035
TOKENUSDT,2023-11-03,e2324,mature_d60_d66,60,1440.0,12.353304508955643,20.577644193247625,14.29104858450306,85.09855650864725,25.0,1891.3391564999997
TOKENUSDT,2023-11-03,e2324,mature_d60_d66,61,1440.0,18.45018450184555,37.03989571541284,67.01044433623898,104.87606211090146,23.0,7822.928831
TOKENUSDT,2023-11-03,e2324,mature_d60_d66,62,1440.0,17.580872011251042,24.840312278210792,17.631516372893334,68.97203173808971,10.0,2010.226839
TOKENUSDT,2023-11-03,e2324,mature_d60_d66,63,1440.0,18.670649738610788,27.548222176342346,21.87991670521147,81.20086645008422,12.0,2729.1735103999995
TOKENUSDT,2023-11-03,e2324,mature_d60_d66,64,1440.0,16.373314245654715,25.247242499755775,18.6289509632779,105.5491645796501,6.0,2015.8520113
TOKENUSDT,2023-11-03,e2324,mature_d60_d66,65,1440.0,15.96169193934492,24.29641926784338,19.101490454762327,106.44684963130705,15.0,2065.8999306
TOKENUSDT,2023-11-03,e2324,mature_d60_d66,66,1440.0,20.614307204596134,30.263726761781502,21.174810574204912,61.54744721086723,10.0,2435.4023602999996
TOMIUSDT,2023-10-10,e2324,listing_d1_d7,1,1440.0,51.040447600877954,87.93753837285063,51.13903578348029,22.505886090604136,9.0,14330.9027131
TOMIUSDT,2023-10-10,e2324,listing_d1_d7,2,1440.0,22.530980097633435,39.497307001794574,26.93545842430577,52.37569983701874,69.0,7811.5822718
TOMIUSDT,2023-10-10,e2324,listing_d1_d7,3,1440.0,8.20681303553167,25.340513993081025,18.034967947897727,133.38853026864314,248.0,2225.5400547
TOMIUSDT,2023-10-10,e2324,listing_d1_d7,4,1440.0,12.315289614054759,25.862068965516787,19.599789395679124,300.4163951423052,364.0,1626.7646771999998
TOMIUSDT,2023-10-10,e2324,listing_d1_d7,5,1440.0,4.347826086957975,25.79535683576911,20.853296688861725,803.9653071542721,517.0,1622.0628322
TOMIUSDT,2023-10-10,e2324,listing_d1_d7,6,1440.0,4.129671867172441,20.740434144334564,19.321474657095376,766.761680962689,576.0,1409.9532513
TOMIUSDT,2023-10-10,e2324,listing_d1_d7,7,1440.0,14.121007965458734,32.15066020708708,24.720488959179384,488.8797086213469,293.0,2531.5649221999997
TOMIUSDT,2023-10-10,e2324,mature_d60_d66,60,1440.0,4.646840148700436,13.882461823230512,12.243094226524985,216.80181366356194,392.0,1863.1252661
TOMIUSDT,2023-10-10,e2324,mature_d60_d66,61,1440.0,4.7169811320749515,14.137606032045777,12.736498120392188,555.396797917026,475.0,1474.1295545
TOMIUSDT,2023-10-10,e2324,mature_d60_d66,62,1440.0,9.935419771484252,19.932727974521892,19.622762991788274,447.0007832898919,275.0,2497.4665264
TOMIUSDT,2023-10-10,e2324,mature_d60_d66,63,1440.0,10.403121639954056,20.90956612650289,18.54930920232659,361.2729266653919,275.0,2685.4188065999997
TOMIUSDT,2023-10-10,e2324,mature_d60_d66,64,1440.0,10.170354077269876,22.165328808726688,20.08635512959811,470.6478392651048,267.0,2060.734445
TOMIUSDT,2023-10-10,e2324,mature_d60_d66,65,1440.0,4.982561036372147,14.979404020842432,16.28365077968462,388.6969436008661,482.0,2340.9681571
TOMIUSDT,2023-10-10,e2324,mature_d60_d66,66,1440.0,5.013788231863515,10.454783063251446,13.440382219424176,644.3755028197887,505.0,1509.8310245
TONUSDT,2023-08-31,e2324,listing_d1_d7,1,1440.0,17.182625022480277,30.923323598487645,20.090489388304217,613.2488848522481,139.0,7349.46165172
TONUSDT,2023-08-31,e2324,listing_d1_d7,2,1440.0,18.758211578224646,27.66685214395872,16.53655268537252,253.6510303271352,70.0,5368.93903375
TONUSDT,2023-08-31,e2324,listing_d1_d7,3,1440.0,9.735520239043627,17.20522608742365,11.675791014584163,495.25479570918446,224.0,2389.42062441
TONUSDT,2023-08-31,e2324,listing_d1_d7,4,1440.0,8.354438270520934,13.7186946424051,11.068762984209918,190.40183678022547,145.0,2950.1481631300003
TONUSDT,2023-08-31,e2324,listing_d1_d7,5,1440.0,11.761186876999535,17.542370525681008,13.388665933155174,139.44906093300895,27.0,3537.37820758
TONUSDT,2023-08-31,e2324,listing_d1_d7,6,1440.0,10.32262342886232,15.900508286848543,12.18168635084041,295.3539955513421,73.0,2704.9650814399997
TONUSDT,2023-08-31,e2324,listing_d1_d7,7,1440.0,6.0582695379198155,12.715788317055138,10.020144534120229,676.2969234371454,286.0,1609.8958357999998
TONUSDT,2023-08-31,e2324,mature_d60_d66,60,1440.0,5.245089452907993,10.316423778627726,7.1469493505953325,167.63207990581282,126.0,3119.43418681
TONUSDT,2023-08-31,e2324,mature_d60_d66,61,1440.0,10.779398451265966,19.815139304850838,14.011722981816774,45.067998621438136,40.0,13340.116583219999
TONUSDT,2023-08-31,e2324,mature_d60_d66,62,1440.0,10.011155127992405,16.122726062552434,10.708307590175952,80.25828394522684,30.0,6611.84101163
TONUSDT,2023-08-31,e2324,mature_d60_d66,63,1440.0,11.226872664997543,17.708719270661156,13.827193452142707,52.160223451831015,22.0,8866.870179750002
TONUSDT,2023-08-31,e2324,mature_d60_d66,64,1440.0,8.055323640485122,13.697419582890955,10.034040944299404,122.95228398895242,78.0,4874.59839115
TONUSDT,2023-08-31,e2324,mature_d60_d66,65,1440.0,7.109374531092602,12.53849024422102,10.015278210057687,43.884041397527476,99.0,5977.640340449999
TONUSDT,2023-08-31,e2324,mature_d60_d66,66,1440.0,7.908090450177003,13.103297963270059,8.871380186752615,80.59101119675866,95.0,5682.50111816
TREEUSDT,2025-07-29,e2526,listing_d1_d7,1,1440.0,55.72369597204992,76.48470438266436,47.059999954430445,1.1620571062708223,0.0,60236.909423409
TREEUSDT,2025-07-29,e2526,listing_d1_d7,2,1440.0,37.52991662543796,51.54194014452989,33.896858310734,1.6394761679146574,0.0,39992.315140777
TREEUSDT,2025-07-29,e2526,listing_d1_d7,3,1440.0,51.05465682464162,73.79182154517028,41.5265091791345,1.3968082999810734,0.0,94530.13873273799
TREEUSDT,2025-07-29,e2526,listing_d1_d7,4,1440.0,32.489916827648024,44.596161565923566,27.082081299736647,1.9440898182128086,0.0,27607.465970737
TREEUSDT,2025-07-29,e2526,listing_d1_d7,5,1440.0,23.699531579969324,32.3178115747552,22.326183134808083,2.545738167988013,0.0,18540.433195244997
TREEUSDT,2025-07-29,e2526,listing_d1_d7,6,1440.0,25.591497308094542,35.48693906936411,21.99092735994369,2.2161396156428705,0.0,20650.645547181
TREEUSDT,2025-07-29,e2526,listing_d1_d7,7,1440.0,21.408590584435974,31.098706790137523,19.109618564442187,2.4496786702924958,0.0,18524.027242402
TREEUSDT,2025-07-29,e2526,mature_d60_d66,60,1440.0,7.895775785082685,12.95756805978437,9.371175163595606,12.678187161400988,10.0,3402.179068678
TREEUSDT,2025-07-29,e2526,mature_d60_d66,61,1440.0,9.110503617088186,13.855782424397052,9.938465640053787,30.312190354168536,14.0,3538.0517903380005
TREEUSDT,2025-07-29,e2526,mature_d60_d66,62,1440.0,11.681659960998918,18.49283620567915,13.705067683435836,7.446435409376676,5.0,7924.077890397999
TREEUSDT,2025-07-29,e2526,mature_d60_d66,63,1440.0,11.454301287621947,16.232959029297895,11.36672311668478,7.8586807231870885,4.0,4928.172719802
TREEUSDT,2025-07-29,e2526,mature_d60_d66,64,1440.0,12.175977020414482,18.710167998730086,13.605219337779415,13.566714433136278,9.0,4917.992267201
TREEUSDT,2025-07-29,e2526,mature_d60_d66,65,1440.0,11.173808627535978,17.495521343999194,12.671003935170825,11.81808643266482,8.0,6135.93981144
TREEUSDT,2025-07-29,e2526,mature_d60_d66,66,1440.0,12.069095589318248,18.481899274477982,14.336819677349629,24.481445053785247,9.0,5193.551675823001
TSTBSCUSDT,2025-02-09,e2526,listing_d1_d7,1,1440.0,124.78416421825906,180.13064045253523,94.61334602136257,0.44762869628382085,0.0,287367.73647733
TSTBSCUSDT,2025-02-09,e2526,listing_d1_d7,2,1440.0,100.26525291757207,140.7711387402041,77.70732731641458,0.4673148271899511,0.0,241678.27271566002
TSTBSCUSDT,2025-02-09,e2526,listing_d1_d7,3,1440.0,87.36332564394722,122.88272552571586,73.23533241324186,0.5919297825981352,0.0,166993.72528138
TSTBSCUSDT,2025-02-09,e2526,listing_d1_d7,4,1440.0,69.28911933486971,99.2617030806429,59.00689094802544,0.6422811152107348,0.0,121449.86297573001
TSTBSCUSDT,2025-02-09,e2526,listing_d1_d7,5,1440.0,57.95109942678379,79.30125567116134,45.1375677579671,0.6572119271650896,0.0,92325.43979076999
TSTBSCUSDT,2025-02-09,e2526,listing_d1_d7,6,1440.0,42.6473570242707,58.66128266949414,35.743037275455194,1.0582367031482556,0.0,54608.40236048
TSTBSCUSDT,2025-02-09,e2526,listing_d1_d7,7,1440.0,30.827367051070734,42.769314912600954,24.90226555402033,1.2142288884482786,0.0,34049.10806459001
TSTBSCUSDT,2025-02-09,e2526,mature_d60_d66,60,1440.0,20.51301285873663,33.13429851531844,23.32700659298416,14.79855110336748,7.0,7256.75699045
TSTBSCUSDT,2025-02-09,e2526,mature_d60_d66,61,1440.0,16.14205471376232,27.863101151090355,20.812488749055873,20.171032620218565,15.0,3754.1574231199997
TSTBSCUSDT,2025-02-09,e2526,mature_d60_d66,62,1440.0,23.091985594943857,40.92957282196251,33.8743428854725,21.76130199774904,17.0,12389.589442400002
TSTBSCUSDT,2025-02-09,e2526,mature_d60_d66,63,1440.0,14.957847176488478,23.66242365782751,17.994934216822685,15.490292379234473,20.0,6492.206260819999
TSTBSCUSDT,2025-02-09,e2526,mature_d60_d66,64,1440.0,12.440403169143027,22.938118496109055,17.13136356816547,48.807563650802116,53.0,3129.2465072500004
TSTBSCUSDT,2025-02-09,e2526,mature_d60_d66,65,1440.0,8.36411894993321,15.35508642846589,10.407240747665957,182.00910463259507,98.0,2530.80744286
TSTBSCUSDT,2025-02-09,e2526,mature_d60_d66,66,1440.0,10.933452674378016,18.02177124507672,12.275584303534407,51.49964210322262,48.0,1809.98663842
UBUSDT,2025-09-12,e2526,listing_d1_d7,1,1440.0,111.87105846469679,176.59415598571795,110.73618429722501,1.4415209749903566,0.0,153100.76740233
UBUSDT,2025-09-12,e2526,listing_d1_d7,2,1440.0,66.35424977257992,102.21942257575385,59.61161684806713,1.9439699573620701,0.0,69075.97386926999
UBUSDT,2025-09-12,e2526,listing_d1_d7,3,1440.0,88.1631901879377,133.16766028013004,88.58108567803122,1.290631014928733,0.0,116617.64616725
UBUSDT,2025-09-12,e2526,listing_d1_d7,4,1440.0,50.01957040140427,72.99778574432597,44.511185109890945,1.7158446638591498,0.0,41088.32891034999
UBUSDT,2025-09-12,e2526,listing_d1_d7,5,1440.0,38.72041503074292,58.62344154026625,34.16694192259639,3.3388694617190127,0.0,19783.27348398
UBUSDT,2025-09-12,e2526,listing_d1_d7,6,1440.0,42.13940242928418,62.5215585872047,37.806902683490165,3.9374757894906773,0.0,20275.130481059998
UBUSDT,2025-09-12,e2526,listing_d1_d7,7,1440.0,63.0442863626681,99.30085220591448,71.90409593996361,2.1877008941893346,0.0,54135.48343750999
UBUSDT,2025-09-12,e2526,mature_d60_d66,60,1440.0,19.489431599897802,32.00630393477569,26.072281108167708,97.37658870861806,11.0,2269.9159978
UBUSDT,2025-09-12,e2526,mature_d60_d66,61,1440.0,16.922521766535002,31.03908646929685,22.919713504483887,120.99536408649558,78.0,1265.05420776
UBUSDT,2025-09-12,e2526,mature_d60_d66,62,1440.0,15.335514653985042,26.766302767791416,21.071200882091688,128.14201557876174,60.0,1743.5859999100003
UBUSDT,2025-09-12,e2526,mature_d60_d66,63,1440.0,20.913816624108982,38.17598920104627,29.926575385820772,70.82739967496425,22.0,2624.7622410900008
UBUSDT,2025-09-12,e2526,mature_d60_d66,64,1440.0,7.463727541271374,13.793613372125023,12.1537288703074,133.3832546576568,170.0,566.47064621
UBUSDT,2025-09-12,e2526,mature_d60_d66,65,1440.0,7.53847730518639,15.182222235227933,12.41381914684196,174.57302538613095,187.0,667.7952910199999
UBUSDT,2025-09-12,e2526,mature_d60_d66,66,1440.0,11.053610015517158,23.25203796651995,21.554745271475642,237.86295750580226,186.0,1939.2985122100004
UMAUSDT,2023-06-08,e2324,listing_d1_d7,1,1440.0,11.448196908986844,22.844089091946213,13.270845982801012,3551.580112738814,150.0,636.7634561000001
UMAUSDT,2023-06-08,e2324,listing_d1_d7,2,1440.0,26.525198938992066,35.71428571428535,36.33619244258571,4086.224085562133,71.0,1427.6308756
UMAUSDT,2023-06-08,e2324,listing_d1_d7,3,1440.0,13.175230566534927,26.18229632753545,18.023228966578603,2899.2733878791787,185.0,1506.3730271999998
UMAUSDT,2023-06-08,e2324,listing_d1_d7,4,1440.0,19.815059445179084,26.737967914438528,16.930638394790176,3747.9952248082855,120.0,460.1257841
UMAUSDT,2023-06-08,e2324,listing_d1_d7,5,1440.0,13.063357282821697,25.906735751295358,16.118024899118925,3933.3154592116925,114.0,820.0738256
UMAUSDT,2023-06-08,e2324,listing_d1_d7,6,1440.0,0.0,13.157894736842115,14.532229037549687,2879.532429964574,451.0,253.11551159999996
UMAUSDT,2023-06-08,e2324,listing_d1_d7,7,1440.0,0.0,13.550135501355026,11.532095195767472,3860.343798475897,620.0,214.9465026
UMAUSDT,2023-06-08,e2324,mature_d60_d66,60,1440.0,6.086427267194838,12.232415902140684,13.228545982415884,468.8709420192482,396.0,2412.8365111
UMAUSDT,2023-06-08,e2324,mature_d60_d66,61,1440.0,6.038647342995845,12.07000603500303,8.977001700412348,1358.024565883876,380.0,981.2163865999999
UMAUSDT,2023-06-08,e2324,mature_d60_d66,62,1440.0,0.0,6.098491048974287,7.188149124755359,1239.5413473191422,598.0,567.737823
UMAUSDT,2023-06-08,e2324,mature_d60_d66,63,1440.0,0.0,6.0901339829483065,5.958044485938515,1469.0779062674944,653.0,1068.9661847999998
UMAUSDT,2023-06-08,e2324,mature_d60_d66,64,1440.0,0.0,6.127450980392843,4.762316989350822,661.5493051459551,552.0,233.155775
UMAUSDT,2023-06-08,e2324,mature_d60_d66,65,1440.0,0.0,0.0,4.000749975269664,612.7373111586274,620.0,143.8789201
UMAUSDT,2023-06-08,e2324,mature_d60_d66,66,1440.0,0.0,6.1124694376521385,6.150389621460044,1234.4307303395715,742.0,370.03695799999997
UXLINKUSDT,2024-07-19,e2324,listing_d1_d7,1,1440.0,27.359781121751176,41.08182289940846,31.125320785979408,9.148687069703604,1.0,9246.0388795
UXLINKUSDT,2024-07-19,e2324,listing_d1_d7,2,1440.0,23.97506730952728,38.20895685851437,35.267854846937055,12.184692979136415,1.0,7806.6236438999995
UXLINKUSDT,2024-07-19,e2324,listing_d1_d7,3,1440.0,20.4970548940853,31.302988424632503,28.770507393896267,21.61054136881681,18.0,5117.9048994
UXLINKUSDT,2024-07-19,e2324,listing_d1_d7,4,1440.0,17.518249668559523,29.94628732963075,22.660959402379753,25.32363494020493,7.0,3765.3092207000004
UXLINKUSDT,2024-07-19,e2324,listing_d1_d7,5,1440.0,17.27115716752992,28.624590281097188,21.80200131779228,24.389810478096468,26.0,4358.9663557
UXLINKUSDT,2024-07-19,e2324,listing_d1_d7,6,1440.0,12.468827930174921,24.72187886279428,22.559205551884276,42.31853232293841,47.0,2784.9942807
UXLINKUSDT,2024-07-19,e2324,listing_d1_d7,7,1440.0,11.484353516296375,27.716186252771642,21.455378099103218,95.93817275530373,109.0,2343.8871874
UXLINKUSDT,2024-07-19,e2324,mature_d60_d66,60,1440.0,51.465259079496285,72.9164529504513,41.896297895755005,0.15538698794620742,0.0,394085.3377802
UXLINKUSDT,2024-07-19,e2324,mature_d60_d66,61,1440.0,55.84540396716128,78.12263659690969,48.19590029121413,0.17541879957108766,0.0,416325.5991862
UXLINKUSDT,2024-07-19,e2324,mature_d60_d66,62,1440.0,41.345950336379495,61.20594156221128,37.848581498033234,0.254619145452284,0.0,244701.4461567
UXLINKUSDT,2024-07-19,e2324,mature_d60_d66,63,1440.0,39.229936160511436,59.304408781659234,33.885206010848414,0.20328784741877703,0.0,269015.0123237
UXLINKUSDT,2024-07-19,e2324,mature_d60_d66,64,1440.0,26.20588012006182,36.78909127070592,23.215038594958724,0.3566839737298588,0.0,113230.6004465
UXLINKUSDT,2024-07-19,e2324,mature_d60_d66,65,1440.0,25.81120943952723,37.94440699692837,23.88062181503289,0.4176195308521551,0.0,106775.31583609998
UXLINKUSDT,2024-07-19,e2324,mature_d60_d66,66,1440.0,27.342326829022763,41.67146659514388,25.999644017437603,0.528408953315042,0.0,93217.70656990001
VANAUSDT,2024-12-16,e2324,listing_d1_d7,1,1440.0,60.434387970929706,100.45449471443915,69.57574424378356,0.2168691929198297,0.0,390240.2880812
VANAUSDT,2024-12-16,e2324,listing_d1_d7,2,1440.0,52.09556398142702,76.7990006119183,55.21460452570783,0.24605078360486374,0.0,242711.75464313998
VANAUSDT,2024-12-16,e2324,listing_d1_d7,3,1440.0,35.24074973824062,52.65204244277828,32.63248052301072,0.33445671724521664,0.0,129243.55251718
VANAUSDT,2024-12-16,e2324,listing_d1_d7,4,1440.0,45.57669314967735,67.01137300359245,39.09110175250958,0.30974922915630204,0.0,170068.5883677
VANAUSDT,2024-12-16,e2324,listing_d1_d7,5,1440.0,47.09243602355411,67.17012815260337,41.75253396112439,0.3539254809666052,0.0,166677.54585021
VANAUSDT,2024-12-16,e2324,listing_d1_d7,6,1440.0,30.292202492906757,41.58005656704268,27.291555577627935,0.5399698140796587,0.0,72761.45135365998
VANAUSDT,2024-12-16,e2324,listing_d1_d7,7,1440.0,27.200792959003742,36.97396089905817,20.612817383062584,0.5302565021865872,0.0,60780.5106642
VANAUSDT,2024-12-16,e2324,mature_d60_d66,60,1440.0,14.134275705526056,20.220088705284535,13.622374267406228,10.15786749135112,0.0,6512.395280200001
VANAUSDT,2024-12-16,e2324,mature_d60_d66,61,1440.0,9.946949602122393,15.832182551666712,10.377510019376246,77.30333927284671,7.0,3817.1801386099996
VANAUSDT,2024-12-16,e2324,mature_d60_d66,62,1440.0,10.147133434804301,16.34454697959742,11.788663384610656,34.276094322381624,5.0,5298.34765633
VANAUSDT,2024-12-16,e2324,mature_d60_d66,63,1440.0,11.751867790352364,18.384658034757326,12.197090865740401,43.34844342889533,11.0,3362.1622870700003
VANAUSDT,2024-12-16,e2324,mature_d60_d66,64,1440.0,13.000372853377092,19.882524617101595,14.571207922126993,25.401811571998948,7.0,3888.8157803699996
VANAUSDT,2024-12-16,e2324,mature_d60_d66,65,1440.0,12.31418856084427,17.64757828221908,12.09099499103953,28.051998368635026,5.0,2643.1969865799997
VANAUSDT,2024-12-16,e2324,mature_d60_d66,66,1440.0,10.571755874491648,15.822093890235537,12.10214751385748,30.51108946687478,11.0,3244.8748708199996
VANRYUSDT,2024-03-14,e2324,listing_d1_d7,1,1440.0,44.664230997218354,67.4690696000845,45.50412565412804,13.28755889100706,0.0,12443.1768221
VANRYUSDT,2024-03-14,e2324,listing_d1_d7,2,1440.0,42.977158734233775,66.59355538492761,40.650636144665675,16.181669398289163,2.0,15146.3906663
VANRYUSDT,2024-03-14,e2324,listing_d1_d7,3,1440.0,42.52029377657479,64.213386438046,41.48072155188902,12.048590670911542,0.0,13893.4376424
VANRYUSDT,2024-03-14,e2324,listing_d1_d7,4,1440.0,34.199726402188816,51.055299576083186,36.422766796251636,6.538256774351044,0.0,18659.9668886
VANRYUSDT,2024-03-14,e2324,listing_d1_d7,5,1440.0,46.05710096038527,66.2362682515032,44.79560093223618,6.998646611974087,0.0,17661.6775711
VANRYUSDT,2024-03-14,e2324,listing_d1_d7,6,1440.0,39.76143577692644,57.52340153181639,36.3114804288432,7.209081166233347,1.0,16523.3402865
VANRYUSDT,2024-03-14,e2324,listing_d1_d7,7,1440.0,24.982155603140832,35.76218921541106,23.835644294054006,28.316164968138906,8.0,7128.678813500001
VANRYUSDT,2024-03-14,e2324,mature_d60_d66,60,1440.0,17.693897144765092,29.13752913752916,18.939699624568963,96.47196520223764,28.0,5354.514259099999
VANRYUSDT,2024-03-14,e2324,mature_d60_d66,61,1440.0,17.71479339540308,24.786988617114908,18.17110692784641,369.71116774658134,40.0,3712.1444754
VANRYUSDT,2024-03-14,e2324,mature_d60_d66,62,1440.0,12.2436497544153,24.330900243308434,21.24128163785237,175.2132557715873,53.0,5082.239441500001
VANRYUSDT,2024-03-14,e2324,mature_d60_d66,63,1440.0,18.53170582161238,32.60869565217334,21.93209997232963,37.08360920271674,25.0,9511.1583736
VANRYUSDT,2024-03-14,e2324,mature_d60_d66,64,1440.0,20.61855670103152,30.487804878048244,18.14395519442494,12.10726106533712,4.0,7233.002979199999
VANRYUSDT,2024-03-14,e2324,mature_d60_d66,65,1440.0,10.598834128246198,16.271187338383914,11.501752291651385,116.10787702422465,53.0,2944.4250135999996
VANRYUSDT,2024-03-14,e2324,mature_d60_d66,66,1440.0,11.305822498585528,20.814362966738962,13.636774822289652,22.83688151100954,39.0,3267.8447751
VELOUSDT,2024-05-20,e2324,listing_d1_d7,1,1440.0,21.84428626546899,33.06268410484339,19.799320903131576,11.01242415920573,2.0,8354.31792087
VELOUSDT,2024-05-20,e2324,listing_d1_d7,2,1440.0,23.31565354879775,34.78001570755295,22.556522702434563,12.575479849870106,5.0,6163.2927838099995
VELOUSDT,2024-05-20,e2324,listing_d1_d7,3,1440.0,21.814905639342218,35.05871514875124,25.47101991322798,36.58321222564399,4.0,4692.949937130001
VELOUSDT,2024-05-20,e2324,listing_d1_d7,4,1440.0,25.62116315948641,39.84278688560598,27.110228382860203,23.129779893597924,5.0,5711.17688254
VELOUSDT,2024-05-20,e2324,listing_d1_d7,5,1440.0,16.630288630513054,25.96944789527637,19.192454729714846,67.1615867355963,18.0,3209.47363937
VELOUSDT,2024-05-20,e2324,listing_d1_d7,6,1440.0,10.847458975307783,18.244638312511352,13.186526877411286,124.09863900732226,37.0,1870.26880657
VELOUSDT,2024-05-20,e2324,listing_d1_d7,7,1440.0,18.27941241026917,28.449720189405948,20.38449868334924,27.373276817414546,8.0,5998.3730256300005
VELOUSDT,2024-05-20,e2324,mature_d60_d66,60,1440.0,16.602373202338757,28.099049201307867,23.218857480614584,85.74563352488913,97.0,2564.78739026
VELOUSDT,2024-05-20,e2324,mature_d60_d66,61,1440.0,18.951488828589266,32.37146960553998,24.02803048924599,64.5572960788947,38.0,4048.7327279699994
VELOUSDT,2024-05-20,e2324,mature_d60_d66,62,1440.0,15.775066421718007,26.52347955033308,19.328415271674707,81.43594672019655,41.0,2626.46846783
VELOUSDT,2024-05-20,e2324,mature_d60_d66,63,1440.0,17.255041279316814,27.45723863567189,19.341340152675876,88.89361177246244,79.0,2249.10261962
VELOUSDT,2024-05-20,e2324,mature_d60_d66,64,1440.0,19.1580109692207,29.814876109816357,21.341569226693675,286.59777400518607,56.0,1884.8285608200003
VELOUSDT,2024-05-20,e2324,mature_d60_d66,65,1440.0,14.270086726938528,22.395342133265125,16.136840024465105,190.8615327692864,101.0,1522.0497364799999
VELOUSDT,2024-05-20,e2324,mature_d60_d66,66,1440.0,20.378012177806283,30.520374481408066,20.957616658567225,58.42494890985671,40.0,2105.51210379
VGXUSDT,2023-08-01,e2324,listing_d1_d7,1,1440.0,16.24206814361292,27.05112085646111,19.587369174812224,1983.2319652848996,96.0,1461.1780394700002
VGXUSDT,2023-08-01,e2324,listing_d1_d7,2,1440.0,12.196296793043848,21.389681368926297,16.36003913417446,2205.0537851052445,207.0,923.30707439
VGXUSDT,2023-08-01,e2324,listing_d1_d7,3,1440.0,15.408300769391273,27.808588636244384,21.971078151972264,1229.4632567812512,165.0,2847.0956362899997
VGXUSDT,2023-08-01,e2324,listing_d1_d7,4,1440.0,8.50229271464291,19.627085629880515,15.216457340091274,1974.104588273236,259.0,776.95518617
VGXUSDT,2023-08-01,e2324,listing_d1_d7,5,1440.0,12.356936809501782,21.402513595959064,19.282726337194987,1362.7488983085748,222.0,869.9652278399998
VGXUSDT,2023-08-01,e2324,listing_d1_d7,6,1440.0,18.986140421891548,30.21925367973079,22.557744715250987,909.1753054590422,120.0,1319.59188847
VGXUSDT,2023-08-01,e2324,listing_d1_d7,7,1440.0,17.474257092498394,30.974136685097434,24.091061763614135,885.4898881760273,102.0,3617.23934289
VGXUSDT,2023-08-01,e2324,mature_d60_d66,60,1440.0,0.0,4.164237614777272,10.214071353416548,1382.0393360211,692.0,380.86802751
VGXUSDT,2023-08-01,e2324,mature_d60_d66,61,1440.0,0.0,8.10916285581667,10.785329029796976,1557.5317331043727,650.0,311.81610591000003
VGXUSDT,2023-08-01,e2324,mature_d60_d66,62,1440.0,0.0,8.358059302434311,9.44879300697474,1169.5945330625427,583.0,363.65877439999997
VGXUSDT,2023-08-01,e2324,mature_d60_d66,63,1440.0,0.0,10.822755355031369,16.07478343423318,1417.9838859793115,539.0,1323.4130663800001
VGXUSDT,2023-08-01,e2324,mature_d60_d66,64,1440.0,0.83882061968658,10.911076182642944,15.668305575642577,1523.4218563749132,433.0,360.9232656500001
VGXUSDT,2023-08-01,e2324,mature_d60_d66,65,1440.0,0.0,6.734431968076553,7.533692130062848,1079.8249199178995,715.0,133.25537106
VGXUSDT,2023-08-01,e2324,mature_d60_d66,66,1440.0,0.0,5.04880511612202,7.6708389398512695,2340.4955508980556,771.0,173.27603258000002
VINEUSDT,2025-01-23,e2526,listing_d1_d7,1,1440.0,210.4628646417688,296.4698334296073,156.90207654917523,0.4884216376978555,0.0,441351.2910316499
VINEUSDT,2025-01-23,e2526,listing_d1_d7,2,1440.0,214.45842056543597,326.28932568588647,175.400458573694,0.20591173338196464,0.0,1133862.51022834
VINEUSDT,2025-01-23,e2526,listing_d1_d7,3,1440.0,115.95565463716552,167.12499155999012,89.55790250491032,0.12104012652485312,0.0,903736.3053821299
VINEUSDT,2025-01-23,e2526,listing_d1_d7,4,1440.0,82.40085537951619,117.61845481728659,68.28559403999341,0.1950410158277659,0.0,402563.05671691
VINEUSDT,2025-01-23,e2526,listing_d1_d7,5,1440.0,51.66694733547901,78.34162146301071,48.8996122025833,0.2473655042944866,0.0,235400.30371772
VINEUSDT,2025-01-23,e2526,listing_d1_d7,6,1440.0,62.73194618746461,88.2335409030836,51.869121582425095,0.226286543090632,0.0,296137.43586358
VINEUSDT,2025-01-23,e2526,listing_d1_d7,7,1440.0,33.52077754834063,50.107399106780086,30.131126397477196,0.2702690211624588,0.0,143118.22802629997
VINEUSDT,2025-01-23,e2526,mature_d60_d66,60,1440.0,25.19798416126732,42.57206308908138,30.409194353085713,4.029753153072974,1.0,27001.955849230002
VINEUSDT,2025-01-23,e2526,mature_d60_d66,61,1440.0,21.929824561403883,32.94893247309053,24.895372264676094,3.8240187184413497,2.0,21562.66400281
VINEUSDT,2025-01-23,e2526,mature_d60_d66,62,1440.0,19.02949640746206,27.82608695652181,18.69089517772714,5.589258798932139,0.0,11563.82926543
VINEUSDT,2025-01-23,e2526,mature_d60_d66,63,1440.0,15.148646632933584,22.6009988121544,15.039622732777325,9.411552210102137,6.0,7606.455441709999
VINEUSDT,2025-01-23,e2526,mature_d60_d66,64,1440.0,16.687526074259534,25.10460251046068,22.26191104164387,3.5948214312577766,3.0,29891.027105319998
VINEUSDT,2025-01-23,e2526,mature_d60_d66,65,1440.0,67.82215523737739,102.34213575129256,88.4137592025112,0.547505386009123,0.0,225361.70014182
VINEUSDT,2025-01-23,e2526,mature_d60_d66,66,1440.0,35.70897266969878,49.11736863858764,31.525580648527164,1.1649856734275177,0.0,51261.96701372999
VOXELUSDT,2024-08-21,e2324,listing_d1_d7,1,1440.0,25.516715108708127,40.04007016039324,24.955807079457838,15.770856070725014,4.0,8964.8124153
VOXELUSDT,2024-08-21,e2324,listing_d1_d7,2,1440.0,25.83979328165377,40.46535154274129,28.783577902498305,13.815851747873234,7.0,13665.4601432
VOXELUSDT,2024-08-21,e2324,listing_d1_d7,3,1440.0,24.408104944485135,39.23973199739501,26.561924537926625,17.033616667761816,3.0,10781.874206800001
VOXELUSDT,2024-08-21,e2324,listing_d1_d7,4,1440.0,33.28578221588237,49.061715024603764,32.98013676629464,10.641955536958372,1.0,11599.001353700001
VOXELUSDT,2024-08-21,e2324,listing_d1_d7,5,1440.0,40.57473945114423,58.61093627786473,36.45478282225441,16.578513526262487,0.0,73196.2482796
VOXELUSDT,2024-08-21,e2324,listing_d1_d7,6,1440.0,24.473813020068548,33.73900616932462,22.1745462682711,4.02122242459233,1.0,17246.388728100002
VOXELUSDT,2024-08-21,e2324,listing_d1_d7,7,1440.0,27.056277056277082,36.09023536307331,22.579709439443384,4.950055540994518,0.0,12523.8983863
VOXELUSDT,2024-08-21,e2324,mature_d60_d66,60,1440.0,6.281407035175188,12.562814070352118,13.468554791088566,335.5643491551502,263.0,1780.2892081999998
VOXELUSDT,2024-08-21,e2324,mature_d60_d66,61,1440.0,12.040939193257419,18.385170591842837,14.46236455770011,467.75589056215915,259.0,2963.4065141
VOXELUSDT,2024-08-21,e2324,mature_d60_d66,62,1440.0,16.963529769867378,24.630541871920606,25.816647954645862,199.63516180833162,217.0,7316.4482186
VOXELUSDT,2024-08-21,e2324,mature_d60_d66,63,1440.0,17.261219792865855,24.330900243309703,16.798912041097942,112.78189848348198,82.0,3347.1212297000006
VOXELUSDT,2024-08-21,e2324,mature_d60_d66,64,1440.0,6.222775357808898,12.572686771895567,10.904363282000503,246.65700906460287,207.0,1358.8614550999998
VOXELUSDT,2024-08-21,e2324,mature_d60_d66,65,1440.0,12.345679012346032,18.95135818066928,18.53784842396738,268.719132161681,160.0,2638.1752494
VOXELUSDT,2024-08-21,e2324,mature_d60_d66,66,1440.0,6.74308833445644,13.6518771331043,11.595744694057775,582.6403204726096,301.0,691.5879062000001
VTHOUSDT,2024-02-19,e2324,listing_d1_d7,1,1440.0,24.505191625517302,36.046592739667474,30.691060504170906,35.00026676016186,11.0,7099.688618599999
VTHOUSDT,2024-02-19,e2324,listing_d1_d7,2,1440.0,18.250027035706243,37.10384187797112,39.8027518589942,71.37746557833601,32.0,4803.5705855
VTHOUSDT,2024-02-19,e2324,listing_d1_d7,3,1440.0,23.930620528220025,40.52890248545245,28.84905917932026,92.62386975890934,41.0,3072.3621202
VTHOUSDT,2024-02-19,e2324,listing_d1_d7,4,1440.0,14.23198144218582,25.609697955443508,20.235613048281074,340.537781561562,153.0,1185.1315768
VTHOUSDT,2024-02-19,e2324,listing_d1_d7,5,1440.0,10.63490387440353,21.073713889030138,19.043786388756384,496.17348352057644,314.0,928.3181134
VTHOUSDT,2024-02-19,e2324,listing_d1_d7,6,1440.0,14.828937778910804,25.26448781460887,20.75273117685274,234.93650375233685,152.0,1313.3872849
VTHOUSDT,2024-02-19,e2324,listing_d1_d7,7,1440.0,26.16760010766217,44.31599723045531,32.81020586849316,241.9314206412897,87.0,3407.18348
VTHOUSDT,2024-02-19,e2324,mature_d60_d66,60,1440.0,11.51244807263026,20.972212172362536,17.50510298612526,484.47544292170124,178.0,988.6319974
VTHOUSDT,2024-02-19,e2324,mature_d60_d66,61,1440.0,8.486563621139187,16.628571296773245,14.904842793412897,451.04806774407984,214.0,742.3406406
VTHOUSDT,2024-02-19,e2324,mature_d60_d66,62,1440.0,10.54991446541689,20.81842456988536,18.96583117982926,340.29867836736474,219.0,1941.9289037
VTHOUSDT,2024-02-19,e2324,mature_d60_d66,63,1440.0,10.629816635662142,20.645161290323085,15.401484793256365,210.22938005592516,164.0,943.5265005
VTHOUSDT,2024-02-19,e2324,mature_d60_d66,64,1440.0,7.871949619522342,15.634160840058142,12.229703244810723,507.0744901375103,255.0,340.79811600000005
VTHOUSDT,2024-02-19,e2324,mature_d60_d66,65,1440.0,10.170354077271215,17.986804573162622,15.573040410513187,496.8051862095421,257.0,572.1868057
VTHOUSDT,2024-02-19,e2324,mature_d60_d66,66,1440.0,8.442380918516372,19.66982818025746,17.59391590774998,597.8999030322269,305.0,588.4142808
VVVUSDT,2025-01-28,e2526,listing_d1_d7,1,1440.0,99.38260892838424,144.94024484634656,79.15054026296815,0.6051883808234835,0.0,185210.98116234998
VVVUSDT,2025-01-28,e2526,listing_d1_d7,2,1440.0,55.81365689931745,81.89526668935547,43.48434294861245,0.5963309944276021,0.0,103182.28435466999
VVVUSDT,2025-01-28,e2526,listing_d1_d7,3,1440.0,58.15538823807939,83.63600073050682,50.52294315496834,0.8786800598887986,0.0,78728.6894337
VVVUSDT,2025-01-28,e2526,listing_d1_d7,4,1440.0,59.890343633067644,89.3496972807698,50.60000333647543,1.036044585997461,0.0,68824.18676114
VVVUSDT,2025-01-28,e2526,listing_d1_d7,5,1440.0,75.3920454571288,104.81501673082533,59.09471924704936,0.9461909391800415,0.0,83167.76676924001
VVVUSDT,2025-01-28,e2526,listing_d1_d7,6,1440.0,107.28500061682377,152.09412171765595,98.46995530240339,0.939573608490938,0.0,145120.95420413
VVVUSDT,2025-01-28,e2526,listing_d1_d7,7,1440.0,99.07515187685199,132.10413830981244,71.07475878403018,0.48237789593101094,0.0,206486.68746317
VVVUSDT,2025-01-28,e2526,mature_d60_d66,60,1440.0,11.070110701107431,15.643339213106378,13.657194973890107,84.99089371000535,30.0,2966.2311284800003
VVVUSDT,2025-01-28,e2526,mature_d60_d66,61,1440.0,7.578628268284289,15.152950497778097,12.258578107698051,98.42573062445,73.0,2071.70134303
VVVUSDT,2025-01-28,e2526,mature_d60_d66,62,1440.0,14.947685196499096,22.24900400378885,14.938776366486346,44.95909528817128,26.0,2682.15298314
VVVUSDT,2025-01-28,e2526,mature_d60_d66,63,1440.0,11.273957158963222,18.491124260354635,13.579738883648334,62.36132390489972,53.0,2604.7836614300004
VVVUSDT,2025-01-28,e2526,mature_d60_d66,64,1440.0,15.68319997540374,27.25060904700106,21.70465198971695,66.07134485306464,12.0,3439.16143462
VVVUSDT,2025-01-28,e2526,mature_d60_d66,65,1440.0,13.321494633839821,25.77873611615939,20.060318742037985,58.85051668863803,52.0,3125.2717538200004
VVVUSDT,2025-01-28,e2526,mature_d60_d66,66,1440.0,16.21731797844048,25.337837837836926,20.060399851945615,48.90185210380614,71.0,3294.9453263500004
WALUSDT,2025-03-27,e2526,listing_d1_d7,1,1440.0,63.7597506130801,99.92511831476322,59.88866932551889,0.3211316084258711,0.0,264424.6490867
WALUSDT,2025-03-27,e2526,listing_d1_d7,2,1440.0,33.354104004705036,47.30015692530884,24.80529311855181,0.6290779736601991,0.0,84665.10100499999
WALUSDT,2025-03-27,e2526,listing_d1_d7,3,1440.0,33.48881760619098,49.10274730958359,29.667005694103935,0.9173545957138525,0.0,58236.7940002
WALUSDT,2025-03-27,e2526,listing_d1_d7,4,1440.0,40.68932736690985,58.00707361220627,36.86794071713477,0.5448198374730446,0.0,110803.97218439999
WALUSDT,2025-03-27,e2526,listing_d1_d7,5,1440.0,41.28405432180007,59.27136540342954,33.02355532588185,0.31531769543415195,0.0,182468.2829507
WALUSDT,2025-03-27,e2526,listing_d1_d7,6,1440.0,37.90289495141826,52.942058117145955,29.825103194500592,0.3708561133948997,0.0,139415.37814390002
WALUSDT,2025-03-27,e2526,listing_d1_d7,7,1440.0,32.101553287820224,45.290544041945914,25.405781411929496,0.3591917148964798,0.0,125042.0909208
WALUSDT,2025-03-27,e2526,mature_d60_d66,60,1440.0,9.168424024993131,14.762191188461546,11.161120322098391,11.031652265758163,20.0,5655.9550624
WALUSDT,2025-03-27,e2526,mature_d60_d66,61,1440.0,12.459951739311773,18.284048221248053,13.99779828309373,6.154272795563591,9.0,8679.6915945
WALUSDT,2025-03-27,e2526,mature_d60_d66,62,1440.0,12.63363200064063,19.168772763914077,13.163710596344787,7.363368501816105,1.0,9347.2903781
WALUSDT,2025-03-27,e2526,mature_d60_d66,63,1440.0,12.772557354737685,19.507004788082817,13.94365600761373,5.266568769881343,2.0,9371.237008600001
WALUSDT,2025-03-27,e2526,mature_d60_d66,64,1440.0,18.453594878788607,28.150518097101994,21.34199589818106,3.5203222104814658,5.0,18453.7913
WALUSDT,2025-03-27,e2526,mature_d60_d66,65,1440.0,13.967875141399507,21.932011420653545,15.6545923939595,10.710629164539156,18.0,7395.563132199999
WALUSDT,2025-03-27,e2526,mature_d60_d66,66,1440.0,10.08166156027816,16.374149440404423,11.748699305447559,27.06247353000598,22.0,6763.3724739
WCTUSDT,2025-04-15,e2526,listing_d1_d7,1,1440.0,88.67197036746283,132.79393183965317,115.95064829554249,0.5813625488273393,0.0,378215.5630292001
WCTUSDT,2025-04-15,e2526,listing_d1_d7,2,1440.0,49.28664072632977,72.15967492945285,42.20987950391123,0.4185412255139724,0.0,151246.5649203
WCTUSDT,2025-04-15,e2526,listing_d1_d7,3,1440.0,28.712005577600088,42.80517104145098,26.07478177810127,0.5201027120648862,0.0,89161.9171359
WCTUSDT,2025-04-15,e2526,listing_d1_d7,4,1440.0,34.0916659700662,55.96351959314046,36.611933164438895,0.5704309117861032,0.0,109538.9374501
WCTUSDT,2025-04-15,e2526,listing_d1_d7,5,1440.0,50.65370424468502,73.16533005945809,43.7078379532289,0.3755240265866401,0.0,175661.9944486
WCTUSDT,2025-04-15,e2526,listing_d1_d7,6,1440.0,31.09775894984931,46.2598556801072,29.530693225057853,0.6853290262415838,0.0,89705.3811824
WCTUSDT,2025-04-15,e2526,listing_d1_d7,7,1440.0,27.017070283412206,39.62604074821777,27.66718305445474,0.730573242344357,0.0,68572.2361839
WCTUSDT,2025-04-15,e2526,mature_d60_d66,60,1440.0,13.161358252171635,19.025619006515782,12.853089122071717,1.7106013044432293,0.0,21228.473690900002
WCTUSDT,2025-04-15,e2526,mature_d60_d66,61,1440.0,13.234515616728439,20.744199153457743,14.18110208363937,1.5931935538042905,4.0,22641.8613235
WCTUSDT,2025-04-15,e2526,mature_d60_d66,62,1440.0,14.953271260228519,22.11578819580382,15.571293896655432,1.6065920858012452,2.0,20025.865156099997
WCTUSDT,2025-04-15,e2526,mature_d60_d66,63,1440.0,13.982104001673484,21.664078943486345,14.387159565337512,2.17948639426744,0.0,18473.5090383
WCTUSDT,2025-04-15,e2526,mature_d60_d66,64,1440.0,14.196479273140273,20.467836257309713,14.554546019349173,3.777312325431118,1.0,16976.7585286
WCTUSDT,2025-04-15,e2526,mature_d60_d66,65,1440.0,14.641289688827802,23.362783534620455,25.974834787206518,2.4942339923876777,0.0,35281.98171
WCTUSDT,2025-04-15,e2526,mature_d60_d66,66,1440.0,14.808233702478585,20.845741512805013,13.298070108495251,1.9792305829950412,2.0,15350.036982500002
WIFUSDT,2024-01-11,e2324,listing_d1_d7,1,1440.0,101.53152038705426,155.07824244067154,101.59229605190517,6.921597758852334,0.0,26744.1675308
WIFUSDT,2024-01-11,e2324,listing_d1_d7,2,1440.0,72.95517617945576,114.06487913970335,61.90444851224215,7.570101322889424,0.0,19244.143488600002
WIFUSDT,2024-01-11,e2324,listing_d1_d7,3,1440.0,99.90775564347948,151.24243365364737,95.26015442139361,1.5077197875353954,0.0,92896.7692089
WIFUSDT,2024-01-11,e2324,listing_d1_d7,4,1440.0,76.1625192634249,127.61859721936436,97.36508687941435,1.9611736293958995,0.0,73376.4686294
WIFUSDT,2024-01-11,e2324,listing_d1_d7,5,1440.0,77.50444766923718,122.11258605915626,74.78364099789944,2.895024843769483,0.0,45698.433956400004
WIFUSDT,2024-01-11,e2324,listing_d1_d7,6,1440.0,80.24838631855393,123.19820722498153,65.71259681159121,2.386316934160332,0.0,94664.30589280001
WIFUSDT,2024-01-11,e2324,listing_d1_d7,7,1440.0,84.81939111495403,128.07083512390776,73.70527494109204,0.6997016360926099,0.0,170831.93099150003
WIFUSDT,2024-01-11,e2324,mature_d60_d66,60,1440.0,31.764152855491886,46.67790818867715,27.508590496950944,0.2545387945577163,0.0,160380.73236579998
WIFUSDT,2024-01-11,e2324,mature_d60_d66,61,1440.0,36.90229049105682,53.16026748663656,30.017231844321223,0.24282537847255808,0.0,193113.93083889998
WIFUSDT,2024-01-11,e2324,mature_d60_d66,62,1440.0,45.676154129854936,65.12283944668394,37.13879298006555,0.18824467172609086,0.0,299698.89247220004
WIFUSDT,2024-01-11,e2324,mature_d60_d66,63,1440.0,65.08430400996951,89.68811980689823,49.979472658151806,0.09943082653899309,0.0,748449.814543
WIFUSDT,2024-01-11,e2324,mature_d60_d66,64,1440.0,70.60650615837939,99.82854907181083,52.62748293354641,0.12088402046483926,0.0,667984.4246679001
WIFUSDT,2024-01-11,e2324,mature_d60_d66,65,1440.0,58.631042606635226,80.73332471701181,44.99299492711895,0.16129687354759487,0.0,407169.3521411
WIFUSDT,2024-01-11,e2324,mature_d60_d66,66,1440.0,58.83409108466972,77.78228584501893,46.230649551479345,0.17617332293117466,0.0,409325.1234762
WLDUSDT,2023-07-24,e2324,listing_d1_d7,1,1440.0,50.923607751723374,79.869509029915,48.64136302012158,0.3238351132549008,0.0,266486.4659069
WLDUSDT,2023-07-24,e2324,listing_d1_d7,2,1440.0,36.3122871344471,54.811849619097124,34.31576874119257,0.31538185068442975,0.0,222348.858003
WLDUSDT,2023-07-24,e2324,listing_d1_d7,3,1440.0,19.052156355634217,30.799693121332506,19.339782814002795,0.539099597182329,0.0,79761.6128951
WLDUSDT,2023-07-24,e2324,listing_d1_d7,4,1440.0,18.331805682859777,27.425438167534132,16.802731829369687,0.6561818381597483,0.0,68324.71477400001
WLDUSDT,2023-07-24,e2324,listing_d1_d7,5,1440.0,13.268465280848702,21.961129596568878,16.682443962259335,1.5271068547865996,1.0,76803.34721610001
WLDUSDT,2023-07-24,e2324,listing_d1_d7,6,1440.0,16.583747927031524,22.177869763202665,18.783657754536932,0.49610869116087836,0.0,86463.4027607
WLDUSDT,2023-07-24,e2324,listing_d1_d7,7,1440.0,17.072132858063046,21.98768689533814,15.06797934532979,1.46058411540374,0.0,55451.780945000006
WLDUSDT,2023-07-24,e2324,mature_d60_d66,60,1440.0,25.856496444731764,38.17401275989916,24.112598045359046,0.45464869867945246,0.0,100813.3484626
WLDUSDT,2023-07-24,e2324,mature_d60_d66,61,1440.0,19.367333763719262,30.940594059406653,19.86371884604431,2.792206712746876,1.0,68370.9272646
WLDUSDT,2023-07-24,e2324,mature_d60_d66,62,1440.0,18.915510718790124,25.348542458808637,16.728318641828057,1.5472414514705541,1.0,49022.8252747
WLDUSDT,2023-07-24,e2324,mature_d60_d66,63,1440.0,23.255813953488392,30.665448705426574,21.13712393158033,0.5959001504437684,0.0,99848.48116099999
WLDUSDT,2023-07-24,e2324,mature_d60_d66,64,1440.0,18.0180180180187,24.05653448416844,15.805586275540962,0.5412606150548176,0.0,82245.9477688
WLDUSDT,2023-07-24,e2324,mature_d60_d66,65,1440.0,17.59530791788923,28.224675109359367,18.002785733404597,0.6655889893678648,0.0,72243.22473039999
WLDUSDT,2023-07-24,e2324,mature_d60_d66,66,1440.0,21.401819154628164,27.51788662630682,16.379890675726212,0.5814608421544039,0.0,78620.71560339999
WUSDT,2024-04-03,e2324,listing_d1_d7,1,1440.0,61.962171421874395,92.868855362881,54.14424750730742,0.37472158876601386,0.0,187466.77561854
WUSDT,2024-04-03,e2324,listing_d1_d7,2,1440.0,48.0720183002134,68.31790117843418,39.838293333521804,0.48119996681740645,0.0,122069.87644649
WUSDT,2024-04-03,e2324,listing_d1_d7,3,1440.0,37.3955037147653,54.93243662284125,34.36219968543338,0.41881094008923303,0.0,121062.09422121
WUSDT,2024-04-03,e2324,listing_d1_d7,4,1440.0,24.220637333359228,34.70188162931469,21.0260251784266,0.40279925981994674,0.0,75455.83249417
WUSDT,2024-04-03,e2324,listing_d1_d7,5,1440.0,22.857143365059468,31.552890503443045,19.08117398459118,0.35144198595905274,0.0,85060.29150276
WUSDT,2024-04-03,e2324,listing_d1_d7,6,1440.0,24.196341123021046,34.825004705125615,28.372805567598633,0.3040538198807409,0.0,120857.57950569
WUSDT,2024-04-03,e2324,listing_d1_d7,7,1440.0,27.667301536269132,39.28637415549011,23.51223665316158,0.36487879803517953,0.0,96306.54246894
WUSDT,2024-04-03,e2324,mature_d60_d66,60,1440.0,25.892991364479645,36.596145066842936,23.358868397186153,0.6740183467219804,0.0,70987.79297206
WUSDT,2024-04-03,e2324,mature_d60_d66,61,1440.0,20.456334102115378,29.79924717691363,18.314601092938563,0.7903715330018571,1.0,40240.65146526
WUSDT,2024-04-03,e2324,mature_d60_d66,62,1440.0,20.09118318155593,29.746791922533987,19.40471030941124,0.7084080211978847,0.0,53077.59071890001
WUSDT,2024-04-03,e2324,mature_d60_d66,63,1440.0,12.497071075224431,18.5335341961849,12.513627226346891,1.0012857671314603,3.0,26785.88780889
WUSDT,2024-04-03,e2324,mature_d60_d66,64,1440.0,16.145959578869803,28.32520220446801,21.307878274706916,0.7782415985467092,0.0,60748.95096082999
WUSDT,2024-04-03,e2324,mature_d60_d66,65,1440.0,30.565865578866312,45.05142964771137,39.73446893044819,0.3485850231766392,0.0,160516.44387832
WUSDT,2024-04-03,e2324,mature_d60_d66,66,1440.0,35.8003932744055,49.22201189632234,27.50485231848169,0.29506275718574704,0.0,163529.76799552
XAIUSDT,2024-01-10,e2324,listing_d1_d7,1,1440.0,66.42144782297862,105.58335215481208,61.78397017113727,1.2800837433764811,0.0,87937.781014
XAIUSDT,2024-01-10,e2324,listing_d1_d7,2,1440.0,31.19968527216293,45.33061970539954,31.39778429223092,8.156382217836802,1.0,25465.5448845
XAIUSDT,2024-01-10,e2324,listing_d1_d7,3,1440.0,31.777697771196703,47.382420649626674,29.682959090221473,8.038847392134006,1.0,20223.285512899998
XAIUSDT,2024-01-10,e2324,listing_d1_d7,4,1440.0,52.360878958387524,82.45319377461459,46.853931802264235,3.060977406198804,1.0,204167.63357579996
XAIUSDT,2024-01-10,e2324,listing_d1_d7,5,1440.0,59.093595285523385,84.81061255492342,49.589757877334755,0.1654042650238448,0.0,437200.63586
XAIUSDT,2024-01-10,e2324,listing_d1_d7,6,1440.0,48.60422550321797,70.72689362222185,46.577802153239965,0.17911872104704601,0.0,357541.2226876
XAIUSDT,2024-01-10,e2324,listing_d1_d7,7,1440.0,41.651573902641466,60.20246362307621,35.18797796747535,0.2039168953720798,0.0,263907.54488189996
XAIUSDT,2024-01-10,e2324,mature_d60_d66,60,1440.0,21.99388297727845,32.50401980819087,19.64133064021573,1.8115134986422263,0.0,29994.276552399995
XAIUSDT,2024-01-10,e2324,mature_d60_d66,61,1440.0,26.71710574301308,39.66414534095629,26.354516875963665,1.572387341979144,0.0,44941.8785426
XAIUSDT,2024-01-10,e2324,mature_d60_d66,62,1440.0,22.32532964969741,33.920928425952155,21.72669255428653,1.4787539927465818,0.0,37374.6381304
XAIUSDT,2024-01-10,e2324,mature_d60_d66,63,1440.0,14.882463205333046,21.805654924843388,13.436569484913843,1.9865454112286645,0.0,18051.949724500002
XAIUSDT,2024-01-10,e2324,mature_d60_d66,64,1440.0,19.196596977239505,30.187601826167572,18.61047435350932,2.0450281522175238,0.0,24133.8661059
XAIUSDT,2024-01-10,e2324,mature_d60_d66,65,1440.0,30.922932292007154,44.06235240108544,25.270937980441996,1.9367385659764744,0.0,42438.559226800004
XAIUSDT,2024-01-10,e2324,mature_d60_d66,66,1440.0,28.238952314618604,40.295365131611824,22.67281787684815,3.1512772883638647,0.0,23951.4475868
XIONUSDT,2024-12-05,e2324,listing_d1_d7,1,1440.0,88.44132787141432,144.64311372408247,88.01773929854899,1.0928670712531208,0.0,107428.77621919998
XIONUSDT,2024-12-05,e2324,listing_d1_d7,2,1440.0,75.30687537003098,109.61842801133356,67.04094051674188,0.8735297328833644,0.0,112189.88419229999
XIONUSDT,2024-12-05,e2324,listing_d1_d7,3,1440.0,47.06442423155507,67.69302696196915,44.99759701497432,1.0156725404285651,0.0,62082.51317
XIONUSDT,2024-12-05,e2324,listing_d1_d7,4,1440.0,57.635464285251594,87.45473520168832,63.15661909501076,0.8969312319775009,0.0,87758.6207281
XIONUSDT,2024-12-05,e2324,listing_d1_d7,5,1440.0,59.70492881659482,89.28325295256728,56.3524300104129,1.3645432762742868,0.0,55374.0583491
XIONUSDT,2024-12-05,e2324,listing_d1_d7,6,1440.0,46.384508720021664,67.52510973868773,40.233919097667716,1.4414299343890573,0.0,41257.6396498
XIONUSDT,2024-12-05,e2324,listing_d1_d7,7,1440.0,43.382224797936765,61.62337094815589,36.03590133408094,1.613902292813165,0.0,40056.892931500006
XIONUSDT,2024-12-05,e2324,mature_d60_d66,60,1440.0,49.35853395896376,73.8056792927277,59.83182239005438,31.68456713798948,24.0,5464.5453417
XIONUSDT,2024-12-05,e2324,mature_d60_d66,61,1440.0,29.097963142580046,47.60778538796259,32.6115166077791,49.87935770707566,63.0,2894.9678123
XIONUSDT,2024-12-05,e2324,mature_d60_d66,62,1440.0,36.49635036496353,58.50400058724267,38.76496199269439,264.8752102856222,47.0,5700.7393667999995
XIONUSDT,2024-12-05,e2324,mature_d60_d66,63,1440.0,39.71408383173093,57.672509917954144,34.23247578588707,13.681213229156505,1.0,7022.7937816
XIONUSDT,2024-12-05,e2324,mature_d60_d66,64,1440.0,44.910179640718596,64.43530241840301,37.670491545847916,10.543968671419698,1.0,11845.337099100001
XIONUSDT,2024-12-05,e2324,mature_d60_d66,65,1440.0,22.075055187638807,36.61663868649224,27.0398008663919,211.235677754264,81.0,3267.3630273999997
XIONUSDT,2024-12-05,e2324,mature_d60_d66,66,1440.0,21.11189303307532,35.9971202303808,28.189468841223626,185.20287927257274,62.0,4231.4057849
XRDUSDT,2023-12-12,e2324,listing_d1_d7,1,1440.0,29.28872343882129,48.90224682766924,29.184675690507262,212.79824892252373,131.0,3570.8093228000002
XRDUSDT,2023-12-12,e2324,listing_d1_d7,2,1440.0,22.405542370577496,42.968966358358365,22.029931047939453,61.79411287856367,74.0,4461.500835600001
XRDUSDT,2023-12-12,e2324,listing_d1_d7,3,1440.0,15.400293403456024,35.32123040475446,21.358624045543202,108.71533661286114,162.0,5062.2083174
XRDUSDT,2023-12-12,e2324,listing_d1_d7,4,1440.0,8.85151582208494,24.449910408538816,20.662019770503406,183.0796233053076,252.0,4312.6717104
XRDUSDT,2023-12-12,e2324,listing_d1_d7,5,1440.0,13.948622761985634,31.70110662156124,22.94222882923589,119.24117386572527,168.0,4469.1652202000005
XRDUSDT,2023-12-12,e2324,listing_d1_d7,6,1440.0,14.21127427759298,31.193794964030005,26.622001977147058,299.01453172895674,240.0,4363.8375339
XRDUSDT,2023-12-12,e2324,listing_d1_d7,7,1440.0,11.771630533927686,26.137579816824076,22.246881799434068,207.59454420132263,254.0,3836.8925112
XRDUSDT,2023-12-12,e2324,mature_d60_d66,60,1440.0,7.235891698283755,14.575598254574327,13.079149947455813,196.9136902828658,205.0,2490.322183
XRDUSDT,2023-12-12,e2324,mature_d60_d66,61,1440.0,7.307270842763892,12.26768425876568,10.812820199379251,57.555059776094595,142.0,3353.7795016
XRDUSDT,2023-12-12,e2324,mature_d60_d66,62,1440.0,7.515030060120804,14.639502910722094,12.153309279813627,72.80897535429146,133.0,4098.1335898
XRDUSDT,2023-12-12,e2324,mature_d60_d66,63,1440.0,7.35294161818476,14.50326323422753,11.384172259556546,56.130925574663955,149.0,3341.0089733999994
XRDUSDT,2023-12-12,e2324,mature_d60_d66,64,1440.0,9.211293714270866,14.161798696361767,11.942032296560527,122.2948053222424,140.0,2964.2155181999997
XRDUSDT,2023-12-12,e2324,mature_d60_d66,65,1440.0,9.35453746204069,16.340823044136034,15.758272979696107,60.29848418575223,90.0,5443.062517400001
XRDUSDT,2023-12-12,e2324,mature_d60_d66,66,1440.0,6.991377301328885,11.854664971320783,10.273072808354796,62.67829433740215,148.0,4154.1742228
XVGUSDT,2023-07-05,e2324,listing_d1_d7,1,1440.0,61.05431681086092,93.76499946613336,58.2202137053515,2.58884795181005,0.0,62000.11134055001
XVGUSDT,2023-07-05,e2324,listing_d1_d7,2,1440.0,50.263286747358116,78.83590252662191,52.12357191644114,0.4924477118747921,0.0,157966.2809743
XVGUSDT,2023-07-05,e2324,listing_d1_d7,3,1440.0,33.09936041525801,52.7673156083602,34.55091089894969,0.5424895297521035,0.0,107446.911376
XVGUSDT,2023-07-05,e2324,listing_d1_d7,4,1440.0,28.655267346542853,44.91454678356554,28.572534911921625,0.6355633393318372,0.0,92028.78947694998
XVGUSDT,2023-07-05,e2324,listing_d1_d7,5,1440.0,22.30642716168423,36.00901970388347,24.706950219238422,0.8938791535923976,0.0,59051.05481740001
XVGUSDT,2023-07-05,e2324,listing_d1_d7,6,1440.0,21.061163689899402,33.84319590429206,22.56041256378234,0.9575807623752509,1.0,51829.44139004999
XVGUSDT,2023-07-05,e2324,listing_d1_d7,7,1440.0,20.45150645864111,31.691003472698128,22.254032038145198,1.7670423674652358,1.0,45467.312997450004
XVGUSDT,2023-07-05,e2324,mature_d60_d66,60,1440.0,5.964363229853597,10.523546479747644,8.740634446530109,471.6231898176466,271.0,1495.2087276500001
XVGUSDT,2023-07-05,e2324,mature_d60_d66,61,1440.0,7.718431614696918,13.850415512464876,11.05831428867883,213.9669167327912,169.0,1808.3301383500002
XVGUSDT,2023-07-05,e2324,mature_d60_d66,62,1440.0,7.617306697207419,14.888713108729071,11.083144459898294,353.88760350112886,265.0,1470.88244565
XVGUSDT,2023-07-05,e2324,mature_d60_d66,63,1440.0,7.441583568983177,12.11570581649253,11.464007727980965,160.88761155257777,229.0,1344.61214915
XVGUSDT,2023-07-05,e2324,mature_d60_d66,64,1440.0,6.071645975483421,11.983223487117352,11.93393563845293,247.55318846177082,269.0,1391.922985
XVGUSDT,2023-07-05,e2324,mature_d60_d66,65,1440.0,5.889715116955846,10.562052236202788,10.08037018691306,316.374851899301,293.0,1197.05513225
XVGUSDT,2023-07-05,e2324,mature_d60_d66,66,1440.0,31.12434719046555,58.22280758706596,34.06497843943586,168.22733436037925,87.0,61611.84374784999
XVSUSDT,2023-09-08,e2324,listing_d1_d7,1,1440.0,15.735372616617052,27.82653626237393,24.178805085715624,658.9952887729969,71.0,6790.83368985
XVSUSDT,2023-09-08,e2324,listing_d1_d7,2,1440.0,14.79902003441422,26.347904766445218,30.537791012443574,543.1848747174022,76.0,4184.6406763800005
XVSUSDT,2023-09-08,e2324,listing_d1_d7,3,1440.0,17.425958124199955,28.423251897233747,21.283770286960696,342.16774839971146,56.0,2645.1615493300005
XVSUSDT,2023-09-08,e2324,listing_d1_d7,4,1440.0,14.767759502128957,24.977639309086992,20.594999532872055,394.89620454721944,77.0,3315.9924422000004
XVSUSDT,2023-09-08,e2324,listing_d1_d7,5,1440.0,7.994894053352632,16.057023639266585,13.08776884099443,767.5754354043731,207.0,1306.6449845500001
XVSUSDT,2023-09-08,e2324,listing_d1_d7,6,1440.0,6.435548367520467,13.90407972316285,11.61344195620341,1640.1480988242258,276.0,860.5749761399999
XVSUSDT,2023-09-08,e2324,listing_d1_d7,7,1440.0,9.614614668324828,17.98301243736489,16.04610548307865,1546.5731385021206,177.0,1919.86058146
XVSUSDT,2023-09-08,e2324,mature_d60_d66,60,1440.0,29.502220834858672,49.439021685405116,32.79436575023248,2.79338150476105,0.0,34480.49759357
XVSUSDT,2023-09-08,e2324,mature_d60_d66,61,1440.0,21.13666852438085,34.2881116823959,25.603041435426025,7.582366789523212,3.0,23280.97032085
XVSUSDT,2023-09-08,e2324,mature_d60_d66,62,1440.0,18.576437872645265,27.753509492024357,27.34721681844985,15.405162439011649,2.0,12244.094360100002
XVSUSDT,2023-09-08,e2324,mature_d60_d66,63,1440.0,18.32585362555658,27.363157746209357,20.620040198449487,14.006069349179116,4.0,10237.98225433
XVSUSDT,2023-09-08,e2324,mature_d60_d66,64,1440.0,16.79881438782761,26.894470615870095,19.933910695767512,15.749975152065206,5.0,9998.661858549998
XVSUSDT,2023-09-08,e2324,mature_d60_d66,65,1440.0,14.996025725592036,23.36937562966341,16.684090159769493,46.37511884877951,7.0,7103.759750419999
XVSUSDT,2023-09-08,e2324,mature_d60_d66,66,1440.0,19.602939299223554,31.42994741342676,23.78327804635474,22.32657123470936,6.0,17334.202118980003
ZBCNUSDT,2024-04-17,e2324,listing_d1_d7,1,1440.0,44.78283932827759,80.67229627056784,50.01864794944918,33.79554903528105,13.0,6890.1892751000005
ZBCNUSDT,2024-04-17,e2324,listing_d1_d7,2,1440.0,47.98464491362777,76.784101174344,50.40343242181401,38.06310112077459,9.0,5408.6380539
ZBCNUSDT,2024-04-17,e2324,listing_d1_d7,3,1440.0,32.35498208399911,58.47953216374265,34.07951039903024,44.47551269082962,21.0,3089.7702663000005
ZBCNUSDT,2024-04-17,e2324,listing_d1_d7,4,1440.0,39.963657303275895,64.5942672587806,34.25366724926239,45.312569450283334,3.0,6464.537550000001
ZBCNUSDT,2024-04-17,e2324,listing_d1_d7,5,1440.0,53.72581798494808,82.32872921806977,47.71721512898018,25.553756278593113,5.0,27633.7388696
ZBCNUSDT,2024-04-17,e2324,listing_d1_d7,6,1440.0,54.654780399767645,76.29042098840837,42.61752185652394,3.164922543518208,0.0,26467.652935000002
ZBCNUSDT,2024-04-17,e2324,listing_d1_d7,7,1440.0,37.87227727255648,58.16066884769159,33.31378211511954,7.224500617732139,1.0,10058.580823100001
ZBCNUSDT,2024-04-17,e2324,mature_d60_d66,60,1440.0,19.685039370078506,37.44150860172768,26.842238863224164,78.4895816756372,48.0,3930.6371384999998
ZBCNUSDT,2024-04-17,e2324,mature_d60_d66,61,1440.0,22.288261515601523,37.91229803829852,26.586106801483567,58.743615337277866,44.0,2502.3829959
ZBCNUSDT,2024-04-17,e2324,mature_d60_d66,62,1440.0,17.182130584192855,40.33071675909302,31.031688724593234,265.0611368863942,149.0,1628.1081707
ZBCNUSDT,2024-04-17,e2324,mature_d60_d66,63,1440.0,15.748031496061667,31.080031080031834,21.526414066780696,190.66255948697406,215.0,907.7445715
ZBCNUSDT,2024-04-17,e2324,mature_d60_d66,64,1440.0,14.743828025990362,22.970903522204935,18.10704280608094,197.26500961620744,243.0,809.3630936000001
ZBCNUSDT,2024-04-17,e2324,mature_d60_d66,65,1440.0,15.479876160991088,23.7906423473431,18.444125188159695,157.283399415489,287.0,873.6433796
ZBCNUSDT,2024-04-17,e2324,mature_d60_d66,66,1440.0,0.0,8.038585209004282,10.226667932190107,302.9216937326603,676.0,325.3688308999999
ZEREBROUSDT,2024-12-30,e2324,listing_d1_d7,1,1440.0,69.71936427197004,96.68715305313276,52.37276625337216,0.5263654855550396,0.0,158954.4829362
ZEREBROUSDT,2024-12-30,e2324,listing_d1_d7,2,1440.0,47.64342304427375,68.01853541960915,37.480915128102296,0.8817745049820616,0.0,63012.467247299996
ZEREBROUSDT,2024-12-30,e2324,listing_d1_d7,3,1440.0,64.7725346064557,95.85833893628116,56.13524399261741,0.5527822017636547,0.0,137580.4143667
ZEREBROUSDT,2024-12-30,e2324,listing_d1_d7,4,1440.0,39.84063846200981,55.69221738885307,35.36904189117797,0.9255682157202227,0.0,61317.6439507
ZEREBROUSDT,2024-12-30,e2324,listing_d1_d7,5,1440.0,29.526650906041763,41.3308536939514,23.765757013020878,1.0960305564119979,0.0,43945.075991499994
ZEREBROUSDT,2024-12-30,e2324,listing_d1_d7,6,1440.0,29.744033987494255,42.53352091568985,27.60319597940992,0.7393991990880522,0.0,59325.0965374
ZEREBROUSDT,2024-12-30,e2324,listing_d1_d7,7,1440.0,39.23008577298792,56.48448814301169,35.12789864047536,0.6640759978439849,0.0,90067.09163209998
ZEREBROUSDT,2024-12-30,e2324,mature_d60_d66,60,1440.0,52.01402488088317,72.17820653561557,45.861447635352796,1.4776713563086337,0.0,47463.62383428
ZEREBROUSDT,2024-12-30,e2324,mature_d60_d66,61,1440.0,34.45991267133995,48.29940595362862,28.868824959391766,1.670359739143496,0.0,27126.155479639998
ZEREBROUSDT,2024-12-30,e2324,mature_d60_d66,62,1440.0,64.94824704325276,89.41277040100879,55.68028478242263,1.563059417165354,0.0,47341.53415425
ZEREBROUSDT,2024-12-30,e2324,mature_d60_d66,63,1440.0,65.87293355229139,90.91807757288169,49.92489368100845,1.4061540603622655,0.0,51880.57073787
ZEREBROUSDT,2024-12-30,e2324,mature_d60_d66,64,1440.0,71.32203094701363,107.16818230211815,70.90934310355858,0.9749252132029,0.0,103533.96728857998
ZEREBROUSDT,2024-12-30,e2324,mature_d60_d66,65,1440.0,57.63295089478529,78.42393218354977,47.16688634278615,1.2621399527345143,0.0,52862.84564605001
ZEREBROUSDT,2024-12-30,e2324,mature_d60_d66,66,1440.0,48.18872167586143,67.5760262014642,36.634055474788894,1.5018372397845776,0.0,35518.80971924
ZETAUSDT,2024-02-01,e2324,listing_d1_d7,1,1440.0,74.38204219208251,117.2133406029247,69.43167515026771,0.14943440364910685,0.0,509525.32196719997
ZETAUSDT,2024-02-01,e2324,listing_d1_d7,2,1440.0,37.72609198281262,57.125861306871144,34.27449337692584,0.18545507380261914,0.0,254253.47838480002
ZETAUSDT,2024-02-01,e2324,listing_d1_d7,3,1440.0,27.812341236942906,41.78074667407581,23.716555740912455,0.2382653822582203,0.0,150226.5344856
ZETAUSDT,2024-02-01,e2324,listing_d1_d7,4,1440.0,28.343666997491766,43.231438466599954,27.839791328721937,0.23132187645580302,0.0,183691.96054650002
ZETAUSDT,2024-02-01,e2324,listing_d1_d7,5,1440.0,23.841262572038254,34.98798488052748,23.922714954184624,0.3196788004301409,0.0,121733.8879066
ZETAUSDT,2024-02-01,e2324,listing_d1_d7,6,1440.0,24.51695268033619,35.521283011680715,24.36503316277332,0.3798792193876395,0.0,104877.1229129
ZETAUSDT,2024-02-01,e2324,listing_d1_d7,7,1440.0,24.523383835090822,33.53300725148884,18.45844469910113,0.3861479417387075,0.0,90080.4407979
ZETAUSDT,2024-02-01,e2324,mature_d60_d66,60,1440.0,16.545611399341986,24.13193056158396,17.34075265899254,3.5878904344277145,1.0,14895.736610299999
ZETAUSDT,2024-02-01,e2324,mature_d60_d66,61,1440.0,19.217835747057745,28.870711152461926,19.19882113333397,6.226413583574003,3.0,12122.515762699999
ZETAUSDT,2024-02-01,e2324,mature_d60_d66,62,1440.0,20.373673850820754,29.424354938807998,18.469220650604672,5.885604930718317,0.0,8481.7338519
ZETAUSDT,2024-02-01,e2324,mature_d60_d66,63,1440.0,15.253768839490403,22.252924178484697,14.263955528742041,4.103873114672446,0.0,10951.586540199998
ZETAUSDT,2024-02-01,e2324,mature_d60_d66,64,1440.0,17.304668205858324,25.75770034631107,16.22339124329299,4.063170650839106,0.0,12564.6646062
ZETAUSDT,2024-02-01,e2324,mature_d60_d66,65,1440.0,8.650051384962469,13.285859545602877,9.111958807075885,7.718325982735795,2.0,6000.712606200001
ZETAUSDT,2024-02-01,e2324,mature_d60_d66,66,1440.0,8.581623743483732,12.892828364222174,9.100551897031622,14.117463067040767,1.0,3893.681873
ZEUSUSDT,2024-04-09,e2324,listing_d1_d7,1,1440.0,51.09936060216505,74.17784701709476,48.4030138792793,2.715410890521932,0.0,33176.0161561
ZEUSUSDT,2024-04-09,e2324,listing_d1_d7,2,1440.0,36.82991138749828,53.34269662921321,33.643042583923425,3.2263849015003094,0.0,20809.1351127
ZEUSUSDT,2024-04-09,e2324,listing_d1_d7,3,1440.0,34.41215413036036,56.31231380825566,55.98944923127433,4.355773218802471,0.0,21722.2918157
ZEUSUSDT,2024-04-09,e2324,listing_d1_d7,4,1440.0,53.81427061459763,91.85234966348558,70.23190692658775,4.354643401128094,0.0,40257.301729499995
ZEUSUSDT,2024-04-09,e2324,listing_d1_d7,5,1440.0,68.55493520313671,104.04892538024183,56.28755442505782,1.775254015657018,0.0,56252.4254099
ZEUSUSDT,2024-04-09,e2324,listing_d1_d7,6,1440.0,56.79581944625534,84.17617282203372,50.814005349074726,1.9200179921689136,0.0,50370.620885
ZEUSUSDT,2024-04-09,e2324,listing_d1_d7,7,1440.0,43.20922763406341,60.95238643715081,36.527882037637795,3.783193341894302,0.0,18092.997314800003
ZEUSUSDT,2024-04-09,e2324,mature_d60_d66,60,1440.0,19.11132454981685,29.062727052554926,19.55423212215659,18.216744533982606,8.0,4338.1179783
ZEUSUSDT,2024-04-09,e2324,mature_d60_d66,61,1440.0,15.748031496062714,23.80480094709166,16.580418190645158,36.588130386148926,15.0,3217.6307554
ZEUSUSDT,2024-04-09,e2324,mature_d60_d66,62,1440.0,18.61207257343892,26.96508169201508,16.484182267556047,45.47657833637232,27.0,3507.8526007
ZEUSUSDT,2024-04-09,e2324,mature_d60_d66,63,1440.0,19.382528406955753,30.37834852250732,21.19325631486943,65.8359384284852,13.0,3949.1024983
ZEUSUSDT,2024-04-09,e2324,mature_d60_d66,64,1440.0,17.316053372423944,29.090141001135716,20.150934992265796,28.726219788992537,25.0,3128.0854262999997
ZEUSUSDT,2024-04-09,e2324,mature_d60_d66,65,1440.0,15.101183401887592,24.207580414150506,17.962357735924527,51.24372142228723,31.0,3331.4384606
ZEUSUSDT,2024-04-09,e2324,mature_d60_d66,66,1440.0,17.929180140265,27.959998176296697,19.852337418799614,35.86513430083745,10.0,3395.6114871
ZKFUSDT,2024-01-17,e2324,listing_d1_d7,1,1440.0,35.83159471459965,57.20281318271843,36.71390503669073,28.68088842352582,8.0,4534.0476233
ZKFUSDT,2024-01-17,e2324,listing_d1_d7,2,1440.0,33.726847343986144,55.83668281957232,37.059060021513666,149.15623801223674,14.0,3448.7917391
ZKFUSDT,2024-01-17,e2324,listing_d1_d7,3,1440.0,33.14551242500767,60.120321070665234,40.47263059078589,132.8343429378185,8.0,3823.0335747
ZKFUSDT,2024-01-17,e2324,listing_d1_d7,4,1440.0,34.96503496503455,60.102175504855566,36.36673332410229,193.94715072627528,17.0,5824.350315400001
ZKFUSDT,2024-01-17,e2324,listing_d1_d7,5,1440.0,28.52050273359621,54.54236030320545,34.45050443111888,48.9569897301637,16.0,3904.0242855
ZKFUSDT,2024-01-17,e2324,listing_d1_d7,6,1440.0,23.346303501944575,46.57485820322019,36.539188159709596,234.39505152919378,60.0,3338.6443334
ZKFUSDT,2024-01-17,e2324,listing_d1_d7,7,1440.0,29.695619896065413,51.0204081632645,30.56262430226178,119.4883466507856,62.0,2209.648988
ZKFUSDT,2024-01-17,e2324,mature_d60_d66,60,1440.0,25.48112488284483,39.328509909861886,24.80161049277039,28.727955465593627,4.0,3458.96528534
ZKFUSDT,2024-01-17,e2324,mature_d60_d66,61,1440.0,22.581182356035754,37.42086147719352,27.42298566304037,170.8028736725844,12.0,3371.8948668799994
ZKFUSDT,2024-01-17,e2324,mature_d60_d66,62,1440.0,28.164347249834474,44.564924284907065,32.07397041400905,55.08654780527079,10.0,3058.51004285
ZKFUSDT,2024-01-17,e2324,mature_d60_d66,63,1440.0,25.68224915491859,40.56402762439603,29.3130043141035,45.74289132559917,8.0,2661.72464359
ZKFUSDT,2024-01-17,e2324,mature_d60_d66,64,1440.0,18.920105378820963,30.004638400280474,23.112799055798977,178.78692731436357,37.0,2273.84620256
ZKFUSDT,2024-01-17,e2324,mature_d60_d66,65,1440.0,23.740842062463244,35.989169399661705,26.436981115623553,179.5889779996836,28.0,2615.71716264
ZKFUSDT,2024-01-17,e2324,mature_d60_d66,66,1440.0,14.883167137967643,23.870801790315166,17.718913557269737,97.9365982342371,37.0,1350.8162154299998
ZKUSDT,2024-06-20,e2324,listing_d1_d7,1,1440.0,27.370898795531385,38.47426196587803,25.547597223530197,8.5324346434357,6.0,17399.108005065
ZKUSDT,2024-06-20,e2324,listing_d1_d7,2,1440.0,25.12014099762857,34.484402140909935,21.12689231157904,6.481858418922499,1.0,13651.225583816999
ZKUSDT,2024-06-20,e2324,listing_d1_d7,3,1440.0,20.297996854612464,29.462249780922157,19.244213918530317,5.214282518282381,1.0,12867.806974178002
ZKUSDT,2024-06-20,e2324,listing_d1_d7,4,1440.0,29.0199205364878,40.54994894663022,27.06355704658298,3.1504537163482005,0.0,21020.5905065
ZKUSDT,2024-06-20,e2324,listing_d1_d7,5,1440.0,24.271844741254178,33.22158808281814,22.474750753350946,2.7476310902401946,0.0,17783.62194771
ZKUSDT,2024-06-20,e2324,listing_d1_d7,6,1440.0,17.646879865424744,24.740539442652366,15.366442759288741,3.2036495176417694,0.0,13578.515998457
ZKUSDT,2024-06-20,e2324,listing_d1_d7,7,1440.0,19.011421808415264,27.529682073939558,17.088517598711146,3.9576751522062246,1.0,12406.499497976001
ZKUSDT,2024-06-20,e2324,mature_d60_d66,60,1440.0,13.721185969682546,19.6851211914692,13.211363430358489,3.8079605981539664,4.0,9482.087643351999
ZKUSDT,2024-06-20,e2324,mature_d60_d66,61,1440.0,11.561207724402113,16.44850495306785,11.094664898598953,5.786913353002851,4.0,6805.904685033999
ZKUSDT,2024-06-20,e2324,mature_d60_d66,62,1440.0,12.754998980636545,18.8719759407431,12.944193913708153,4.2735027859203,2.0,8803.264530183
ZKUSDT,2024-06-20,e2324,mature_d60_d66,63,1440.0,10.718114777707854,16.556291390727804,15.298176613684586,5.040660757679964,1.0,16371.461276150998
ZKUSDT,2024-06-20,e2324,mature_d60_d66,64,1440.0,13.618332932649949,20.628771495900416,14.064587232918262,3.6338784314743267,0.0,13277.816388695002
ZKUSDT,2024-06-20,e2324,mature_d60_d66,65,1440.0,13.030316193989496,19.684682218933503,12.617365753739671,2.4910072415447857,2.0,16889.207008286998
ZKUSDT,2024-06-20,e2324,mature_d60_d66,66,1440.0,14.083956220764934,20.561577520446644,13.41221988540107,6.486262583503265,0.0,9813.840369661
ZORAUSDT,2025-04-25,e2526,listing_d1_d7,1,1440.0,47.309284447072855,75.36239490850406,51.53076253928305,16.354122625019865,10.0,10471.578715300002
ZORAUSDT,2025-04-25,e2526,listing_d1_d7,2,1440.0,35.53450119114721,53.22294500295671,33.157633704337535,23.152995024202276,5.0,6892.3856868
ZORAUSDT,2025-04-25,e2526,listing_d1_d7,3,1440.0,40.860999852715786,65.77487188781407,40.852707261761765,10.95226688147308,3.0,12094.6076315
ZORAUSDT,2025-04-25,e2526,listing_d1_d7,4,1440.0,35.81020909770912,56.92606461474849,37.23027403024847,17.982683279282263,10.0,9560.873780900001
ZORAUSDT,2025-04-25,e2526,listing_d1_d7,5,1440.0,44.02054292002947,68.58539970608116,49.902730688679185,15.770479542230813,9.0,12443.067316699999
ZORAUSDT,2025-04-25,e2526,listing_d1_d7,6,1440.0,34.794778603995496,61.4203726633321,39.33384930271074,25.62283504284631,23.0,10793.989106699999
ZORAUSDT,2025-04-25,e2526,listing_d1_d7,7,1440.0,29.47678703021378,44.94382022471889,29.561190985796767,61.64996867138779,19.0,6224.0249051
ZORAUSDT,2025-04-25,e2526,mature_d60_d66,60,1440.0,10.114071352921702,18.130312313278182,14.232233407969373,306.0706278645644,177.0,662.26545748
ZORAUSDT,2025-04-25,e2526,mature_d60_d66,61,1440.0,9.483168577190655,16.24745075414476,11.880804661040253,302.055749559789,182.0,530.1808701500001
ZORAUSDT,2025-04-25,e2526,mature_d60_d66,62,1440.0,10.820560039780217,18.284883503088984,13.459534757819373,235.3471861056699,177.0,672.3077375199999
ZORAUSDT,2025-04-25,e2526,mature_d60_d66,63,1440.0,13.209246901108802,21.462425907515982,14.981870470683095,171.9817995745829,145.0,823.01886127
ZORAUSDT,2025-04-25,e2526,mature_d60_d66,64,1440.0,8.00138109878054,17.681936210376552,13.082783440374829,364.7439576470525,410.0,591.89621936
ZORAUSDT,2025-04-25,e2526,mature_d60_d66,65,1440.0,3.4488705974716423,12.527047520873307,12.09012029879883,441.79268614374024,584.0,648.16331917
ZORAUSDT,2025-04-25,e2526,mature_d60_d66,66,1440.0,8.31403433654644,17.724211272598158,14.990413575142062,445.27116023030925,326.0,963.4816000400001
ZRCUSDT,2024-11-25,e2324,listing_d1_d7,1,1440.0,72.5113411315969,129.05123707390618,85.64624496483418,2.672208778457781,0.0,53948.71973233
ZRCUSDT,2024-11-25,e2324,listing_d1_d7,2,1440.0,55.88673966255626,87.46265874582924,51.44875119176219,2.613063693592669,0.0,35853.95240722
ZRCUSDT,2024-11-25,e2324,listing_d1_d7,3,1440.0,28.5678802072246,44.422304387080885,25.78154371455811,3.072446368373256,2.0,23390.954155950003
ZRCUSDT,2024-11-25,e2324,listing_d1_d7,4,1440.0,17.778994405896732,28.737893911172883,16.738410469217033,7.700915833111117,8.0,10100.489158660002
ZRCUSDT,2024-11-25,e2324,listing_d1_d7,5,1440.0,12.921569545768486,19.42061828405656,14.486637974066307,63.858047095677406,31.0,4088.10712347
ZRCUSDT,2024-11-25,e2324,listing_d1_d7,6,1440.0,24.909868293835245,39.99512016106232,36.377753996519544,6.840848158148144,2.0,15311.58386073
ZRCUSDT,2024-11-25,e2324,listing_d1_d7,7,1440.0,18.447572283900268,31.288449797517462,22.20616506036621,16.001309721638215,30.0,8099.632960610001
ZRCUSDT,2024-11-25,e2324,mature_d60_d66,60,1440.0,16.41913584785417,24.015013034352723,14.802968494774932,32.85265798478708,13.0,2724.51471949
ZRCUSDT,2024-11-25,e2324,mature_d60_d66,61,1440.0,10.593220338983144,15.257862061844301,10.330170157935765,173.1925212291583,32.0,1184.44020804
ZRCUSDT,2024-11-25,e2324,mature_d60_d66,62,1440.0,9.092286710108274,13.660684324336673,12.334323004058916,90.2374742209292,33.0,2114.7871447400003
ZRCUSDT,2024-11-25,e2324,mature_d60_d66,63,1440.0,22.037233244744954,32.101386683804506,21.53432282950765,73.4061243029669,23.0,5310.53195911
ZRCUSDT,2024-11-25,e2324,mature_d60_d66,64,1440.0,14.680694983879661,22.353506420377272,14.366985523111257,189.62357456655855,22.0,2714.03275194
ZRCUSDT,2024-11-25,e2324,mature_d60_d66,65,1440.0,9.807126773944608,17.44647105471832,12.550755383380883,305.0934768970886,63.0,1524.66375212
ZRCUSDT,2024-11-25,e2324,mature_d60_d66,66,1440.0,9.550343140953046,15.787811809282044,11.221817095852273,663.3598368046974,98.0,1125.4440189499999
ZROUSDT,2024-06-20,e2324,listing_d1_d7,1,1440.0,43.9840626008174,63.829650992487366,36.874905954723836,0.8487385286387721,0.0,82615.69821115
ZROUSDT,2024-06-20,e2324,listing_d1_d7,2,1440.0,34.67577037874397,51.910951328079854,33.9515560846266,1.0384413032397317,0.0,60562.90582683
ZROUSDT,2024-06-20,e2324,listing_d1_d7,3,1440.0,24.92807886818969,36.69911558165971,26.51796641339053,1.1998720466206005,0.0,41434.69222206001
ZROUSDT,2024-06-20,e2324,listing_d1_d7,4,1440.0,31.16323909969628,42.55559587049025,26.32721510007383,1.1784433699130004,0.0,44910.39650027
ZROUSDT,2024-06-20,e2324,listing_d1_d7,5,1440.0,21.837637753445946,30.901256720093787,19.725595700594113,1.4469521462114656,0.0,29102.474723399995
ZROUSDT,2024-06-20,e2324,listing_d1_d7,6,1440.0,20.007893578327593,27.275139225565415,17.10748482730006,1.261384468885804,0.0,28447.80437631
ZROUSDT,2024-06-20,e2324,listing_d1_d7,7,1440.0,22.069291681741323,30.178553552252456,19.77325566081967,1.5384475604478673,0.0,35680.60916324
ZROUSDT,2024-06-20,e2324,mature_d60_d66,60,1440.0,14.184611234912904,20.47158841963167,12.689659354434932,1.6718291704306478,0.0,18891.22721036
ZROUSDT,2024-06-20,e2324,mature_d60_d66,61,1440.0,12.134011985687234,17.957399707954995,11.222595163896878,1.7316267313255285,0.0,14700.174534480002
ZROUSDT,2024-06-20,e2324,mature_d60_d66,62,1440.0,11.445782080273382,17.326221477069755,11.73844810890275,1.716739956032298,0.0,16642.244894479998
ZROUSDT,2024-06-20,e2324,mature_d60_d66,63,1440.0,11.758613002159343,16.857365677567813,10.909619287406661,1.4969064144833513,2.0,17011.16595403
ZROUSDT,2024-06-20,e2324,mature_d60_d66,64,1440.0,15.129417839496229,21.968591677553288,13.97808137188057,1.0134194094327076,0.0,31159.1238869
ZROUSDT,2024-06-20,e2324,mature_d60_d66,65,1440.0,15.162175643851269,22.861143990798176,18.200098576941016,0.7762089754080095,0.0,43045.791436010004
ZROUSDT,2024-06-20,e2324,mature_d60_d66,66,1440.0,21.580681489144432,31.429820788699217,20.12007387374528,0.8446199277932299,0.0,51893.03193526
