symbol,d0,era,week_block,side,entry_day,gross,funding,net45,net90,n_funding_events_hold,pump_cell,tdecay_cell,fund_cell,crowd_cell,btc_cell,pump01,tdecay,fund8h,btc30d
0GUSDT,2025-09-18,e2526,105644,short,1,-0.3915724929592529,-0.13601132,-0.5320838129592529,-0.536583812959253,97,pump_0_25,tdec_30_70,fund_flat,crowd_ge5,btc_up,0.12203999999999993,0.5917705470595681,0.0001,0.011867718928989746
0GUSDT,2025-09-18,e2526,105644,long,1,0.3915724929592529,0.13601132,0.523083812959253,0.5185838129592529,97,pump_0_25,tdec_30_70,fund_flat,crowd_ge5,btc_up,0.12203999999999993,0.5917705470595681,0.0001,0.011867718928989746
0GUSDT,2025-09-18,e2526,105644,short,2,-0.47318564365777255,-0.13631132,-0.6139969636577725,-0.6184969636577725,91,pump_0_25,tdec_lt30,fund_flat,crowd_ge5,btc_up,0.12203999999999993,0.2324295068671771,0.0001,0.0281533343944258
0GUSDT,2025-09-18,e2526,105644,long,2,0.47318564365777255,0.13631132,0.6049969636577726,0.6004969636577725,91,pump_0_25,tdec_lt30,fund_flat,crowd_ge5,btc_up,0.12203999999999993,0.2324295068671771,0.0001,0.0281533343944258
10000000AIDOGEUSDT,2024-03-05,e2324,105564,short,1,-0.49371884346959116,0.03410431,-0.46411453346959114,-0.46861453346959114,17,pump_0_25,tdec_lt30,fund_pos,crowd_24,btc_up,0.04132059800664467,0.21138059978708712,0.00119698,0.5487110178344725
10000000AIDOGEUSDT,2024-03-05,e2324,105564,long,1,0.49371884346959116,-0.03410431,0.45511453346959113,0.4506145334695911,17,pump_0_25,tdec_lt30,fund_pos,crowd_24,btc_up,0.04132059800664467,0.21138059978708712,0.00119698,0.5487110178344725
10000000AIDOGEUSDT,2024-03-05,e2324,105564,short,2,-0.5924744897959184,0.02975588,-0.5672186097959184,-0.5717186097959185,14,pump_0_25,tdec_lt30,fund_pos,crowd_24,btc_up,0.04132059800664467,0.09297286554737863,0.00176714,0.5518256239569768
10000000AIDOGEUSDT,2024-03-05,e2324,105564,long,2,0.5924744897959184,-0.02975588,0.5582186097959185,0.5537186097959185,14,pump_0_25,tdec_lt30,fund_pos,crowd_24,btc_up,0.04132059800664467,0.09297286554737863,0.00176714,0.5518256239569768
1000000BABYDOGEUSDT,2024-06-11,e2324,105578,short,1,0.18948237885462554,0.00168803,0.18667040885462555,0.18217040885462554,17,pump_0_25,tdec_lt30,fund_flat,crowd_ge5,btc_up,0.06691733740673289,0.13963112404931724,0.0001,0.08474886106050916
1000000BABYDOGEUSDT,2024-06-11,e2324,105578,long,1,-0.18948237885462554,-0.00168803,-0.19567040885462555,-0.20017040885462556,17,pump_0_25,tdec_lt30,fund_flat,crowd_ge5,btc_up,0.06691733740673289,0.13963112404931724,0.0001,0.08474886106050916
1000000BABYDOGEUSDT,2024-06-11,e2324,105578,short,2,0.12114879388583712,0.0014,0.11804879388583711,0.11354879388583712,14,pump_0_25,tdec_lt30,fund_flat,crowd_ge5,btc_up,0.06691733740673289,0.053726845884735946,0.0001,0.084432781984207
1000000BABYDOGEUSDT,2024-06-11,e2324,105578,long,2,-0.12114879388583712,-0.0014,-0.12704879388583712,-0.13154879388583712,14,pump_0_25,tdec_lt30,fund_flat,crowd_ge5,btc_up,0.06691733740673289,0.053726845884735946,0.0001,0.084432781984207
1000000CHEEMSUSDT,2024-11-25,e2324,105602,short,1,-0.12875806705493464,0.00263276,-0.13062530705493464,-0.13512530705493464,17,pump_le0,tdec_30_70,fund_pos,crowd_ge5,btc_up,-0.1646285338593031,0.4593897530748715,0.00085679,0.3532957555098373
1000000CHEEMSUSDT,2024-11-25,e2324,105602,long,1,0.12875806705493464,-0.00263276,0.12162530705493463,0.11712530705493464,17,pump_le0,tdec_30_70,fund_pos,crowd_ge5,btc_up,-0.1646285338593031,0.4593897530748715,0.00085679,0.3532957555098373
1000000CHEEMSUSDT,2024-11-25,e2324,105602,short,2,-0.001116850481641647,0.00233276,-0.0032840904816416466,-0.007784090481641646,14,pump_le0,tdec_30_70,fund_flat,crowd_ge5,btc_up,-0.1646285338593031,0.35474449580502077,0.0001,0.3711506899450445
1000000CHEEMSUSDT,2024-11-25,e2324,105602,long,2,0.001116850481641647,-0.00233276,-0.005715909518358353,-0.010215909518358351,14,pump_le0,tdec_30_70,fund_flat,crowd_ge5,btc_up,-0.1646285338593031,0.35474449580502077,0.0001,0.3711506899450445
1000000MOGUSDT,2024-05-16,e2324,105574,short,1,-0.5787318175398954,-0.00600506,-0.5892368775398954,-0.5937368775398955,17,pump_0_25,tdec_ge70,fund_pos,crowd_ge5,btc_up,0.11546943919344654,1.3202717915244795,0.00317151,0.0935260021226223
1000000MOGUSDT,2024-05-16,e2324,105574,long,1,0.5787318175398954,0.00600506,0.5802368775398955,0.5757368775398954,17,pump_0_25,tdec_ge70,fund_pos,crowd_ge5,btc_up,0.11546943919344654,1.3202717915244795,0.00317151,0.0935260021226223
1000000MOGUSDT,2024-05-16,e2324,105574,short,2,-0.8998980285520052,-0.00598893,-0.9103869585520051,-0.9148869585520052,14,pump_0_25,tdec_ge70,fund_flat,crowd_ge5,btc_up,0.11546943919344654,1.1154774688548503,-0.00021613,0.05407352183226144
1000000MOGUSDT,2024-05-16,e2324,105574,long,2,0.8998980285520052,0.00598893,0.9013869585520052,0.8968869585520052,14,pump_0_25,tdec_ge70,fund_flat,crowd_ge5,btc_up,0.11546943919344654,1.1154774688548503,-0.00021613,0.05407352183226144
1000000PEIPEIUSDT,2024-07-04,e2324,105581,short,1,-0.6630208333333332,-0.02230985,-0.6898306833333331,-0.6943306833333331,17,pump_0_25,tdec_30_70,fund_flat,crowd_01,btc_down,0.04518236254763197,0.3914435353083607,0.0001,-0.20435306983635226
1000000PEIPEIUSDT,2024-07-04,e2324,105581,long,1,0.6630208333333332,0.02230985,0.6808306833333332,0.6763306833333331,17,pump_0_25,tdec_30_70,fund_flat,crowd_01,btc_down,0.04518236254763197,0.3914435353083607,0.0001,-0.20435306983635226
1000000PEIPEIUSDT,2024-07-04,e2324,105581,short,2,-0.6021073758153536,-0.02218721,-0.6287945858153535,-0.6332945858153536,14,pump_0_25,tdec_lt30,fund_flat,crowd_01,btc_down,0.04518236254763197,0.1806825022828817,0.0001,-0.1783236724932874
1000000PEIPEIUSDT,2024-07-04,e2324,105581,long,2,0.6021073758153536,0.02218721,0.6197945858153536,0.6152945858153536,14,pump_0_25,tdec_lt30,fund_flat,crowd_01,btc_down,0.04518236254763197,0.1806825022828817,0.0001,-0.1783236724932874
1000000VINUUSDT,2023-11-28,e2324,105550,short,1,0.22284474968371584,0.01513673,0.23348147968371583,0.22898147968371582,17,pump_25_100,tdec_30_70,fund_pos,crowd_ge5,btc_up,0.5106479796141246,0.4252796821596481,0.00226482,0.0972998353699539
1000000VINUUSDT,2023-11-28,e2324,105550,long,1,-0.22284474968371584,-0.01513673,-0.24248147968371583,-0.24698147968371584,17,pump_25_100,tdec_30_70,fund_pos,crowd_ge5,btc_up,0.5106479796141246,0.4252796821596481,0.00226482,0.0972998353699539
1000000VINUUSDT,2023-11-28,e2324,105550,short,2,0.18990203466465716,0.01238628,0.19778831466465716,0.19328831466465715,14,pump_25_100,tdec_lt30,fund_pos,crowd_ge5,btc_up,0.5106479796141246,0.15443472512824538,0.00111056,0.08827678115562021
1000000VINUUSDT,2023-11-28,e2324,105550,long,2,-0.18990203466465716,-0.01238628,-0.20678831466465716,-0.21128831466465717,14,pump_25_100,tdec_lt30,fund_pos,crowd_ge5,btc_up,0.5106479796141246,0.15443472512824538,0.00111056,0.08827678115562021
10000COQUSDT,2024-03-12,e2324,105565,short,1,0.34032674118658646,0.0173014,0.3531281411865865,0.34862814118658647,17,pump_0_25,tdec_lt30,fund_pos,crowd_24,btc_up,0.09862081995087846,0.23767623537597726,0.00288069,0.46380469527170254
10000COQUSDT,2024-03-12,e2324,105565,long,1,-0.34032674118658646,-0.0173014,-0.3621281411865865,-0.3666281411865865,17,pump_0_25,tdec_lt30,fund_pos,crowd_24,btc_up,0.09862081995087846,0.23767623537597726,0.00288069,0.46380469527170254
10000COQUSDT,2024-03-12,e2324,105565,short,2,0.3001277139208174,0.01173983,0.3073675439208174,0.3028675439208174,14,pump_0_25,tdec_30_70,fund_pos,crowd_24,btc_up,0.09862081995087846,0.3388010154443667,0.00078387,0.4377896778138981
10000COQUSDT,2024-03-12,e2324,105565,long,2,-0.3001277139208174,-0.01173983,-0.3163675439208174,-0.3208675439208174,14,pump_0_25,tdec_30_70,fund_pos,crowd_24,btc_up,0.09862081995087846,0.3388010154443667,0.00078387,0.4377896778138981
10000ELONUSDT,2025-02-10,e2526,105613,short,1,0.05389797882579409,-0.0004665999999999999,0.0489313788257941,0.04443137882579409,35,pump_le0,tdec_lt30,fund_flat,crowd_24,btc_up,-0.08979413053000429,0.2783224260174874,0.0001,0.013105491482382936
10000ELONUSDT,2025-02-10,e2526,105613,long,1,-0.05389797882579409,0.0004665999999999999,-0.05793137882579409,-0.062431378825794095,35,pump_le0,tdec_lt30,fund_flat,crowd_24,btc_up,-0.08979413053000429,0.2783224260174874,0.0001,0.013105491482382936
10000ELONUSDT,2025-02-10,e2526,105613,short,2,0.08044901777362033,0.00006472000000000011,0.07601373777362033,0.07151373777362034,29,pump_le0,tdec_lt30,fund_flat,crowd_24,btc_up,-0.08979413053000429,0.11709973715283835,-0.0000799,0.03512816877265679
10000ELONUSDT,2025-02-10,e2526,105613,long,2,-0.08044901777362033,-0.00006472000000000011,-0.08501373777362034,-0.08951373777362033,29,pump_le0,tdec_lt30,fund_flat,crowd_24,btc_up,-0.08979413053000429,0.11709973715283835,-0.0000799,0.03512816877265679
10000LADYSUSDT,2023-05-11,e2324,105521,short,1,-0.21104815864022652,-0.03774279,-0.2532909486402265,-0.2577909486402265,17,pump_le0,tdec_ge70,fund_flat,crowd_01,btc_down,-0.5576441102756893,1.0152150951264682,0.0001,-0.10350172408021163
10000LADYSUSDT,2023-05-11,e2324,105521,long,1,0.21104815864022652,0.03774279,0.24429094864022652,0.23979094864022651,17,pump_le0,tdec_ge70,fund_flat,crowd_01,btc_down,-0.5576441102756893,1.0152150951264682,0.0001,-0.10350172408021163
10000LADYSUSDT,2023-05-11,e2324,105521,short,2,0.007544979686593146,-0.03573329,-0.032688310313406854,-0.03718831031340685,14,pump_le0,tdec_ge70,fund_neg,crowd_01,btc_down,-0.5576441102756893,0.9822932912612538,-0.00148618,-0.11852322648207558
10000LADYSUSDT,2023-05-11,e2324,105521,long,2,-0.007544979686593146,0.03573329,0.023688310313406853,0.019188310313406856,14,pump_le0,tdec_ge70,fund_neg,crowd_01,btc_down,-0.5576441102756893,0.9822932912612538,-0.00148618,-0.11852322648207558
10000NEXUSDT,2026-05-21,e2526,105679,short,1,0.18676504496195517,-0.01822399,0.16404105496195517,0.15954105496195517,35,pump_le0,tdec_ge70,fund_neg,crowd_ge5,btc_down,-0.19521246984598262,1.5288137969570337,-0.00533882,-0.0336564733585446
10000NEXUSDT,2026-05-21,e2526,105679,long,1,-0.18676504496195517,0.01822399,-0.17304105496195518,-0.17754105496195519,35,pump_le0,tdec_ge70,fund_neg,crowd_ge5,btc_down,-0.19521246984598262,1.5288137969570337,-0.00533882,-0.0336564733585446
10000NEXUSDT,2026-05-21,e2526,105679,short,2,0.22364076601364727,-0.00605858,0.21308218601364726,0.20858218601364725,29,pump_le0,tdec_ge70,fund_neg,crowd_ge5,btc_down,-0.19521246984598262,0.959548004578501,-0.00087958,-0.019245841233636374
10000NEXUSDT,2026-05-21,e2526,105679,long,2,-0.22364076601364727,0.00605858,-0.22208218601364726,-0.22658218601364727,29,pump_le0,tdec_ge70,fund_neg,crowd_ge5,btc_down,-0.19521246984598262,0.959548004578501,-0.00087958,-0.019245841233636374
10000NFTUSDT,2022-01-24,e2122,105454,short,1,-0.029961587708066513,0.00231607,-0.032145517708066514,-0.03664551770806651,17,pump_0_25,tdec_30_70,fund_flat,crowd_24,btc_down,0.0969101123595506,0.49065984534949303,0.0001,-0.27235387979433845
10000NFTUSDT,2022-01-24,e2122,105454,long,1,0.029961587708066513,-0.00231607,0.023145517708066513,0.018645517708066515,17,pump_0_25,tdec_30_70,fund_flat,crowd_24,btc_down,0.0969101123595506,0.49065984534949303,0.0001,-0.27235387979433845
10000NFTUSDT,2022-01-24,e2122,105454,short,2,-0.015143866733972649,0.00178212,-0.017861746733972648,-0.02236174673397265,14,pump_0_25,tdec_30_70,fund_flat,crowd_24,btc_down,0.0969101123595506,0.5690506443473841,0.0001,-0.2748464200842101
10000NFTUSDT,2022-01-24,e2122,105454,long,2,0.015143866733972649,-0.00178212,0.00886174673397265,0.00436174673397265,14,pump_0_25,tdec_30_70,fund_flat,crowd_24,btc_down,0.0969101123595506,0.5690506443473841,0.0001,-0.2748464200842101
10000QUBICUSDT,2024-12-24,e2324,105606,short,1,0.06058652916532387,0.00410705,0.06019357916532387,0.055693579165323866,17,pump_0_25,tdec_30_70,fund_pos,crowd_ge5,btc_up,0.04724940938238276,0.33682770066635515,0.00182112,0.06882599799363676
10000QUBICUSDT,2024-12-24,e2324,105606,long,1,-0.06058652916532387,-0.00410705,-0.06919357916532387,-0.07369357916532386,17,pump_0_25,tdec_30_70,fund_pos,crowd_ge5,btc_up,0.04724940938238276,0.33682770066635515,0.00182112,0.06882599799363676
10000QUBICUSDT,2024-12-24,e2324,105606,short,2,-0.0034423407917383614,0.00288826,-0.005054080791738361,-0.00955408079173836,14,pump_0_25,tdec_lt30,fund_flat,crowd_ge5,btc_up,0.04724940938238276,0.245779346402084,0.00035876,0.040397454621322604
10000QUBICUSDT,2024-12-24,e2324,105606,long,2,0.0034423407917383614,-0.00288826,-0.003945919208261638,-0.008445919208261638,14,pump_0_25,tdec_lt30,fund_flat,crowd_ge5,btc_up,0.04724940938238276,0.245779346402084,0.00035876,0.040397454621322604
10000SATSUSDT,2023-11-16,e2324,105548,short,1,0.2818428184281842,0.00912913,0.2864719484281842,0.2819719484281842,17,pump_le0,tdec_30_70,fund_pos,crowd_24,btc_up,-0.02466960352422909,0.49877394145507903,0.00155253,0.29421987982662823
10000SATSUSDT,2023-11-16,e2324,105548,long,1,-0.2818428184281842,-0.00912913,-0.2954719484281842,-0.2999719484281842,17,pump_le0,tdec_30_70,fund_pos,crowd_24,btc_up,-0.02466960352422909,0.49877394145507903,0.00155253,0.29421987982662823
10000SATSUSDT,2023-11-16,e2324,105548,short,2,0.19207317073170735,0.00703713,0.19461030073170735,0.19011030073170734,14,pump_le0,tdec_lt30,fund_pos,crowd_24,btc_up,-0.02466960352422909,0.24778303745234706,0.00118439,0.2753084827977934
10000SATSUSDT,2023-11-16,e2324,105548,long,2,-0.19207317073170735,-0.00703713,-0.20361030073170736,-0.20811030073170736,14,pump_le0,tdec_lt30,fund_pos,crowd_24,btc_up,-0.02466960352422909,0.24778303745234706,0.00118439,0.2753084827977934
10000STARLUSDT,2023-10-20,e2324,105544,short,1,0.37454808387563276,0.01202273,0.38207081387563274,0.37757081387563274,17,pump_25_100,tdec_ge70,fund_pos,crowd_01,btc_up,0.5201143108375468,5.626531075219904,0.00094043,0.12566984880152132
10000STARLUSDT,2023-10-20,e2324,105544,long,1,-0.37454808387563276,-0.01202273,-0.39107081387563275,-0.39557081387563275,17,pump_25_100,tdec_ge70,fund_pos,crowd_01,btc_up,0.5201143108375468,5.626531075219904,0.00094043,0.12566984880152132
10000STARLUSDT,2023-10-20,e2324,105544,short,2,0.6545527156549521,0.00979495,0.6598476656549521,0.6553476656549521,14,pump_25_100,tdec_ge70,fund_pos,crowd_01,btc_up,0.5201143108375468,20.159709452783016,0.00092246,0.1284739344342516
10000STARLUSDT,2023-10-20,e2324,105544,long,2,-0.6545527156549521,-0.00979495,-0.668847665654952,-0.6733476656549521,14,pump_25_100,tdec_ge70,fund_pos,crowd_01,btc_up,0.5201143108375468,20.159709452783016,0.00092246,0.1284739344342516
10000WENUSDT,2024-01-31,e2324,105559,short,1,0.1734677288245814,0.00546716,0.17443488882458139,0.16993488882458138,17,pump_le0,tdec_lt30,fund_flat,crowd_24,btc_down,-0.22570493454179252,0.1518224391306865,0.0001,-0.042774900531241
10000WENUSDT,2024-01-31,e2324,105559,long,1,-0.1734677288245814,-0.00546716,-0.1834348888245814,-0.1879348888245814,17,pump_le0,tdec_lt30,fund_flat,crowd_24,btc_down,-0.22570493454179252,0.1518224391306865,0.0001,-0.042774900531241
10000WENUSDT,2024-01-31,e2324,105559,short,2,0.048296518157993344,0.0039044600000000002,0.047700978157993346,0.04320097815799334,14,pump_le0,tdec_lt30,fund_flat,crowd_24,btc_up,-0.22570493454179252,0.08191610503767889,0.0003498,0.0071422073665967645
10000WENUSDT,2024-01-31,e2324,105559,long,2,-0.048296518157993344,-0.0039044600000000002,-0.05670097815799334,-0.061200978157993344,14,pump_le0,tdec_lt30,fund_flat,crowd_24,btc_up,-0.22570493454179252,0.08191610503767889,0.0003498,0.0071422073665967645
10000WHYUSDT,2024-10-04,e2324,105594,short,1,-0.044367283950617314,0.00277572,-0.04609156395061731,-0.05059156395061731,17,pump_le0,tdec_30_70,fund_flat,crowd_24,btc_up,-0.031751961150541685,0.30215274889782673,0.0001,0.10479871060809787
10000WHYUSDT,2024-10-04,e2324,105594,long,1,0.044367283950617314,-0.00277572,0.037091563950617315,0.03259156395061731,17,pump_le0,tdec_30_70,fund_flat,crowd_24,btc_up,-0.031751961150541685,0.30215274889782673,0.0001,0.10479871060809787
10000WHYUSDT,2024-10-04,e2324,105594,short,2,-0.03875671527244835,0.0024757200000000003,-0.04078099527244835,-0.04528099527244835,14,pump_le0,tdec_30_70,fund_flat,crowd_24,btc_up,-0.031751961150541685,0.3021247930676214,0.0001,0.16425445915378067
10000WHYUSDT,2024-10-04,e2324,105594,long,2,0.03875671527244835,-0.0024757200000000003,0.031780995272448355,0.02728099527244835,14,pump_le0,tdec_30_70,fund_flat,crowd_24,btc_up,-0.031751961150541685,0.3021247930676214,0.0001,0.16425445915378067
1000APUUSDT,2024-06-20,e2324,105579,short,1,-0.2213535304177865,0.00086651,-0.2249870204177865,-0.2294870204177865,17,pump_le0,tdec_30_70,fund_flat,crowd_24,btc_down,-0.19238358326756122,0.3600818210388504,0.0001,-0.0737146745922922
1000APUUSDT,2024-06-20,e2324,105579,long,1,0.2213535304177865,-0.00086651,0.2159870204177865,0.2114870204177865,17,pump_le0,tdec_30_70,fund_flat,crowd_24,btc_down,-0.19238358326756122,0.3600818210388504,0.0001,-0.0737146745922922
1000APUUSDT,2024-06-20,e2324,105579,short,2,-0.17623529411764713,0.00056651,-0.18016878411764714,-0.18466878411764714,14,pump_le0,tdec_lt30,fund_flat,crowd_24,btc_down,-0.19238358326756122,0.11797497807525845,0.0001,-0.05554681376405701
1000APUUSDT,2024-06-20,e2324,105579,long,2,0.17623529411764713,-0.00056651,0.17116878411764713,0.16666878411764713,14,pump_le0,tdec_lt30,fund_flat,crowd_24,btc_down,-0.19238358326756122,0.11797497807525845,0.0001,-0.05554681376405701
1000BEERUSDT,2024-05-31,e2324,105576,short,1,-1.772104607721046,-0.01734329,-1.793947897721046,-1.7984478977210459,17,pump_le0,tdec_30_70,fund_pos,crowd_ge5,btc_up,-0.06102789687621801,0.392995012739765,0.00070085,0.14843877053179377
1000BEERUSDT,2024-05-31,e2324,105576,long,1,1.772104607721046,0.01734329,1.784947897721046,1.780447897721046,17,pump_le0,tdec_30_70,fund_pos,crowd_ge5,btc_up,-0.06102789687621801,0.392995012739765,0.00070085,0.14843877053179377
1000BEERUSDT,2024-05-31,e2324,105576,short,2,-1.6349134772560732,-0.01780133,-1.657214807256073,-1.661714807256073,14,pump_le0,tdec_30_70,fund_flat,crowd_ge5,btc_up,-0.06102789687621801,0.3487143220109037,0.00024367,0.07848996796814967
1000BEERUSDT,2024-05-31,e2324,105576,long,2,1.6349134772560732,0.01780133,1.6482148072560732,1.6437148072560732,14,pump_le0,tdec_30_70,fund_flat,crowd_ge5,btc_up,-0.06102789687621801,0.3487143220109037,0.00024367,0.07848996796814967
1000BONKUSDT,2023-01-06,e2324,105503,short,1,0.5539814362481681,0.03578673,0.5852681662481681,0.5807681662481681,17,pump_le0,tdec_ge70,fund_neg,crowd_01,btc_down,-0.003892944038929369,0.9619144670156242,-0.00983522,-0.015776170138586232
1000BONKUSDT,2023-01-06,e2324,105503,long,1,-0.5539814362481681,-0.03578673,-0.594268166248168,-0.5987681662481681,17,pump_le0,tdec_ge70,fund_neg,crowd_01,btc_down,-0.003892944038929369,0.9619144670156242,-0.00983522,-0.015776170138586232
1000BONKUSDT,2023-01-06,e2324,105503,short,2,0.4395334561080418,0.03227845,0.4673119061080418,0.4628119061080418,14,pump_le0,tdec_30_70,fund_pos,crowd_01,btc_up,-0.003892944038929369,0.6670910204371918,0.00424673,0.0002044870296797896
1000BONKUSDT,2023-01-06,e2324,105503,long,2,-0.4395334561080418,-0.03227845,-0.4763119061080418,-0.4808119061080418,14,pump_le0,tdec_30_70,fund_pos,crowd_01,btc_up,-0.003892944038929369,0.6670910204371918,0.00424673,0.0002044870296797896
1000BTTUSDT,2022-02-25,e2122,105458,short,1,0.04697286012526097,0.00158993,0.04406279012526098,0.039562790125260976,17,pump_0_25,tdec_30_70,fund_flat,crowd_ge5,btc_up,0.04756697648988517,0.6644137511479269,0.0001,0.05261103108466503
1000BTTUSDT,2022-02-25,e2122,105458,long,1,-0.04697286012526097,-0.00158993,-0.053062790125260974,-0.05756279012526098,17,pump_0_25,tdec_30_70,fund_flat,crowd_ge5,btc_up,0.04756697648988517,0.6644137511479269,0.0001,0.05261103108466503
1000BTTUSDT,2022-02-25,e2122,105458,short,2,0.012439156300703092,0.0012899300000000001,0.009229086300703092,0.004729086300703093,14,pump_0_25,tdec_30_70,fund_flat,crowd_ge5,btc_down,0.04756697648988517,0.6322353453029412,0.0001,-0.0007560985315770985
1000BTTUSDT,2022-02-25,e2122,105458,long,2,-0.012439156300703092,-0.0012899300000000001,-0.018229086300703093,-0.02272908630070309,14,pump_0_25,tdec_30_70,fund_flat,crowd_ge5,btc_down,0.04756697648988517,0.6322353453029412,0.0001,-0.0007560985315770985
1000CATSUSDT,2024-10-11,e2324,105595,short,1,0.4540182270091135,-0.02851178,0.4210064470091135,0.4165064470091135,17,pump_25_100,tdec_ge70,fund_neg,crowd_24,btc_up,0.44897959183673475,1.692070613691544,-0.00857897,0.0873025980641875
1000CATSUSDT,2024-10-11,e2324,105595,long,1,-0.4540182270091135,0.02851178,-0.4300064470091135,-0.4345064470091135,17,pump_25_100,tdec_ge70,fund_neg,crowd_24,btc_up,0.44897959183673475,1.692070613691544,-0.00857897,0.0873025980641875
1000CATSUSDT,2024-10-11,e2324,105595,short,2,0.4338487972508591,-0.00881061,0.4205381872508591,0.4160381872508591,14,pump_25_100,tdec_ge70,fund_neg,crowd_24,btc_up,0.44897959183673475,1.7972904419981026,-0.00389562,0.0392350780517412
1000CATSUSDT,2024-10-11,e2324,105595,long,2,-0.4338487972508591,0.00881061,-0.4295381872508591,-0.43403818725085913,14,pump_25_100,tdec_ge70,fund_neg,crowd_24,btc_up,0.44897959183673475,1.7972904419981026,-0.00389562,0.0392350780517412
1000CATUSDT,2024-09-13,e2324,105591,short,1,-0.22514183338309937,0.00452267,-0.22511916338309937,-0.22961916338309937,17,pump_0_25,tdec_30_70,fund_flat,crowd_24,btc_up,0.0508315029808597,0.3212344071456109,0.0001,0.042633428321559697
1000CATUSDT,2024-09-13,e2324,105591,long,1,0.22514183338309937,-0.00452267,0.21611916338309936,0.21161916338309936,17,pump_0_25,tdec_30_70,fund_flat,crowd_24,btc_up,0.0508315029808597,0.3212344071456109,0.0001,0.042633428321559697
1000CATUSDT,2024-09-13,e2324,105591,short,2,-0.204992657856094,0.00422267,-0.205269987856094,-0.209769987856094,14,pump_0_25,tdec_lt30,fund_flat,crowd_24,btc_up,0.0508315029808597,0.24786970592291108,0.0001,0.004268479184367013
1000CATUSDT,2024-09-13,e2324,105591,long,2,0.204992657856094,-0.00422267,0.19626998785609398,0.19176998785609398,14,pump_0_25,tdec_lt30,fund_flat,crowd_24,btc_up,0.0508315029808597,0.24786970592291108,0.0001,0.004268479184367013
1000FLOKIUSDT,2023-02-24,e2324,105510,short,1,0.1574476900766522,0.0021556400000000003,0.15510333007665222,0.15060333007665222,17,pump_le0,tdec_lt30,fund_flat,crowd_24,btc_up,-0.004331683168316891,0.1626438416619466,0.0001,0.006489752450500985
1000FLOKIUSDT,2023-02-24,e2324,105510,long,1,-0.1574476900766522,-0.0021556400000000003,-0.16410333007665223,-0.16860333007665224,17,pump_le0,tdec_lt30,fund_flat,crowd_24,btc_up,-0.004331683168316891,0.1626438416619466,0.0001,0.006489752450500985
1000FLOKIUSDT,2023-02-24,e2324,105510,short,2,0.20690327613104528,0.0018556400000000002,0.20425891613104527,0.19975891613104527,14,pump_le0,tdec_30_70,fund_flat,crowd_24,btc_up,-0.004331683168316891,0.36576551320818973,0.0001,0.020909563860227243
1000FLOKIUSDT,2023-02-24,e2324,105510,long,2,-0.20690327613104528,-0.0018556400000000002,-0.21325891613104528,-0.21775891613104528,14,pump_le0,tdec_30_70,fund_flat,crowd_24,btc_up,-0.004331683168316891,0.36576551320818973,0.0001,0.020909563860227243
1000IQ50USDT,2024-03-19,e2324,105566,short,1,0.4030479494486433,0.00721374,0.4057616894486433,0.4012616894486433,17,pump_25_100,tdec_30_70,fund_flat,crowd_ge5,btc_up,0.6142000000000001,0.454686754602847,0.00040067,0.30947854767644056
1000IQ50USDT,2024-03-19,e2324,105566,long,1,-0.4030479494486433,-0.00721374,-0.41476168944864333,-0.41926168944864334,17,pump_25_100,tdec_30_70,fund_flat,crowd_ge5,btc_up,0.6142000000000001,0.454686754602847,0.00040067,0.30947854767644056
1000IQ50USDT,2024-03-19,e2324,105566,short,2,0.3175637393767705,0.00652795,0.3195916893767705,0.3150916893767705,14,pump_25_100,tdec_lt30,fund_flat,crowd_ge5,btc_up,0.6142000000000001,0.13626123176186863,0.00026636,0.2533875468327753
1000IQ50USDT,2024-03-19,e2324,105566,long,2,-0.3175637393767705,-0.00652795,-0.3285916893767705,-0.33309168937677053,14,pump_25_100,tdec_lt30,fund_flat,crowd_ge5,btc_up,0.6142000000000001,0.13626123176186863,0.00026636,0.2533875468327753
1000LUNCUSDT,2022-09-09,e2122,105486,short,1,0.3017042837402118,-0.01389685,0.2833074337402118,0.2788074337402118,17,pump_le0,tdec_30_70,fund_neg,crowd_01,btc_down,-0.16193784983593906,0.6255665427050509,-0.00069192,-0.0958958498767083
1000LUNCUSDT,2022-09-09,e2122,105486,long,1,-0.3017042837402118,0.01389685,-0.2923074337402118,-0.2968074337402118,17,pump_le0,tdec_30_70,fund_neg,crowd_01,btc_down,-0.16193784983593906,0.6255665427050509,-0.00069192,-0.0958958498767083
1000LUNCUSDT,2022-09-09,e2122,105486,short,2,0.2987974098057354,-0.01035996,0.2839374498057354,0.27943744980573537,14,pump_le0,tdec_30_70,fund_neg,crowd_01,btc_down,-0.16193784983593906,0.6146611295410184,-0.00167292,-0.10535923046947104
1000LUNCUSDT,2022-09-09,e2122,105486,long,2,-0.2987974098057354,0.01035996,-0.2929374498057354,-0.2974374498057354,14,pump_le0,tdec_30_70,fund_neg,crowd_01,btc_down,-0.16193784983593906,0.6146611295410184,-0.00167292,-0.10535923046947104
1000MUMUUSDT,2024-09-23,e2324,105593,short,1,0.17726719415702985,0.0092266,0.18199379415702985,0.17749379415702984,17,pump_25_100,tdec_30_70,fund_pos,crowd_01,btc_up,0.34782608695652173,0.4264698899725815,0.00094739,0.0010548309543805257
1000MUMUUSDT,2024-09-23,e2324,105593,long,1,-0.17726719415702985,-0.0092266,-0.19099379415702986,-0.19549379415702986,17,pump_25_100,tdec_30_70,fund_pos,crowd_01,btc_up,0.34782608695652173,0.4264698899725815,0.00094739,0.0010548309543805257
1000MUMUUSDT,2024-09-23,e2324,105593,short,2,0.043479115479115454,0.0080612,0.047040315479115455,0.04254031547911545,14,pump_25_100,tdec_30_70,fund_flat,crowd_01,btc_up,0.34782608695652173,0.30615087920248396,0.0001,0.005064318919951516
1000MUMUUSDT,2024-09-23,e2324,105593,long,2,-0.043479115479115454,-0.0080612,-0.05604031547911545,-0.06054031547911545,14,pump_25_100,tdec_30_70,fund_flat,crowd_01,btc_up,0.34782608695652173,0.30615087920248396,0.0001,0.005064318919951516
1000NEIROCTOUSDT,2024-09-16,e2324,105592,short,1,-0.8324791288566242,0.00441364,-0.8325654888566242,-0.8370654888566242,17,pump_25_100,tdec_ge70,fund_neg,crowd_24,btc_up,0.9942380635260732,1.792324845922986,-0.00066912,0.03199478139381973
1000NEIROCTOUSDT,2024-09-16,e2324,105592,long,1,0.8324791288566242,-0.00441364,0.8235654888566243,0.8190654888566242,17,pump_25_100,tdec_ge70,fund_neg,crowd_24,btc_up,0.9942380635260732,1.792324845922986,-0.00066912,0.03199478139381973
1000NEIROCTOUSDT,2024-09-16,e2324,105592,short,2,-0.31136162917554144,0.00359313,-0.31226849917554145,-0.31676849917554145,14,pump_25_100,tdec_ge70,fund_flat,crowd_24,btc_up,0.9942380635260732,3.746966419013402,0.0001,0.03938798631066298
1000NEIROCTOUSDT,2024-09-16,e2324,105592,long,2,0.31136162917554144,-0.00359313,0.30326849917554144,0.29876849917554144,14,pump_25_100,tdec_ge70,fund_flat,crowd_24,btc_up,0.9942380635260732,3.746966419013402,0.0001,0.03938798631066298
1000PEPEUSDT,2023-05-03,e2324,105520,short,1,0.019214063058919744,-0.009856390000000001,0.004857673058919743,0.0003576730589197434,17,pump_gt100,tdec_ge70,fund_neg,crowd_01,btc_up,1.1236028214867066,4.351128423042115,-0.00735821,0.023772899888808707
1000PEPEUSDT,2023-05-03,e2324,105520,long,1,-0.019214063058919744,0.009856390000000001,-0.013857673058919742,-0.018357673058919742,17,pump_gt100,tdec_ge70,fund_neg,crowd_01,btc_up,1.1236028214867066,4.351128423042115,-0.00735821,0.023772899888808707
1000PEPEUSDT,2023-05-03,e2324,105520,short,2,0.48624123347074255,0.0016379200000000002,0.48337915347074256,0.47887915347074256,14,pump_gt100,tdec_ge70,fund_flat,crowd_01,btc_up,1.1236028214867066,15.927733404214605,0.0001,0.04761194400934832
1000PEPEUSDT,2023-05-03,e2324,105520,long,2,-0.48624123347074255,-0.0016379200000000002,-0.49237915347074257,-0.4968791534707426,14,pump_gt100,tdec_ge70,fund_flat,crowd_01,btc_up,1.1236028214867066,15.927733404214605,0.0001,0.04761194400934832
1000RATSUSDT,2023-11-22,e2324,105549,short,1,0.26986486486486483,0.00915405,0.27451891486486485,0.27001891486486485,17,pump_0_25,tdec_30_70,fund_pos,crowd_ge5,btc_up,0.041226959335866065,0.3058283043903893,0.00074493,0.09906647257468504
1000RATSUSDT,2023-11-22,e2324,105549,long,1,-0.26986486486486483,-0.00915405,-0.28351891486486486,-0.28801891486486486,17,pump_0_25,tdec_30_70,fund_pos,crowd_ge5,btc_up,0.041226959335866065,0.3058283043903893,0.00074493,0.09906647257468504
1000RATSUSDT,2023-11-22,e2324,105549,short,2,0.19297983569828223,0.00740171,0.19588154569828223,0.19138154569828222,14,pump_0_25,tdec_30_70,fund_flat,crowd_ge5,btc_up,0.041226959335866065,0.3512862890995259,0.0001,0.09331980872337353
1000RATSUSDT,2023-11-22,e2324,105549,long,2,-0.19297983569828223,-0.00740171,-0.20488154569828224,-0.20938154569828224,14,pump_0_25,tdec_30_70,fund_flat,crowd_ge5,btc_up,0.041226959335866065,0.3512862890995259,0.0001,0.09331980872337353
1000TAGUSDT,2025-07-28,e2526,105637,short,1,0.06445898064867812,0.00329142,0.06325040064867812,0.058750400648678126,35,pump_0_25,tdec_30_70,fund_flat,crowd_24,btc_up,0.02629370629370631,0.6996862546249986,0.0001,0.08870902222041677
1000TAGUSDT,2025-07-28,e2526,105637,long,1,-0.06445898064867812,-0.00329142,-0.07225040064867813,-0.07675040064867812,35,pump_0_25,tdec_30_70,fund_flat,crowd_24,btc_up,0.02629370629370631,0.6996862546249986,0.0001,0.08870902222041677
1000TAGUSDT,2025-07-28,e2526,105637,short,2,0.03091473743647661,0.00283262,0.02924735743647661,0.02474735743647661,29,pump_0_25,tdec_30_70,fund_flat,crowd_24,btc_up,0.02629370629370631,0.46346695915453184,0.0004176,0.09992790517850003
1000TAGUSDT,2025-07-28,e2526,105637,long,2,-0.03091473743647661,-0.00283262,-0.03824735743647661,-0.04274735743647661,29,pump_0_25,tdec_30_70,fund_flat,crowd_24,btc_up,0.02629370629370631,0.46346695915453184,0.0004176,0.09992790517850003
1000TOSHIUSDT,2024-12-05,e2324,105603,short,1,0.2015313935681471,0.00324047,0.20027186356814708,0.19577186356814708,17,pump_0_25,tdec_30_70,fund_flat,crowd_ge5,btc_up,0.10192372595342558,0.4543885430054837,0.0001,0.3199739682195346
1000TOSHIUSDT,2024-12-05,e2324,105603,long,1,-0.2015313935681471,-0.00324047,-0.2092718635681471,-0.2137718635681471,17,pump_0_25,tdec_30_70,fund_flat,crowd_ge5,btc_up,0.10192372595342558,0.4543885430054837,0.0001,0.3199739682195346
1000TOSHIUSDT,2024-12-05,e2324,105603,short,2,0.21357466063348424,0.00267338,0.21174804063348424,0.20724804063348423,14,pump_0_25,tdec_lt30,fund_flat,crowd_ge5,btc_up,0.10192372595342558,0.26628433150232667,0.00036709,0.3168140146662659
1000TOSHIUSDT,2024-12-05,e2324,105603,long,2,-0.21357466063348424,-0.00267338,-0.22074804063348424,-0.22524804063348425,14,pump_0_25,tdec_lt30,fund_flat,crowd_ge5,btc_up,0.10192372595342558,0.26628433150232667,0.00036709,0.3168140146662659
1000TURBOUSDT,2024-02-29,e2324,105563,short,1,0.043134872417982965,0.01743764,0.056072512417982966,0.05157251241798296,17,pump_25_100,tdec_ge70,fund_pos,crowd_01,btc_up,0.5525372571212976,0.7537807460821928,0.00136595,0.46683054189275897
1000TURBOUSDT,2024-02-29,e2324,105563,long,1,-0.043134872417982965,-0.01743764,-0.06507251241798297,-0.06957251241798296,17,pump_25_100,tdec_ge70,fund_pos,crowd_01,btc_up,0.5525372571212976,0.7537807460821928,0.00136595,0.46683054189275897
1000TURBOUSDT,2024-02-29,e2324,105563,short,2,0.2234493639680505,0.0102133,0.22916266396805052,0.2246626639680505,14,pump_25_100,tdec_30_70,fund_pos,crowd_01,btc_up,0.5525372571212976,0.4430626397193529,0.00291033,0.440995620532874
1000TURBOUSDT,2024-02-29,e2324,105563,long,2,-0.2234493639680505,-0.0102133,-0.23816266396805053,-0.24266266396805053,14,pump_25_100,tdec_30_70,fund_pos,crowd_01,btc_up,0.5525372571212976,0.4430626397193529,0.00291033,0.440995620532874
1000XECUSDT,2022-04-13,e2122,105465,short,1,0.009455493968046905,0.0017000000000000001,0.006655493968046906,0.002155493968046906,17,pump_le0,tdec_30_70,fund_flat,crowd_ge5,btc_up,-0.0005431240495330503,0.33833862527251335,0.0001,0.016547861507128392
1000XECUSDT,2022-04-13,e2122,105465,long,1,-0.009455493968046905,-0.0017000000000000001,-0.015655493968046906,-0.020155493968046903,17,pump_le0,tdec_30_70,fund_flat,crowd_ge5,btc_up,-0.0005431240495330503,0.33833862527251335,0.0001,0.016547861507128392
1000XECUSDT,2022-04-13,e2122,105465,short,2,0.024092515258593017,0.0014,0.020992515258593015,0.016492515258593014,14,pump_le0,tdec_30_70,fund_flat,crowd_ge5,btc_down,-0.0005431240495330503,0.4765910764199619,0.0001,-0.014492577417354657
1000XECUSDT,2022-04-13,e2122,105465,long,2,-0.024092515258593017,-0.0014,-0.029992515258593016,-0.034492515258593016,14,pump_le0,tdec_30_70,fund_flat,crowd_ge5,btc_down,-0.0005431240495330503,0.4765910764199619,0.0001,-0.014492577417354657
1000XUSDT,2024-10-25,e2324,105597,short,1,0.228054133138259,0.0017000000000000001,0.225254133138259,0.220754133138259,17,pump_le0,tdec_30_70,fund_neg,crowd_24,btc_up,-0.20233406272793586,0.3268022647342259,-0.00170926,0.029523008390410554
1000XUSDT,2024-10-25,e2324,105597,long,1,-0.228054133138259,-0.0017000000000000001,-0.23425413313825902,-0.23875413313825902,17,pump_le0,tdec_30_70,fund_neg,crowd_24,btc_up,-0.20233406272793586,0.3268022647342259,-0.00170926,0.029523008390410554
1000XUSDT,2024-10-25,e2324,105597,short,2,0.3099558607160373,0.0014,0.3068558607160373,0.3023558607160373,14,pump_le0,tdec_30_70,fund_flat,crowd_24,btc_up,-0.20233406272793586,0.40151912015236174,0.0001,0.034292319743256305
1000XUSDT,2024-10-25,e2324,105597,long,2,-0.3099558607160373,-0.0014,-0.31585586071603733,-0.32035586071603733,14,pump_le0,tdec_30_70,fund_flat,crowd_24,btc_up,-0.20233406272793586,0.40151912015236174,0.0001,0.034292319743256305
1CATUSDT,2023-12-27,e2324,105554,short,1,0.41255605381165916,-0.000060190000000000506,0.40799586381165914,0.40349586381165914,17,pump_le0,tdec_ge70,fund_pos,crowd_24,btc_up,-0.07468879668049788,0.8909544239817857,0.00087145,0.12657324167107342
1CATUSDT,2023-12-27,e2324,105554,long,1,-0.41255605381165916,0.000060190000000000506,-0.41699586381165915,-0.42149586381165915,17,pump_le0,tdec_ge70,fund_pos,crowd_24,btc_up,-0.07468879668049788,0.8909544239817857,0.00087145,0.12657324167107342
1CATUSDT,2023-12-27,e2324,105554,short,2,0.3323139653414882,-0.0033583900000000006,0.3244555753414882,0.3199555753414882,14,pump_le0,tdec_30_70,fund_pos,crowd_24,btc_up,-0.07468879668049788,0.538972965800738,0.00091105,0.1119085227662937
1CATUSDT,2023-12-27,e2324,105554,long,2,-0.3323139653414882,0.0033583900000000006,-0.33345557534148823,-0.33795557534148823,14,pump_le0,tdec_30_70,fund_pos,crowd_24,btc_up,-0.07468879668049788,0.538972965800738,0.00091105,0.1119085227662937
1INCHUSDT,2021-12-06,e2122,105447,short,1,0.1025065469509914,-0.00117073,0.0968358169509914,0.09233581695099141,17,pump_0_25,tdec_ge70,fund_flat,crowd_ge5,btc_down,0.056312981624184966,1.9928588433364387,-0.00024334,-0.20048526808295397
1INCHUSDT,2021-12-06,e2122,105447,long,1,-0.1025065469509914,0.00117073,-0.10583581695099141,-0.1103358169509914,17,pump_0_25,tdec_ge70,fund_flat,crowd_ge5,btc_down,0.056312981624184966,1.9928588433364387,-0.00024334,-0.20048526808295397
1INCHUSDT,2021-12-06,e2122,105447,short,2,0.12556952797521415,-0.00056927,0.12050025797521413,0.11600025797521414,14,pump_0_25,tdec_ge70,fund_flat,crowd_ge5,btc_down,0.056312981624184966,2.109472581540972,-0.00031482,-0.25371467453608176
1INCHUSDT,2021-12-06,e2122,105447,long,2,-0.12556952797521415,0.00056927,-0.12950025797521414,-0.13400025797521414,14,pump_0_25,tdec_ge70,fund_flat,crowd_ge5,btc_down,0.056312981624184966,2.109472581540972,-0.00031482,-0.25371467453608176
2ZUSDT,2025-10-02,e2526,105646,short,1,0.3047399731337555,-0.00167336,0.2985666131337555,0.2940666131337555,35,pump_0_25,tdec_lt30,fund_flat,crowd_ge5,btc_up,0.04240848169633926,0.26000693210287446,-0.00022062,0.09419873224325581
2ZUSDT,2025-10-02,e2526,105646,long,1,-0.3047399731337555,0.00167336,-0.3075666131337555,-0.3120666131337555,35,pump_0_25,tdec_lt30,fund_flat,crowd_ge5,btc_up,0.04240848169633926,0.26000693210287446,-0.00022062,0.09419873224325581
2ZUSDT,2025-10-02,e2526,105646,short,2,0.26970368877242484,0.00128615,0.2664898387724248,0.2619898387724248,29,pump_0_25,tdec_lt30,fund_flat,crowd_ge5,btc_up,0.04240848169633926,0.09893024466064325,0.0001,0.10546819592448875
2ZUSDT,2025-10-02,e2526,105646,long,2,-0.26970368877242484,-0.00128615,-0.27548983877242483,-0.27998983877242484,29,pump_0_25,tdec_lt30,fund_flat,crowd_ge5,btc_up,0.04240848169633926,0.09893024466064325,0.0001,0.10546819592448875
4USDT,2025-10-08,e2526,105647,short,1,-0.10249999999999998,0.02842966,-0.07857033999999999,-0.08307033999999998,35,pump_le0,tdec_ge70,fund_pos,crowd_24,btc_up,-0.3916349809885932,0.9802598580976842,0.00246318,0.09060986547085204
4USDT,2025-10-08,e2526,105647,long,1,0.10249999999999998,-0.02842966,0.06957033999999998,0.06507033999999999,35,pump_le0,tdec_ge70,fund_pos,crowd_24,btc_up,-0.3916349809885932,0.9802598580976842,0.00246318,0.09060986547085204
4USDT,2025-10-08,e2526,105647,short,2,-1.6133333333333333,0.02037581,-1.5974575233333332,-1.6019575233333332,29,pump_le0,tdec_ge70,fund_flat,crowd_24,btc_down,-0.3916349809885932,0.8467366633103823,0.0001,-0.010163315479848944
4USDT,2025-10-08,e2526,105647,long,2,1.6133333333333333,-0.02037581,1.5884575233333333,1.5839575233333334,29,pump_le0,tdec_ge70,fund_flat,crowd_24,btc_down,-0.3916349809885932,0.8467366633103823,0.0001,-0.010163315479848944
A2ZUSDT,2025-07-31,e2526,105637,short,1,-0.8265718131128629,-0.00156523,-0.8326370431128628,-0.8371370431128629,35,pump_le0,tdec_30_70,fund_flat,crowd_ge5,btc_up,-0.10157194679564696,0.4164043883610755,-0.00025836,0.04086192476310391
A2ZUSDT,2025-07-31,e2526,105637,long,1,0.8265718131128629,0.00156523,0.8236370431128629,0.8191370431128628,35,pump_le0,tdec_30_70,fund_flat,crowd_ge5,btc_up,-0.10157194679564696,0.4164043883610755,-0.00025836,0.04086192476310391
A2ZUSDT,2025-07-31,e2526,105637,short,2,-0.9640272896423402,0.00013765000000000012,-0.9683896396423401,-0.9728896396423402,29,pump_le0,tdec_30_70,fund_neg,crowd_ge5,btc_up,-0.10157194679564696,0.37327740514055563,-0.0008678,0.027186415921124807
A2ZUSDT,2025-07-31,e2526,105637,long,2,0.9640272896423402,-0.00013765000000000012,0.9593896396423403,0.9548896396423402,29,pump_le0,tdec_30_70,fund_neg,crowd_ge5,btc_up,-0.10157194679564696,0.37327740514055563,-0.0008678,0.027186415921124807
A8USDT,2024-07-22,e2324,105584,short,1,0.31173294059892,-0.01627419,0.29095875059891996,0.28645875059891995,17,pump_le0,tdec_30_70,fund_neg,crowd_ge5,btc_up,-0.08981233243967834,0.3392431002379248,-0.0062069,0.04340304432264075
A8USDT,2024-07-22,e2324,105584,long,1,-0.31173294059892,0.01627419,-0.29995875059891997,-0.30445875059891997,17,pump_le0,tdec_30_70,fund_neg,crowd_ge5,btc_up,-0.08981233243967834,0.3392431002379248,-0.0062069,0.04340304432264075
A8USDT,2024-07-22,e2324,105584,short,2,0.247046186895811,-0.00430882,0.23823736689581101,0.233737366895811,14,pump_le0,tdec_lt30,fund_neg,crowd_ge5,btc_up,-0.08981233243967834,0.22845553168662486,-0.00550931,0.08476179570540232
A8USDT,2024-07-22,e2324,105584,long,2,-0.247046186895811,0.00430882,-0.24723736689581102,-0.251737366895811,14,pump_le0,tdec_lt30,fund_neg,crowd_ge5,btc_up,-0.08981233243967834,0.22845553168662486,-0.00550931,0.08476179570540232
AAOIUSDT,2026-06-09,e2526,105682,short,1,-0.023195266272189274,0.00332696,-0.024368306272189274,-0.028868306272189274,17,pump_le0,tdec_30_70,fund_flat,crowd_ge5,btc_down,-0.17637311759832353,0.6190991690129275,0.0,-0.24753304169655255
AAOIUSDT,2026-06-09,e2526,105682,long,1,0.023195266272189274,-0.00332696,0.015368306272189273,0.010868306272189274,17,pump_le0,tdec_30_70,fund_flat,crowd_ge5,btc_down,-0.17637311759832353,0.6190991690129275,0.0,-0.24753304169655255
AAOIUSDT,2026-06-09,e2526,105682,short,2,0.025857698157850283,0.00074683,0.022104528157850283,0.017604528157850283,14,pump_le0,tdec_30_70,fund_pos,crowd_ge5,btc_down,-0.17637311759832353,0.4726638638062389,0.00170962,-0.2095431507411155
AAOIUSDT,2026-06-09,e2526,105682,long,2,-0.025857698157850283,-0.00074683,-0.031104528157850284,-0.035604528157850285,14,pump_le0,tdec_30_70,fund_pos,crowd_ge5,btc_down,-0.17637311759832353,0.4726638638062389,0.00170962,-0.2095431507411155
AAPLUSDT,2026-04-28,e2526,105676,short,1,-0.04322149632746458,0.00552096,-0.04220053632746458,-0.046700536327464584,17,pump_0_25,tdec_30_70,fund_flat,crowd_ge5,btc_up,0.01297390263964715,0.5745789009282838,0.0,0.13453741577089384
AAPLUSDT,2026-04-28,e2526,105676,long,1,0.04322149632746458,-0.00552096,0.033200536327464586,0.028700536327464582,17,pump_0_25,tdec_30_70,fund_flat,crowd_ge5,btc_up,0.01297390263964715,0.5745789009282838,0.0,0.13453741577089384
AAPLUSDT,2026-04-28,e2526,105676,short,2,-0.021319650213196418,0.00552096,-0.020298690213196417,-0.024798690213196417,14,pump_0_25,tdec_ge70,fund_flat,crowd_ge5,btc_up,0.01297390263964715,4.620387700388862,0.0,0.11805183120715768
AAPLUSDT,2026-04-28,e2526,105676,long,2,0.021319650213196418,-0.00552096,0.011298690213196416,0.006798690213196417,14,pump_0_25,tdec_ge70,fund_flat,crowd_ge5,btc_up,0.01297390263964715,4.620387700388862,0.0,0.11805183120715768
AAVEUSDT,2021-05-13,e2122,105417,short,1,0.21519731318219978,0.00011553999999999997,0.21081285318219978,0.20631285318219977,17,pump_0_25,tdec_ge70,fund_flat,crowd_01,btc_down,0.06206527554842145,1.0677993445865628,0.0002184,-0.20772873921266355
AAVEUSDT,2021-05-13,e2122,105417,long,1,-0.21519731318219978,-0.00011553999999999997,-0.21981285318219979,-0.2243128531821998,17,pump_0_25,tdec_ge70,fund_flat,crowd_01,btc_down,0.06206527554842145,1.0677993445865628,0.0002184,-0.20772873921266355
AAVEUSDT,2021-05-13,e2122,105417,short,2,0.09725709870581421,-0.00170002,0.09105707870581421,0.08655707870581422,14,pump_0_25,tdec_ge70,fund_pos,crowd_01,btc_down,0.06206527554842145,0.7649343372975941,0.00077126,-0.2601784740390619
AAVEUSDT,2021-05-13,e2122,105417,long,2,-0.09725709870581421,0.00170002,-0.10005707870581422,-0.10455707870581421,14,pump_0_25,tdec_ge70,fund_pos,crowd_01,btc_down,0.06206527554842145,0.7649343372975941,0.00077126,-0.2601784740390619
ACEUSDT,2023-12-18,e2324,105553,short,1,-0.03168643940531616,0.01095605,-0.025230389405316158,-0.02973038940531616,17,pump_0_25,tdec_30_70,fund_flat,crowd_24,btc_up,0.00015019525382986565,0.34724230615401436,0.00035153,0.13135884494301475
ACEUSDT,2023-12-18,e2324,105553,long,1,0.03168643940531616,-0.01095605,0.016230389405316157,0.011730389405316158,17,pump_0_25,tdec_30_70,fund_flat,crowd_24,btc_up,0.00015019525382986565,0.34724230615401436,0.00035153,0.13135884494301475
ACEUSDT,2023-12-18,e2324,105553,short,2,-0.024837771313492966,0.00840211,-0.020935661313492965,-0.025435661313492966,14,pump_0_25,tdec_lt30,fund_pos,crowd_24,btc_up,0.00015019525382986565,0.2837842771876302,0.0010933,0.16655501970946873
ACEUSDT,2023-12-18,e2324,105553,long,2,0.024837771313492966,-0.00840211,0.011935661313492964,0.007435661313492966,14,pump_0_25,tdec_lt30,fund_pos,crowd_24,btc_up,0.00015019525382986565,0.2837842771876302,0.0010933,0.16655501970946873
ACHUSDT,2022-04-08,e2122,105464,short,1,0.059560327198363974,-0.00616649,0.04889383719836398,0.044393837198363977,17,pump_le0,tdec_ge70,fund_neg,crowd_ge5,btc_up,-0.004326800712649459,1.6607817558289835,-0.00084222,0.08420879009338211
ACHUSDT,2022-04-08,e2122,105464,long,1,-0.059560327198363974,0.00616649,-0.057893837198363975,-0.06239383719836398,17,pump_le0,tdec_ge70,fund_neg,crowd_ge5,btc_up,-0.004326800712649459,1.6607817558289835,-0.00084222,0.08420879009338211
ACHUSDT,2022-04-08,e2122,105464,short,2,0.027491408934707882,-0.00567841,0.01731299893470788,0.012812998934707881,14,pump_le0,tdec_ge70,fund_flat,crowd_ge5,btc_up,-0.004326800712649459,1.368249517963338,-0.00033089,0.08808035944843251
ACHUSDT,2022-04-08,e2122,105464,long,2,-0.027491408934707882,0.00567841,-0.02631299893470788,-0.03081299893470788,14,pump_le0,tdec_ge70,fund_flat,crowd_ge5,btc_up,-0.004326800712649459,1.368249517963338,-0.00033089,0.08808035944843251
ACTUSDT,2024-11-11,e2324,105600,short,1,-0.07887676623144324,0.00917971,-0.07419705623144324,-0.07869705623144323,17,pump_25_100,tdec_ge70,fund_pos,crowd_24,btc_up,0.7024969549330085,0.7376654204873753,0.00063681,0.399901652962267
ACTUSDT,2024-11-11,e2324,105600,long,1,0.07887676623144324,-0.00917971,0.06519705623144323,0.06069705623144323,17,pump_25_100,tdec_ge70,fund_pos,crowd_24,btc_up,0.7024969549330085,0.7376654204873753,0.00063681,0.399901652962267
ACTUSDT,2024-11-11,e2324,105600,short,2,0.008709942481512049,0.00744066,0.011650602481512048,0.00715060248151205,14,pump_25_100,tdec_ge70,fund_pos,crowd_24,btc_up,0.7024969549330085,0.7979591902993232,0.00073249,0.3682061619156143
ACTUSDT,2024-11-11,e2324,105600,long,2,-0.008709942481512049,-0.00744066,-0.02065060248151205,-0.025150602481512047,14,pump_25_100,tdec_ge70,fund_pos,crowd_24,btc_up,0.7024969549330085,0.7979591902993232,0.00073249,0.3682061619156143
ACUUSDT,2026-01-23,e2526,105662,short,1,-0.03991393222162443,0.0023699100000000002,-0.04204402222162443,-0.04654402222162443,35,pump_0_25,tdec_ge70,fund_neg,crowd_ge5,btc_up,0.006878622109083077,0.8590064735540628,-0.00052354,0.022930070740243336
ACUUSDT,2026-01-23,e2526,105662,long,1,0.03991393222162443,-0.0023699100000000002,0.03304402222162443,0.02854402222162443,35,pump_0_25,tdec_ge70,fund_neg,crowd_ge5,btc_up,0.006878622109083077,0.8590064735540628,-0.00052354,0.022930070740243336
ACUUSDT,2026-01-23,e2526,105662,short,2,-0.11256906077348063,0.0020699100000000003,-0.11499915077348064,-0.11949915077348063,29,pump_0_25,tdec_30_70,fund_flat,crowd_ge5,btc_down,0.006878622109083077,0.3813400481341677,0.0001,-0.008052326380300623
ACUUSDT,2026-01-23,e2526,105662,long,2,0.11256906077348063,-0.0020699100000000003,0.10599915077348063,0.10149915077348064,29,pump_0_25,tdec_30_70,fund_flat,crowd_ge5,btc_down,0.006878622109083077,0.3813400481341677,0.0001,-0.008052326380300623
ACXUSDT,2024-12-06,e2324,105603,short,1,0.18216702009492075,0.00457338,0.18224040009492073,0.17774040009492073,17,pump_le0,tdec_lt30,fund_pos,crowd_ge5,btc_up,-0.318725921849202,0.2812533390896791,0.00146606,0.3168140146662659
ACXUSDT,2024-12-06,e2324,105603,long,1,-0.18216702009492075,-0.00457338,-0.19124040009492074,-0.19574040009492075,17,pump_le0,tdec_lt30,fund_pos,crowd_ge5,btc_up,-0.318725921849202,0.2812533390896791,0.00146606,0.3168140146662659
ACXUSDT,2024-12-06,e2324,105603,short,2,0.21307811892732215,0.0023765600000000002,0.21095467892732214,0.20645467892732214,14,pump_le0,tdec_lt30,fund_pos,crowd_ge5,btc_up,-0.318725921849202,0.23758507147008323,0.00108388,0.32245779214838555
ACXUSDT,2024-12-06,e2324,105603,long,2,-0.21307811892732215,-0.0023765600000000002,-0.21995467892732215,-0.22445467892732215,14,pump_le0,tdec_lt30,fund_pos,crowd_ge5,btc_up,-0.318725921849202,0.23758507147008323,0.00108388,0.32245779214838555
ADBEUSDT,2026-06-29,e2526,105685,short,1,-0.06428014046039801,0.00044624,-0.06833390046039801,-0.072833900460398,17,pump_0_25,tdec_lt30,fund_flat,crowd_ge5,btc_down,0.01354424122590192,0.12438262259236949,0.0,-0.2042930307836024
ADBEUSDT,2026-06-29,e2526,105685,long,1,0.06428014046039801,-0.00044624,0.05933390046039801,0.05483390046039801,17,pump_0_25,tdec_lt30,fund_flat,crowd_ge5,btc_down,0.01354424122590192,0.12438262259236949,0.0,-0.2042930307836024
ADBEUSDT,2026-06-29,e2526,105685,short,2,-0.03490467608839981,0.00044624,-0.03895843608839981,-0.04345843608839981,14,pump_0_25,tdec_lt30,fund_flat,crowd_ge5,btc_down,0.01354424122590192,0.1564729794104946,0.0,-0.15956145916939457
ADBEUSDT,2026-06-29,e2526,105685,long,2,0.03490467608839981,-0.00044624,0.02995843608839981,0.02545843608839981,14,pump_0_25,tdec_lt30,fund_flat,crowd_ge5,btc_down,0.01354424122590192,0.1564729794104946,0.0,-0.15956145916939457
AERGOUSDT,2023-11-16,e2324,105548,short,1,0.012124711316397176,0.00175617,0.009380881316397176,0.004880881316397176,17,pump_le0,tdec_30_70,fund_flat,crowd_24,btc_up,-0.07774227902023434,0.4339337656229337,0.0001,0.29421987982662823
AERGOUSDT,2023-11-16,e2324,105548,long,1,-0.012124711316397176,-0.00175617,-0.018380881316397174,-0.022880881316397175,17,pump_le0,tdec_30_70,fund_flat,crowd_24,btc_up,-0.07774227902023434,0.4339337656229337,0.0001,0.29421987982662823
AERGOUSDT,2023-11-16,e2324,105548,short,2,-0.039489671931956294,0.0014,-0.04258967193195629,-0.047089671931956296,14,pump_le0,tdec_lt30,fund_flat,crowd_24,btc_up,-0.07774227902023434,0.13263146776442253,0.0001,0.2753084827977934
AERGOUSDT,2023-11-16,e2324,105548,long,2,0.039489671931956294,-0.0014,0.0335896719319563,0.029089671931956294,14,pump_le0,tdec_lt30,fund_flat,crowd_24,btc_up,-0.07774227902023434,0.13263146776442253,0.0001,0.2753084827977934
AEROUSDT,2024-07-15,e2324,105583,short,1,0.0009482043380348737,-0.00326565,-0.006817445661965126,-0.011317445661965126,17,pump_0_25,tdec_lt30,fund_flat,crowd_24,btc_down,0.048465266558966213,0.2965913367980282,-0.00046991,-0.02417832414440957
AEROUSDT,2024-07-15,e2324,105583,long,1,-0.0009482043380348737,0.00326565,-0.0021825543380348733,-0.006682554338034873,17,pump_0_25,tdec_lt30,fund_flat,crowd_24,btc_down,0.048465266558966213,0.2965913367980282,-0.00046991,-0.02417832414440957
AEROUSDT,2024-07-15,e2324,105583,short,2,0.08777056277056283,-0.00284626,0.08042430277056282,0.07592430277056283,14,pump_0_25,tdec_30_70,fund_flat,crowd_24,btc_down,0.048465266558966213,0.3999932449303679,0.0001,-0.03620806924405773
AEROUSDT,2024-07-15,e2324,105583,long,2,-0.08777056277056283,0.00284626,-0.08942430277056283,-0.09392430277056282,14,pump_0_25,tdec_30_70,fund_flat,crowd_24,btc_down,0.048465266558966213,0.3999932449303679,0.0001,-0.03620806924405773
AEVOUSDT,2024-03-13,e2324,105565,short,1,0.15558480013160048,-0.01954682,0.13153798013160048,0.12703798013160048,17,pump_le0,tdec_30_70,fund_flat,crowd_24,btc_up,-0.012668507389962724,0.44838940488370066,-0.00026578,0.4377896778138981
AEVOUSDT,2024-03-13,e2324,105565,long,1,-0.15558480013160048,0.01954682,-0.1405379801316005,-0.1450379801316005,17,pump_le0,tdec_30_70,fund_flat,crowd_24,btc_up,-0.012668507389962724,0.44838940488370066,-0.00026578,0.4377896778138981
AEVOUSDT,2024-03-13,e2324,105565,short,2,0.06444557847925918,-0.01745303,0.04249254847925918,0.037992548479259175,14,pump_le0,tdec_30_70,fund_flat,crowd_24,btc_up,-0.012668507389962724,0.3386132778074752,-0.00025153,0.341593692229911
AEVOUSDT,2024-03-13,e2324,105565,long,2,-0.06444557847925918,0.01745303,-0.05149254847925917,-0.05599254847925918,14,pump_le0,tdec_30_70,fund_flat,crowd_24,btc_up,-0.012668507389962724,0.3386132778074752,-0.00025153,0.341593692229911
AGIUSDT,2023-11-17,e2324,105548,short,1,-0.016960651289009514,0.00746108,-0.013999571289009513,-0.018499571289009514,17,pump_0_25,tdec_30_70,fund_flat,crowd_24,btc_up,0.09104367135455216,0.634609075079161,0.00047922,0.2753084827977934
AGIUSDT,2023-11-17,e2324,105548,long,1,0.016960651289009514,-0.00746108,0.004999571289009515,0.000499571289009515,17,pump_0_25,tdec_30_70,fund_flat,crowd_24,btc_up,0.09104367135455216,0.634609075079161,0.00047922,0.2753084827977934
AGIUSDT,2023-11-17,e2324,105548,short,2,0.04217252396166139,0.00569371,0.04336623396166139,0.03886623396166139,14,pump_0_25,tdec_lt30,fund_pos,crowd_24,btc_up,0.09104367135455216,0.1297511680822626,0.00181448,0.2608261642278782
AGIUSDT,2023-11-17,e2324,105548,long,2,-0.04217252396166139,-0.00569371,-0.05236623396166139,-0.05686623396166139,14,pump_0_25,tdec_lt30,fund_pos,crowd_24,btc_up,0.09104367135455216,0.1297511680822626,0.00181448,0.2608261642278782
AGIXUSDT,2023-02-09,e2324,105508,short,1,0.08305911721320769,0.00212664,0.08068575721320768,0.0761857572132077,17,pump_0_25,tdec_ge70,fund_flat,crowd_24,btc_up,0.006854792642522645,0.7374718360006113,0.0001,0.2061018461710078
AGIXUSDT,2023-02-09,e2324,105508,long,1,-0.08305911721320769,-0.00212664,-0.08968575721320769,-0.09418575721320768,17,pump_0_25,tdec_ge70,fund_flat,crowd_24,btc_up,0.006854792642522645,0.7374718360006113,0.0001,0.2061018461710078
AGIXUSDT,2023-02-09,e2324,105508,short,2,0.046377153646447955,0.00162658,0.04350373364644796,0.039003733646447956,14,pump_0_25,tdec_30_70,fund_flat,crowd_24,btc_up,0.006854792642522645,0.3164350890269118,0.00030006,0.16084484590860781
AGIXUSDT,2023-02-09,e2324,105508,long,2,-0.046377153646447955,-0.00162658,-0.052503733646447955,-0.05700373364644796,14,pump_0_25,tdec_30_70,fund_flat,crowd_24,btc_up,0.006854792642522645,0.3164350890269118,0.00030006,0.16084484590860781
AGLDUSDT,2022-04-22,e2122,105466,short,1,0.152372659991293,0.0017000000000000001,0.14957265999129302,0.145072659991293,17,pump_le0,tdec_30_70,fund_flat,crowd_24,btc_down,-0.05589806822852428,0.33419973104982986,0.00011571,-0.10345572599811237
AGLDUSDT,2022-04-22,e2122,105466,long,1,-0.152372659991293,-0.0017000000000000001,-0.15857265999129302,-0.16307265999129303,17,pump_le0,tdec_30_70,fund_flat,crowd_24,btc_down,-0.05589806822852428,0.33419973104982986,0.00011571,-0.10345572599811237
AGLDUSDT,2022-04-22,e2122,105466,short,2,0.09944495837187783,0.0014,0.09634495837187783,0.09184495837187784,14,pump_le0,tdec_30_70,fund_flat,crowd_24,btc_down,-0.05589806822852428,0.6175452978787193,0.0001,-0.10958718547868196
AGLDUSDT,2022-04-22,e2122,105466,long,2,-0.09944495837187783,-0.0014,-0.10534495837187784,-0.10984495837187783,14,pump_le0,tdec_30_70,fund_flat,crowd_24,btc_down,-0.05589806822852428,0.6175452978787193,0.0001,-0.10958718547868196
AGTUSDT,2025-05-28,e2526,105628,short,1,0.028716268430651275,-0.0041148999999999995,0.020101368430651276,0.015601368430651278,35,pump_le0,tdec_lt30,fund_flat,crowd_ge5,btc_up,-0.06548616326766432,0.2101291483098845,0.0001,0.12048832271762211
AGTUSDT,2025-05-28,e2526,105628,long,1,-0.028716268430651275,0.0041148999999999995,-0.029101368430651278,-0.03360136843065128,35,pump_le0,tdec_lt30,fund_flat,crowd_ge5,btc_up,-0.06548616326766432,0.2101291483098845,0.0001,0.12048832271762211
AGTUSDT,2025-05-28,e2526,105628,short,2,-0.04291546350692021,-0.00433884,-0.05175430350692021,-0.05625430350692021,29,pump_le0,tdec_ge70,fund_flat,crowd_ge5,btc_up,-0.06548616326766432,1.0822048072211634,0.0001,0.10474723219787929
AGTUSDT,2025-05-28,e2526,105628,long,2,0.04291546350692021,0.00433884,0.042754303506920215,0.03825430350692021,29,pump_le0,tdec_ge70,fund_flat,crowd_ge5,btc_up,-0.06548616326766432,1.0822048072211634,0.0001,0.10474723219787929
AI16ZUSDT,2024-12-30,e2324,105607,short,1,-0.3704330387917528,0.01150667,-0.36342636879175283,-0.36792636879175283,35,pump_0_25,tdec_ge70,fund_flat,crowd_24,btc_down,0.19959404600811892,1.746809669198955,0.0001,-0.03840420128843347
AI16ZUSDT,2024-12-30,e2324,105607,long,1,0.3704330387917528,-0.01150667,0.3544263687917528,0.3499263687917528,35,pump_0_25,tdec_ge70,fund_flat,crowd_24,btc_down,0.19959404600811892,1.746809669198955,0.0001,-0.03840420128843347
AI16ZUSDT,2024-12-30,e2324,105607,short,2,0.016195789094835357,0.01115622,0.022852009094835358,0.018352009094835357,29,pump_0_25,tdec_ge70,fund_flat,crowd_24,btc_down,0.19959404600811892,2.0734236560862938,0.0002009,-0.013787119368086853
AI16ZUSDT,2024-12-30,e2324,105607,long,2,-0.016195789094835357,-0.01115622,-0.031852009094835355,-0.03635200909483536,29,pump_0_25,tdec_ge70,fund_flat,crowd_24,btc_down,0.19959404600811892,2.0734236560862938,0.0002009,-0.013787119368086853
AIAUSDT,2025-09-18,e2526,105644,short,1,0.30491219139730213,0.01056403,0.31097622139730213,0.30647622139730213,35,pump_0_25,tdec_ge70,fund_flat,crowd_ge5,btc_up,0.017085166968677346,1.3177605462750104,0.0001,0.011867718928989746
AIAUSDT,2025-09-18,e2526,105644,long,1,-0.30491219139730213,-0.01056403,-0.31997622139730214,-0.32447622139730214,35,pump_0_25,tdec_ge70,fund_flat,crowd_ge5,btc_up,0.017085166968677346,1.3177605462750104,0.0001,0.011867718928989746
AIAUSDT,2025-09-18,e2526,105644,short,2,0.41331901181525244,0.00590636,0.41472537181525243,0.4102253718152524,29,pump_0_25,tdec_ge70,fund_pos,crowd_ge5,btc_up,0.017085166968677346,1.1111090683672955,0.0042884,0.0281533343944258
AIAUSDT,2025-09-18,e2526,105644,long,2,-0.41331901181525244,-0.00590636,-0.42372537181525244,-0.42822537181525244,29,pump_0_25,tdec_ge70,fund_pos,crowd_ge5,btc_up,0.017085166968677346,1.1111090683672955,0.0042884,0.0281533343944258
AIGENSYNUSDT,2026-04-30,e2526,105676,short,1,0.0470392916436082,0.0120921,0.0546313916436082,0.0501313916436082,35,pump_le0,tdec_30_70,fund_pos,crowd_ge5,btc_up,-0.34219148161630875,0.40474287361805145,0.00141408,0.14839027112769143
AIGENSYNUSDT,2026-04-30,e2526,105676,long,1,-0.0470392916436082,-0.0120921,-0.0636313916436082,-0.0681313916436082,35,pump_le0,tdec_30_70,fund_pos,crowd_ge5,btc_up,-0.34219148161630875,0.40474287361805145,0.00141408,0.14839027112769143
AIGENSYNUSDT,2026-04-30,e2526,105676,short,2,-0.10067114093959732,0.01019989,-0.09497125093959732,-0.09947125093959731,29,pump_le0,tdec_30_70,fund_pos,crowd_ge5,btc_up,-0.34219148161630875,0.33035501072722967,0.00215052,0.17622314040935616
AIGENSYNUSDT,2026-04-30,e2526,105676,long,2,0.10067114093959732,-0.01019989,0.08597125093959732,0.08147125093959733,29,pump_le0,tdec_30_70,fund_pos,crowd_ge5,btc_up,-0.34219148161630875,0.33035501072722967,0.00215052,0.17622314040935616
AINUSDT,2025-07-10,e2526,105634,short,1,-0.0665905631659057,-0.01421175,-0.0853023131659057,-0.08980231316590569,35,pump_25_100,tdec_ge70,fund_neg,crowd_ge5,btc_up,0.36746799875117064,1.0835072414493547,-0.00163302,0.08192256592558222
AINUSDT,2025-07-10,e2526,105634,long,1,0.0665905631659057,0.01421175,0.07630231316590569,0.0718023131659057,35,pump_25_100,tdec_ge70,fund_neg,crowd_ge5,btc_up,0.36746799875117064,1.0835072414493547,-0.00163302,0.08192256592558222
AINUSDT,2025-07-10,e2526,105634,short,2,-0.15235980924190093,-0.00415511,-0.16101491924190092,-0.16551491924190093,29,pump_25_100,tdec_30_70,fund_neg,crowd_ge5,btc_up,0.36746799875117064,0.5313943005423789,-0.00281078,0.11144791379618924
AINUSDT,2025-07-10,e2526,105634,long,2,0.15235980924190093,0.00415511,0.15201491924190091,0.1475149192419009,29,pump_25_100,tdec_30_70,fund_neg,crowd_ge5,btc_up,0.36746799875117064,0.5313943005423789,-0.00281078,0.11144791379618924
AIOUSDT,2025-08-13,e2526,105639,short,1,-0.02353238866396762,0.0017271,-0.02630528866396762,-0.030805288663967617,35,pump_le0,tdec_ge70,fund_flat,crowd_ge5,btc_up,-0.3070313869893039,0.7009242741541053,0.0001,0.004283808240980402
AIOUSDT,2025-08-13,e2526,105639,long,1,0.02353238866396762,-0.0017271,0.01730528866396762,0.01280528866396762,35,pump_le0,tdec_ge70,fund_flat,crowd_ge5,btc_up,-0.3070313869893039,0.7009242741541053,0.0001,0.004283808240980402
AIOUSDT,2025-08-13,e2526,105639,short,2,-0.05599791149980423,0.0014271,-0.05907081149980423,-0.06357081149980423,29,pump_le0,tdec_30_70,fund_flat,crowd_ge5,btc_down,-0.3070313869893039,0.4885171374510564,0.0001,-0.011342341453792315
AIOUSDT,2025-08-13,e2526,105639,long,2,0.05599791149980423,-0.0014271,0.05007081149980423,0.04557081149980423,29,pump_le0,tdec_30_70,fund_flat,crowd_ge5,btc_down,-0.3070313869893039,0.4885171374510564,0.0001,-0.011342341453792315
AIOZUSDT,2024-06-13,e2324,105578,short,1,0.19764309764309757,-0.01249132,0.18065177764309756,0.17615177764309756,17,pump_le0,tdec_lt30,fund_neg,crowd_ge5,btc_down,-0.0422444372782973,0.24090672806338387,-0.00196559,-0.00248090968703063
AIOZUSDT,2024-06-13,e2324,105578,long,1,-0.19764309764309757,0.01249132,-0.18965177764309757,-0.19415177764309757,17,pump_le0,tdec_lt30,fund_neg,crowd_ge5,btc_down,-0.0422444372782973,0.24090672806338387,-0.00196559,-0.00248090968703063
AIOZUSDT,2024-06-13,e2324,105578,short,2,0.20632805995004164,-0.0074921499999999995,0.19433590995004163,0.18983590995004163,14,pump_le0,tdec_lt30,fund_neg,crowd_ge5,btc_up,-0.0422444372782973,0.2541676121600074,-0.00197636,0.01468739459724655
AIOZUSDT,2024-06-13,e2324,105578,long,2,-0.20632805995004164,0.0074921499999999995,-0.20333590995004164,-0.20783590995004164,14,pump_le0,tdec_lt30,fund_neg,crowd_ge5,btc_up,-0.0422444372782973,0.2541676121600074,-0.00197636,0.01468739459724655
AIUSDT,2024-01-17,e2324,105557,short,1,0.04932813177286515,0.00171262,0.04654075177286515,0.04204075177286515,17,pump_le0,tdec_ge70,fund_flat,crowd_24,btc_down,-0.09564876519012155,0.8074729774115641,0.0001,-0.022873421911201453
AIUSDT,2024-01-17,e2324,105557,long,1,-0.04932813177286515,-0.00171262,-0.055540751772865146,-0.06004075177286515,17,pump_le0,tdec_ge70,fund_flat,crowd_24,btc_down,-0.09564876519012155,0.8074729774115641,0.0001,-0.022873421911201453
AIUSDT,2024-01-17,e2324,105557,short,2,-0.020662695457930005,0.00141262,-0.023750075457930005,-0.028250075457930006,14,pump_le0,tdec_30_70,fund_flat,crowd_24,btc_down,-0.09564876519012155,0.591595392989555,0.0001,-0.04683138869823844
AIUSDT,2024-01-17,e2324,105557,long,2,0.020662695457930005,-0.00141262,0.014750075457930004,0.010250075457930006,14,pump_le0,tdec_30_70,fund_flat,crowd_24,btc_down,-0.09564876519012155,0.591595392989555,0.0001,-0.04683138869823844
AIXBTUSDT,2024-12-20,e2324,105605,short,1,-0.19149637442320364,0.00382316,-0.19217321442320365,-0.19667321442320365,17,pump_0_25,tdec_ge70,fund_flat,crowd_ge5,btc_down,0.21311475409836067,1.6313494394354906,0.0001,-0.011518261811757857
AIXBTUSDT,2024-12-20,e2324,105605,long,1,0.19149637442320364,-0.00382316,0.18317321442320364,0.17867321442320364,17,pump_0_25,tdec_ge70,fund_flat,crowd_ge5,btc_down,0.21311475409836067,1.6313494394354906,0.0001,-0.011518261811757857
AIXBTUSDT,2024-12-20,e2324,105605,short,2,-0.3183807439824945,0.0034772,-0.3194035439824945,-0.3239035439824945,14,pump_0_25,tdec_ge70,fund_flat,crowd_ge5,btc_down,0.21311475409836067,0.7063830966286048,0.0001,-0.03842764308164981
AIXBTUSDT,2024-12-20,e2324,105605,long,2,0.3183807439824945,-0.0034772,0.3104035439824945,0.3059035439824945,14,pump_0_25,tdec_ge70,fund_flat,crowd_ge5,btc_down,0.21311475409836067,0.7063830966286048,0.0001,-0.03842764308164981
AKEUSDT,2025-09-26,e2526,105645,short,1,-0.06517690875232779,0.00484897,-0.06482793875232779,-0.06932793875232779,35,pump_0_25,tdec_ge70,fund_flat,crowd_ge5,btc_down,0.23071046600458356,1.9681438432772271,-0.00031302,-0.026004475990877296
AKEUSDT,2025-09-26,e2526,105645,long,1,0.06517690875232779,-0.00484897,0.05582793875232779,0.05132793875232779,35,pump_0_25,tdec_ge70,fund_flat,crowd_ge5,btc_down,0.23071046600458356,1.9681438432772271,-0.00031302,-0.026004475990877296
AKEUSDT,2025-09-26,e2526,105645,short,2,-0.03373493975903618,0.00403557,-0.03419936975903618,-0.03869936975903618,29,pump_0_25,tdec_30_70,fund_pos,crowd_ge5,btc_up,0.23071046600458356,0.641873026499556,0.00089112,0.03486862202402641
AKEUSDT,2025-09-26,e2526,105645,long,2,0.03373493975903618,-0.00403557,0.02519936975903618,0.020699369759036183,29,pump_0_25,tdec_30_70,fund_pos,crowd_ge5,btc_up,0.23071046600458356,0.641873026499556,0.00089112,0.03486862202402641
AKROUSDT,2022-05-25,e2122,105471,short,1,-0.6507617131359587,-0.01159396,-0.6668556731359586,-0.6713556731359587,17,pump_le0,tdec_ge70,fund_flat,crowd_01,btc_down,-0.18237367802585203,0.7020339931464026,-0.0001425,-0.2336399543349036
AKROUSDT,2022-05-25,e2122,105471,long,1,0.6507617131359587,0.01159396,0.6578556731359587,0.6533556731359587,17,pump_le0,tdec_ge70,fund_flat,crowd_01,btc_down,-0.18237367802585203,0.7020339931464026,-0.0001425,-0.2336399543349036
AKROUSDT,2022-05-25,e2122,105471,short,2,-0.7403030303030302,-0.01189396,-0.7566969903030302,-0.7611969903030302,14,pump_le0,tdec_30_70,fund_flat,crowd_01,btc_down,-0.18237367802585203,0.4033911363582618,0.0001,-0.27003519869407744
AKROUSDT,2022-05-25,e2122,105471,long,2,0.7403030303030302,0.01189396,0.7476969903030303,0.7431969903030302,14,pump_le0,tdec_30_70,fund_flat,crowd_01,btc_down,-0.18237367802585203,0.4033911363582618,0.0001,-0.27003519869407744
AKTUSDT,2024-06-26,e2324,105580,short,1,-0.05050505050505052,-0.01480068,-0.06980573050505053,-0.07430573050505052,17,pump_0_25,tdec_ge70,fund_neg,crowd_ge5,btc_down,0.04812319538017329,0.9775456846931145,-0.00103984,-0.09911956705959368
AKTUSDT,2024-06-26,e2324,105580,long,1,0.05050505050505052,0.01480068,0.060805730505050525,0.05630573050505052,17,pump_0_25,tdec_ge70,fund_neg,crowd_ge5,btc_down,0.04812319538017329,0.9775456846931145,-0.00103984,-0.09911956705959368
AKTUSDT,2024-06-26,e2324,105580,short,2,0.03946263643996642,-0.00972187,0.02524076643996642,0.020740766439966418,14,pump_0_25,tdec_ge70,fund_neg,crowd_ge5,btc_down,0.04812319538017329,1.427941358167998,-0.00100598,-0.10742212896743308
AKTUSDT,2024-06-26,e2324,105580,long,2,-0.03946263643996642,0.00972187,-0.034240766439966416,-0.03874076643996642,14,pump_0_25,tdec_ge70,fund_neg,crowd_ge5,btc_down,0.04812319538017329,1.427941358167998,-0.00100598,-0.10742212896743308
ALABUSDT,2026-06-29,e2526,105685,short,1,0.11651444087879533,-0.00016734,0.11184710087879532,0.10734710087879533,17,pump_0_25,tdec_30_70,fund_neg,crowd_ge5,btc_down,0.2144195458292737,0.5069429502358348,-0.00070308,-0.2042930307836024
ALABUSDT,2026-06-29,e2526,105685,long,1,-0.11651444087879533,0.00016734,-0.12084710087879533,-0.12534710087879533,17,pump_0_25,tdec_30_70,fund_neg,crowd_ge5,btc_down,0.2144195458292737,0.5069429502358348,-0.00070308,-0.2042930307836024
ALABUSDT,2026-06-29,e2526,105685,short,2,0.010711077327067877,0.0,0.006211077327067878,0.001711077327067878,14,pump_0_25,tdec_30_70,fund_flat,crowd_ge5,btc_down,0.2144195458292737,0.5023195522494939,0.0,-0.15956145916939457
ALABUSDT,2026-06-29,e2526,105685,long,2,-0.010711077327067877,-0.0,-0.015211077327067876,-0.019711077327067877,14,pump_0_25,tdec_30_70,fund_flat,crowd_ge5,btc_down,0.2144195458292737,0.5023195522494939,0.0,-0.15956145916939457
ALCHUSDT,2025-01-07,e2526,105608,short,1,0.23941136462004586,0.0017000000000000001,0.23661136462004587,0.23211136462004586,17,pump_le0,tdec_30_70,fund_flat,crowd_24,btc_down,-0.04510834268170272,0.4416768911447538,0.0001,-0.023701055183963704
ALCHUSDT,2025-01-07,e2526,105608,long,1,-0.23941136462004586,-0.0017000000000000001,-0.24561136462004587,-0.25011136462004585,17,pump_le0,tdec_30_70,fund_flat,crowd_24,btc_down,-0.04510834268170272,0.4416768911447538,0.0001,-0.023701055183963704
ALCHUSDT,2025-01-07,e2526,105608,short,2,0.06527355623100305,0.0014,0.06217355623100305,0.057673556231003044,14,pump_le0,tdec_30_70,fund_flat,crowd_24,btc_down,-0.04510834268170272,0.3582652279996108,0.0001,-0.041895211739069294
ALCHUSDT,2025-01-07,e2526,105608,long,2,-0.06527355623100305,-0.0014,-0.07117355623100305,-0.07567355623100304,14,pump_le0,tdec_30_70,fund_flat,crowd_24,btc_down,-0.04510834268170272,0.3582652279996108,0.0001,-0.041895211739069294
ALEOUSDT,2024-09-19,e2324,105592,short,1,-0.4691400952745228,-0.01017543,-0.48381552527452276,-0.48831552527452277,17,pump_le0,tdec_30_70,fund_flat,crowd_24,btc_up,-0.15563711098062238,0.383781125330506,0.0001,0.03359260216686355
ALEOUSDT,2024-09-19,e2324,105592,long,1,0.4691400952745228,0.01017543,0.47481552527452275,0.47031552527452275,17,pump_le0,tdec_30_70,fund_flat,crowd_24,btc_up,-0.15563711098062238,0.383781125330506,0.0001,0.03359260216686355
ALEOUSDT,2024-09-19,e2324,105592,short,2,-0.32894033277765555,-0.01047543,-0.34391576277765556,-0.34841576277765557,14,pump_le0,tdec_30_70,fund_flat,crowd_24,btc_up,-0.15563711098062238,0.4277493034229012,0.0001,0.04897995702117286
ALEOUSDT,2024-09-19,e2324,105592,long,2,0.32894033277765555,0.01047543,0.33491576277765556,0.33041576277765555,14,pump_le0,tdec_30_70,fund_flat,crowd_24,btc_up,-0.15563711098062238,0.4277493034229012,0.0001,0.04897995702117286
ALGOUSDT,2021-09-23,e2122,105436,short,1,0.08869613878007827,0.0017000000000000001,0.08589613878007826,0.08139613878007827,17,pump_le0,tdec_ge70,fund_flat,crowd_01,btc_down,-0.07385332987820681,1.0427649893303006,0.0001,-0.12586412882539744
ALGOUSDT,2021-09-23,e2122,105436,long,1,-0.08869613878007827,-0.0017000000000000001,-0.09489613878007827,-0.09939613878007826,17,pump_le0,tdec_ge70,fund_flat,crowd_01,btc_down,-0.07385332987820681,1.0427649893303006,0.0001,-0.12586412882539744
ALGOUSDT,2021-09-23,e2122,105436,short,2,0.05894250216700368,0.0014,0.055842502167003684,0.05134250216700368,14,pump_le0,tdec_ge70,fund_flat,crowd_01,btc_down,-0.07385332987820681,0.7683433658353221,0.0001,-0.0902214730733123
ALGOUSDT,2021-09-23,e2122,105436,long,2,-0.05894250216700368,-0.0014,-0.06484250216700368,-0.06934250216700368,14,pump_le0,tdec_ge70,fund_flat,crowd_01,btc_down,-0.07385332987820681,0.7683433658353221,0.0001,-0.0902214730733123
ALICEUSDT,2021-10-25,e2122,105441,short,1,-0.14851081191350457,0.02183094,-0.13117987191350458,-0.13567987191350458,17,pump_0_25,tdec_ge70,fund_pos,crowd_ge5,btc_up,0.025523012552301383,1.204424678442204,0.0026549,0.3970951040689392
ALICEUSDT,2021-10-25,e2122,105441,long,1,0.14851081191350457,-0.02183094,0.12217987191350457,0.11767987191350458,17,pump_0_25,tdec_ge70,fund_pos,crowd_ge5,btc_up,0.025523012552301383,1.204424678442204,0.0026549,0.3970951040689392
ALICEUSDT,2021-10-25,e2122,105441,short,2,-0.34175405147759763,0.01642076,-0.32983329147759766,-0.33433329147759766,14,pump_0_25,tdec_ge70,fund_pos,crowd_ge5,btc_up,0.025523012552301383,1.8080984678796308,0.0008795,0.38680341474982205
ALICEUSDT,2021-10-25,e2122,105441,long,2,0.34175405147759763,-0.01642076,0.32083329147759765,0.31633329147759764,14,pump_0_25,tdec_ge70,fund_pos,crowd_ge5,btc_up,0.025523012552301383,1.8080984678796308,0.0008795,0.38680341474982205
ALLOUSDT,2025-11-14,e2526,105652,short,1,0.17186825830576727,-0.00971181,0.15765644830576728,0.15315644830576727,35,pump_le0,tdec_30_70,fund_neg,crowd_24,btc_down,-0.1163687198169957,0.524294086967507,-0.00307696,-0.11632102742981643
ALLOUSDT,2025-11-14,e2526,105652,long,1,-0.17186825830576727,0.00971181,-0.16665644830576729,-0.1711564483057673,35,pump_le0,tdec_30_70,fund_neg,crowd_24,btc_down,-0.1163687198169957,0.524294086967507,-0.00307696,-0.11632102742981643
ALLOUSDT,2025-11-14,e2526,105652,short,2,0.19547296353220625,-0.00961956,0.18135340353220625,0.17685340353220624,29,pump_le0,tdec_30_70,fund_flat,crowd_24,btc_down,-0.1163687198169957,0.5266793071061389,0.0001,-0.11421751221741083
ALLOUSDT,2025-11-14,e2526,105652,long,2,-0.19547296353220625,0.00961956,-0.19035340353220626,-0.19485340353220626,29,pump_le0,tdec_30_70,fund_flat,crowd_24,btc_down,-0.1163687198169957,0.5266793071061389,0.0001,-0.11421751221741083
ALPACAUSDT,2023-08-02,e2324,105533,short,1,0.08836272655153471,0.0017000000000000001,0.08556272655153471,0.08106272655153472,17,pump_le0,tdec_30_70,fund_flat,crowd_ge5,btc_down,-0.04287132760936874,0.3121487595517822,0.0001,-0.05126145782188396
ALPACAUSDT,2023-08-02,e2324,105533,long,1,-0.08836272655153471,-0.0017000000000000001,-0.09456272655153472,-0.09906272655153471,17,pump_le0,tdec_30_70,fund_flat,crowd_ge5,btc_down,-0.04287132760936874,0.3121487595517822,0.0001,-0.05126145782188396
ALPACAUSDT,2023-08-02,e2324,105533,short,2,0.04998410174880767,0.0014,0.04688410174880767,0.04238410174880767,14,pump_le0,tdec_lt30,fund_flat,crowd_ge5,btc_down,-0.04287132760936874,0.17862032994979182,0.0001,-0.045359566742003476
ALPACAUSDT,2023-08-02,e2324,105533,long,2,-0.04998410174880767,-0.0014,-0.05588410174880767,-0.06038410174880767,14,pump_le0,tdec_lt30,fund_flat,crowd_ge5,btc_down,-0.04287132760936874,0.17862032994979182,0.0001,-0.045359566742003476
ALPHAUSDT,2022-03-30,e2122,105463,short,1,-0.010705364577138108,0.00219109,-0.013014274577138107,-0.017514274577138108,17,pump_0_25,tdec_30_70,fund_flat,crowd_ge5,btc_up,0.01374653322078867,0.5748342205025879,0.00024088,0.02526498383626752
ALPHAUSDT,2022-03-30,e2122,105463,long,1,0.010705364577138108,-0.00219109,0.004014274577138109,-0.0004857254228618907,17,pump_0_25,tdec_30_70,fund_flat,crowd_ge5,btc_up,0.01374653322078867,0.5748342205025879,0.00024088,0.02526498383626752
ALPHAUSDT,2022-03-30,e2122,105463,short,2,0.2553676277276312,0.00189109,0.2527587177276312,0.2482587177276312,14,pump_0_25,tdec_ge70,fund_flat,crowd_ge5,btc_up,0.01374653322078867,7.85397248354176,0.0001,0.05423354255185853
ALPHAUSDT,2022-03-30,e2122,105463,long,2,-0.2553676277276312,-0.00189109,-0.2617587177276312,-0.2662587177276312,14,pump_0_25,tdec_ge70,fund_flat,crowd_ge5,btc_up,0.01374653322078867,7.85397248354176,0.0001,0.05423354255185853
ALPINEUSDT,2025-08-14,e2526,105639,short,1,0.11182108626198078,0.00145614,0.10877722626198078,0.10427722626198078,35,pump_25_100,tdec_ge70,fund_flat,crowd_ge5,btc_down,0.6763580719204285,10.59728132250863,0.0001,-0.011342341453792315
ALPINEUSDT,2025-08-14,e2526,105639,long,1,-0.11182108626198078,-0.00145614,-0.11777722626198078,-0.12227722626198077,35,pump_25_100,tdec_ge70,fund_flat,crowd_ge5,btc_down,0.6763580719204285,10.59728132250863,0.0001,-0.011342341453792315
ALPINEUSDT,2025-08-14,e2526,105639,short,2,0.12104787714543813,0.00141024,0.11795811714543813,0.11345811714543814,29,pump_25_100,tdec_ge70,fund_flat,crowd_ge5,btc_down,0.6763580719204285,13.294709667502353,0.0001,-0.015861605603818885
ALPINEUSDT,2025-08-14,e2526,105639,long,2,-0.12104787714543813,-0.00141024,-0.12695811714543814,-0.13145811714543815,29,pump_25_100,tdec_ge70,fund_flat,crowd_ge5,btc_down,0.6763580719204285,13.294709667502353,0.0001,-0.015861605603818885
ALTUSDT,2024-01-25,e2324,105558,short,1,0.045881702598120515,0.0018005,0.04318220259812052,0.03868220259812052,17,pump_0_25,tdec_30_70,fund_flat,crowd_24,btc_down,0.23481228668942,0.5523385605495432,0.0001,-0.03793666866111289
ALTUSDT,2024-01-25,e2324,105558,long,1,-0.045881702598120515,-0.0018005,-0.052182202598120515,-0.05668220259812052,17,pump_0_25,tdec_30_70,fund_flat,crowd_24,btc_down,0.23481228668942,0.5523385605495432,0.0001,-0.03793666866111289
ALTUSDT,2024-01-25,e2324,105558,short,2,0.14723320158102762,0.0015005,0.1442337015810276,0.1397337015810276,14,pump_0_25,tdec_ge70,fund_flat,crowd_24,btc_down,0.23481228668942,0.7336773469718457,0.0001,-0.011998028492970603
ALTUSDT,2024-01-25,e2324,105558,long,2,-0.14723320158102762,-0.0015005,-0.15323370158102761,-0.15773370158102762,14,pump_0_25,tdec_ge70,fund_flat,crowd_24,btc_down,0.23481228668942,0.7336773469718457,0.0001,-0.011998028492970603
ALUUSDT,2025-01-14,e2526,105609,short,1,0.1334008780817291,0.0017097,0.1306105780817291,0.1261105780817291,35,pump_le0,tdec_lt30,fund_flat,crowd_24,btc_down,-0.04754246011322705,0.12544532149374216,0.0001,-0.05305850838217352
ALUUSDT,2025-01-14,e2526,105609,long,1,-0.1334008780817291,-0.0017097,-0.1396105780817291,-0.1441105780817291,35,pump_le0,tdec_lt30,fund_flat,crowd_24,btc_down,-0.04754246011322705,0.12544532149374216,0.0001,-0.05305850838217352
ALUUSDT,2025-01-14,e2526,105609,short,2,0.10373733845616488,0.0014097,0.10064703845616488,0.09614703845616489,29,pump_le0,tdec_lt30,fund_flat,crowd_24,btc_down,-0.04754246011322705,0.10894150664534928,0.0001,-0.057867023111742966
ALUUSDT,2025-01-14,e2526,105609,long,2,-0.10373733845616488,-0.0014097,-0.10964703845616489,-0.11414703845616488,29,pump_le0,tdec_lt30,fund_flat,crowd_24,btc_down,-0.04754246011322705,0.10894150664534928,0.0001,-0.057867023111742966
AMATUSDT,2026-06-05,e2526,105681,short,1,-0.268054724051531,0.00228372,-0.27027100405153104,-0.27477100405153104,17,pump_le0,tdec_ge70,fund_flat,crowd_ge5,btc_down,-0.07008536434492141,0.9053020331401673,0.0,-0.23907101433690858
AMATUSDT,2026-06-05,e2526,105681,long,1,0.268054724051531,-0.00228372,0.26127100405153103,0.256771004051531,17,pump_le0,tdec_ge70,fund_flat,crowd_ge5,btc_down,-0.07008536434492141,0.9053020331401673,0.0,-0.23907101433690858
AMATUSDT,2026-06-05,e2526,105681,short,2,-0.26659431684791035,0.0057928,-0.26530151684791037,-0.26980151684791037,14,pump_le0,tdec_30_70,fund_neg,crowd_ge5,btc_down,-0.07008536434492141,0.44413401243097483,-0.00115385,-0.2102295338836625
AMATUSDT,2026-06-05,e2526,105681,long,2,0.26659431684791035,-0.0057928,0.25630151684791036,0.25180151684791036,14,pump_le0,tdec_30_70,fund_neg,crowd_ge5,btc_down,-0.07008536434492141,0.44413401243097483,-0.00115385,-0.2102295338836625
AMBUSDT,2023-06-05,e2324,105525,short,1,0.28478664192949904,0.0017000000000000001,0.281986641929499,0.277486641929499,17,pump_le0,tdec_lt30,fund_flat,crowd_01,btc_down,-0.030575539568345356,0.2257650119550917,0.0001,-0.04212726869595518
AMBUSDT,2023-06-05,e2324,105525,long,1,-0.28478664192949904,-0.0017000000000000001,-0.290986641929499,-0.295486641929499,17,pump_le0,tdec_lt30,fund_flat,crowd_01,btc_down,-0.030575539568345356,0.2257650119550917,0.0001,-0.04212726869595518
AMBUSDT,2023-06-05,e2324,105525,short,2,0.20268872802481902,0.0014,0.19958872802481903,0.19508872802481902,14,pump_le0,tdec_lt30,fund_flat,crowd_01,btc_down,-0.030575539568345356,0.14875805241717227,0.0001,-0.04809535174698232
AMBUSDT,2023-06-05,e2324,105525,long,2,-0.20268872802481902,-0.0014,-0.20858872802481904,-0.21308872802481904,14,pump_le0,tdec_lt30,fund_flat,crowd_01,btc_down,-0.030575539568345356,0.14875805241717227,0.0001,-0.04809535174698232
AMDSTOCKUSDT,2026-05-28,e2526,105680,short,1,0.0025232429494770445,0.00048063,-0.001496127050522955,-0.005996127050522954,17,pump_0_25,tdec_lt30,fund_flat,crowd_ge5,btc_down,0.04838939421687738,0.26072215606453486,0.0,-0.03053069306930689
AMDSTOCKUSDT,2026-05-28,e2526,105680,long,1,-0.0025232429494770445,-0.00048063,-0.007503872949477044,-0.012003872949477044,17,pump_0_25,tdec_lt30,fund_flat,crowd_ge5,btc_down,0.04838939421687738,0.26072215606453486,0.0,-0.03053069306930689
AMDSTOCKUSDT,2026-05-28,e2526,105680,short,2,0.01745564392780666,0.00022621,0.013181853927806662,0.008681853927806663,14,pump_0_25,tdec_lt30,fund_flat,crowd_ge5,btc_down,0.04838939421687738,0.15015294261930698,0.0,-0.03206904234544761
AMDSTOCKUSDT,2026-05-28,e2526,105680,long,2,-0.01745564392780666,-0.00022621,-0.022181853927806663,-0.026681853927806663,14,pump_0_25,tdec_lt30,fund_flat,crowd_ge5,btc_down,0.04838939421687738,0.15015294261930698,0.0,-0.03206904234544761
AMZNUSDT,2026-04-28,e2526,105676,short,1,-0.009385854704013083,0.0034961199999999997,-0.010389734704013082,-0.014889734704013082,17,pump_0_25,tdec_ge70,fund_flat,crowd_ge5,btc_up,0.03618332886625564,2.03443629796074,0.0,0.13453741577089384
AMZNUSDT,2026-04-28,e2526,105676,long,1,0.009385854704013083,-0.0034961199999999997,0.0013897347040130832,-0.0031102652959869165,17,pump_0_25,tdec_ge70,fund_flat,crowd_ge5,btc_up,0.03618332886625564,2.03443629796074,0.0,0.13453741577089384
AMZNUSDT,2026-04-28,e2526,105676,short,2,-0.03493218155641444,0.0034961199999999997,-0.03593606155641444,-0.040436061556414445,14,pump_0_25,tdec_ge70,fund_flat,crowd_ge5,btc_up,0.03618332886625564,0.895804063292904,0.0,0.11805183120715768
AMZNUSDT,2026-04-28,e2526,105676,long,2,0.03493218155641444,-0.0034961199999999997,0.026936061556414443,0.022436061556414442,14,pump_0_25,tdec_ge70,fund_flat,crowd_ge5,btc_up,0.03618332886625564,0.895804063292904,0.0,0.11805183120715768
ANCUSDT,2022-03-15,e2122,105461,short,1,0.17040784065760345,0.0017000000000000001,0.16760784065760345,0.16310784065760345,17,pump_0_25,tdec_ge70,fund_flat,crowd_24,btc_down,0.17934377330350482,1.0114479167202564,0.0000111,-0.03319502074688796
ANCUSDT,2022-03-15,e2122,105461,long,1,-0.17040784065760345,-0.0017000000000000001,-0.17660784065760346,-0.18110784065760346,17,pump_0_25,tdec_ge70,fund_flat,crowd_24,btc_down,0.17934377330350482,1.0114479167202564,0.0000111,-0.03319502074688796
ANCUSDT,2022-03-15,e2122,105461,short,2,0.05747126436781599,0.0014,0.05437126436781599,0.049871264367815984,14,pump_0_25,tdec_ge70,fund_flat,crowd_24,btc_down,0.17934377330350482,0.730636167012196,0.0001,-0.08162921537580436
ANCUSDT,2022-03-15,e2122,105461,long,2,-0.05747126436781599,-0.0014,-0.06337126436781598,-0.06787126436781599,14,pump_0_25,tdec_ge70,fund_flat,crowd_24,btc_down,0.17934377330350482,0.730636167012196,0.0001,-0.08162921537580436
ANIMEUSDT,2025-01-23,e2526,105610,short,1,0.2588273404599935,0.0004117300000000002,0.2547390704599935,0.2502390704599935,71,pump_le0,tdec_30_70,fund_flat,crowd_ge5,btc_up,-0.37415103902686264,0.6048114132592738,-0.00046368,0.05427180871825632
ANIMEUSDT,2025-01-23,e2526,105610,long,1,-0.2588273404599935,-0.0004117300000000002,-0.2637390704599935,-0.2682390704599935,71,pump_le0,tdec_30_70,fund_flat,crowd_ge5,btc_up,-0.37415103902686264,0.6048114132592738,-0.00046368,0.05427180871825632
ANIMEUSDT,2025-01-23,e2526,105610,short,2,0.1974745703262013,0.001475,0.1944495703262013,0.1899495703262013,59,pump_le0,tdec_30_70,fund_flat,crowd_ge5,btc_up,-0.37415103902686264,0.31213615446222953,0.0001,0.09364842620676983
ANIMEUSDT,2025-01-23,e2526,105610,long,2,-0.1974745703262013,-0.001475,-0.2034495703262013,-0.20794957032620132,59,pump_le0,tdec_30_70,fund_flat,crowd_ge5,btc_up,-0.37415103902686264,0.31213615446222953,0.0001,0.09364842620676983
ANKRUSDT,2021-11-24,e2122,105445,short,1,-0.17501001201441727,0.01183899,-0.16767102201441728,-0.17217102201441728,17,pump_0_25,tdec_ge70,fund_pos,crowd_ge5,btc_down,0.027572016460905457,1.7594108494247973,0.00109116,-0.02277381218859076
ANKRUSDT,2021-11-24,e2122,105445,long,1,0.17501001201441727,-0.01183899,0.15867102201441727,0.15417102201441726,17,pump_0_25,tdec_ge70,fund_pos,crowd_ge5,btc_down,0.027572016460905457,1.7594108494247973,0.00109116,-0.02277381218859076
ANKRUSDT,2021-11-24,e2122,105445,short,2,0.16695059625212952,0.00770841,0.1701590062521295,0.1656590062521295,14,pump_0_25,tdec_ge70,fund_pos,crowd_ge5,btc_down,0.027572016460905457,25.073614895209765,0.00074685,-0.08004240657301886
ANKRUSDT,2021-11-24,e2122,105445,long,2,-0.16695059625212952,-0.00770841,-0.17915900625212952,-0.18365900625212953,14,pump_0_25,tdec_ge70,fund_pos,crowd_ge5,btc_down,0.027572016460905457,25.073614895209765,0.00074685,-0.08004240657301886
ANTUSDT,2021-12-17,e2122,105448,short,1,-0.8381849315068493,-0.00392062,-0.8466055515068492,-0.8511055515068493,17,pump_le0,tdec_ge70,fund_flat,crowd_ge5,btc_down,-0.0744849445324881,0.9440943991391448,0.0001,-0.17734158872348837
ANTUSDT,2021-12-17,e2122,105448,long,1,0.8381849315068493,0.00392062,0.8376055515068493,0.8331055515068493,17,pump_le0,tdec_ge70,fund_flat,crowd_ge5,btc_down,-0.0744849445324881,0.9440943991391448,0.0001,-0.17734158872348837
ANTUSDT,2021-12-17,e2122,105448,short,2,-0.9186773905272565,-0.00422062,-0.9273980105272565,-0.9318980105272565,14,pump_le0,tdec_ge70,fund_flat,crowd_ge5,btc_down,-0.0744849445324881,1.3151272331292936,0.0001,-0.1961597714108666
ANTUSDT,2021-12-17,e2122,105448,long,2,0.9186773905272565,0.00422062,0.9183980105272566,0.9138980105272565,14,pump_le0,tdec_ge70,fund_flat,crowd_ge5,btc_down,-0.0744849445324881,1.3151272331292936,0.0001,-0.1961597714108666
APEUSDT,2022-03-18,e2122,105461,short,1,-0.055697496167603465,0.00291038,-0.057287116167603465,-0.06178711616760347,17,pump_0_25,tdec_30_70,fund_flat,crowd_24,btc_up,0.06784285194616224,0.6296430686962042,0.0001,0.04110823151919041
APEUSDT,2022-03-18,e2122,105461,long,1,0.055697496167603465,-0.00291038,0.04828711616760347,0.04378711616760347,17,pump_0_25,tdec_30_70,fund_flat,crowd_24,btc_up,0.06784285194616224,0.6296430686962042,0.0001,0.04110823151919041
APEUSDT,2022-03-18,e2122,105461,short,2,-0.28762854471798066,0.00179706,-0.29033148471798065,-0.29483148471798065,14,pump_0_25,tdec_30_70,fund_flat,crowd_24,btc_up,0.06784285194616224,0.5635044054635855,0.00020883,0.03181289766122086
APEUSDT,2022-03-18,e2122,105461,long,2,0.28762854471798066,-0.00179706,0.28133148471798064,0.27683148471798064,14,pump_0_25,tdec_30_70,fund_flat,crowd_24,btc_up,0.06784285194616224,0.5635044054635855,0.00020883,0.03181289766122086
APEXUSDT,2025-09-28,e2526,105646,short,1,-0.13576592474526109,0.01103144,-0.12923448474526109,-0.1337344847452611,35,pump_0_25,tdec_ge70,fund_pos,crowd_ge5,btc_up,0.06016898008449001,1.2062708954168035,0.00214288,0.05029109023935319
APEXUSDT,2025-09-28,e2526,105646,long,1,0.13576592474526109,-0.01103144,0.12023448474526108,0.11573448474526109,35,pump_0_25,tdec_ge70,fund_pos,crowd_ge5,btc_up,0.06016898008449001,1.2062708954168035,0.00214288,0.05029109023935319
APEXUSDT,2025-09-28,e2526,105646,short,2,-0.29980456026058644,0.010610379999999999,-0.29369418026058647,-0.29819418026058647,29,pump_0_25,tdec_ge70,fund_flat,crowd_ge5,btc_up,0.06016898008449001,0.8155633368629166,0.0001,0.05373197781885408
APEXUSDT,2025-09-28,e2526,105646,long,2,0.29980456026058644,-0.010610379999999999,0.28469418026058646,0.28019418026058646,29,pump_0_25,tdec_ge70,fund_flat,crowd_ge5,btc_up,0.06016898008449001,0.8155633368629166,0.0001,0.05373197781885408
API3USDT,2022-02-28,e2122,105459,short,1,0.34344434814906527,0.0017000000000000001,0.34064434814906525,0.33614434814906524,17,pump_0_25,tdec_ge70,fund_flat,crowd_ge5,btc_up,0.23125000000000018,0.8789202730976654,0.0001,0.17198452825705268
API3USDT,2022-02-28,e2122,105459,long,1,-0.34344434814906527,-0.0017000000000000001,-0.34964434814906525,-0.35414434814906526,17,pump_0_25,tdec_ge70,fund_flat,crowd_ge5,btc_up,0.23125000000000018,0.8789202730976654,0.0001,0.17198452825705268
API3USDT,2022-02-28,e2122,105459,short,2,0.27376061353053954,0.0014,0.27066061353053955,0.26616061353053955,14,pump_0_25,tdec_30_70,fund_flat,crowd_ge5,btc_up,0.23125000000000018,0.4660029838472156,0.0001,0.1418704474505723
API3USDT,2022-02-28,e2122,105459,long,2,-0.27376061353053954,-0.0014,-0.27966061353053956,-0.28416061353053956,14,pump_0_25,tdec_30_70,fund_flat,crowd_ge5,btc_up,0.23125000000000018,0.4660029838472156,0.0001,0.1418704474505723
APRUSDT,2025-10-23,e2526,105649,short,1,0.12954253954681486,0.01615426,0.14119679954681486,0.13669679954681485,35,pump_25_100,tdec_ge70,fund_flat,crowd_ge5,btc_down,0.8309197651663405,1.9151921497898938,0.0001,-0.020226832250972437
APRUSDT,2025-10-23,e2526,105649,long,1,-0.12954253954681486,-0.01615426,-0.15019679954681486,-0.15469679954681487,35,pump_25_100,tdec_ge70,fund_flat,crowd_ge5,btc_down,0.8309197651663405,1.9151921497898938,0.0001,-0.020226832250972437
APRUSDT,2025-10-23,e2526,105649,short,2,-0.09994597514856844,0.010414,-0.09403197514856845,-0.09853197514856844,29,pump_25_100,tdec_30_70,fund_pos,crowd_ge5,btc_up,0.8309197651663405,0.5809454947462713,0.00101418,0.024384176081622133
APRUSDT,2025-10-23,e2526,105649,long,2,0.09994597514856844,-0.010414,0.08503197514856844,0.08053197514856845,29,pump_25_100,tdec_30_70,fund_pos,crowd_ge5,btc_up,0.8309197651663405,0.5809454947462713,0.00101418,0.024384176081622133
APTUSDT,2022-10-19,e2122,105492,short,1,-0.25016995241332424,-0.02356072,-0.2782306724133242,-0.2827306724133242,17,pump_0_25,tdec_30_70,fund_flat,crowd_01,btc_up,0.004095563139931757,0.5906370074511084,-0.00038039,0.009088500264970767
APTUSDT,2022-10-19,e2122,105492,long,1,0.25016995241332424,0.02356072,0.2692306724133242,0.2647306724133242,17,pump_0_25,tdec_30_70,fund_flat,crowd_01,btc_up,0.004095563139931757,0.5906370074511084,-0.00038039,0.009088500264970767
APTUSDT,2022-10-19,e2122,105492,short,2,-0.22681787858572383,-0.02263782,-0.2539556985857238,-0.2584556985857238,14,pump_0_25,tdec_30_70,fund_flat,crowd_01,btc_up,0.004095563139931757,0.5127946671991471,0.00004581,0.0382999484997153
APTUSDT,2022-10-19,e2122,105492,long,2,0.22681787858572383,0.02263782,0.24495569858572383,0.24045569858572383,14,pump_0_25,tdec_30_70,fund_flat,crowd_01,btc_up,0.004095563139931757,0.5127946671991471,0.00004581,0.0382999484997153
ARBUSDT,2023-03-23,e2324,105514,short,1,-0.08362779740871598,0.0017000000000000001,-0.08642779740871598,-0.09092779740871597,17,pump_0_25,tdec_ge70,fund_flat,crowd_24,btc_up,0.001572945340149401,0.761950781712599,0.00014355,0.13469698348235326
ARBUSDT,2023-03-23,e2324,105514,long,1,0.08362779740871598,-0.0017000000000000001,0.07742779740871597,0.07292779740871598,17,pump_0_25,tdec_ge70,fund_flat,crowd_24,btc_up,0.001572945340149401,0.761950781712599,0.00014355,0.13469698348235326
ARBUSDT,2023-03-23,e2324,105514,short,2,-0.13300492610837433,0.0014,-0.13610492610837432,-0.14060492610837433,14,pump_0_25,tdec_30_70,fund_flat,crowd_24,btc_up,0.001572945340149401,0.39101063309760925,0.0001,0.1465759262044417
ARBUSDT,2023-03-23,e2324,105514,long,2,0.13300492610837433,-0.0014,0.12710492610837432,0.12260492610837433,14,pump_0_25,tdec_30_70,fund_flat,crowd_24,btc_up,0.001572945340149401,0.39101063309760925,0.0001,0.1465759262044417
ARCUSDT,2025-01-03,e2526,105607,short,1,0.17539988968560405,0.00488891,0.17578879968560404,0.17128879968560404,35,pump_25_100,tdec_30_70,fund_pos,crowd_24,btc_up,0.3250397203686053,0.428368609825193,0.00111462,0.012366735101502435
ARCUSDT,2025-01-03,e2526,105607,long,1,-0.17539988968560405,-0.00488891,-0.18478879968560405,-0.18928879968560405,35,pump_25_100,tdec_30_70,fund_pos,crowd_24,btc_up,0.3250397203686053,0.428368609825193,0.00111462,0.012366735101502435
ARCUSDT,2025-01-03,e2526,105607,short,2,0.05969700284401667,0.00181101,0.05700801284401667,0.05250801284401667,29,pump_25_100,tdec_30_70,fund_flat,crowd_24,btc_down,0.3250397203686053,0.512045155854125,0.0001,-0.014524516008132982
ARCUSDT,2025-01-03,e2526,105607,long,2,-0.05969700284401667,-0.00181101,-0.06600801284401667,-0.07050801284401667,29,pump_25_100,tdec_30_70,fund_flat,crowd_24,btc_down,0.3250397203686053,0.512045155854125,0.0001,-0.014524516008132982
ARIAUSDT,2025-09-03,e2526,105642,short,1,0.1372696188808273,-0.00319691,0.1295727088808273,0.1250727088808273,35,pump_0_25,tdec_ge70,fund_neg,crowd_ge5,btc_down,0.12739751786385867,0.7616920454299495,-0.00146696,-0.029752032791138916
ARIAUSDT,2025-09-03,e2526,105642,long,1,-0.1372696188808273,0.00319691,-0.13857270888082732,-0.14307270888082732,35,pump_0_25,tdec_ge70,fund_neg,crowd_ge5,btc_down,0.12739751786385867,0.7616920454299495,-0.00146696,-0.029752032791138916
ARIAUSDT,2025-09-03,e2526,105642,short,2,0.08264609381927814,0.00195818,0.08010427381927814,0.07560427381927814,29,pump_0_25,tdec_ge70,fund_flat,crowd_ge5,btc_down,0.12739751786385867,1.546065520426058,0.0001,-0.037582975909798755
ARIAUSDT,2025-09-03,e2526,105642,long,2,-0.08264609381927814,-0.00195818,-0.08910427381927814,-0.09360427381927813,29,pump_0_25,tdec_ge70,fund_flat,crowd_ge5,btc_down,0.12739751786385867,1.546065520426058,0.0001,-0.037582975909798755
ARKMUSDT,2023-07-28,e2324,105532,short,1,0.12435033686236754,0.0017000000000000001,0.12155033686236755,0.11705033686236756,17,pump_le0,tdec_30_70,fund_flat,crowd_24,btc_down,-0.09581411539465678,0.4741564067916987,0.0001,-0.0359272779846026
ARKMUSDT,2023-07-28,e2324,105532,long,1,-0.12435033686236754,-0.0017000000000000001,-0.13055033686236756,-0.13505033686236756,17,pump_le0,tdec_30_70,fund_flat,crowd_24,btc_down,-0.09581411539465678,0.4741564067916987,0.0001,-0.0359272779846026
ARKMUSDT,2023-07-28,e2324,105532,short,2,0.09706232631996824,0.0014,0.09396232631996823,0.08946232631996824,14,pump_le0,tdec_30_70,fund_flat,crowd_24,btc_down,-0.09581411539465678,0.5632973791386918,0.0001,-0.03913935435164373
ARKMUSDT,2023-07-28,e2324,105532,long,2,-0.09706232631996824,-0.0014,-0.10296232631996824,-0.10746232631996823,14,pump_le0,tdec_30_70,fund_flat,crowd_24,btc_down,-0.09581411539465678,0.5632973791386918,0.0001,-0.03913935435164373
ARKUSDT,2023-08-01,e2324,105533,short,1,0.010718189190142042,0.0017000000000000001,0.007918189190142044,0.003418189190142043,17,pump_0_25,tdec_30_70,fund_flat,crowd_24,btc_down,0.0031477682676663843,0.31188178019024765,0.0001,-0.06354276688572058
ARKUSDT,2023-08-01,e2324,105533,long,1,-0.010718189190142042,-0.0017000000000000001,-0.01691818919014204,-0.02141818919014204,17,pump_0_25,tdec_30_70,fund_flat,crowd_24,btc_down,0.0031477682676663843,0.31188178019024765,0.0001,-0.06354276688572058
ARKUSDT,2023-08-01,e2324,105533,short,2,0.00837574215436805,0.0014,0.00527574215436805,0.0007757421543680507,14,pump_0_25,tdec_lt30,fund_flat,crowd_24,btc_down,0.0031477682676663843,0.15388943735730987,0.0001,-0.05126145782188396
ARKUSDT,2023-08-01,e2324,105533,long,2,-0.00837574215436805,-0.0014,-0.01427574215436805,-0.01877574215436805,14,pump_0_25,tdec_lt30,fund_flat,crowd_24,btc_down,0.0031477682676663843,0.15388943735730987,0.0001,-0.05126145782188396
ARMUSDT,2026-05-13,e2526,105678,short,1,-0.15237379542038723,-0.00550566,-0.16237945542038723,-0.16687945542038723,17,pump_0_25,tdec_ge70,fund_flat,crowd_ge5,btc_up,0.06121874560210161,1.5221485419966907,0.00024608,0.0939424122917123
ARMUSDT,2026-05-13,e2526,105678,long,1,0.15237379542038723,0.00550566,0.15337945542038722,0.14887945542038722,17,pump_0_25,tdec_ge70,fund_flat,crowd_ge5,btc_up,0.06121874560210161,1.5221485419966907,0.00024608,0.0939424122917123
ARMUSDT,2026-05-13,e2526,105678,short,2,-0.25730683900839196,-0.00584118,-0.26764801900839197,-0.272148019008392,14,pump_0_25,tdec_ge70,fund_flat,crowd_ge5,btc_up,0.06121874560210161,1.0346003162758275,0.0,0.057385631927979075
ARMUSDT,2026-05-13,e2526,105678,long,2,0.25730683900839196,0.00584118,0.25864801900839196,0.25414801900839196,14,pump_0_25,tdec_ge70,fund_flat,crowd_ge5,btc_up,0.06121874560210161,1.0346003162758275,0.0,0.057385631927979075
ARPAUSDT,2022-04-20,e2122,105466,short,1,0.05512645767075578,-0.0008497099999999999,0.04977674767075579,0.04527674767075578,17,pump_le0,tdec_ge70,fund_flat,crowd_24,btc_down,-0.07856544794864628,0.7891699043536248,0.0001,-0.04497220222146159
ARPAUSDT,2022-04-20,e2122,105466,long,1,-0.05512645767075578,0.0008497099999999999,-0.05877674767075578,-0.06327674767075578,17,pump_le0,tdec_ge70,fund_flat,crowd_24,btc_down,-0.07856544794864628,0.7891699043536248,0.0001,-0.04497220222146159
ARPAUSDT,2022-04-20,e2122,105466,short,2,0.059541754597527814,-0.00106439,0.05397736459752782,0.049477364597527815,14,pump_le0,tdec_30_70,fund_flat,crowd_24,btc_down,-0.07856544794864628,0.49045390984400483,0.0001,-0.07409308892337496
ARPAUSDT,2022-04-20,e2122,105466,long,2,-0.059541754597527814,0.00106439,-0.06297736459752781,-0.06747736459752782,14,pump_le0,tdec_30_70,fund_flat,crowd_24,btc_down,-0.07856544794864628,0.49045390984400483,0.0001,-0.07409308892337496
ARUSDT,2021-12-20,e2122,105449,short,1,-0.10298452468680906,0.00200542,-0.10547910468680907,-0.10997910468680906,17,pump_0_25,tdec_ge70,fund_flat,crowd_24,btc_down,0.03252805782765833,1.0593733080977057,1.15e-6,-0.16614358571989019
ARUSDT,2021-12-20,e2122,105449,long,1,0.10298452468680906,-0.00200542,0.09647910468680906,0.09197910468680907,17,pump_0_25,tdec_ge70,fund_flat,crowd_24,btc_down,0.03252805782765833,1.0593733080977057,1.15e-6,-0.16614358571989019
ARUSDT,2021-12-20,e2122,105449,short,2,-0.12643461900282219,0.00170542,-0.12922919900282218,-0.13372919900282218,14,pump_0_25,tdec_ge70,fund_flat,crowd_24,btc_down,0.03252805782765833,1.068568637081926,0.0001,-0.1362432922278688
ARUSDT,2021-12-20,e2122,105449,long,2,0.12643461900282219,-0.00170542,0.12022919900282218,0.11572919900282219,14,pump_0_25,tdec_ge70,fund_flat,crowd_24,btc_down,0.03252805782765833,1.068568637081926,0.0001,-0.1362432922278688
ARXUSDT,2026-06-23,e2526,105684,short,1,0.08991228070175442,-0.02104451,0.06436777070175441,0.05986777070175441,35,pump_le0,tdec_30_70,fund_flat,crowd_ge5,btc_down,-0.3703107019562716,0.38570440603945344,0.0001,-0.21237052037706794
ARXUSDT,2026-06-23,e2526,105684,long,1,-0.08991228070175442,0.02104451,-0.07336777070175442,-0.07786777070175441,35,pump_le0,tdec_30_70,fund_flat,crowd_ge5,btc_down,-0.3703107019562716,0.38570440603945344,0.0001,-0.21237052037706794
ARXUSDT,2026-06-23,e2526,105684,short,2,0.09322651128914788,-0.01785166,0.07087485128914789,0.0663748512891479,29,pump_le0,tdec_lt30,fund_flat,crowd_ge5,btc_down,-0.3703107019562716,0.0013490405072995458,0.0001,-0.1958868156221425
ARXUSDT,2026-06-23,e2526,105684,long,2,-0.09322651128914788,0.01785166,-0.0798748512891479,-0.08437485128914789,29,pump_le0,tdec_lt30,fund_flat,crowd_ge5,btc_down,-0.3703107019562716,0.0013490405072995458,0.0001,-0.1958868156221425
ASMLUSDT,2026-06-26,e2526,105684,short,1,-0.03343385414634419,0.0,-0.03793385414634419,-0.042433854146344194,17,pump_le0,tdec_lt30,fund_flat,crowd_ge5,btc_down,-0.00719977863862753,0.1424431310532866,0.0,-0.18481988543104666
ASMLUSDT,2026-06-26,e2526,105684,long,1,0.03343385414634419,-0.0,0.028933854146344192,0.02443385414634419,17,pump_le0,tdec_lt30,fund_flat,crowd_ge5,btc_down,-0.00719977863862753,0.1424431310532866,0.0,-0.18481988543104666
ASMLUSDT,2026-06-26,e2526,105684,short,2,-0.032231303728119075,0.0,-0.03673130372811907,-0.041231303728119076,14,pump_le0,tdec_lt30,fund_flat,crowd_ge5,btc_down,-0.00719977863862753,0.044010318710581586,0.0,-0.18909872775823733
ASMLUSDT,2026-06-26,e2526,105684,long,2,0.032231303728119075,-0.0,0.027731303728119074,0.023231303728119074,14,pump_le0,tdec_lt30,fund_flat,crowd_ge5,btc_down,-0.00719977863862753,0.044010318710581586,0.0,-0.18909872775823733
ASPUSDT,2025-07-24,e2526,105636,short,1,0.3322352941176471,-0.0005584300000000001,0.32717686411764707,0.32267686411764707,35,pump_le0,tdec_30_70,fund_flat,crowd_24,btc_up,-0.25307557117750434,0.64437325222878,0.0001,0.09651234337708825
ASPUSDT,2025-07-24,e2526,105636,long,1,-0.3322352941176471,0.0005584300000000001,-0.3361768641176471,-0.3406768641176471,35,pump_le0,tdec_30_70,fund_flat,crowd_24,btc_up,-0.25307557117750434,0.64437325222878,0.0001,0.09651234337708825
ASPUSDT,2025-07-24,e2526,105636,short,2,0.3138297872340426,-0.0011369000000000002,0.3081928872340426,0.3036928872340426,29,pump_le0,tdec_lt30,fund_flat,crowd_24,btc_up,-0.25307557117750434,0.182659476347143,0.0001,0.10283400355267691
ASPUSDT,2025-07-24,e2526,105636,long,2,-0.3138297872340426,0.0011369000000000002,-0.3171928872340426,-0.3216928872340426,29,pump_le0,tdec_lt30,fund_flat,crowd_24,btc_up,-0.25307557117750434,0.182659476347143,0.0001,0.10283400355267691
ASRUSDT,2025-08-14,e2526,105639,short,1,0.30992490359244973,-0.0230504,0.2823745035924497,0.2778745035924497,35,pump_le0,tdec_30_70,fund_flat,crowd_ge5,btc_down,-0.14327942966440632,0.5368885074997806,0.0001,-0.011342341453792315
ASRUSDT,2025-08-14,e2526,105639,long,1,-0.30992490359244973,0.0230504,-0.2913745035924497,-0.2958745035924497,35,pump_le0,tdec_30_70,fund_flat,crowd_ge5,btc_down,-0.14327942966440632,0.5368885074997806,0.0001,-0.011342341453792315
ASRUSDT,2025-08-14,e2526,105639,short,2,0.2347512941706054,-0.02236168,0.2078896141706054,0.2033896141706054,29,pump_le0,tdec_30_70,fund_neg,crowd_ge5,btc_down,-0.14327942966440632,0.5887241238017263,-0.00059088,-0.015861605603818885
ASRUSDT,2025-08-14,e2526,105639,long,2,-0.2347512941706054,0.02236168,-0.2168896141706054,-0.2213896141706054,29,pump_le0,tdec_30_70,fund_neg,crowd_ge5,btc_down,-0.14327942966440632,0.5887241238017263,-0.00059088,-0.015861605603818885
ASTERUSDT,2025-09-19,e2526,105644,short,1,-0.22473267685615894,0.02571998,-0.20351269685615894,-0.20801269685615895,35,pump_gt100,tdec_ge70,fund_pos,crowd_ge5,btc_up,1.3647142857142858,6.057592206973885,0.0035297,0.0281533343944258
ASTERUSDT,2025-09-19,e2526,105644,long,1,0.22473267685615894,-0.02571998,0.19451269685615893,0.19001269685615893,35,pump_gt100,tdec_ge70,fund_pos,crowd_ge5,btc_up,1.3647142857142858,6.057592206973885,0.0035297,0.0281533343944258
ASTERUSDT,2025-09-19,e2526,105644,short,2,-0.45336583267617736,0.0155916,-0.4422742326761774,-0.4467742326761774,29,pump_gt100,tdec_ge70,fund_pos,crowd_ge5,btc_down,1.3647142857142858,8.043849685720343,0.00210332,-0.014768203196241614
ASTERUSDT,2025-09-19,e2526,105644,long,2,0.45336583267617736,-0.0155916,0.4332742326761774,0.42877423267617737,29,pump_gt100,tdec_ge70,fund_pos,crowd_ge5,btc_down,1.3647142857142858,8.043849685720343,0.00210332,-0.014768203196241614
ASTRUSDT,2022-04-04,e2122,105464,short,1,-0.1992214334783606,0.00461241,-0.1991090234783606,-0.2036090234783606,17,pump_0_25,tdec_ge70,fund_flat,crowd_ge5,btc_up,0.062271953296034965,3.3861381015995624,0.00034005,0.18470333906339542
ASTRUSDT,2022-04-04,e2122,105464,long,1,0.1992214334783606,-0.00461241,0.1901090234783606,0.18560902347836059,17,pump_0_25,tdec_ge70,fund_flat,crowd_ge5,btc_up,0.062271953296034965,3.3861381015995624,0.00034005,0.18470333906339542
ASTRUSDT,2022-04-04,e2122,105464,short,2,-0.2501790403437576,0.0031080500000000002,-0.2515709903437576,-0.2560709903437576,14,pump_0_25,tdec_ge70,fund_flat,crowd_ge5,btc_up,0.062271953296034965,0.8768588915202508,0.00033766,0.13646776911733727
ASTRUSDT,2022-04-04,e2122,105464,long,2,0.2501790403437576,-0.0031080500000000002,0.2425709903437576,0.2380709903437576,14,pump_0_25,tdec_ge70,fund_flat,crowd_ge5,btc_up,0.062271953296034965,0.8768588915202508,0.00033766,0.13646776911733727
ASTSUSDT,2026-06-04,e2526,105681,short,1,-0.14304490690032862,-0.0222348,-0.16977970690032862,-0.17427970690032862,17,pump_le0,tdec_30_70,fund_flat,crowd_ge5,btc_down,-0.12430462305774037,0.6331612464158901,0.0,-0.25023404616053724
ASTSUSDT,2026-06-04,e2526,105681,long,1,0.14304490690032862,0.0222348,0.1607797069003286,0.1562797069003286,17,pump_le0,tdec_30_70,fund_flat,crowd_ge5,btc_down,-0.12430462305774037,0.6331612464158901,0.0,-0.25023404616053724
ASTSUSDT,2026-06-04,e2526,105681,short,2,-0.17575484452456053,0.00429024,-0.17596460452456053,-0.18046460452456053,14,pump_le0,tdec_ge70,fund_neg,crowd_ge5,btc_down,-0.12430462305774037,2.7201487352781104,-0.00116452,-0.23907101433690858
ASTSUSDT,2026-06-04,e2526,105681,long,2,0.17575484452456053,-0.00429024,0.16696460452456052,0.16246460452456052,14,pump_le0,tdec_ge70,fund_neg,crowd_ge5,btc_down,-0.12430462305774037,2.7201487352781104,-0.00116452,-0.23907101433690858
ATAUSDT,2023-08-08,e2324,105534,short,1,0.034296028880866324,0.0017000000000000001,0.03149602888086633,0.026996028880866323,17,pump_le0,tdec_30_70,fund_flat,crowd_24,btc_down,-0.0053859964093357915,0.3254777758158913,0.0001,-0.027411995749874185
ATAUSDT,2023-08-08,e2324,105534,long,1,-0.034296028880866324,-0.0017000000000000001,-0.04049602888086632,-0.044996028880866325,17,pump_le0,tdec_30_70,fund_flat,crowd_24,btc_down,-0.0053859964093357915,0.3254777758158913,0.0001,-0.027411995749874185
ATAUSDT,2023-08-08,e2324,105534,short,2,0.01533742331288345,0.0014,0.012237423312883449,0.00773742331288345,14,pump_le0,tdec_lt30,fund_flat,crowd_24,btc_down,-0.0053859964093357915,0.10178034156196263,0.0001,-0.03795391939979542
ATAUSDT,2023-08-08,e2324,105534,long,2,-0.01533742331288345,-0.0014,-0.02123742331288345,-0.02573742331288345,14,pump_le0,tdec_lt30,fund_flat,crowd_24,btc_down,-0.0053859964093357915,0.10178034156196263,0.0001,-0.03795391939979542
ATHUSDT,2024-06-13,e2324,105578,short,1,0.13161411010154994,-0.0053472,0.12176691010154994,0.11726691010154995,17,pump_le0,tdec_ge70,fund_flat,crowd_ge5,btc_down,-0.22996193023973655,1.7079511592855023,0.0001,-0.00248090968703063
ATHUSDT,2024-06-13,e2324,105578,long,1,-0.13161411010154994,0.0053472,-0.13076691010154995,-0.13526691010154995,17,pump_le0,tdec_ge70,fund_flat,crowd_ge5,btc_down,-0.22996193023973655,1.7079511592855023,0.0001,-0.00248090968703063
ATHUSDT,2024-06-13,e2324,105578,short,2,-0.00837858805275427,-0.00020321999999999983,-0.01308180805275427,-0.01758180805275427,14,pump_le0,tdec_ge70,fund_flat,crowd_ge5,btc_up,-0.22996193023973655,0.9723562259144465,-0.00019853,0.01468739459724655
ATHUSDT,2024-06-13,e2324,105578,long,2,0.00837858805275427,0.00020321999999999983,0.004081808052754272,-0.0004181919472457281,14,pump_le0,tdec_ge70,fund_flat,crowd_ge5,btc_up,-0.22996193023973655,0.9723562259144465,-0.00019853,0.01468739459724655
ATOMUSDT,2021-10-11,e2122,105439,short,1,0.04819456878543714,0.01690639,0.06060095878543715,0.056100958785437145,17,pump_0_25,tdec_ge70,fund_flat,crowd_24,btc_up,0.011164755582377728,1.2019325229091302,0.0001,0.21679430775080122
ATOMUSDT,2021-10-11,e2122,105439,long,1,-0.04819456878543714,-0.01690639,-0.06960095878543715,-0.07410095878543714,17,pump_0_25,tdec_ge70,fund_flat,crowd_24,btc_up,0.011164755582377728,1.2019325229091302,0.0001,0.21679430775080122
ATOMUSDT,2021-10-11,e2122,105439,short,2,0.07791269152934384,0.01559013,0.08900282152934383,0.08450282152934384,14,pump_0_25,tdec_ge70,fund_pos,crowd_24,btc_up,0.011164755582377728,1.1227787446885737,0.00065115,0.2761539317094872
ATOMUSDT,2021-10-11,e2122,105439,long,2,-0.07791269152934384,-0.01559013,-0.09800282152934384,-0.10250282152934383,14,pump_0_25,tdec_ge70,fund_pos,crowd_24,btc_up,0.011164755582377728,1.1227787446885737,0.00065115,0.2761539317094872
ATUSDT,2025-10-29,e2526,105650,short,1,0.04380508035251418,0.00761713,0.04692221035251418,0.04242221035251418,35,pump_0_25,tdec_ge70,fund_flat,crowd_ge5,btc_down,0.012598425196850283,1.7181915802072891,0.0002447,-0.05045091032839888
ATUSDT,2025-10-29,e2526,105650,long,1,-0.04380508035251418,-0.00761713,-0.05592221035251418,-0.06042221035251418,35,pump_0_25,tdec_ge70,fund_flat,crowd_ge5,btc_down,0.012598425196850283,1.7181915802072891,0.0002447,-0.05045091032839888
ATUSDT,2025-10-29,e2526,105650,short,2,-0.053097345132743376,0.00731713,-0.050280215132743375,-0.05478021513274338,29,pump_0_25,tdec_30_70,fund_flat,crowd_ge5,btc_down,0.012598425196850283,0.6402016756249532,0.0001,-0.07598725996453981
ATUSDT,2025-10-29,e2526,105650,long,2,0.053097345132743376,-0.00731713,0.04128021513274338,0.03678021513274338,29,pump_0_25,tdec_30_70,fund_flat,crowd_ge5,btc_down,0.012598425196850283,0.6402016756249532,0.0001,-0.07598725996453981
AUCTIONUSDT,2023-07-28,e2324,105532,short,1,0.2094872497943515,-0.0009062699999999999,0.2040809797943515,0.1995809797943515,17,pump_0_25,tdec_ge70,fund_flat,crowd_24,btc_down,0.06435137895812049,1.640646257859318,0.0001,-0.0359272779846026
AUCTIONUSDT,2023-07-28,e2324,105532,long,1,-0.2094872497943515,0.0009062699999999999,-0.2130809797943515,-0.2175809797943515,17,pump_0_25,tdec_ge70,fund_flat,crowd_24,btc_down,0.06435137895812049,1.640646257859318,0.0001,-0.0359272779846026
AUCTIONUSDT,2023-07-28,e2324,105532,short,2,0.1600873998543336,0.0009204500000000001,0.15650784985433358,0.15200784985433358,14,pump_0_25,tdec_30_70,fund_neg,crowd_24,btc_down,0.06435137895812049,0.6224581390791547,-0.00183961,-0.03913935435164373
AUCTIONUSDT,2023-07-28,e2324,105532,long,2,-0.1600873998543336,-0.0009204500000000001,-0.1655078498543336,-0.1700078498543336,14,pump_0_25,tdec_30_70,fund_neg,crowd_24,btc_down,0.06435137895812049,0.6224581390791547,-0.00183961,-0.03913935435164373
AUDIOUSDT,2021-11-26,e2122,105445,short,1,0.10918367346938777,0.00299163,0.10767530346938776,0.10317530346938777,17,pump_0_25,tdec_ge70,fund_flat,crowd_ge5,btc_down,0.10684436412920739,2.5283460965695728,0.00014701,-0.09723378132287386
AUDIOUSDT,2021-11-26,e2122,105445,long,1,-0.10918367346938777,-0.00299163,-0.11667530346938777,-0.12117530346938776,17,pump_0_25,tdec_ge70,fund_flat,crowd_ge5,btc_down,0.10684436412920739,2.5283460965695728,0.00014701,-0.09723378132287386
AUDIOUSDT,2021-11-26,e2122,105445,short,2,0.09962871287128706,0.00269163,0.09782034287128706,0.09332034287128707,14,pump_0_25,tdec_ge70,fund_flat,crowd_ge5,btc_down,0.10684436412920739,0.822090013262236,0.0001,-0.0802728731942215
AUDIOUSDT,2021-11-26,e2122,105445,long,2,-0.09962871287128706,-0.00269163,-0.10682034287128707,-0.11132034287128706,14,pump_0_25,tdec_ge70,fund_flat,crowd_ge5,btc_down,0.10684436412920739,0.822090013262236,0.0001,-0.0802728731942215
AUSDT,2025-05-28,e2526,105628,short,1,0.09852002321532222,0.00041859000000000004,0.09443861321532221,0.08993861321532222,35,pump_le0,tdec_30_70,fund_flat,crowd_ge5,btc_up,-0.10586403736377792,0.6137304950452475,0.0001,0.12048832271762211
AUSDT,2025-05-28,e2526,105628,long,1,-0.09852002321532222,-0.00041859000000000004,-0.10343861321532222,-0.10793861321532221,35,pump_le0,tdec_30_70,fund_flat,crowd_ge5,btc_up,-0.10586403736377792,0.6137304950452475,0.0001,0.12048832271762211
AUSDT,2025-05-28,e2526,105628,short,2,-0.01586003924133409,0.00026773000000000004,-0.02009230924133409,-0.02459230924133409,29,pump_le0,tdec_ge70,fund_flat,crowd_ge5,btc_up,-0.10586403736377792,0.7624150589745747,0.0001,0.10474723219787929
AUSDT,2025-05-28,e2526,105628,long,2,0.01586003924133409,-0.00026773000000000004,0.01109230924133409,0.006592309241334091,29,pump_le0,tdec_ge70,fund_flat,crowd_ge5,btc_up,-0.10586403736377792,0.7624150589745747,0.0001,0.10474723219787929
AVAAIUSDT,2025-01-08,e2526,105608,short,1,-0.21787899388171308,-0.00811917,-0.2304981638817131,-0.2349981638817131,17,pump_25_100,tdec_30_70,fund_neg,crowd_ge5,btc_down,0.2838751909229762,0.46709105163298714,-0.00084524,-0.041895211739069294
AVAAIUSDT,2025-01-08,e2526,105608,long,1,0.21787899388171308,0.00811917,0.2214981638817131,0.21699816388171309,17,pump_25_100,tdec_30_70,fund_neg,crowd_ge5,btc_down,0.2838751909229762,0.46709105163298714,-0.00084524,-0.041895211739069294
AVAAIUSDT,2025-01-08,e2526,105608,short,2,-0.21483365119728762,-0.00676796,-0.2261016111972876,-0.23060161119728761,14,pump_25_100,tdec_30_70,fund_flat,crowd_ge5,btc_down,0.2838751909229762,0.6411678468081758,-0.00020963,-0.06372202439870944
AVAAIUSDT,2025-01-08,e2526,105608,long,2,0.21483365119728762,0.00676796,0.2171016111972876,0.2126016111972876,14,pump_25_100,tdec_30_70,fund_flat,crowd_ge5,btc_down,0.2838751909229762,0.6411678468081758,-0.00020963,-0.06372202439870944
AVAILUSDT,2024-07-23,e2324,105584,short,1,0.2269215309722656,-0.00670909,0.2157124409722656,0.2112124409722656,17,pump_25_100,tdec_ge70,fund_neg,crowd_ge5,btc_up,0.4683585808905504,2.8380602297991144,-0.0020317,0.08476179570540232
AVAILUSDT,2024-07-23,e2324,105584,long,1,-0.2269215309722656,0.00670909,-0.22471244097226561,-0.22921244097226562,17,pump_25_100,tdec_ge70,fund_neg,crowd_ge5,btc_up,0.4683585808905504,2.8380602297991144,-0.0020317,0.08476179570540232
AVAILUSDT,2024-07-23,e2324,105584,short,2,0.13067496986741658,0.0014,0.1275749698674166,0.1230749698674166,14,pump_25_100,tdec_ge70,fund_flat,crowd_ge5,btc_up,0.4683585808905504,1.4610608901187008,0.0001,0.06481403526950813
AVAILUSDT,2024-07-23,e2324,105584,long,2,-0.13067496986741658,-0.0014,-0.1365749698674166,-0.1410749698674166,14,pump_25_100,tdec_ge70,fund_flat,crowd_ge5,btc_up,0.4683585808905504,1.4610608901187008,0.0001,0.06481403526950813
AVAUSDT,2024-12-16,e2324,105605,short,1,0.18364824298075227,0.0017000000000000001,0.18084824298075228,0.17634824298075227,17,pump_le0,tdec_30_70,fund_flat,crowd_ge5,btc_up,-0.25431242593161574,0.6152273488532449,0.0001,0.18002892102335943
AVAUSDT,2024-12-16,e2324,105605,long,1,-0.18364824298075227,-0.0017000000000000001,-0.18984824298075229,-0.1943482429807523,17,pump_le0,tdec_30_70,fund_flat,crowd_ge5,btc_up,-0.25431242593161574,0.6152273488532449,0.0001,0.18002892102335943
AVAUSDT,2024-12-16,e2324,105605,short,2,0.09145103177202749,0.0014,0.08835103177202748,0.08385103177202749,14,pump_le0,tdec_ge70,fund_flat,crowd_ge5,btc_up,-0.25431242593161574,0.7331931102223913,0.0001,0.10618655768487328
AVAUSDT,2024-12-16,e2324,105605,long,2,-0.09145103177202749,-0.0014,-0.09735103177202749,-0.10185103177202748,14,pump_le0,tdec_ge70,fund_flat,crowd_ge5,btc_up,-0.25431242593161574,0.7331931102223913,0.0001,0.10618655768487328
AVAXUSDT,2021-09-15,e2122,105435,short,1,-0.09365067632493175,0.00624676,-0.09190391632493175,-0.09640391632493174,17,pump_25_100,tdec_ge70,fund_pos,crowd_01,btc_up,0.250600850434461,3.6316986574692387,0.00079067,0.06796941376380627
AVAXUSDT,2021-09-15,e2122,105435,long,1,0.09365067632493175,-0.00624676,0.08290391632493174,0.07840391632493175,17,pump_25_100,tdec_ge70,fund_pos,crowd_01,btc_up,0.250600850434461,3.6316986574692387,0.00079067,0.06796941376380627
AVAXUSDT,2021-09-15,e2122,105435,short,2,-0.05670618483073844,0.00393229,-0.05727389483073844,-0.061773894830738446,14,pump_25_100,tdec_ge70,fund_pos,crowd_01,btc_up,0.250600850434461,3.385570606003049,0.0005385,0.05691929353901193
AVAXUSDT,2021-09-15,e2122,105435,long,2,0.05670618483073844,-0.00393229,0.04827389483073845,0.043773894830738444,14,pump_25_100,tdec_ge70,fund_pos,crowd_01,btc_up,0.250600850434461,3.385570606003049,0.0005385,0.05691929353901193
AVGOUSDT,2026-05-12,e2526,105678,short,1,0.014758294065587142,0.00007625,0.010334544065587141,0.005834544065587142,17,pump_le0,tdec_30_70,fund_flat,crowd_ge5,btc_up,-0.016028054980229745,0.39358664844562,0.0,0.06590287925983795
AVGOUSDT,2026-05-12,e2526,105678,long,1,-0.014758294065587142,-0.00007625,-0.019334544065587142,-0.02383454406558714,17,pump_le0,tdec_30_70,fund_flat,crowd_ge5,btc_up,-0.016028054980229745,0.39358664844562,0.0,0.06590287925983795
AVGOUSDT,2026-05-12,e2526,105678,short,2,0.06636746906024758,0.00007625,0.061943719060247586,0.05744371906024758,14,pump_le0,tdec_30_70,fund_flat,crowd_ge5,btc_up,-0.016028054980229745,0.5301079560373149,0.0,0.0939424122917123
AVGOUSDT,2026-05-12,e2526,105678,long,2,-0.06636746906024758,-0.00007625,-0.07094371906024759,-0.07544371906024758,14,pump_le0,tdec_30_70,fund_flat,crowd_ge5,btc_up,-0.016028054980229745,0.5301079560373149,0.0,0.0939424122917123
AVLUSDT,2025-02-20,e2526,105614,short,1,-0.06041923551171378,-0.059961139999999996,-0.12488037551171377,-0.12938037551171377,35,pump_0_25,tdec_30_70,fund_flat,crowd_ge5,btc_down,0.05256327060350441,0.4683981119492769,0.0001,-0.07207457480630919
AVLUSDT,2025-02-20,e2526,105614,long,1,0.06041923551171378,0.059961139999999996,0.11588037551171376,0.11138037551171377,35,pump_0_25,tdec_30_70,fund_flat,crowd_ge5,btc_down,0.05256327060350441,0.4683981119492769,0.0001,-0.07207457480630919
AVLUSDT,2025-02-20,e2526,105614,short,2,-0.01116990005878886,-0.05546722,-0.07113712005878886,-0.07563712005878885,29,pump_0_25,tdec_lt30,fund_neg,crowd_ge5,btc_down,0.05256327060350441,0.10566224479213888,-0.00335092,-0.07036232553840471
AVLUSDT,2025-02-20,e2526,105614,long,2,0.01116990005878886,0.05546722,0.06213712005878886,0.057637120058788856,29,pump_0_25,tdec_lt30,fund_neg,crowd_ge5,btc_down,0.05256327060350441,0.10566224479213888,-0.00335092,-0.07036232553840471
AVNTUSDT,2025-09-09,e2526,105643,short,1,-1.8934356351236148,-0.00840906,-1.9063446951236147,-1.9108446951236147,35,pump_25_100,tdec_ge70,fund_flat,crowd_24,btc_down,0.2717744850018069,1.3877012715670276,0.0001,-0.040354164841016726
AVNTUSDT,2025-09-09,e2526,105643,long,1,1.8934356351236148,0.00840906,1.8973446951236148,1.8928446951236149,35,pump_25_100,tdec_ge70,fund_flat,crowd_24,btc_down,0.2717744850018069,1.3877012715670276,0.0001,-0.040354164841016726
AVNTUSDT,2025-09-09,e2526,105643,short,2,-2.3026273110606548,-0.00868822,-2.3158155310606547,-2.3203155310606545,29,pump_25_100,tdec_30_70,fund_flat,crowd_24,btc_down,0.2717744850018069,0.5645565021827383,0.0001,-0.03872412888613164
AVNTUSDT,2025-09-09,e2526,105643,long,2,2.3026273110606548,0.00868822,2.3068155310606544,2.3023155310606547,29,pump_25_100,tdec_30_70,fund_flat,crowd_24,btc_down,0.2717744850018069,0.5645565021827383,0.0001,-0.03872412888613164
AWEUSDT,2025-05-22,e2526,105627,short,1,0.04156936011209714,-0.0015919999999999999,0.03547736011209714,0.030977360112097133,35,pump_le0,tdec_lt30,fund_flat,crowd_24,btc_up,-0.06683132355077737,0.18093408230696598,0.0001,0.14567918902293142
AWEUSDT,2025-05-22,e2526,105627,long,1,-0.04156936011209714,0.0015919999999999999,-0.04447736011209713,-0.048977360112097135,35,pump_le0,tdec_lt30,fund_flat,crowd_24,btc_up,-0.06683132355077737,0.18093408230696598,0.0001,0.14567918902293142
AWEUSDT,2025-05-22,e2526,105627,short,2,0.0745640408899579,0.00018406000000000005,0.07024810088995789,0.0657481008899579,29,pump_le0,tdec_lt30,fund_flat,crowd_24,btc_up,-0.06683132355077737,0.13626871928311166,0.0001,0.1465796658701055
AWEUSDT,2025-05-22,e2526,105627,long,2,-0.0745640408899579,-0.00018406000000000005,-0.0792481008899579,-0.08374810088995789,29,pump_le0,tdec_lt30,fund_flat,crowd_24,btc_up,-0.06683132355077737,0.13626871928311166,0.0001,0.1465796658701055
AXLUSDT,2023-12-07,e2324,105551,short,1,-0.12909783989834805,0.00104863,-0.13254920989834806,-0.13704920989834807,17,pump_le0,tdec_lt30,fund_flat,crowd_01,btc_up,-0.028994447871684148,0.2771862859758214,-0.0000719,0.24039257386712753
AXLUSDT,2023-12-07,e2324,105551,long,1,0.12909783989834805,-0.00104863,0.12354920989834806,0.11904920989834807,17,pump_le0,tdec_lt30,fund_flat,crowd_01,btc_up,-0.028994447871684148,0.2771862859758214,-0.0000719,0.24039257386712753
AXLUSDT,2023-12-07,e2324,105551,short,2,-0.11619143323703042,0.00075056,-0.11994087323703043,-0.12444087323703042,14,pump_le0,tdec_lt30,fund_flat,crowd_01,btc_up,-0.028994447871684148,0.09175237910371205,0.00009807,0.19096565150504397
AXLUSDT,2023-12-07,e2324,105551,long,2,0.11619143323703042,-0.00075056,0.11094087323703042,0.10644087323703043,14,pump_le0,tdec_lt30,fund_flat,crowd_01,btc_up,-0.028994447871684148,0.09175237910371205,0.00009807,0.19096565150504397
AXSUSDT,2021-08-31,e2122,105433,short,1,0.12975860436811143,0.0284915,0.15375010436811143,0.14925010436811142,17,pump_le0,tdec_ge70,fund_pos,crowd_24,btc_up,-0.006249160059131897,1.121851400193094,0.00066972,0.24669985956849239
AXSUSDT,2021-08-31,e2122,105433,long,1,-0.12975860436811143,-0.0284915,-0.16275010436811144,-0.16725010436811144,17,pump_le0,tdec_ge70,fund_pos,crowd_24,btc_up,-0.006249160059131897,1.121851400193094,0.00066972,0.24669985956849239
AXSUSDT,2021-08-31,e2122,105433,short,2,0.11540312048938085,0.0239056,0.13480872048938086,0.13030872048938086,14,pump_le0,tdec_ge70,fund_pos,crowd_24,btc_up,-0.006249160059131897,0.9833149917736066,0.00182604,0.2908645981915019
AXSUSDT,2021-08-31,e2122,105433,long,2,-0.11540312048938085,-0.0239056,-0.14380872048938087,-0.14830872048938087,14,pump_le0,tdec_ge70,fund_pos,crowd_24,btc_up,-0.006249160059131897,0.9833149917736066,0.00182604,0.2908645981915019
AXTIUSDT,2026-06-16,e2526,105683,short,1,0.16594025725523548,0.0013921,0.16283235725523548,0.15833235725523548,17,pump_le0,tdec_ge70,fund_flat,crowd_24,btc_down,-0.1566254258561952,1.0518088312118108,0.0,-0.1622487945647244
AXTIUSDT,2026-06-16,e2526,105683,long,1,-0.16594025725523548,-0.0013921,-0.1718323572552355,-0.1763323572552355,17,pump_le0,tdec_ge70,fund_flat,crowd_24,btc_down,-0.1566254258561952,1.0518088312118108,0.0,-0.1622487945647244
AXTIUSDT,2026-06-16,e2526,105683,short,2,0.07759228779684939,0.00074145,0.07383373779684939,0.0693337377968494,14,pump_le0,tdec_30_70,fund_pos,crowd_24,btc_down,-0.1566254258561952,0.6203096330010734,0.00065065,-0.18079293181140565
AXTIUSDT,2026-06-16,e2526,105683,long,2,-0.07759228779684939,-0.00074145,-0.0828337377968494,-0.08733373779684939,14,pump_le0,tdec_30_70,fund_pos,crowd_24,btc_down,-0.1566254258561952,0.6203096330010734,0.00065065,-0.18079293181140565
AZTECUSDT,2026-02-12,e2526,105665,short,1,0.3102076249728713,-0.00642528,0.2992823449728713,0.2947823449728713,35,pump_25_100,tdec_ge70,fund_flat,crowd_24,btc_down,0.4688911322458955,1.2921460383545917,0.0001,-0.2897915376676987
AZTECUSDT,2026-02-12,e2526,105665,long,1,-0.3102076249728713,0.00642528,-0.3082823449728713,-0.31278234497287133,35,pump_25_100,tdec_ge70,fund_flat,crowd_24,btc_down,0.4688911322458955,1.2921460383545917,0.0001,-0.2897915376676987
AZTECUSDT,2026-02-12,e2526,105665,short,2,0.1809474724047589,-0.00672528,0.1697221924047589,0.16522219240475888,29,pump_25_100,tdec_30_70,fund_flat,crowd_24,btc_down,0.4688911322458955,0.6164414252845561,0.0001,-0.2696716928335001
AZTECUSDT,2026-02-12,e2526,105665,long,2,-0.1809474724047589,0.00672528,-0.1787221924047589,-0.1832221924047589,29,pump_25_100,tdec_30_70,fund_flat,crowd_24,btc_down,0.4688911322458955,0.6164414252845561,0.0001,-0.2696716928335001
B2USDT,2025-06-09,e2526,105630,short,1,0.27187694865932244,0.0016093000000000001,0.2689862486593224,0.2644862486593224,35,pump_le0,tdec_30_70,fund_flat,crowd_24,btc_up,-0.13827691205445103,0.4790932563727527,0.0001,0.05906514219830905
B2USDT,2025-06-09,e2526,105630,long,1,-0.27187694865932244,-0.0016093000000000001,-0.2779862486593224,-0.2824862486593224,35,pump_le0,tdec_30_70,fund_flat,crowd_24,btc_up,-0.13827691205445103,0.4790932563727527,0.0001,0.05906514219830905
B2USDT,2025-06-09,e2526,105630,short,2,0.1374045801526718,0.0013093,0.1342138801526718,0.1297138801526718,29,pump_le0,tdec_30_70,fund_flat,crowd_24,btc_up,-0.13827691205445103,0.5754764876599366,0.0001,0.05708348743503411
B2USDT,2025-06-09,e2526,105630,long,2,-0.1374045801526718,-0.0013093,-0.1432138801526718,-0.1477138801526718,29,pump_le0,tdec_30_70,fund_flat,crowd_24,btc_up,-0.13827691205445103,0.5754764876599366,0.0001,0.05708348743503411
B3USDT,2025-02-12,e2526,105613,short,1,0.26205469593378905,-0.09222794,0.16532675593378904,0.16082675593378903,71,pump_le0,tdec_30_70,fund_neg,crowd_ge5,btc_up,-0.07543874241038018,0.5827247498765397,-0.02068684,0.0004910731398533041
B3USDT,2025-02-12,e2526,105613,long,1,-0.26205469593378905,0.09222794,-0.17432675593378905,-0.17882675593378905,71,pump_le0,tdec_30_70,fund_neg,crowd_ge5,btc_up,-0.07543874241038018,0.5827247498765397,-0.02068684,0.0004910731398533041
B3USDT,2025-02-12,e2526,105613,short,2,0.192220580994584,-0.08077149,0.106949090994584,0.102449090994584,59,pump_le0,tdec_30_70,fund_neg,crowd_ge5,btc_down,-0.07543874241038018,0.4306578811660972,-0.00207704,-0.030009456029462922
B3USDT,2025-02-12,e2526,105613,long,2,-0.192220580994584,0.08077149,-0.115949090994584,-0.120449090994584,59,pump_le0,tdec_30_70,fund_neg,crowd_ge5,btc_down,-0.07543874241038018,0.4306578811660972,-0.00207704,-0.030009456029462922
BABAUSDT,2026-05-13,e2526,105678,short,1,0.05087855479500394,0.00336212,0.04974067479500394,0.04524067479500394,17,pump_0_25,tdec_30_70,fund_flat,crowd_ge5,btc_up,0.03687714933782127,0.36718418528606156,0.0,0.0939424122917123
BABAUSDT,2026-05-13,e2526,105678,long,1,-0.05087855479500394,-0.00336212,-0.05874067479500394,-0.06324067479500393,17,pump_0_25,tdec_30_70,fund_flat,crowd_ge5,btc_up,0.03687714933782127,0.36718418528606156,0.0,0.0939424122917123
BABAUSDT,2026-05-13,e2526,105678,short,2,-0.01685945414682082,0.0022470800000000003,-0.019112374146820817,-0.023612374146820818,14,pump_0_25,tdec_lt30,fund_flat,crowd_ge5,btc_up,0.03687714933782127,0.09921253487052901,0.00024432,0.057385631927979075
BABAUSDT,2026-05-13,e2526,105678,long,2,0.01685945414682082,-0.0022470800000000003,0.01011237414682082,0.005612374146820819,14,pump_0_25,tdec_lt30,fund_flat,crowd_ge5,btc_up,0.03687714933782127,0.09921253487052901,0.00024432,0.057385631927979075
BABYUSDT,2025-04-03,e2526,105620,short,1,-0.25246048314941844,-0.02230438,-0.27926486314941845,-0.28376486314941846,37,pump_0_25,tdec_30_70,fund_flat,crowd_24,btc_down,0.11580698835274528,0.33834433549497955,0.0001,-0.07404066345875682
BABYUSDT,2025-04-03,e2526,105620,long,1,0.25246048314941844,0.02230438,0.27026486314941844,0.26576486314941844,37,pump_0_25,tdec_30_70,fund_flat,crowd_24,btc_down,0.11580698835274528,0.33834433549497955,0.0001,-0.07404066345875682
BABYUSDT,2025-04-03,e2526,105620,short,2,-0.3189384422110552,-0.02260438,-0.3460428222110552,-0.3505428222110552,31,pump_0_25,tdec_30_70,fund_flat,crowd_24,btc_down,0.11580698835274528,0.5994989125224582,0.0001,-0.07122278630828183
BABYUSDT,2025-04-03,e2526,105620,long,2,0.3189384422110552,0.02260438,0.3370428222110552,0.3325428222110552,31,pump_0_25,tdec_30_70,fund_flat,crowd_24,btc_down,0.11580698835274528,0.5994989125224582,0.0001,-0.07122278630828183
BADGERUSDT,2023-08-16,e2324,105535,short,1,0.011896091284292181,0.0017000000000000001,0.00909609128429218,0.004596091284292182,17,pump_le0,tdec_30_70,fund_neg,crowd_ge5,btc_down,-0.10979036092500538,0.5750111393560577,-0.00072428,-0.10856922716156914
BADGERUSDT,2023-08-16,e2324,105535,long,1,-0.011896091284292181,-0.0017000000000000001,-0.01809609128429218,-0.02259609128429218,17,pump_le0,tdec_30_70,fund_neg,crowd_ge5,btc_down,-0.10979036092500538,0.5750111393560577,-0.00072428,-0.10856922716156914
BADGERUSDT,2023-08-16,e2324,105535,short,2,0.014670992107684109,0.0014,0.011570992107684107,0.007070992107684108,14,pump_le0,tdec_lt30,fund_flat,crowd_ge5,btc_down,-0.10979036092500538,0.15818059417772765,0.0001,-0.1287539145097829
BADGERUSDT,2023-08-16,e2324,105535,long,2,-0.014670992107684109,-0.0014,-0.020570992107684108,-0.025070992107684105,14,pump_le0,tdec_lt30,fund_flat,crowd_ge5,btc_down,-0.10979036092500538,0.15818059417772765,0.0001,-0.1287539145097829
BAKEUSDT,2022-04-01,e2122,105463,short,1,0.27124999999999994,0.0037911200000000003,0.2705411199999999,0.2660411199999999,17,pump_le0,tdec_ge70,fund_pos,crowd_ge5,btc_up,-0.13482335976928628,0.7632028770600942,0.00120779,0.07906856220774783
BAKEUSDT,2022-04-01,e2122,105463,long,1,-0.27124999999999994,-0.0037911200000000003,-0.2795411199999999,-0.2840411199999999,17,pump_le0,tdec_ge70,fund_pos,crowd_ge5,btc_up,-0.13482335976928628,0.7632028770600942,0.00120779,0.07906856220774783
BAKEUSDT,2022-04-01,e2122,105463,short,2,0.2669740150880134,0.0016603800000000001,0.2641343950880134,0.2596343950880134,14,pump_le0,tdec_30_70,fund_pos,crowd_ge5,btc_up,-0.13482335976928628,0.6069507745114531,0.00053541,0.18655485817280026
BAKEUSDT,2022-04-01,e2122,105463,long,2,-0.2669740150880134,-0.0016603800000000001,-0.2731343950880134,-0.2776343950880134,14,pump_le0,tdec_30_70,fund_pos,crowd_ge5,btc_up,-0.13482335976928628,0.6069507745114531,0.00053541,0.18655485817280026
BALUSDT,2022-04-08,e2122,105464,short,1,0.16426434593418554,0.0017000000000000001,0.16146434593418554,0.15696434593418554,17,pump_le0,tdec_ge70,fund_flat,crowd_ge5,btc_up,-0.13746188130424586,2.3273731065229417,0.0001,0.08420879009338211
BALUSDT,2022-04-08,e2122,105464,long,1,-0.16426434593418554,-0.0017000000000000001,-0.17046434593418555,-0.17496434593418556,17,pump_le0,tdec_ge70,fund_flat,crowd_ge5,btc_up,-0.13746188130424586,2.3273731065229417,0.0001,0.08420879009338211
BALUSDT,2022-04-08,e2122,105464,short,2,0.09109730848861289,0.0014,0.08799730848861288,0.08349730848861289,14,pump_le0,tdec_ge70,fund_flat,crowd_ge5,btc_up,-0.13746188130424586,3.237444622040029,0.0001,0.08808035944843251
BALUSDT,2022-04-08,e2122,105464,long,2,-0.09109730848861289,-0.0014,-0.09699730848861289,-0.10149730848861288,14,pump_le0,tdec_ge70,fund_flat,crowd_ge5,btc_up,-0.13746188130424586,3.237444622040029,0.0001,0.08808035944843251
BANANAS31USDT,2025-03-28,e2526,105619,short,1,-0.06009889691898066,0.00161073,-0.06298816691898067,-0.06748816691898066,35,pump_le0,tdec_ge70,fund_flat,crowd_24,btc_down,-0.06040028591851332,0.930180163857806,0.0001,-0.024586118130505707
BANANAS31USDT,2025-03-28,e2526,105619,long,1,0.06009889691898066,-0.00161073,0.053988166918980666,0.04948816691898066,35,pump_le0,tdec_ge70,fund_flat,crowd_24,btc_down,-0.06040028591851332,0.930180163857806,0.0001,-0.024586118130505707
BANANAS31USDT,2025-03-28,e2526,105619,short,2,-0.0032397408207343026,0.0014500000000000001,-0.006289740820734302,-0.010789740820734302,29,pump_le0,tdec_30_70,fund_flat,crowd_24,btc_down,-0.06040028591851332,0.6609910109590019,0.0001,-0.02324464223865952
BANANAS31USDT,2025-03-28,e2526,105619,long,2,0.0032397408207343026,-0.0014500000000000001,-0.0027102591792656974,-0.007210259179265697,29,pump_le0,tdec_30_70,fund_flat,crowd_24,btc_down,-0.06040028591851332,0.6609910109590019,0.0001,-0.02324464223865952
BANANAUSDT,2024-07-19,e2324,105583,short,1,0.03492275651984707,0.0017000000000000001,0.03212275651984707,0.027622756519847066,17,pump_le0,tdec_ge70,fund_flat,crowd_24,btc_up,-0.06005580471272265,2.4926749390967884,0.0001,0.034682571132961915
BANANAUSDT,2024-07-19,e2324,105583,long,1,-0.03492275651984707,-0.0017000000000000001,-0.041122756519847065,-0.04562275651984707,17,pump_le0,tdec_ge70,fund_flat,crowd_24,btc_up,-0.06005580471272265,2.4926749390967884,0.0001,0.034682571132961915
BANANAUSDT,2024-07-19,e2324,105583,short,2,-0.00008052826542108958,0.0014,-0.0031805282654210894,-0.007680528265421089,14,pump_le0,tdec_ge70,fund_flat,crowd_24,btc_up,-0.06005580471272265,2.783409977816204,0.0001,0.06304487874424991
BANANAUSDT,2024-07-19,e2324,105583,long,2,0.00008052826542108958,-0.0014,-0.0058194717345789095,-0.01031947173457891,14,pump_le0,tdec_ge70,fund_flat,crowd_24,btc_up,-0.06005580471272265,2.783409977816204,0.0001,0.06304487874424991
BANDUSDT,2022-02-23,e2122,105458,short,1,-0.1286878336611408,-0.00731648,-0.1405043136611408,-0.1450043136611408,17,pump_le0,tdec_30_70,fund_flat,crowd_24,btc_up,-0.09670050761421312,0.5041787575752111,-0.0002078,0.037373942470389165
BANDUSDT,2022-02-23,e2122,105458,long,1,0.1286878336611408,0.00731648,0.1315043136611408,0.1270043136611408,17,pump_le0,tdec_30_70,fund_flat,crowd_24,btc_up,-0.09670050761421312,0.5041787575752111,-0.0002078,0.037373942470389165
BANDUSDT,2022-02-23,e2122,105458,short,2,-0.09514721919302077,-0.0064933,-0.10614051919302077,-0.11064051919302076,14,pump_le0,tdec_30_70,fund_flat,crowd_24,btc_up,-0.09670050761421312,0.34982534134632937,-0.00036088,0.0653929834103888
BANDUSDT,2022-02-23,e2122,105458,long,2,0.09514721919302077,0.0064933,0.09714051919302076,0.09264051919302077,14,pump_le0,tdec_30_70,fund_flat,crowd_24,btc_up,-0.09670050761421312,0.34982534134632937,-0.00036088,0.0653929834103888
BANKUSDT,2025-05-08,e2526,105625,short,1,-0.030004167245450693,-0.0154542,-0.04995836724545069,-0.054458367245450695,35,pump_25_100,tdec_30_70,fund_flat,crowd_24,btc_up,0.28991220211431634,0.528211079079691,-0.00038048,0.24623246995238146
BANKUSDT,2025-05-08,e2526,105625,long,1,0.030004167245450693,0.0154542,0.0409583672454507,0.03645836724545069,35,pump_25_100,tdec_30_70,fund_flat,crowd_24,btc_up,0.28991220211431634,0.528211079079691,-0.00038048,0.24623246995238146
BANKUSDT,2025-05-08,e2526,105625,short,2,-0.03129346314325435,-0.00213436,-0.03792782314325435,-0.042427823143254356,29,pump_25_100,tdec_lt30,fund_flat,crowd_24,btc_up,0.28991220211431634,0.2521176976952415,0.0001,0.31706375891650707
BANKUSDT,2025-05-08,e2526,105625,long,2,0.03129346314325435,0.00213436,0.028927823143254355,0.024427823143254354,29,pump_25_100,tdec_lt30,fund_flat,crowd_24,btc_up,0.28991220211431634,0.2521176976952415,0.0001,0.31706375891650707
BANUSDT,2024-11-18,e2324,105601,short,1,0.5039184952978056,0.00765933,0.5070778252978057,0.5025778252978056,17,pump_0_25,tdec_30_70,fund_flat,crowd_ge5,btc_up,0.032362459546925404,0.41946378608096435,0.00036554,0.33762204131297624
BANUSDT,2024-11-18,e2324,105601,long,1,-0.5039184952978056,-0.00765933,-0.5160778252978055,-0.5205778252978056,17,pump_0_25,tdec_30_70,fund_flat,crowd_ge5,btc_up,0.032362459546925404,0.41946378608096435,0.00036554,0.33762204131297624
BANUSDT,2024-11-18,e2324,105601,short,2,0.39943074003795065,0.00627933,0.4012100700379507,0.39671007003795067,14,pump_0_25,tdec_lt30,fund_flat,crowd_ge5,btc_up,0.032362459546925404,0.2892958537128217,0.00048077,0.39999940624717034
BANUSDT,2024-11-18,e2324,105601,long,2,-0.39943074003795065,-0.00627933,-0.4102100700379507,-0.4147100700379507,14,pump_0_25,tdec_lt30,fund_flat,crowd_ge5,btc_up,0.032362459546925404,0.2892958537128217,0.00048077,0.39999940624717034
BARDUSDT,2025-09-16,e2526,105644,short,1,-0.39201665124884366,-0.04179721,-0.4383138612488437,-0.4428138612488437,132,pump_0_25,tdec_lt30,fund_flat,crowd_ge5,btc_up,0.20111111111111102,0.22539676000872083,0.0001,0.001998829281729897
BARDUSDT,2025-09-16,e2526,105644,long,1,0.39201665124884366,0.04179721,0.4293138612488437,0.4248138612488437,132,pump_0_25,tdec_lt30,fund_flat,crowd_ge5,btc_up,0.20111111111111102,0.22539676000872083,0.0001,0.001998829281729897
BARDUSDT,2025-09-16,e2526,105644,short,2,-0.4228158093797275,-0.01401152,-0.4413273293797275,-0.4458273293797275,119,pump_0_25,tdec_ge70,fund_flat,crowd_ge5,btc_up,0.20111111111111102,4.591189272021013,0.000025,0.037206062094008674
BARDUSDT,2025-09-16,e2526,105644,long,2,0.4228158093797275,0.01401152,0.4323273293797275,0.4278273293797275,119,pump_0_25,tdec_ge70,fund_flat,crowd_ge5,btc_up,0.20111111111111102,4.591189272021013,0.000025,0.037206062094008674
BASEDUSDT,2026-03-30,e2526,105672,short,1,0.3848720800889877,-0.00426713,0.3761049500889877,0.3716049500889877,35,pump_le0,tdec_lt30,fund_neg,crowd_24,btc_up,-0.34475218658892126,0.27114312343236896,-0.00245136,0.03798962384538296
BASEDUSDT,2026-03-30,e2526,105672,long,1,-0.3848720800889877,0.00426713,-0.3851049500889877,-0.3896049500889877,35,pump_le0,tdec_lt30,fund_neg,crowd_24,btc_up,-0.34475218658892126,0.27114312343236896,-0.00245136,0.03798962384538296
BASEDUSDT,2026-03-30,e2526,105672,short,2,0.3471074380165289,-0.00138733,0.34122010801652886,0.33672010801652885,29,pump_le0,tdec_lt30,fund_flat,crowd_24,btc_down,-0.34475218658892126,0.2114259231777072,0.0001,-0.010376468570448383
BASEDUSDT,2026-03-30,e2526,105672,long,2,-0.3471074380165289,0.00138733,-0.35022010801652886,-0.35472010801652887,29,pump_le0,tdec_lt30,fund_flat,crowd_24,btc_down,-0.34475218658892126,0.2114259231777072,0.0001,-0.010376468570448383
BATUSDT,2021-11-24,e2122,105445,short,1,-0.05061511423550077,0.01025155,-0.044863564235500766,-0.04936356423550077,17,pump_25_100,tdec_ge70,fund_pos,crowd_ge5,btc_down,0.38375486381322954,7.03733620201279,0.00146178,-0.02277381218859076
BATUSDT,2021-11-24,e2122,105445,long,1,0.05061511423550077,-0.01025155,0.03586356423550077,0.03136356423550077,17,pump_25_100,tdec_ge70,fund_pos,crowd_ge5,btc_down,0.38375486381322954,7.03733620201279,0.00146178,-0.02277381218859076
BATUSDT,2021-11-24,e2122,105445,short,2,-0.11863772455089809,0.00596462,-0.11717310455089809,-0.12167310455089808,14,pump_25_100,tdec_ge70,fund_pos,crowd_ge5,btc_down,0.38375486381322954,35.25968862035009,0.0008631,-0.08004240657301886
BATUSDT,2021-11-24,e2122,105445,long,2,0.11863772455089809,-0.00596462,0.10817310455089808,0.1036731045508981,14,pump_25_100,tdec_ge70,fund_pos,crowd_ge5,btc_down,0.38375486381322954,35.25968862035009,0.0008631,-0.08004240657301886
BBUSDT,2024-05-14,e2324,105574,short,1,0.18843683083511775,0.00164473,0.18558156083511776,0.18108156083511776,17,pump_0_25,tdec_ge70,fund_flat,crowd_24,btc_up,0.08046272493573259,1.582157020926714,0.0001,0.04370822077879066
BBUSDT,2024-05-14,e2324,105574,long,1,-0.18843683083511775,-0.00164473,-0.19458156083511777,-0.19908156083511777,17,pump_0_25,tdec_ge70,fund_flat,crowd_24,btc_up,0.08046272493573259,1.582157020926714,0.0001,0.04370822077879066
BBUSDT,2024-05-14,e2324,105574,short,2,-0.03898872982028643,0.0013496,-0.042139129820286426,-0.04663912982028643,14,pump_0_25,tdec_ge70,fund_flat,crowd_24,btc_up,0.08046272493573259,2.6451807382516046,0.00009513,0.022795163417345776
BBUSDT,2024-05-14,e2324,105574,long,2,0.03898872982028643,-0.0013496,0.03313912982028643,0.02863912982028643,14,pump_0_25,tdec_ge70,fund_flat,crowd_24,btc_up,0.08046272493573259,2.6451807382516046,0.00009513,0.022795163417345776
BBXUSDT,2026-06-23,e2526,105684,short,1,-0.3675880758807588,0.00109924,-0.3709888358807588,-0.3754888358807588,17,pump_0_25,tdec_ge70,fund_flat,crowd_ge5,btc_down,0.1302376868414603,1.2221919276365534,0.0,-0.21237052037706794
BBXUSDT,2026-06-23,e2526,105684,long,1,0.3675880758807588,-0.00109924,0.3619888358807588,0.3574888358807588,17,pump_0_25,tdec_ge70,fund_flat,crowd_ge5,btc_down,0.1302376868414603,1.2221919276365534,0.0,-0.21237052037706794
BBXUSDT,2026-06-23,e2526,105684,short,2,-0.3462810799274356,0.00080217,-0.34997890992743563,-0.35447890992743564,14,pump_0_25,tdec_lt30,fund_flat,crowd_ge5,btc_down,0.1302376868414603,0.022553030938475684,0.00011867,-0.1958868156221425
BBXUSDT,2026-06-23,e2526,105684,long,2,0.3462810799274356,-0.00080217,0.3409789099274356,0.3364789099274356,14,pump_0_25,tdec_lt30,fund_flat,crowd_ge5,btc_down,0.1302376868414603,0.022553030938475684,0.00011867,-0.1958868156221425
BDXNUSDT,2025-06-03,e2526,105629,short,1,0.2536971830985916,0.00175,0.2509471830985916,0.2464471830985916,35,pump_le0,tdec_30_70,fund_flat,crowd_24,btc_up,-0.24145299145299148,0.34714940969337804,0.0001,0.10487261176763774
BDXNUSDT,2025-06-03,e2526,105629,long,1,-0.2536971830985916,-0.00175,-0.2599471830985916,-0.2644471830985916,35,pump_le0,tdec_30_70,fund_flat,crowd_24,btc_up,-0.24145299145299148,0.34714940969337804,0.0001,0.10487261176763774
BDXNUSDT,2025-06-03,e2526,105629,short,2,0.13046153846153855,0.0014500000000000001,0.12741153846153855,0.12291153846153856,29,pump_le0,tdec_lt30,fund_flat,crowd_24,btc_up,-0.24145299145299148,0.2675481712038801,0.0001,0.04810173658818795
BDXNUSDT,2025-06-03,e2526,105629,long,2,-0.13046153846153855,-0.0014500000000000001,-0.13641153846153856,-0.14091153846153856,29,pump_le0,tdec_lt30,fund_flat,crowd_24,btc_up,-0.24145299145299148,0.2675481712038801,0.0001,0.04810173658818795
BEAMUSDT,2023-11-14,e2324,105548,short,1,-0.009385327164573794,0.00587516,-0.008010167164573794,-0.012510167164573795,17,pump_le0,tdec_30_70,fund_pos,crowd_01,btc_up,-0.12381283298586976,0.498547013272524,0.00099566,0.33050219620868715
BEAMUSDT,2023-11-14,e2324,105548,long,1,0.009385327164573794,-0.00587516,-0.0009898328354262052,-0.005489832835426205,17,pump_le0,tdec_30_70,fund_pos,crowd_01,btc_up,-0.12381283298586976,0.498547013272524,0.00099566,0.33050219620868715
BEAMUSDT,2023-11-14,e2324,105548,short,2,0.13805169883734056,0.0037312499999999998,0.13728294883734055,0.13278294883734054,14,pump_le0,tdec_ge70,fund_pos,crowd_01,btc_up,-0.12381283298586976,2.489785407841523,0.00086486,0.27475714129672624
BEAMUSDT,2023-11-14,e2324,105548,long,2,-0.13805169883734056,-0.0037312499999999998,-0.14628294883734055,-0.15078294883734056,14,pump_le0,tdec_ge70,fund_pos,crowd_01,btc_up,-0.12381283298586976,2.489785407841523,0.00086486,0.27475714129672624
BEATUSDT,2025-11-21,e2526,105653,short,1,-0.004397537379067726,0.00370823,-0.005189307379067726,-0.009689307379067726,35,pump_le0,tdec_30_70,fund_flat,crowd_24,btc_down,-0.0558438862362467,0.5046819256624955,0.0001,-0.23009135117938462
BEATUSDT,2025-11-21,e2526,105653,long,1,0.004397537379067726,-0.00370823,-0.0038106926209322736,-0.008310692620932272,35,pump_le0,tdec_30_70,fund_flat,crowd_24,btc_down,-0.0558438862362467,0.5046819256624955,0.0001,-0.23009135117938462
BEATUSDT,2025-11-21,e2526,105653,short,2,-0.06766390089984801,0.00340823,-0.06875567089984802,-0.07325567089984801,29,pump_le0,tdec_30_70,fund_flat,crowd_24,btc_down,-0.0558438862362467,0.4417027101945338,0.0001,-0.21774402129686288
BEATUSDT,2025-11-21,e2526,105653,long,2,0.06766390089984801,-0.00340823,0.05975567089984802,0.055255670899848015,29,pump_le0,tdec_30_70,fund_flat,crowd_24,btc_down,-0.0558438862362467,0.4417027101945338,0.0001,-0.21774402129686288
BELUSDT,2022-06-17,e2122,105474,short,1,-0.17484116899618798,-0.00692713,-0.186268298996188,-0.190768298996188,17,pump_le0,tdec_30_70,fund_neg,crowd_01,btc_down,-0.07942449409287633,0.5024844200114982,-0.00054924,-0.3743154074562851
BELUSDT,2022-06-17,e2122,105474,long,1,0.17484116899618798,0.00692713,0.17726829899618798,0.17276829899618798,17,pump_le0,tdec_30_70,fund_neg,crowd_01,btc_down,-0.07942449409287633,0.5024844200114982,-0.00054924,-0.3743154074562851
BELUSDT,2022-06-17,e2122,105474,short,2,-0.1312859415147436,-0.00623841,-0.1420243515147436,-0.1465243515147436,14,pump_le0,tdec_lt30,fund_flat,crowd_01,btc_down,-0.07942449409287633,0.2552807889991158,-0.00007885,-0.29527154360116503
BELUSDT,2022-06-17,e2122,105474,long,2,0.1312859415147436,0.00623841,0.1330243515147436,0.1285243515147436,14,pump_le0,tdec_lt30,fund_flat,crowd_01,btc_down,-0.07942449409287633,0.2552807889991158,-0.00007885,-0.29527154360116503
BENDOGUSDT,2024-06-03,e2324,105577,short,1,-0.6423089326023864,0.01776574,-0.6290431926023864,-0.6335431926023865,17,pump_25_100,tdec_lt30,fund_pos,crowd_24,btc_up,0.591807402084082,0.27839437768222763,0.00080053,0.10252696186431409
BENDOGUSDT,2024-06-03,e2324,105577,long,1,0.6423089326023864,-0.01776574,0.6200431926023865,0.6155431926023864,17,pump_25_100,tdec_lt30,fund_pos,crowd_24,btc_up,0.591807402084082,0.27839437768222763,0.00080053,0.10252696186431409
BENDOGUSDT,2024-06-03,e2324,105577,short,2,0.18065543703846704,0.01329075,0.18944618703846702,0.18494618703846702,14,pump_25_100,tdec_ge70,fund_pos,crowd_24,btc_up,0.591807402084082,1.4486838228964494,0.00250484,0.12654613748687638
BENDOGUSDT,2024-06-03,e2324,105577,long,2,-0.18065543703846704,-0.01329075,-0.19844618703846703,-0.20294618703846704,14,pump_25_100,tdec_ge70,fund_pos,crowd_24,btc_up,0.591807402084082,1.4486838228964494,0.00250484,0.12654613748687638
BERAUSDT,2025-02-06,e2526,105612,short,1,0.27164995442114864,-0.01714405,0.2500059044211486,0.2455059044211486,71,pump_le0,tdec_lt30,fund_flat,crowd_01,btc_up,-0.3354967116649359,0.2442401541838354,0.0001,0.01492703810267515
BERAUSDT,2025-02-06,e2526,105612,long,1,-0.27164995442114864,0.01714405,-0.2590059044211486,-0.26350590442114863,71,pump_le0,tdec_lt30,fund_flat,crowd_01,btc_up,-0.3354967116649359,0.2442401541838354,0.0001,0.01492703810267515
BERAUSDT,2025-02-06,e2526,105612,short,2,0.0749255706252068,-0.00857329,0.061852280625206806,0.0573522806252068,59,pump_le0,tdec_lt30,fund_neg,crowd_01,btc_up,-0.3354967116649359,0.13478133610643836,-0.00179372,0.042148923819314454
BERAUSDT,2025-02-06,e2526,105612,long,2,-0.0749255706252068,0.00857329,-0.0708522806252068,-0.0753522806252068,59,pump_le0,tdec_lt30,fund_neg,crowd_01,btc_up,-0.3354967116649359,0.13478133610643836,-0.00179372,0.042148923819314454
BEUSDT,2026-05-28,e2526,105680,short,1,-0.020523181624840566,0.00104657,-0.023976611624840567,-0.028476611624840567,17,pump_le0,tdec_ge70,fund_flat,crowd_ge5,btc_down,-0.036574121503944235,1.7384478625396003,0.00028767,-0.03053069306930689
BEUSDT,2026-05-28,e2526,105680,long,1,0.020523181624840566,-0.00104657,0.014976611624840565,0.010476611624840567,17,pump_le0,tdec_ge70,fund_flat,crowd_ge5,btc_down,-0.036574121503944235,1.7384478625396003,0.00028767,-0.03053069306930689
BEUSDT,2026-05-28,e2526,105680,short,2,-0.012875989445910379,0.00104657,-0.01632941944591038,-0.02082941944591038,14,pump_le0,tdec_lt30,fund_flat,crowd_ge5,btc_down,-0.036574121503944235,0.04508748558019622,0.0,-0.03206904234544761
BEUSDT,2026-05-28,e2526,105680,long,2,0.012875989445910379,-0.00104657,0.007329419445910379,0.0028294194459103795,14,pump_le0,tdec_lt30,fund_flat,crowd_ge5,btc_down,-0.036574121503944235,0.04508748558019622,0.0,-0.03206904234544761
BICOUSDT,2021-12-03,e2122,105446,short,1,0.283812193412754,0.0022245200000000002,0.281536713412754,0.277036713412754,17,pump_le0,tdec_ge70,fund_flat,crowd_ge5,btc_down,-0.14755077658303462,0.9798123736757226,0.0001,-0.2004378219578291
BICOUSDT,2021-12-03,e2122,105446,long,1,-0.283812193412754,-0.0022245200000000002,-0.290536713412754,-0.295036713412754,17,pump_le0,tdec_ge70,fund_flat,crowd_ge5,btc_down,-0.14755077658303462,0.9798123736757226,0.0001,-0.2004378219578291
BICOUSDT,2021-12-03,e2122,105446,short,2,0.23042168674698787,0.00192452,0.22784620674698788,0.22334620674698788,14,pump_le0,tdec_ge70,fund_flat,crowd_ge5,btc_down,-0.14755077658303462,1.4558784478163864,0.0001,-0.1914489311163895
BICOUSDT,2021-12-03,e2122,105446,long,2,-0.23042168674698787,-0.00192452,-0.2368462067469879,-0.2413462067469879,14,pump_le0,tdec_ge70,fund_flat,crowd_ge5,btc_down,-0.14755077658303462,1.4558784478163864,0.0001,-0.1914489311163895
BIGTIMEUSDT,2023-10-12,e2324,105543,short,1,0.2956480605487228,0.00187159,0.29301965054872275,0.28851965054872275,17,pump_le0,tdec_ge70,fund_flat,crowd_ge5,btc_up,-0.12172829248026584,0.7430186501004585,0.0001,0.02437823853967136
BIGTIMEUSDT,2023-10-12,e2324,105543,long,1,-0.2956480605487228,-0.00187159,-0.30201965054872276,-0.30651965054872277,17,pump_le0,tdec_ge70,fund_flat,crowd_ge5,btc_up,-0.12172829248026584,0.7430186501004585,0.0001,0.02437823853967136
BIGTIMEUSDT,2023-10-12,e2324,105543,short,2,0.35763589301121657,0.00157159,0.3547074830112166,0.35020748301121657,14,pump_le0,tdec_30_70,fund_flat,crowd_ge5,btc_up,-0.12172829248026584,0.39150838380262304,0.0001,0.012508487363259047
BIGTIMEUSDT,2023-10-12,e2324,105543,long,2,-0.35763589301121657,-0.00157159,-0.3637074830112166,-0.3682074830112166,14,pump_le0,tdec_30_70,fund_flat,crowd_ge5,btc_up,-0.12172829248026584,0.39150838380262304,0.0001,0.012508487363259047
BILLUSDT,2026-05-06,e2526,105677,short,1,-1.552477728285078,0.00791679,-1.549060938285078,-1.553560938285078,35,pump_25_100,tdec_30_70,fund_flat,crowd_24,btc_up,0.48337807144332023,0.6975947582300522,0.0001,0.11239787132830537
BILLUSDT,2026-05-06,e2526,105677,long,1,1.552477728285078,-0.00791679,1.540060938285078,1.5355609382850781,35,pump_25_100,tdec_30_70,fund_flat,crowd_24,btc_up,0.48337807144332023,0.6975947582300522,0.0001,0.11239787132830537
BILLUSDT,2026-05-06,e2526,105677,short,2,-0.9152914142469187,0.00740324,-0.9123881742469186,-0.9168881742469187,29,pump_25_100,tdec_30_70,fund_flat,crowd_24,btc_up,0.48337807144332023,0.6026187559279529,0.0001,0.12845964985387126
BILLUSDT,2026-05-06,e2526,105677,long,2,0.9152914142469187,-0.00740324,0.9033881742469188,0.8988881742469187,29,pump_25_100,tdec_30_70,fund_flat,crowd_24,btc_up,0.48337807144332023,0.6026187559279529,0.0001,0.12845964985387126
BILLYUSDT,2024-11-27,e2324,105602,short,1,0.19127444659359563,0.01572163,0.20249607659359564,0.19799607659359564,17,pump_le0,tdec_30_70,fund_flat,crowd_ge5,btc_up,-0.17602266690278023,0.6432187839331649,0.00026845,0.3153668006734702
BILLYUSDT,2024-11-27,e2324,105602,long,1,-0.19127444659359563,-0.01572163,-0.21149607659359565,-0.21599607659359565,17,pump_le0,tdec_30_70,fund_flat,crowd_ge5,btc_up,-0.17602266690278023,0.6432187839331649,0.00026845,0.3153668006734702
BILLYUSDT,2024-11-27,e2324,105602,short,2,0.15285907248986952,0.0137287,0.16208777248986952,0.15758777248986952,14,pump_le0,tdec_30_70,fund_pos,crowd_ge5,btc_up,-0.17602266690278023,0.3821332660593271,0.00096322,0.3473088139606526
BILLYUSDT,2024-11-27,e2324,105602,long,2,-0.15285907248986952,-0.0137287,-0.17108777248986953,-0.17558777248986954,14,pump_le0,tdec_30_70,fund_pos,crowd_ge5,btc_up,-0.17602266690278023,0.3821332660593271,0.00096322,0.3473088139606526
BIOUSDT,2024-12-25,e2324,105606,short,1,-0.06294040367849034,0.0017000000000000001,-0.06574040367849034,-0.07024040367849034,17,pump_0_25,tdec_30_70,fund_flat,crowd_ge5,btc_up,0.17929577464788737,0.3580568214640529,0.0001,0.040397454621322604
BIOUSDT,2024-12-25,e2324,105606,long,1,0.06294040367849034,-0.0017000000000000001,0.05674040367849034,0.05224040367849034,17,pump_0_25,tdec_30_70,fund_flat,crowd_ge5,btc_up,0.17929577464788737,0.3580568214640529,0.0001,0.040397454621322604
BIOUSDT,2024-12-25,e2324,105606,short,2,-0.0495283018867925,0.0014,-0.052628301886792496,-0.0571283018867925,14,pump_0_25,tdec_lt30,fund_flat,crowd_ge5,btc_down,0.17929577464788737,0.10645224638972835,0.0001,-0.01728414627661512
BIOUSDT,2024-12-25,e2324,105606,long,2,0.0495283018867925,-0.0014,0.0436283018867925,0.0391283018867925,14,pump_0_25,tdec_lt30,fund_flat,crowd_ge5,btc_down,0.17929577464788737,0.10645224638972835,0.0001,-0.01728414627661512
BIRBUSDT,2026-01-28,e2526,105663,short,1,-0.10563408164073318,-0.22978947,-0.3399235516407332,-0.3444235516407332,143,pump_25_100,tdec_30_70,fund_flat,crowd_24,btc_down,0.4806542384804784,0.6229044527111487,0.0001,-0.043616179429785906
BIRBUSDT,2026-01-28,e2526,105663,long,1,0.10563408164073318,0.22978947,0.33092355164073317,0.32642355164073317,143,pump_25_100,tdec_30_70,fund_flat,crowd_24,btc_down,0.4806542384804784,0.6229044527111487,0.0001,-0.043616179429785906
BIRBUSDT,2026-01-28,e2526,105663,short,2,-0.15842528830996433,-0.22869708,-0.39162236830996433,-0.39612236830996433,119,pump_25_100,tdec_lt30,fund_flat,crowd_24,btc_down,0.4806542384804784,0.14770143804763433,0.0001,-0.03849995833090736
BIRBUSDT,2026-01-28,e2526,105663,long,2,0.15842528830996433,0.22869708,0.3826223683099643,0.3781223683099643,119,pump_25_100,tdec_lt30,fund_flat,crowd_24,btc_down,0.4806542384804784,0.14770143804763433,0.0001,-0.03849995833090736
BLASTUSDT,2024-06-27,e2324,105580,short,1,0.28703833731217526,0.00014799000000000002,0.28268632731217525,0.27818632731217524,17,pump_le0,tdec_30_70,fund_neg,crowd_24,btc_down,-0.12245317121261912,0.5396560752021134,-0.00077413,-0.10742212896743308
BLASTUSDT,2024-06-27,e2324,105580,long,1,-0.28703833731217526,-0.00014799000000000002,-0.29168632731217525,-0.29618632731217526,17,pump_le0,tdec_30_70,fund_neg,crowd_24,btc_down,-0.12245317121261912,0.5396560752021134,-0.00077413,-0.10742212896743308
BLASTUSDT,2024-06-27,e2324,105580,short,2,0.2780147895335609,0.00093172,0.2744465095335609,0.2699465095335609,14,pump_le0,tdec_30_70,fund_neg,crowd_24,btc_down,-0.12245317121261912,0.3617821363324889,-0.00055535,-0.10869832299281279
BLASTUSDT,2024-06-27,e2324,105580,long,2,-0.2780147895335609,-0.00093172,-0.28344650953356093,-0.28794650953356093,14,pump_le0,tdec_30_70,fund_neg,crowd_24,btc_down,-0.12245317121261912,0.3617821363324889,-0.00055535,-0.10869832299281279
BLENDUSDT,2026-04-29,e2526,105676,short,1,0.1250930752047655,-0.00467835,0.1159147252047655,0.11141472520476552,35,pump_le0,tdec_30_70,fund_neg,crowd_ge5,btc_up,-0.32580321285140557,0.6783577516616034,-0.00252844,0.11805183120715768
BLENDUSDT,2026-04-29,e2526,105676,long,1,-0.1250930752047655,0.00467835,-0.12491472520476551,-0.12941472520476552,35,pump_le0,tdec_30_70,fund_neg,crowd_ge5,btc_up,-0.32580321285140557,0.6783577516616034,-0.00252844,0.11805183120715768
BLENDUSDT,2026-04-29,e2526,105676,short,2,0.014261744966443012,-0.00205098,0.007710764966443012,0.003210764966443012,29,pump_le0,tdec_30_70,fund_neg,crowd_ge5,btc_up,-0.32580321285140557,0.38280365667949706,-0.00112804,0.14839027112769143
BLENDUSDT,2026-04-29,e2526,105676,long,2,-0.014261744966443012,0.00205098,-0.016710764966443012,-0.02121076496644301,29,pump_le0,tdec_30_70,fund_neg,crowd_ge5,btc_up,-0.32580321285140557,0.38280365667949706,-0.00112804,0.14839027112769143
BLESSUSDT,2025-09-24,e2526,105645,short,1,0.40407432281173045,0.00553648,0.40511080281173045,0.40061080281173045,35,pump_le0,tdec_ge70,fund_flat,crowd_ge5,btc_down,-0.3877467105263157,0.8604466323382033,0.0001,-0.024988565480191682
BLESSUSDT,2025-09-24,e2526,105645,long,1,-0.40407432281173045,-0.00553648,-0.41411080281173046,-0.41861080281173046,35,pump_le0,tdec_ge70,fund_flat,crowd_ge5,btc_down,-0.3877467105263157,0.8604466323382033,0.0001,-0.024988565480191682
BLESSUSDT,2025-09-24,e2526,105645,short,2,0.24181144972942184,0.0039859,0.24129734972942182,0.23679734972942182,29,pump_le0,tdec_ge70,fund_flat,crowd_ge5,btc_down,-0.3877467105263157,0.7015348936240288,0.00010268,-0.014320367174142312
BLESSUSDT,2025-09-24,e2526,105645,long,2,-0.24181144972942184,-0.0039859,-0.2502973497294218,-0.2547973497294218,29,pump_le0,tdec_ge70,fund_flat,crowd_ge5,btc_down,-0.3877467105263157,0.7015348936240288,0.00010268,-0.014320367174142312
BLUAIUSDT,2025-10-24,e2526,105649,short,1,0.33958068614993653,0.01238269,0.3474633761499365,0.3429633761499365,35,pump_25_100,tdec_ge70,fund_pos,crowd_24,btc_up,0.31770615320217654,0.8799091423566284,0.00277136,0.024384176081622133
BLUAIUSDT,2025-10-24,e2526,105649,long,1,-0.33958068614993653,-0.01238269,-0.3564633761499365,-0.3609633761499365,35,pump_25_100,tdec_ge70,fund_pos,crowd_24,btc_up,0.31770615320217654,0.8799091423566284,0.00277136,0.024384176081622133
BLUAIUSDT,2025-10-24,e2526,105649,short,2,0.3263123784834737,0.0062308400000000005,0.32804321848347373,0.3235432184834737,29,pump_25_100,tdec_ge70,fund_pos,crowd_24,btc_up,0.31770615320217654,2.9156694140823456,0.00145378,0.044767825418073004
BLUAIUSDT,2025-10-24,e2526,105649,long,2,-0.3263123784834737,-0.0062308400000000005,-0.33704321848347374,-0.34154321848347374,29,pump_25_100,tdec_ge70,fund_pos,crowd_24,btc_up,0.31770615320217654,2.9156694140823456,0.00145378,0.044767825418073004
BLUEUSDT,2024-12-18,e2324,105605,short,1,0.11275555555555557,-0.00424833,0.10400722555555557,0.09950722555555558,17,pump_le0,tdec_lt30,fund_flat,crowd_ge5,btc_up,-0.06368989409292347,0.2882999869930565,-0.00003716,0.05477499799656482
BLUEUSDT,2024-12-18,e2324,105605,long,1,-0.11275555555555557,0.00424833,-0.11300722555555558,-0.11750722555555557,17,pump_le0,tdec_lt30,fund_flat,crowd_ge5,btc_up,-0.06368989409292347,0.2882999869930565,-0.00003716,0.05477499799656482
BLUEUSDT,2024-12-18,e2324,105605,short,2,0.18907281405504214,0.00011920000000000002,0.18469201405504215,0.18019201405504215,14,pump_le0,tdec_lt30,fund_neg,crowd_ge5,btc_up,-0.06368989409292347,0.19890553089517737,-0.00066619,0.03649460904010282
BLUEUSDT,2024-12-18,e2324,105605,long,2,-0.18907281405504214,-0.00011920000000000002,-0.19369201405504216,-0.19819201405504216,14,pump_le0,tdec_lt30,fund_neg,crowd_ge5,btc_up,-0.06368989409292347,0.19890553089517737,-0.00066619,0.03649460904010282
BLURUSDT,2023-02-15,e2324,105509,short,1,-0.20818844643858664,0.00974386,-0.20294458643858665,-0.20744458643858665,17,pump_0_25,tdec_ge70,fund_pos,crowd_ge5,btc_up,0.13900600485498926,2.117503043782895,0.00085748,0.11352874325220186
BLURUSDT,2023-02-15,e2324,105509,long,1,0.20818844643858664,-0.00974386,0.19394458643858664,0.18944458643858664,17,pump_0_25,tdec_ge70,fund_pos,crowd_ge5,btc_up,0.13900600485498926,2.117503043782895,0.00085748,0.11352874325220186
BLURUSDT,2023-02-15,e2324,105509,short,2,-0.09729013854930717,0.00668859,-0.09510154854930718,-0.09960154854930717,14,pump_0_25,tdec_ge70,fund_pos,crowd_ge5,btc_up,0.13900600485498926,1.071037735839162,0.00129485,0.18883621940601714
BLURUSDT,2023-02-15,e2324,105509,long,2,0.09729013854930717,-0.00668859,0.08610154854930717,0.08160154854930718,14,pump_0_25,tdec_ge70,fund_pos,crowd_ge5,btc_up,0.13900600485498926,1.071037735839162,0.00129485,0.18883621940601714
BLZUSDT,2022-06-06,e2122,105473,short,1,0.0762607626076261,-0.0067589699999999996,0.06500179260762609,0.060501792607626094,17,pump_0_25,tdec_ge70,fund_neg,crowd_24,btc_down,0.1397196261682243,3.9259706333307425,-0.0095648,-0.0858444134283406
BLZUSDT,2022-06-06,e2122,105473,long,1,-0.0762607626076261,0.0067589699999999996,-0.0740017926076261,-0.07850179260762609,17,pump_0_25,tdec_ge70,fund_neg,crowd_24,btc_down,0.1397196261682243,3.9259706333307425,-0.0095648,-0.0858444134283406
BLZUSDT,2022-06-06,e2122,105473,short,2,0.2727566171723693,-0.00609202,0.26216459717236934,0.25766459717236934,14,pump_0_25,tdec_ge70,fund_flat,crowd_24,btc_up,0.1397196261682243,13.419219109801135,0.0001,0.004274286094433366
BLZUSDT,2022-06-06,e2122,105473,long,2,-0.2727566171723693,0.00609202,-0.27116459717236935,-0.27566459717236935,14,pump_0_25,tdec_ge70,fund_flat,crowd_24,btc_up,0.1397196261682243,13.419219109801135,0.0001,0.004274286094433366
BMNRUSDT,2026-05-14,e2526,105678,short,1,0.013783079390537396,0.01250683,0.021789909390537394,0.017289909390537393,17,pump_le0,tdec_30_70,fund_pos,crowd_ge5,btc_up,-0.06565514657675364,0.45186614190484226,0.00091862,0.057385631927979075
BMNRUSDT,2026-05-14,e2526,105678,long,1,-0.013783079390537396,-0.01250683,-0.030789909390537395,-0.035289909390537395,17,pump_le0,tdec_30_70,fund_pos,crowd_ge5,btc_up,-0.06565514657675364,0.45186614190484226,0.00091862,0.057385631927979075
BMNRUSDT,2026-05-14,e2526,105678,short,2,0.000254039223656082,0.00586812,0.0016221592236560821,-0.0028778407763439175,14,pump_le0,tdec_30_70,fund_pos,crowd_ge5,btc_up,-0.06565514657675364,0.55449407182202,0.00419768,0.039955742314820686
BMNRUSDT,2026-05-14,e2526,105678,long,2,-0.000254039223656082,-0.00586812,-0.010622159223656082,-0.015122159223656081,14,pump_le0,tdec_30_70,fund_pos,crowd_ge5,btc_up,-0.06565514657675364,0.55449407182202,0.00419768,0.039955742314820686
BMTUSDT,2025-03-13,e2526,105617,short,1,-0.8185945160704559,-0.07388967,-0.8969841860704558,-0.9014841860704559,35,pump_25_100,tdec_ge70,fund_neg,crowd_24,btc_down,0.3226852407829952,1.7591297600508322,-0.00087022,-0.1418794804355804
BMTUSDT,2025-03-13,e2526,105617,long,1,0.8185945160704559,0.07388967,0.8879841860704559,0.8834841860704559,35,pump_25_100,tdec_ge70,fund_neg,crowd_24,btc_down,0.3226852407829952,1.7591297600508322,-0.00087022,-0.1418794804355804
BMTUSDT,2025-03-13,e2526,105617,short,2,-1.0250732989586493,-0.07281023,-1.1023835289586492,-1.1068835289586492,29,pump_25_100,tdec_ge70,fund_flat,crowd_24,btc_down,0.3226852407829952,0.7625146807254524,0.0001,-0.12697743725581367
BMTUSDT,2025-03-13,e2526,105617,long,2,1.0250732989586493,0.07281023,1.0933835289586493,1.0888835289586494,29,pump_25_100,tdec_ge70,fund_flat,crowd_24,btc_down,0.3226852407829952,0.7625146807254524,0.0001,-0.12697743725581367
BNBUSDT,2021-06-29,e2122,105424,short,1,-0.05597754293262876,-0.0019317400000000001,-0.062409282932628755,-0.06690928293262875,17,pump_0_25,tdec_ge70,fund_flat,crowd_24,btc_down,0.008492922564529604,0.9841216511548426,0.0001,-0.05969227464353799
BNBUSDT,2021-06-29,e2122,105424,long,1,0.05597754293262876,0.0019317400000000001,0.05340928293262876,0.04890928293262876,17,pump_0_25,tdec_ge70,fund_flat,crowd_24,btc_down,0.008492922564529604,0.9841216511548426,0.0001,-0.05969227464353799
BNBUSDT,2021-06-29,e2122,105424,short,2,-0.11159395098209639,-0.00187805,-0.1179720009820964,-0.12247200098209639,14,pump_0_25,tdec_ge70,fund_flat,crowd_24,btc_down,0.008492922564529604,0.8649666912704637,0.00008359,-0.08617114167212403
BNBUSDT,2021-06-29,e2122,105424,long,2,0.11159395098209639,0.00187805,0.10897200098209639,0.1044720009820964,14,pump_0_25,tdec_ge70,fund_flat,crowd_24,btc_down,0.008492922564529604,0.8649666912704637,0.00008359,-0.08617114167212403
BNTUSDT,2023-08-07,e2324,105534,short,1,0.11914275335997093,-0.04198571,0.07265704335997092,0.06815704335997093,17,pump_0_25,tdec_ge70,fund_flat,crowd_ge5,btc_down,0.048362528560548235,3.3103357787104337,-0.00027338,-0.013097844112769486
BNTUSDT,2023-08-07,e2324,105534,long,1,-0.11914275335997093,0.04198571,-0.08165704335997093,-0.08615704335997092,17,pump_0_25,tdec_ge70,fund_flat,crowd_ge5,btc_down,0.048362528560548235,3.3103357787104337,-0.00027338,-0.013097844112769486
BNTUSDT,2023-08-07,e2324,105534,short,2,0.08945836853468501,-0.02604194,0.05891642853468502,0.054416428534685014,14,pump_0_25,tdec_ge70,fund_neg,crowd_ge5,btc_down,0.048362528560548235,19.37464307277743,-0.00140279,-0.027411995749874185
BNTUSDT,2023-08-07,e2324,105534,long,2,-0.08945836853468501,0.02604194,-0.06791642853468502,-0.07241642853468501,14,pump_0_25,tdec_ge70,fund_neg,crowd_ge5,btc_down,0.048362528560548235,19.37464307277743,-0.00140279,-0.027411995749874185
BNXUSDT,2023-02-28,e2324,105511,short,1,0.29829683698296844,0.0020956300000000002,0.29589246698296845,0.29139246698296845,17,pump_le0,tdec_30_70,fund_flat,crowd_01,btc_up,-0.9429166666666666,0.3604035722703279,0.0001,0.035018943956549364
BNXUSDT,2023-02-28,e2324,105511,long,1,-0.29829683698296844,-0.0020956300000000002,-0.30489246698296846,-0.30939246698296846,17,pump_le0,tdec_30_70,fund_flat,crowd_01,btc_up,-0.9429166666666666,0.3604035722703279,0.0001,0.035018943956549364
BNXUSDT,2023-02-28,e2324,105511,short,2,0.2952101661779081,0.0015157,0.2922258661779081,0.2877258661779081,14,pump_le0,tdec_lt30,fund_flat,crowd_01,btc_up,-0.9429166666666666,0.27662011912923656,0.00032513,0.014375270211846036
BNXUSDT,2023-02-28,e2324,105511,long,2,-0.2952101661779081,-0.0015157,-0.3012258661779081,-0.3057258661779081,14,pump_le0,tdec_lt30,fund_flat,crowd_01,btc_up,-0.9429166666666666,0.27662011912923656,0.00032513,0.014375270211846036
BOBAUSDT,2022-04-07,e2122,105464,short,1,0.10456273764258557,0.0017000000000000001,0.10176273764258556,0.09726273764258557,17,pump_le0,tdec_30_70,fund_flat,crowd_24,btc_up,-0.05847255369928395,0.497084842489556,0.0001,0.007498539632583512
BOBAUSDT,2022-04-07,e2122,105464,long,1,-0.10456273764258557,-0.0017000000000000001,-0.11076273764258557,-0.11526273764258556,17,pump_le0,tdec_30_70,fund_flat,crowd_24,btc_up,-0.05847255369928395,0.497084842489556,0.0001,0.007498539632583512
BOBAUSDT,2022-04-07,e2122,105464,short,2,0.10597912053147737,0.0014,0.10287912053147737,0.09837912053147738,14,pump_le0,tdec_lt30,fund_flat,crowd_24,btc_up,-0.05847255369928395,0.14604042193465275,0.0001,0.08420879009338211
BOBAUSDT,2022-04-07,e2122,105464,long,2,-0.10597912053147737,-0.0014,-0.11187912053147737,-0.11637912053147736,14,pump_le0,tdec_lt30,fund_flat,crowd_24,btc_up,-0.05847255369928395,0.14604042193465275,0.0001,0.08420879009338211
BOBBOBUSDT,2025-11-24,e2526,105654,short,1,0.3510731621732265,-0.00184208,0.34473108217322646,0.34023108217322645,35,pump_le0,tdec_30_70,fund_flat,crowd_01,btc_down,-0.051004551004551035,0.31009527787512475,0.0001,-0.23740789164555287
BOBBOBUSDT,2025-11-24,e2526,105654,long,1,-0.3510731621732265,0.00184208,-0.35373108217322646,-0.35823108217322647,35,pump_le0,tdec_30_70,fund_flat,crowd_01,btc_down,-0.051004551004551035,0.31009527787512475,0.0001,-0.23740789164555287
BOBBOBUSDT,2025-11-24,e2526,105654,short,2,0.3005547150781644,-0.00047680999999999993,0.2955779050781644,0.2910779050781644,29,pump_le0,tdec_lt30,fund_flat,crowd_01,btc_down,-0.051004551004551035,0.14379463281850968,0.00004062,-0.20720700184900576
BOBBOBUSDT,2025-11-24,e2526,105654,long,2,-0.3005547150781644,0.00047680999999999993,-0.3045779050781644,-0.3090779050781644,29,pump_le0,tdec_lt30,fund_flat,crowd_01,btc_down,-0.051004551004551035,0.14379463281850968,0.00004062,-0.20720700184900576
BOMEUSDT,2024-03-15,e2324,105565,short,1,0.3001385769579969,0.0073817399999999995,0.3030203169579969,0.2985203169579969,17,pump_gt100,tdec_ge70,fund_pos,crowd_ge5,btc_up,3.269944909202204,3.658210121325631,0.00066218,0.25868812157782983
BOMEUSDT,2024-03-15,e2324,105565,long,1,-0.3001385769579969,-0.0073817399999999995,-0.3120203169579969,-0.31652031695799693,17,pump_gt100,tdec_ge70,fund_pos,crowd_ge5,btc_up,3.269944909202204,3.658210121325631,0.00066218,0.25868812157782983
BOMEUSDT,2024-03-15,e2324,105565,short,2,0.20544675310584287,0.00432226,0.20526901310584286,0.20076901310584286,14,pump_gt100,tdec_ge70,fund_pos,crowd_ge5,btc_up,3.269944909202204,1.7596261166221945,0.00141811,0.31217330945432353
BOMEUSDT,2024-03-15,e2324,105565,long,2,-0.20544675310584287,-0.00432226,-0.21426901310584287,-0.21876901310584287,14,pump_gt100,tdec_ge70,fund_pos,crowd_ge5,btc_up,3.269944909202204,1.7596261166221945,0.00141811,0.31217330945432353
BONDUSDT,2023-10-16,e2324,105544,short,1,-0.09915966386554625,-0.05069737,-0.15435703386554625,-0.15885703386554625,17,pump_le0,tdec_30_70,fund_flat,crowd_ge5,btc_up,-0.226938068427891,0.6510848409281796,-0.0000923,0.07038009247735211
BONDUSDT,2023-10-16,e2324,105544,long,1,0.09915966386554625,0.05069737,0.14535703386554624,0.14085703386554624,17,pump_le0,tdec_30_70,fund_flat,crowd_ge5,btc_up,-0.226938068427891,0.6510848409281796,-0.0000923,0.07038009247735211
BONDUSDT,2023-10-16,e2324,105544,short,2,-0.31501340482573725,-0.05076358,-0.3702769848257373,-0.3747769848257373,14,pump_le0,tdec_30_70,fund_flat,crowd_ge5,btc_up,-0.226938068427891,0.6255407973683692,0.0001,0.05831180629025812
BONDUSDT,2023-10-16,e2324,105544,long,2,0.31501340482573725,0.05076358,0.3612769848257373,0.3567769848257373,14,pump_le0,tdec_30_70,fund_flat,crowd_ge5,btc_up,-0.226938068427891,0.6255407973683692,0.0001,0.05831180629025812
BOTUSDT,2026-07-01,e2526,105685,short,1,0.08040614709110867,0.00166719,0.07757333709110867,0.07307333709110868,17,pump_le0,tdec_ge70,fund_flat,crowd_ge5,btc_down,-0.11359766480175149,0.9630037736561964,0.0,-0.07781917476455669
BOTUSDT,2026-07-01,e2526,105685,long,1,-0.08040614709110867,-0.00166719,-0.08657333709110868,-0.09107333709110867,17,pump_le0,tdec_ge70,fund_flat,crowd_ge5,btc_down,-0.11359766480175149,0.9630037736561964,0.0,-0.07781917476455669
BOTUSDT,2026-07-01,e2526,105685,short,2,0.07609594706368913,0.00161947,0.07321541706368913,0.06871541706368914,14,pump_le0,tdec_lt30,fund_flat,crowd_ge5,btc_down,-0.11359766480175149,0.12940610072055556,0.0,-0.024324965062886728
BOTUSDT,2026-07-01,e2526,105685,long,2,-0.07609594706368913,-0.00161947,-0.08221541706368914,-0.08671541706368913,14,pump_le0,tdec_lt30,fund_flat,crowd_ge5,btc_down,-0.11359766480175149,0.12940610072055556,0.0,-0.024324965062886728
BPUSDT,2026-03-16,e2526,105670,short,1,0.36588491955276803,0.00175,0.363134919552768,0.358634919552768,35,pump_0_25,tdec_lt30,fund_flat,crowd_01,btc_up,0.11121212121212132,0.13434754334584256,0.0001,0.0735697674418605
BPUSDT,2026-03-16,e2526,105670,long,1,-0.36588491955276803,-0.00175,-0.372134919552768,-0.376634919552768,35,pump_0_25,tdec_lt30,fund_flat,crowd_01,btc_up,0.11121212121212132,0.13434754334584256,0.0001,0.0735697674418605
BPUSDT,2026-03-16,e2526,105670,short,2,0.3375402410187744,0.0014500000000000001,0.3344902410187744,0.3299902410187744,29,pump_0_25,tdec_lt30,fund_flat,crowd_01,btc_up,0.11121212121212132,0.062080830908410836,0.0001,0.03412387930959371
BPUSDT,2026-03-16,e2526,105670,long,2,-0.3375402410187744,-0.0014500000000000001,-0.3434902410187744,-0.3479902410187744,29,pump_0_25,tdec_lt30,fund_flat,crowd_01,btc_up,0.11121212121212132,0.062080830908410836,0.0001,0.03412387930959371
BRETTUSDT,2024-04-26,e2324,105571,short,1,-0.07393292682926837,-0.01253061,-0.09096353682926837,-0.09546353682926836,17,pump_le0,tdec_ge70,fund_neg,crowd_24,btc_down,-0.17466974208429442,2.9911477378542495,-0.015,-0.1050808085939926
BRETTUSDT,2024-04-26,e2324,105571,long,1,0.07393292682926837,0.01253061,0.08196353682926837,0.07746353682926838,17,pump_le0,tdec_ge70,fund_neg,crowd_24,btc_down,-0.17466974208429442,2.9911477378542495,-0.015,-0.1050808085939926
BRETTUSDT,2024-04-26,e2324,105571,short,2,0.07078478786546495,0.0007241900000000001,0.06700897786546495,0.06250897786546496,14,pump_le0,tdec_ge70,fund_flat,crowd_24,btc_down,-0.17466974208429442,5.758825014580462,0.0001,-0.09737450500148781
BRETTUSDT,2024-04-26,e2324,105571,long,2,-0.07078478786546495,-0.0007241900000000001,-0.07600897786546496,-0.08050897786546495,14,pump_le0,tdec_ge70,fund_flat,crowd_24,btc_down,-0.17466974208429442,5.758825014580462,0.0001,-0.09737450500148781
BREVUSDT,2025-12-30,e2526,105659,short,1,0.14113002714038977,0.00104289,0.13767291714038976,0.13317291714038976,35,pump_le0,tdec_lt30,fund_flat,crowd_24,btc_up,-0.09933333333333338,0.163729938692493,0.0001,0.01566252068257401
BREVUSDT,2025-12-30,e2526,105659,long,1,-0.14113002714038977,-0.00104289,-0.14667291714038977,-0.15117291714038977,35,pump_le0,tdec_lt30,fund_flat,crowd_24,btc_up,-0.09933333333333338,0.163729938692493,0.0001,0.01566252068257401
BREVUSDT,2025-12-30,e2526,105659,short,2,0.1438760452533202,0.0007428900000000001,0.1401189352533202,0.1356189352533202,29,pump_le0,tdec_lt30,fund_flat,crowd_24,btc_down,-0.09933333333333338,0.09258792265705722,0.0001,-0.026650095296339216
BREVUSDT,2025-12-30,e2526,105659,long,2,-0.1438760452533202,-0.0007428900000000001,-0.1491189352533202,-0.1536189352533202,29,pump_le0,tdec_lt30,fund_flat,crowd_24,btc_down,-0.09933333333333338,0.09258792265705722,0.0001,-0.026650095296339216
BROCCOLIUSDT,2025-02-14,e2526,105613,short,1,0.33905483727151137,-0.04857476,0.28598007727151137,0.28148007727151136,35,pump_le0,tdec_30_70,fund_neg,crowd_ge5,btc_down,-0.41857300239777073,0.6064773894683747,-0.02773308,-0.024132079587136368
BROCCOLIUSDT,2025-02-14,e2526,105613,long,1,-0.33905483727151137,0.04857476,-0.2949800772715114,-0.2994800772715114,35,pump_le0,tdec_30_70,fund_neg,crowd_ge5,btc_down,-0.41857300239777073,0.6064773894683747,-0.02773308,-0.024132079587136368
BROCCOLIUSDT,2025-02-14,e2526,105613,short,2,0.36400686400686405,-0.01791063,0.34159623400686406,0.33709623400686406,29,pump_le0,tdec_30_70,fund_neg,crowd_ge5,btc_down,-0.41857300239777073,0.3707005745496285,-0.01140814,-0.07677839629097116
BROCCOLIUSDT,2025-02-14,e2526,105613,long,2,-0.36400686400686405,0.01791063,-0.35059623400686407,-0.3550962340068641,29,pump_le0,tdec_30_70,fund_neg,crowd_ge5,btc_down,-0.41857300239777073,0.3707005745496285,-0.01140814,-0.07677839629097116
BRUSDT,2025-03-20,e2526,105618,short,1,0.40755456376204213,-0.0074965399999999995,0.39555802376204213,0.39105802376204213,35,pump_0_25,tdec_ge70,fund_flat,crowd_ge5,btc_down,0.23069194185812836,0.9761415754182313,0.0001,-0.13001726414977155
BRUSDT,2025-03-20,e2526,105618,long,1,-0.40755456376204213,0.0074965399999999995,-0.40455802376204214,-0.40905802376204214,35,pump_0_25,tdec_ge70,fund_flat,crowd_ge5,btc_down,0.23069194185812836,0.9761415754182313,0.0001,-0.13001726414977155
BRUSDT,2025-03-20,e2526,105618,short,2,0.36109643716616774,-0.00342929,0.35316714716616776,0.34866714716616776,29,pump_0_25,tdec_30_70,fund_neg,crowd_ge5,btc_down,0.23069194185812836,0.41009394693788664,-0.00429696,-0.1469850895755278
BRUSDT,2025-03-20,e2526,105618,long,2,-0.36109643716616774,0.00342929,-0.36216714716616777,-0.3666671471661678,29,pump_0_25,tdec_30_70,fund_neg,crowd_ge5,btc_down,0.23069194185812836,0.41009394693788664,-0.00429696,-0.1469850895755278
BSBUSDT,2026-03-26,e2526,105671,short,1,0.06587837837837839,-0.00488322,0.05649515837837839,0.051995158378378384,35,pump_25_100,tdec_ge70,fund_neg,crowd_24,btc_down,0.6230294722412613,1.4794543423593969,-0.00094878,-0.023302525225027737
BSBUSDT,2026-03-26,e2526,105671,long,1,-0.06587837837837839,0.00488322,-0.06549515837837838,-0.06999515837837839,35,pump_25_100,tdec_ge70,fund_neg,crowd_24,btc_down,0.6230294722412613,1.4794543423593969,-0.00094878,-0.023302525225027737
BSBUSDT,2026-03-26,e2526,105671,short,2,0.01819795827785172,-0.00429372,0.00940423827785172,0.004904238277851721,29,pump_25_100,tdec_ge70,fund_flat,crowd_24,btc_down,0.6230294722412613,1.309030722915215,-0.00006746,-0.016340116386819425
BSBUSDT,2026-03-26,e2526,105671,long,2,-0.01819795827785172,0.00429372,-0.01840423827785172,-0.02290423827785172,29,pump_25_100,tdec_ge70,fund_flat,crowd_24,btc_down,0.6230294722412613,1.309030722915215,-0.00006746,-0.016340116386819425
BSUUSDT,2025-08-27,e2526,105641,short,1,-0.052736404572220286,-0.03205226,-0.08928866457222029,-0.09378866457222028,35,pump_le0,tdec_lt30,fund_flat,crowd_24,btc_down,-0.17959647627166808,0.266845441401568,0.0001,-0.045893390025550596
BSUUSDT,2025-08-27,e2526,105641,long,1,0.052736404572220286,0.03205226,0.08028866457222028,0.07578866457222029,35,pump_le0,tdec_lt30,fund_flat,crowd_24,btc_down,-0.17959647627166808,0.266845441401568,0.0001,-0.045893390025550596
BSUUSDT,2025-08-27,e2526,105641,short,2,-0.08719370416741186,-0.03115623,-0.12284993416741186,-0.12734993416741186,29,pump_le0,tdec_lt30,fund_flat,crowd_24,btc_down,-0.17959647627166808,0.2509456294709944,0.0001,-0.08003202537578025
BSUUSDT,2025-08-27,e2526,105641,long,2,0.08719370416741186,0.03115623,0.11384993416741185,0.10934993416741186,29,pump_le0,tdec_lt30,fund_flat,crowd_24,btc_down,-0.17959647627166808,0.2509456294709944,0.0001,-0.08003202537578025
BSVUSDT,2021-12-10,e2122,105447,short,1,0.09061015710632073,0.0017000000000000001,0.08781015710632073,0.08331015710632074,17,pump_0_25,tdec_ge70,fund_flat,crowd_ge5,btc_down,0.03674242424242413,1.4455231676435454,0.0001,-0.2387438108312382
BSVUSDT,2021-12-10,e2122,105447,long,1,-0.09061015710632073,-0.0017000000000000001,-0.09681015710632074,-0.10131015710632073,17,pump_0_25,tdec_ge70,fund_flat,crowd_ge5,btc_down,0.03674242424242413,1.4455231676435454,0.0001,-0.2387438108312382
BSVUSDT,2021-12-10,e2122,105447,short,2,0.06533984228313934,0.0014,0.06223984228313934,0.05773984228313934,14,pump_0_25,tdec_ge70,fund_flat,crowd_ge5,btc_down,0.03674242424242413,1.0733874718941758,0.0001,-0.21922795092062797
BSVUSDT,2021-12-10,e2122,105447,long,2,-0.06533984228313934,-0.0014,-0.07123984228313934,-0.07573984228313933,14,pump_0_25,tdec_ge70,fund_flat,crowd_ge5,btc_down,0.03674242424242413,1.0733874718941758,0.0001,-0.21922795092062797
BSWUSDT,2022-03-23,e2122,105462,short,1,0.09289383561643827,0.00209552,0.09048935561643827,0.08598935561643828,17,pump_le0,tdec_ge70,fund_flat,crowd_ge5,btc_up,-0.04340704340704349,1.064002419197609,0.0001,0.15062345444791903
BSWUSDT,2022-03-23,e2122,105462,long,1,-0.09289383561643827,-0.00209552,-0.09948935561643828,-0.10398935561643827,17,pump_le0,tdec_ge70,fund_flat,crowd_ge5,btc_up,-0.04340704340704349,1.064002419197609,0.0001,0.15062345444791903
BSWUSDT,2022-03-23,e2122,105462,short,2,0.050201703272075245,0.0014,0.047101703272075246,0.04260170327207524,14,pump_le0,tdec_30_70,fund_flat,crowd_ge5,btc_up,-0.04340704340704349,0.4183863736397718,0.00049552,0.18923091380166723
BSWUSDT,2022-03-23,e2122,105462,long,2,-0.050201703272075245,-0.0014,-0.05610170327207524,-0.060601703272075244,14,pump_le0,tdec_30_70,fund_flat,crowd_ge5,btc_up,-0.04340704340704349,0.4183863736397718,0.00049552,0.18923091380166723
BTRUSDT,2025-08-27,e2526,105641,short,1,0.24324990753297995,0.00175,0.24049990753297995,0.23599990753297995,35,pump_le0,tdec_30_70,fund_flat,crowd_24,btc_down,-0.25326827471920454,0.5966342669194307,0.0001,-0.045893390025550596
BTRUSDT,2025-08-27,e2526,105641,long,1,-0.24324990753297995,-0.00175,-0.24949990753297996,-0.25399990753297996,35,pump_le0,tdec_30_70,fund_flat,crowd_24,btc_down,-0.25326827471920454,0.5966342669194307,0.0001,-0.045893390025550596
BTRUSDT,2025-08-27,e2526,105641,short,2,0.13010204081632654,0.0014500000000000001,0.12705204081632654,0.12255204081632655,29,pump_le0,tdec_30_70,fund_flat,crowd_24,btc_down,-0.25326827471920454,0.3395164416939513,0.0001,-0.08003202537578025
BTRUSDT,2025-08-27,e2526,105641,long,2,-0.13010204081632654,-0.0014500000000000001,-0.13605204081632655,-0.14055204081632655,29,pump_le0,tdec_30_70,fund_flat,crowd_24,btc_down,-0.25326827471920454,0.3395164416939513,0.0001,-0.08003202537578025
BTTUSDT,2021-12-08,e2122,105447,short,1,0.12013588634959853,0.00177984,0.11741572634959853,0.11291572634959854,17,pump_le0,tdec_ge70,fund_flat,crowd_ge5,btc_down,-0.13329764453961457,1.0936925793153787,0.00043823,-0.2901764051570327
BTTUSDT,2021-12-08,e2122,105447,long,1,-0.12013588634959853,-0.00177984,-0.12641572634959852,-0.13091572634959853,17,pump_le0,tdec_ge70,fund_flat,crowd_ge5,btc_down,-0.13329764453961457,1.0936925793153787,0.00043823,-0.2901764051570327
BTTUSDT,2021-12-08,e2122,105447,short,2,0.07709750566893422,0.00147579,0.07407329566893422,0.06957329566893423,14,pump_le0,tdec_ge70,fund_flat,crowd_ge5,btc_down,-0.13329764453961457,1.0497147293296056,0.0001,-0.27294721351136864
BTTUSDT,2021-12-08,e2122,105447,long,2,-0.07709750566893422,-0.00147579,-0.08307329566893423,-0.08757329566893422,14,pump_le0,tdec_ge70,fund_flat,crowd_ge5,btc_down,-0.13329764453961457,1.0497147293296056,0.0001,-0.27294721351136864
BTWUSDT,2026-06-05,e2526,105681,short,1,-0.2997961830646657,0.01069312,-0.2936030630646657,-0.2981030630646657,35,pump_25_100,tdec_ge70,fund_pos,crowd_ge5,btc_down,0.41319717203456396,0.7417002678922919,0.0017083,-0.23907101433690858
BTWUSDT,2026-06-05,e2526,105681,long,1,0.2997961830646657,-0.01069312,0.2846030630646657,0.2801030630646657,35,pump_25_100,tdec_ge70,fund_pos,crowd_ge5,btc_down,0.41319717203456396,0.7417002678922919,0.0017083,-0.23907101433690858
BTWUSDT,2026-06-05,e2526,105681,short,2,-0.09626504141272071,0.00791514,-0.09284990141272072,-0.09734990141272071,29,pump_25_100,tdec_ge70,fund_pos,crowd_ge5,btc_down,0.41319717203456396,0.9109524693893339,0.0036498,-0.2102295338836625
BTWUSDT,2026-06-05,e2526,105681,long,2,0.09626504141272071,-0.00791514,0.08384990141272071,0.07934990141272072,29,pump_25_100,tdec_ge70,fund_pos,crowd_ge5,btc_down,0.41319717203456396,0.9109524693893339,0.0036498,-0.2102295338836625
BUSDT,2025-05-23,e2526,105627,short,1,-0.17508666067531128,0.0024624300000000003,-0.1771242306753113,-0.1816242306753113,35,pump_0_25,tdec_ge70,fund_flat,crowd_ge5,btc_up,0.08485671506668058,1.1205321442310046,0.0001,0.1465796658701055
BUSDT,2025-05-23,e2526,105627,long,1,0.17508666067531128,-0.0024624300000000003,0.1681242306753113,0.1636242306753113,35,pump_0_25,tdec_ge70,fund_flat,crowd_ge5,btc_up,0.08485671506668058,1.1205321442310046,0.0001,0.1465796658701055
BUSDT,2025-05-23,e2526,105627,short,2,0.0682090046066529,0.00216243,0.0658714346066529,0.061371434606652904,29,pump_0_25,tdec_ge70,fund_flat,crowd_ge5,btc_up,0.08485671506668058,1.1465942226028605,0.0001,0.152014562952846
BUSDT,2025-05-23,e2526,105627,long,2,-0.0682090046066529,-0.00216243,-0.07487143460665291,-0.0793714346066529,29,pump_0_25,tdec_ge70,fund_flat,crowd_ge5,btc_up,0.08485671506668058,1.1465942226028605,0.0001,0.152014562952846
BUSDUSDT,2023-02-14,e2324,105509,short,1,0.00030018010806480584,-0.00126914,-0.005468959891935194,-0.009968959891935194,17,pump_0_25,tdec_lt30,fund_flat,crowd_ge5,btc_up,0.010720064724919043,0.16123854074266492,-0.00004543,0.14879361631805077
BUSDUSDT,2023-02-14,e2324,105509,long,1,-0.00030018010806480584,0.00126914,-0.0035310401080648054,-0.008031040108064805,17,pump_0_25,tdec_lt30,fund_flat,crowd_ge5,btc_up,0.010720064724919043,0.16123854074266492,-0.00004543,0.14879361631805077
BUSDUSDT,2023-02-14,e2324,105509,short,2,0.00010008006405122997,-0.0010655,-0.00546541993594877,-0.00996541993594877,14,pump_0_25,tdec_lt30,fund_flat,crowd_ge5,btc_up,0.010720064724919043,0.17270092520841587,-0.00015182,0.11352874325220186
BUSDUSDT,2023-02-14,e2324,105509,long,2,-0.00010008006405122997,0.0010655,-0.0035345800640512294,-0.008034580064051229,14,pump_0_25,tdec_lt30,fund_flat,crowd_ge5,btc_up,0.010720064724919043,0.17270092520841587,-0.00015182,0.11352874325220186
BUZZUSDT,2025-01-22,e2526,105610,short,1,0.4337646794823846,-0.01072251,0.4185421694823846,0.4140421694823846,35,pump_le0,tdec_ge70,fund_flat,crowd_ge5,btc_up,-0.2225065425995928,0.7118430593786441,0.00009804,0.053068946742466316
BUZZUSDT,2025-01-22,e2526,105610,long,1,-0.4337646794823846,0.01072251,-0.4275421694823846,-0.4320421694823846,35,pump_le0,tdec_ge70,fund_flat,crowd_ge5,btc_up,-0.2225065425995928,0.7118430593786441,0.00009804,0.053068946742466316
BUZZUSDT,2025-01-22,e2526,105610,short,2,0.3283648300949339,-0.00907318,0.3147916500949339,0.31029165009493387,29,pump_le0,tdec_30_70,fund_flat,crowd_ge5,btc_up,-0.2225065425995928,0.3854496586723259,0.0001,0.05427180871825632
BUZZUSDT,2025-01-22,e2526,105610,long,2,-0.3283648300949339,0.00907318,-0.3237916500949339,-0.3282916500949339,29,pump_le0,tdec_30_70,fund_flat,crowd_ge5,btc_up,-0.2225065425995928,0.3854496586723259,0.0001,0.05427180871825632
BZUSDT,2026-05-13,e2526,105678,short,1,0.005090553108174353,0.00033157,0.0009221231081743535,-0.003577876891825646,17,pump_le0,tdec_ge70,fund_flat,crowd_ge5,btc_up,-0.015041943881978437,0.8947637872364628,0.0,0.0939424122917123
BZUSDT,2026-05-13,e2526,105678,long,1,-0.005090553108174353,-0.00033157,-0.009922123108174353,-0.014422123108174353,17,pump_le0,tdec_ge70,fund_flat,crowd_ge5,btc_up,-0.015041943881978437,0.8947637872364628,0.0,0.0939424122917123
BZUSDT,2026-05-13,e2526,105678,short,2,0.028486760347959123,0.00058407,0.02457083034795912,0.020070830347959125,14,pump_le0,tdec_lt30,fund_flat,crowd_ge5,btc_up,-0.015041943881978437,0.29097611991286987,-0.0002525,0.057385631927979075
BZUSDT,2026-05-13,e2526,105678,long,2,-0.028486760347959123,-0.00058407,-0.03357083034795912,-0.03807083034795912,14,pump_le0,tdec_lt30,fund_flat,crowd_ge5,btc_up,-0.015041943881978437,0.29097611991286987,-0.0002525,0.057385631927979075
C98USDT,2021-10-25,e2122,105441,short,1,0.09043330087633879,0.02342177,0.10935507087633878,0.10485507087633879,17,pump_0_25,tdec_ge70,fund_pos,crowd_ge5,btc_up,0.04197844007609386,2.821147236110973,0.00320203,0.3970951040689392
C98USDT,2021-10-25,e2122,105441,long,1,-0.09043330087633879,-0.02342177,-0.11835507087633879,-0.12285507087633878,17,pump_0_25,tdec_ge70,fund_pos,crowd_ge5,btc_up,0.04197844007609386,2.821147236110973,0.00320203,0.3970951040689392
C98USDT,2021-10-25,e2122,105441,short,2,-0.06909871244635188,0.01644461,-0.05715410244635188,-0.06165410244635188,14,pump_0_25,tdec_ge70,fund_pos,crowd_ge5,btc_up,0.04197844007609386,2.6767946316275886,0.00130991,0.38680341474982205
C98USDT,2021-10-25,e2122,105441,long,2,0.06909871244635188,-0.01644461,0.04815410244635188,0.04365410244635188,14,pump_0_25,tdec_ge70,fund_pos,crowd_ge5,btc_up,0.04197844007609386,2.6767946316275886,0.00130991,0.38680341474982205
CAKEUSDT,2023-11-03,e2324,105546,short,1,-0.08476394849785392,0.00264965,-0.08661429849785392,-0.09111429849785391,17,pump_25_100,tdec_ge70,fund_flat,crowd_24,btc_up,0.2819807427785421,7.293591862165257,0.00037193,0.28023564365831666
CAKEUSDT,2023-11-03,e2324,105546,long,1,0.08476394849785392,-0.00264965,0.07761429849785391,0.07311429849785392,17,pump_25_100,tdec_ge70,fund_flat,crowd_24,btc_up,0.2819807427785421,7.293591862165257,0.00037193,0.28023564365831666
CAKEUSDT,2023-11-03,e2324,105546,short,2,0.1486315789473685,0.00187691,0.1460084889473685,0.1415084889473685,14,pump_25_100,tdec_ge70,fund_flat,crowd_24,btc_up,0.2819807427785421,15.796483808608816,0.0001,0.2552010747872817
CAKEUSDT,2023-11-03,e2324,105546,long,2,-0.1486315789473685,-0.00187691,-0.15500848894736852,-0.15950848894736852,14,pump_25_100,tdec_ge70,fund_flat,crowd_24,btc_up,0.2819807427785421,15.796483808608816,0.0001,0.2552010747872817
CAMPUSDT,2025-08-28,e2526,105641,short,1,0.270693959061408,-0.0017443799999999998,0.264449579061408,0.259949579061408,35,pump_0_25,tdec_ge70,fund_flat,crowd_24,btc_down,0.18590882178804025,4.445326732139574,0.0001,-0.08003202537578025
CAMPUSDT,2025-08-28,e2526,105641,long,1,-0.270693959061408,0.0017443799999999998,-0.273449579061408,-0.277949579061408,35,pump_0_25,tdec_ge70,fund_flat,crowd_24,btc_down,0.18590882178804025,4.445326732139574,0.0001,-0.08003202537578025
CAMPUSDT,2025-08-28,e2526,105641,short,2,0.2582512440337159,-0.0020443799999999997,0.2517068640337159,0.2472068640337159,29,pump_0_25,tdec_30_70,fund_flat,crowd_24,btc_down,0.18590882178804025,0.5961113040367567,0.0001,-0.059642064624771285
CAMPUSDT,2025-08-28,e2526,105641,long,2,-0.2582512440337159,0.0020443799999999997,-0.2607068640337159,-0.2652068640337159,29,pump_0_25,tdec_30_70,fund_flat,crowd_24,btc_down,0.18590882178804025,0.5961113040367567,0.0001,-0.059642064624771285
CANTOUSDT,2024-05-23,e2324,105575,short,1,0.2511850421348314,0.01451622,0.2612012621348314,0.2567012621348314,17,pump_0_25,tdec_ge70,fund_pos,crowd_24,btc_up,0.19789695057833856,1.3938617702083804,0.00138922,0.06724183812098206
CANTOUSDT,2024-05-23,e2324,105575,long,1,-0.2511850421348314,-0.01451622,-0.2702012621348314,-0.2747012621348314,17,pump_0_25,tdec_ge70,fund_pos,crowd_24,btc_up,0.19789695057833856,1.3938617702083804,0.00138922,0.06724183812098206
CANTOUSDT,2024-05-23,e2324,105575,short,2,0.24058577405857734,0.01118765,0.24727342405857733,0.24277342405857733,14,pump_0_25,tdec_30_70,fund_pos,crowd_24,btc_up,0.19789695057833856,0.4364411559024892,0.00099661,0.07510478619273209
CANTOUSDT,2024-05-23,e2324,105575,long,2,-0.24058577405857734,-0.01118765,-0.25627342405857734,-0.26077342405857734,14,pump_0_25,tdec_30_70,fund_pos,crowd_24,btc_up,0.19789695057833856,0.4364411559024892,0.00099661,0.07510478619273209
CAPUSDT,2026-06-29,e2526,105685,short,1,0.23612112472963231,0.00096511,0.2325862347296323,0.2280862347296323,35,pump_0_25,tdec_ge70,fund_flat,crowd_ge5,btc_down,0.13921971252566734,5.309565616904956,0.0001,-0.2042930307836024
CAPUSDT,2026-06-29,e2526,105685,long,1,-0.23612112472963231,-0.00096511,-0.2415862347296323,-0.2460862347296323,35,pump_0_25,tdec_ge70,fund_flat,crowd_ge5,btc_down,0.13921971252566734,5.309565616904956,0.0001,-0.2042930307836024
CAPUSDT,2026-06-29,e2526,105685,short,2,0.10325856961489636,0.00066511,0.09942367961489636,0.09492367961489637,29,pump_0_25,tdec_ge70,fund_flat,crowd_ge5,btc_down,0.13921971252566734,1.3799646355356356,0.0001,-0.15956145916939457
CAPUSDT,2026-06-29,e2526,105685,long,2,-0.10325856961489636,-0.00066511,-0.10842367961489636,-0.11292367961489636,29,pump_0_25,tdec_ge70,fund_flat,crowd_ge5,btc_down,0.13921971252566734,1.3799646355356356,0.0001,-0.15956145916939457
CARVUSDT,2024-10-16,e2324,105596,short,1,0.11448651099523915,-0.01134995,0.09863656099523915,0.09413656099523916,17,pump_le0,tdec_ge70,fund_flat,crowd_24,btc_up,-0.12157721796276011,0.7404820819848852,-0.00036939,0.11804708743743264
CARVUSDT,2024-10-16,e2324,105596,long,1,-0.11448651099523915,0.01134995,-0.10763656099523916,-0.11213656099523915,17,pump_le0,tdec_ge70,fund_flat,crowd_24,btc_up,-0.12157721796276011,0.7404820819848852,-0.00036939,0.11804708743743264
CARVUSDT,2024-10-16,e2324,105596,short,2,0.14097206949637123,-0.01042514,0.12604692949637122,0.12154692949637123,14,pump_le0,tdec_ge70,fund_neg,crowd_24,btc_up,-0.12157721796276011,1.0621383533407285,-0.00102434,0.10784420110877702
CARVUSDT,2024-10-16,e2324,105596,long,2,-0.14097206949637123,0.01042514,-0.13504692949637123,-0.13954692949637124,14,pump_le0,tdec_ge70,fund_neg,crowd_24,btc_up,-0.12157721796276011,1.0621383533407285,-0.00102434,0.10784420110877702
CATIUSDT,2024-09-11,e2324,105591,short,1,-0.47627737226277356,0.0017000000000000001,-0.4790773722627736,-0.4835773722627736,17,pump_le0,tdec_lt30,fund_flat,crowd_24,btc_down,-0.16829679595278235,0.1827018195770474,0.0001,-0.040522599523108105
CATIUSDT,2024-09-11,e2324,105591,long,1,0.47627737226277356,-0.0017000000000000001,0.4700773722627736,0.46557737226277357,17,pump_le0,tdec_lt30,fund_flat,crowd_24,btc_down,-0.16829679595278235,0.1827018195770474,0.0001,-0.040522599523108105
CATIUSDT,2024-09-11,e2324,105591,short,2,-0.08623004624794862,0.0014,-0.08933004624794863,-0.09383004624794862,14,pump_le0,tdec_ge70,fund_flat,crowd_24,btc_up,-0.16829679595278235,1.1187502752074576,0.0001,0.031008888669120882
CATIUSDT,2024-09-11,e2324,105591,long,2,0.08623004624794862,-0.0014,0.08033004624794862,0.07583004624794863,14,pump_le0,tdec_ge70,fund_flat,crowd_24,btc_up,-0.16829679595278235,1.1187502752074576,0.0001,0.031008888669120882
CBRSUSDT,2026-05-19,e2526,105679,short,1,0.16591711063447037,0.00140837,0.16282548063447036,0.15832548063447036,17,pump_le0,tdec_lt30,fund_flat,crowd_ge5,btc_up,-0.016367781672168014,0.07301272284996407,0.0,0.022823862534322004
CBRSUSDT,2026-05-19,e2526,105679,long,1,-0.16591711063447037,-0.00140837,-0.17182548063447037,-0.17632548063447037,17,pump_le0,tdec_lt30,fund_flat,crowd_ge5,btc_up,-0.016367781672168014,0.07301272284996407,0.0,0.022823862534322004
CBRSUSDT,2026-05-19,e2526,105679,short,2,0.14838755254141506,0.00208347,0.14597102254141506,0.14147102254141505,14,pump_le0,tdec_lt30,fund_flat,crowd_ge5,btc_up,-0.016367781672168014,0.07373785893004399,0.0,0.01695528397741386
CBRSUSDT,2026-05-19,e2526,105679,long,2,-0.14838755254141506,-0.00208347,-0.15497102254141507,-0.15947102254141507,14,pump_le0,tdec_lt30,fund_flat,crowd_ge5,btc_up,-0.016367781672168014,0.07373785893004399,0.0,0.01695528397741386
CCUSDT,2025-10-31,e2526,105650,short,1,0.005786595447030534,0.00175,0.0030365954470305346,-0.001463404552969465,35,pump_0_25,tdec_30_70,fund_flat,crowd_ge5,btc_down,0.1301473230326986,0.3677778040065453,0.0001,-0.0866339098967498
CCUSDT,2025-10-31,e2526,105650,long,1,-0.005786595447030534,-0.00175,-0.012036595447030535,-0.016536595447030532,35,pump_0_25,tdec_30_70,fund_flat,crowd_ge5,btc_down,0.1301473230326986,0.3677778040065453,0.0001,-0.0866339098967498
CCUSDT,2025-10-31,e2526,105650,short,2,0.06729105768657169,0.0014500000000000001,0.06424105768657169,0.059741057686571696,29,pump_0_25,tdec_30_70,fund_flat,crowd_ge5,btc_down,0.1301473230326986,0.6780096096980726,0.0001,-0.09565134121567975
CCUSDT,2025-10-31,e2526,105650,long,2,-0.06729105768657169,-0.0014500000000000001,-0.0732410576865717,-0.07774105768657169,29,pump_0_25,tdec_30_70,fund_flat,crowd_ge5,btc_down,0.1301473230326986,0.6780096096980726,0.0001,-0.09565134121567975
CEEKUSDT,2022-07-18,e2122,105479,short,1,0.12833657415591304,0.0017000000000000001,0.12553657415591304,0.12103657415591305,17,pump_0_25,tdec_lt30,fund_flat,crowd_01,btc_up,0.01307306590257884,0.17983603719131486,0.0001,0.13701227665005478
CEEKUSDT,2022-07-18,e2122,105479,long,1,-0.12833657415591304,-0.0017000000000000001,-0.13453657415591305,-0.13903657415591306,17,pump_0_25,tdec_lt30,fund_flat,crowd_01,btc_up,0.01307306590257884,0.17983603719131486,0.0001,0.13701227665005478
CEEKUSDT,2022-07-18,e2122,105479,short,2,0.06733497257423864,0.0014,0.06423497257423863,0.05973497257423863,14,pump_0_25,tdec_lt30,fund_flat,crowd_01,btc_up,0.01307306590257884,0.2003737228387483,0.0001,0.1289381563593932
CEEKUSDT,2022-07-18,e2122,105479,long,2,-0.06733497257423864,-0.0014,-0.07323497257423864,-0.07773497257423863,14,pump_0_25,tdec_lt30,fund_flat,crowd_01,btc_up,0.01307306590257884,0.2003737228387483,0.0001,0.1289381563593932
CELOUSDT,2022-01-05,e2122,105451,short,1,-0.007711038961039013,0.0017000000000000001,-0.010511038961039013,-0.015011038961039013,17,pump_le0,tdec_ge70,fund_flat,crowd_01,btc_down,-0.12716967764789233,1.6711427570015631,0.0001,-0.14768537282154193
CELOUSDT,2022-01-05,e2122,105451,long,1,0.007711038961039013,-0.0017000000000000001,0.0015110389610390133,-0.0029889610389609864,17,pump_le0,tdec_ge70,fund_flat,crowd_01,btc_down,-0.12716967764789233,1.6711427570015631,0.0001,-0.14768537282154193
CELOUSDT,2022-01-05,e2122,105451,short,2,-0.07095104593487182,0.0014,-0.07405104593487183,-0.07855104593487182,14,pump_le0,tdec_ge70,fund_flat,crowd_01,btc_down,-0.12716967764789233,1.2180705984422973,0.0001,-0.17634758134049533
CELOUSDT,2022-01-05,e2122,105451,long,2,0.07095104593487182,-0.0014,0.06505104593487182,0.060551045934871824,14,pump_le0,tdec_ge70,fund_flat,crowd_01,btc_down,-0.12716967764789233,1.2180705984422973,0.0001,-0.17634758134049533
CELRUSDT,2021-10-25,e2122,105441,short,1,0.1768916155419223,0.02544144,0.1978330555419223,0.1933330555419223,17,pump_0_25,tdec_ge70,fund_pos,crowd_ge5,btc_up,0.027310924369747802,2.310953464020279,0.00294328,0.3970951040689392
CELRUSDT,2021-10-25,e2122,105441,long,1,-0.1768916155419223,-0.02544144,-0.2068330555419223,-0.2113330555419223,17,pump_0_25,tdec_ge70,fund_pos,crowd_ge5,btc_up,0.027310924369747802,2.310953464020279,0.00294328,0.3970951040689392
CELRUSDT,2021-10-25,e2122,105441,short,2,0.013480392156862735,0.01858566,0.027566052156862735,0.023066052156862735,14,pump_0_25,tdec_ge70,fund_pos,crowd_ge5,btc_up,0.027310924369747802,2.9159729519256246,0.00118319,0.38680341474982205
CELRUSDT,2021-10-25,e2122,105441,long,2,-0.013480392156862735,-0.01858566,-0.03656605215686273,-0.04106605215686274,14,pump_0_25,tdec_ge70,fund_pos,crowd_ge5,btc_up,0.027310924369747802,2.9159729519256246,0.00118319,0.38680341474982205
CETUSUSDT,2024-02-05,e2324,105560,short,1,-0.061556603773584934,-0.00960964,-0.07566624377358494,-0.08016624377358493,17,pump_le0,tdec_lt30,fund_neg,crowd_24,btc_down,-0.00617235721540732,0.14813998787617838,-0.00068992,-0.019398582490065097
CETUSUSDT,2024-02-05,e2324,105560,long,1,0.061556603773584934,0.00960964,0.06666624377358493,0.062166243773584935,17,pump_le0,tdec_lt30,fund_neg,crowd_24,btc_down,-0.00617235721540732,0.14813998787617838,-0.00068992,-0.019398582490065097
CETUSUSDT,2024-02-05,e2324,105560,short,2,-0.1389170040485831,0.0014,-0.14201700404858308,-0.1465170040485831,14,pump_le0,tdec_lt30,fund_flat,crowd_24,btc_down,-0.00617235721540732,0.24288800031082342,0.0001,-0.056517814565024915
CETUSUSDT,2024-02-05,e2324,105560,long,2,0.1389170040485831,-0.0014,0.13301700404858308,0.12851700404858307,14,pump_le0,tdec_lt30,fund_flat,crowd_24,btc_down,-0.00617235721540732,0.24288800031082342,0.0001,-0.056517814565024915
CFGUSDT,2026-03-17,e2526,105670,short,1,0.0641748942172073,-0.09145517,-0.031780275782792695,-0.0362802757827927,35,pump_le0,tdec_30_70,fund_flat,crowd_01,btc_up,-0.12952731737262113,0.3907105418560745,-0.0003006,0.03412387930959371
CFGUSDT,2026-03-17,e2526,105670,long,1,-0.0641748942172073,0.09145517,0.022780275782792698,0.018280275782792697,35,pump_le0,tdec_30_70,fund_flat,crowd_01,btc_up,-0.12952731737262113,0.3907105418560745,-0.0003006,0.03412387930959371
CFGUSDT,2026-03-17,e2526,105670,short,2,0.06942496493688634,-0.08499823,-0.020073265063113657,-0.024573265063113657,29,pump_le0,tdec_30_70,fund_neg,crowd_01,btc_up,-0.12952731737262113,0.3358446585938988,-0.00104996,0.03567104212084793
CFGUSDT,2026-03-17,e2526,105670,long,2,-0.06942496493688634,0.08499823,0.011073265063113655,0.006573265063113657,29,pump_le0,tdec_30_70,fund_neg,crowd_01,btc_up,-0.12952731737262113,0.3358446585938988,-0.00104996,0.03567104212084793
CFXUSDT,2023-02-21,e2324,105510,short,1,0.3118942731277533,0.00182021,0.3092144831277533,0.3047144831277533,17,pump_le0,tdec_30_70,fund_flat,crowd_24,btc_up,-0.16720474289739384,0.6724093555397799,0.0001,0.055512146146626806
CFXUSDT,2023-02-21,e2324,105510,long,1,-0.3118942731277533,-0.00182021,-0.3182144831277533,-0.3227144831277533,17,pump_le0,tdec_30_70,fund_flat,crowd_24,btc_up,-0.16720474289739384,0.6724093555397799,0.0001,0.055512146146626806
CFXUSDT,2023-02-21,e2324,105510,short,2,0.3577936387856462,0.0015202100000000001,0.3548138487856462,0.3503138487856462,14,pump_le0,tdec_ge70,fund_flat,crowd_24,btc_up,-0.16720474289739384,0.8128053156330491,0.0001,0.057681940700808676
CFXUSDT,2023-02-21,e2324,105510,long,2,-0.3577936387856462,-0.0015202100000000001,-0.3638138487856462,-0.3683138487856462,14,pump_le0,tdec_ge70,fund_flat,crowd_24,btc_up,-0.16720474289739384,0.8128053156330491,0.0001,0.057681940700808676
CGPTUSDT,2025-01-10,e2526,105608,short,1,-0.11184737718054609,-0.01684279,-0.1331901671805461,-0.1376901671805461,71,pump_le0,tdec_30_70,fund_neg,crowd_ge5,btc_down,-0.04042823766007142,0.4051182258727179,-0.00367956,-0.054140474583052045
CGPTUSDT,2025-01-10,e2526,105608,long,1,0.11184737718054609,0.01684279,0.1241901671805461,0.1196901671805461,71,pump_le0,tdec_30_70,fund_neg,crowd_ge5,btc_down,-0.04042823766007142,0.4051182258727179,-0.00367956,-0.054140474583052045
CGPTUSDT,2025-01-10,e2526,105608,short,2,-0.005322706498718155,-0.00506346,-0.014886166498718156,-0.019386166498718153,59,pump_le0,tdec_30_70,fund_neg,crowd_ge5,btc_down,-0.04042823766007142,0.3431089072393536,-0.00147236,-0.06809392619296006
CGPTUSDT,2025-01-10,e2526,105608,long,2,0.005322706498718155,0.00506346,0.005886166498718156,0.0013861664987181565,59,pump_le0,tdec_30_70,fund_neg,crowd_ge5,btc_down,-0.04042823766007142,0.3431089072393536,-0.00147236,-0.06809392619296006
CHESSUSDT,2024-09-02,e2324,105590,short,1,0.06755934266585513,0.00107278,0.06413212266585512,0.059632122665855124,17,pump_0_25,tdec_30_70,fund_flat,crowd_24,btc_down,0.0042787286063570296,0.6875001771244562,0.0001,-0.01172167977485572
CHESSUSDT,2024-09-02,e2324,105590,long,1,-0.06755934266585513,-0.00107278,-0.07313212266585513,-0.07763212266585512,17,pump_0_25,tdec_30_70,fund_flat,crowd_24,btc_down,0.0042787286063570296,0.6875001771244562,0.0001,-0.01172167977485572
CHESSUSDT,2024-09-02,e2324,105590,short,2,0.01097482246610721,0.00077729,0.007252112466107211,0.002752112466107211,14,pump_0_25,tdec_30_70,fund_flat,crowd_24,btc_up,0.0042787286063570296,0.5090525895181393,0.00009549,0.07315672684030972
CHESSUSDT,2024-09-02,e2324,105590,long,2,-0.01097482246610721,-0.00077729,-0.01625211246610721,-0.02075211246610721,14,pump_0_25,tdec_30_70,fund_flat,crowd_24,btc_up,0.0042787286063570296,0.5090525895181393,0.00009549,0.07315672684030972
CHILLGUYUSDT,2024-11-21,e2324,105601,short,1,-0.6277347694378997,0.013191669999999999,-0.6190430994378997,-0.6235430994378998,17,pump_le0,tdec_30_70,fund_pos,crowd_ge5,btc_up,-0.270920245398773,0.6153950284459854,0.00159029,0.4843734763895702
CHILLGUYUSDT,2024-11-21,e2324,105601,long,1,0.6277347694378997,-0.013191669999999999,0.6100430994378998,0.6055430994378997,17,pump_le0,tdec_30_70,fund_pos,crowd_ge5,btc_up,-0.270920245398773,0.6153950284459854,0.00159029,0.4843734763895702
CHILLGUYUSDT,2024-11-21,e2324,105601,short,2,-0.6950578338590956,0.00823529,-0.6913225438590955,-0.6958225438590956,14,pump_le0,tdec_30_70,fund_pos,crowd_ge5,btc_up,-0.270920245398773,0.6749817719289108,0.0013374,0.4337462154106133
CHILLGUYUSDT,2024-11-21,e2324,105601,long,2,0.6950578338590956,-0.00823529,0.6823225438590956,0.6778225438590956,14,pump_le0,tdec_30_70,fund_pos,crowd_ge5,btc_up,-0.270920245398773,0.6749817719289108,0.0013374,0.4337462154106133
CHIPUSDT,2026-04-16,e2526,105674,short,1,-2.014816966879721,-0.039517290000000004,-2.058834256879721,-2.063334256879721,35,pump_le0,tdec_lt30,fund_flat,crowd_01,btc_up,-0.003474232773595931,0.23901953541199206,0.0001,0.08151240561858186
CHIPUSDT,2026-04-16,e2526,105674,long,1,2.014816966879721,0.039517290000000004,2.0498342568797208,2.045334256879721,35,pump_le0,tdec_lt30,fund_flat,crowd_01,btc_up,-0.003474232773595931,0.23901953541199206,0.0001,0.08151240561858186
CHIPUSDT,2026-04-16,e2526,105674,short,2,-1.9107994389901823,-0.03981729,-1.9551167289901823,-1.9596167289901822,29,pump_le0,tdec_lt30,fund_flat,crowd_01,btc_up,-0.003474232773595931,0.16567337882165764,0.0001,0.08254223560354768
CHIPUSDT,2026-04-16,e2526,105674,long,2,1.9107994389901823,0.03981729,1.9461167289901824,1.9416167289901824,29,pump_le0,tdec_lt30,fund_flat,crowd_01,btc_up,-0.003474232773595931,0.16567337882165764,0.0001,0.08254223560354768
CHRUSDT,2021-11-18,e2122,105444,short,1,-0.0363073216897529,0.01477284,-0.026034481689752895,-0.030534481689752896,17,pump_0_25,tdec_30_70,fund_flat,crowd_24,btc_down,0.0800037167812675,0.6033634173785413,0.0001,-0.12049806979032629
CHRUSDT,2021-11-18,e2122,105444,long,1,0.0363073216897529,-0.01477284,0.017034481689752894,0.012534481689752896,17,pump_0_25,tdec_30_70,fund_flat,crowd_24,btc_down,0.0800037167812675,0.6033634173785413,0.0001,-0.12049806979032629
CHRUSDT,2021-11-18,e2122,105444,short,2,0.14767902632323812,0.012838800000000001,0.15601782632323813,0.15151782632323813,14,pump_0_25,tdec_ge70,fund_pos,crowd_24,btc_down,0.0800037167812675,1.9935286303518873,0.00108008,-0.04040420267969025
CHRUSDT,2021-11-18,e2122,105444,long,2,-0.14767902632323812,-0.012838800000000001,-0.16501782632323814,-0.16951782632323814,14,pump_0_25,tdec_ge70,fund_pos,crowd_24,btc_down,0.0800037167812675,1.9935286303518873,0.00108008,-0.04040420267969025
CHZUSDT,2021-10-12,e2122,105439,short,1,0.03405620036652428,0.01927976,0.04883596036652428,0.04433596036652428,17,pump_0_25,tdec_ge70,fund_flat,crowd_ge5,btc_up,0.10664187933074198,1.6809270383307175,0.0001,0.2761539317094872
CHZUSDT,2021-10-12,e2122,105439,long,1,-0.03405620036652428,-0.01927976,-0.057835960366524275,-0.06233596036652428,17,pump_0_25,tdec_ge70,fund_flat,crowd_ge5,btc_up,0.10664187933074198,1.6809270383307175,0.0001,0.2761539317094872
CHZUSDT,2021-10-12,e2122,105439,short,2,0.04672192916352679,0.01670822,0.0589301491635268,0.05443014916352679,14,pump_0_25,tdec_ge70,fund_pos,crowd_ge5,btc_up,0.10664187933074198,1.313181065497653,0.00138584,0.2180233175476225
CHZUSDT,2021-10-12,e2122,105439,long,2,-0.04672192916352679,-0.01670822,-0.0679301491635268,-0.07243014916352679,14,pump_0_25,tdec_ge70,fund_pos,crowd_ge5,btc_up,0.10664187933074198,1.313181065497653,0.00138584,0.2180233175476225
CIENUSDT,2026-06-29,e2526,105685,short,1,0.11626766892719996,-0.00040215,0.11136551892719995,0.10686551892719996,17,pump_0_25,tdec_30_70,fund_flat,crowd_ge5,btc_down,0.006289825282631112,0.5053646259992114,0.0,-0.2042930307836024
CIENUSDT,2026-06-29,e2526,105685,long,1,-0.11626766892719996,0.00040215,-0.12036551892719996,-0.12486551892719995,17,pump_0_25,tdec_30_70,fund_flat,crowd_ge5,btc_down,0.006289825282631112,0.5053646259992114,0.0,-0.2042930307836024
CIENUSDT,2026-06-29,e2526,105685,short,2,0.06599598454264803,0.0,0.061495984542648034,0.05699598454264803,14,pump_0_25,tdec_lt30,fund_flat,crowd_ge5,btc_down,0.006289825282631112,0.24723167213804956,0.0,-0.15956145916939457
CIENUSDT,2026-06-29,e2526,105685,long,2,-0.06599598454264803,-0.0,-0.07049598454264804,-0.07499598454264803,14,pump_0_25,tdec_lt30,fund_flat,crowd_ge5,btc_down,0.006289825282631112,0.24723167213804956,0.0,-0.15956145916939457
CKBUSDT,2022-02-15,e2122,105457,short,1,0.2309990043146366,0.00218782,0.2286868243146366,0.2241868243146366,17,pump_0_25,tdec_30_70,fund_flat,crowd_24,btc_up,0.041479433114414155,0.4040861500861412,0.0001,0.03979857819905219
CKBUSDT,2022-02-15,e2122,105457,long,1,-0.2309990043146366,-0.00218782,-0.2376868243146366,-0.24218682431463662,17,pump_0_25,tdec_30_70,fund_flat,crowd_24,btc_up,0.041479433114414155,0.4040861500861412,0.0001,0.03979857819905219
CKBUSDT,2022-02-15,e2122,105457,short,2,0.16624685138539042,0.00196698,0.16371383138539042,0.15921383138539041,14,pump_0_25,tdec_lt30,fund_flat,crowd_24,btc_down,0.041479433114414155,0.29206344979335497,0.0001,-0.04293391602196894
CKBUSDT,2022-02-15,e2122,105457,long,2,-0.16624685138539042,-0.00196698,-0.17271383138539043,-0.17721383138539043,14,pump_0_25,tdec_lt30,fund_flat,crowd_24,btc_down,0.041479433114414155,0.29206344979335497,0.0001,-0.04293391602196894
CLANKERUSDT,2025-04-28,e2526,105624,short,1,0.3629702002931119,-0.0006499799999999999,0.3578202202931119,0.3533202202931119,35,pump_le0,tdec_30_70,fund_flat,crowd_ge5,btc_up,-0.02801519468186131,0.45323825629500275,0.0001,0.14392716754161317
CLANKERUSDT,2025-04-28,e2526,105624,long,1,-0.3629702002931119,0.0006499799999999999,-0.3668202202931119,-0.3713202202931119,35,pump_le0,tdec_30_70,fund_flat,crowd_ge5,btc_up,-0.02801519468186131,0.45323825629500275,0.0001,0.14392716754161317
CLANKERUSDT,2025-04-28,e2526,105624,short,2,0.29168929929386206,-0.00112255,0.28606674929386205,0.28156674929386205,29,pump_le0,tdec_30_70,fund_flat,crowd_ge5,btc_up,-0.02801519468186131,0.3149512344150792,0.0001,0.14076340170948476
CLANKERUSDT,2025-04-28,e2526,105624,long,2,-0.29168929929386206,0.00112255,-0.29506674929386206,-0.29956674929386207,29,pump_le0,tdec_30_70,fund_flat,crowd_ge5,btc_up,-0.02801519468186131,0.3149512344150792,0.0001,0.14076340170948476
CLOUDUSDT,2024-07-19,e2324,105583,short,1,0.07412181759587502,-0.08553858,-0.01591676240412498,-0.02041676240412498,17,pump_0_25,tdec_lt30,fund_neg,crowd_24,btc_up,0.03987935656836461,0.1638111090761829,-0.00072379,0.034682571132961915
CLOUDUSDT,2024-07-19,e2324,105583,long,1,-0.07412181759587502,0.08553858,0.006916762404124981,0.002416762404124981,17,pump_0_25,tdec_lt30,fund_neg,crowd_24,btc_up,0.03987935656836461,0.1638111090761829,-0.00072379,0.034682571132961915
CLOUDUSDT,2024-07-19,e2324,105583,short,2,0.050875454245127266,-0.0783838,-0.032008345754872734,-0.03650834575487274,14,pump_0_25,tdec_lt30,fund_neg,crowd_24,btc_up,0.03987935656836461,0.1243789904488857,-0.00680967,0.06304487874424991
CLOUDUSDT,2024-07-19,e2324,105583,long,2,-0.050875454245127266,0.0783838,0.023008345754872737,0.018508345754872736,14,pump_0_25,tdec_lt30,fund_neg,crowd_24,btc_up,0.03987935656836461,0.1243789904488857,-0.00680967,0.06304487874424991
CLOUSDT,2025-10-17,e2526,105648,short,1,0.3047146401985112,0.01521157,0.3154262101985112,0.3109262101985112,35,pump_0_25,tdec_ge70,fund_pos,crowd_ge5,btc_down,0.15671641791044788,5.191208944673138,0.00182022,-0.08460950151038038
CLOUSDT,2025-10-17,e2526,105648,long,1,-0.3047146401985112,-0.01521157,-0.3244262101985112,-0.3289262101985112,35,pump_0_25,tdec_ge70,fund_pos,crowd_ge5,btc_down,0.15671641791044788,5.191208944673138,0.00182022,-0.08460950151038038
CLOUSDT,2025-10-17,e2526,105648,short,2,0.14416615760537574,0.01434396,0.15401011760537572,0.14951011760537572,29,pump_0_25,tdec_ge70,fund_flat,crowd_ge5,btc_down,0.15671641791044788,2.8596704132844164,0.0001,-0.06035670992075126
CLOUSDT,2025-10-17,e2526,105648,long,2,-0.14416615760537574,-0.01434396,-0.16301011760537573,-0.16751011760537574,29,pump_0_25,tdec_ge70,fund_flat,crowd_ge5,btc_down,0.15671641791044788,2.8596704132844164,0.0001,-0.06035670992075126
CLUSDT,2026-03-24,e2526,105671,short,1,-0.11350188273265212,0.00502236,-0.11297952273265212,-0.11747952273265211,35,pump_0_25,tdec_ge70,fund_flat,crowd_01,btc_up,0.02703708297159868,0.7465720779969897,0.0,0.10352037365763223
CLUSDT,2026-03-24,e2526,105671,long,1,0.11350188273265212,-0.00502236,0.10397952273265211,0.09947952273265212,35,pump_0_25,tdec_ge70,fund_flat,crowd_01,btc_up,0.02703708297159868,0.7465720779969897,0.0,0.10352037365763223
CLUSDT,2026-03-24,e2526,105671,short,2,-0.08731307284129293,0.00502236,-0.08679071284129293,-0.09129071284129292,29,pump_0_25,tdec_ge70,fund_flat,crowd_01,btc_up,0.02703708297159868,1.0937250701097243,0.0,0.07435130597743322
CLUSDT,2026-03-24,e2526,105671,long,2,0.08731307284129293,-0.00502236,0.07779071284129292,0.07329071284129293,29,pump_0_25,tdec_ge70,fund_flat,crowd_01,btc_up,0.02703708297159868,1.0937250701097243,0.0,0.07435130597743322
COAIUSDT,2025-10-02,e2526,105646,short,1,-14.52717708942139,0.04040345,-14.49127363942139,-14.49577363942139,35,pump_le0,tdec_30_70,fund_flat,crowd_ge5,btc_up,-0.18967558607624913,0.3176681707688894,0.0001,0.09419873224325581
COAIUSDT,2025-10-02,e2526,105646,long,1,14.52717708942139,-0.04040345,14.48227363942139,14.47777363942139,35,pump_le0,tdec_30_70,fund_flat,crowd_ge5,btc_up,-0.18967558607624913,0.3176681707688894,0.0001,0.09419873224325581
COAIUSDT,2025-10-02,e2526,105646,short,2,-12.482364882009641,0.03961339,-12.447251492009642,-12.451751492009642,29,pump_le0,tdec_30_70,fund_flat,crowd_ge5,btc_up,-0.18967558607624913,0.4584553213509214,0.00039266,0.10546819592448875
COAIUSDT,2025-10-02,e2526,105646,long,2,12.482364882009641,-0.03961339,12.438251492009641,12.433751492009641,29,pump_le0,tdec_30_70,fund_flat,crowd_ge5,btc_up,-0.18967558607624913,0.4584553213509214,0.00039266,0.10546819592448875
COCOSUSDT,2023-02-20,e2324,105510,short,1,0.10740175505532235,-0.00247737,0.10042438505532233,0.09592438505532234,17,pump_0_25,tdec_ge70,fund_flat,crowd_24,btc_up,0.12272435210965948,0.9958747442900555,0.0001,0.07716871847952955
COCOSUSDT,2023-02-20,e2324,105510,long,1,-0.10740175505532235,0.00247737,-0.10942438505532234,-0.11392438505532233,17,pump_0_25,tdec_ge70,fund_flat,crowd_24,btc_up,0.12272435210965948,0.9958747442900555,0.0001,0.07716871847952955
COCOSUSDT,2023-02-20,e2324,105510,short,2,0.02885014528850132,-0.00277737,0.02157277528850132,0.01707277528850132,14,pump_0_25,tdec_ge70,fund_flat,crowd_24,btc_up,0.12272435210965948,0.8300686303964065,0.0001,0.055512146146626806
COCOSUSDT,2023-02-20,e2324,105510,long,2,-0.02885014528850132,0.00277737,-0.03057277528850132,-0.03507277528850132,14,pump_0_25,tdec_ge70,fund_flat,crowd_24,btc_up,0.12272435210965948,0.8300686303964065,0.0001,0.055512146146626806
COHRUSDT,2026-06-16,e2526,105683,short,1,0.006351428423290269,0.00185722,0.00370864842329027,-0.0007913515767097295,17,pump_le0,tdec_ge70,fund_flat,crowd_24,btc_down,-0.0766689805395313,1.108631361705582,0.0,-0.1622487945647244
COHRUSDT,2026-06-16,e2526,105683,long,1,-0.006351428423290269,-0.00185722,-0.01270864842329027,-0.01720864842329027,17,pump_le0,tdec_ge70,fund_flat,crowd_24,btc_down,-0.0766689805395313,1.108631361705582,0.0,-0.1622487945647244
COHRUSDT,2026-06-16,e2526,105683,short,2,0.028563463098134585,0.00080257,0.024866033098134583,0.020366033098134582,14,pump_le0,tdec_lt30,fund_pos,crowd_24,btc_down,-0.0766689805395313,0.1285913542838213,0.00097575,-0.18079293181140565
COHRUSDT,2026-06-16,e2526,105683,long,2,-0.028563463098134585,-0.00080257,-0.03386603309813458,-0.038366033098134585,14,pump_le0,tdec_lt30,fund_pos,crowd_24,btc_down,-0.0766689805395313,0.1285913542838213,0.00097575,-0.18079293181140565
COINUSDT,2026-04-29,e2526,105676,short,1,-0.05031948881789131,0.00634279,-0.04847669881789131,-0.05297669881789131,17,pump_le0,tdec_30_70,fund_flat,crowd_ge5,btc_up,-0.02355326782093281,0.6123902006325921,0.0,0.11805183120715768
COINUSDT,2026-04-29,e2526,105676,long,1,0.05031948881789131,-0.00634279,0.039476698817891315,0.03497669881789131,17,pump_le0,tdec_30_70,fund_flat,crowd_ge5,btc_up,-0.02355326782093281,0.6123902006325921,0.0,0.11805183120715768
COINUSDT,2026-04-29,e2526,105676,short,2,-0.019169163997106584,0.00634279,-0.017326373997106584,-0.02182637399710658,14,pump_le0,tdec_ge70,fund_flat,crowd_ge5,btc_up,-0.02355326782093281,0.8090917346419575,0.0,0.14839027112769143
COINUSDT,2026-04-29,e2526,105676,long,2,0.019169163997106584,-0.00634279,0.008326373997106583,0.003826373997106584,14,pump_le0,tdec_ge70,fund_flat,crowd_ge5,btc_up,-0.02355326782093281,0.8090917346419575,0.0,0.14839027112769143
COMBOUSDT,2023-06-08,e2324,105525,short,1,0.20360598065083557,0.0017000000000000001,0.20080598065083557,0.19630598065083557,17,pump_le0,tdec_30_70,fund_flat,crowd_24,btc_down,-0.03644067796610162,0.49272337269804145,0.0001,-0.0402650005620564
COMBOUSDT,2023-06-08,e2324,105525,long,1,-0.20360598065083557,-0.0017000000000000001,-0.20980598065083558,-0.2143059806508356,17,pump_le0,tdec_30_70,fund_flat,crowd_24,btc_down,-0.03644067796610162,0.49272337269804145,0.0001,-0.0402650005620564
COMBOUSDT,2023-06-08,e2324,105525,short,2,0.03772582359192346,0.0014,0.03462582359192346,0.030125823591923458,14,pump_le0,tdec_30_70,fund_flat,crowd_24,btc_down,-0.03644067796610162,0.6260193729259451,0.0001,-0.041884467132379366
COMBOUSDT,2023-06-08,e2324,105525,long,2,-0.03772582359192346,-0.0014,-0.043625823591923456,-0.04812582359192346,14,pump_le0,tdec_30_70,fund_flat,crowd_24,btc_down,-0.03644067796610162,0.6260193729259451,0.0001,-0.041884467132379366
COMMONUSDT,2025-10-27,e2526,105650,short,1,0.3608,0.0034322000000000003,0.3597322,0.3552322,35,pump_le0,tdec_30_70,fund_flat,crowd_ge5,btc_up,-0.4423791821561338,0.5831962781003671,0.0001,0.0062648539464120745
COMMONUSDT,2025-10-27,e2526,105650,long,1,-0.3608,-0.0034322000000000003,-0.3687322,-0.3732322,35,pump_le0,tdec_30_70,fund_flat,crowd_ge5,btc_up,-0.4423791821561338,0.5831962781003671,0.0001,0.0062648539464120745
COMMONUSDT,2025-10-27,e2526,105650,short,2,0.27990987607960954,0.00238418,0.27779405607960955,0.27329405607960955,29,pump_le0,tdec_30_70,fund_pos,crowd_ge5,btc_down,-0.4423791821561338,0.628078684789619,0.00159604,-0.03765905713190376
COMMONUSDT,2025-10-27,e2526,105650,long,2,-0.27990987607960954,-0.00238418,-0.28679405607960956,-0.29129405607960956,29,pump_le0,tdec_30_70,fund_pos,crowd_ge5,btc_down,-0.4423791821561338,0.628078684789619,0.00159604,-0.03765905713190376
COMPUSDT,2021-08-31,e2122,105433,short,1,0.1396029258098224,0.02906953,0.1641724558098224,0.1596724558098224,17,pump_0_25,tdec_ge70,fund_pos,crowd_24,btc_up,0.08380520951302373,0.9158986671121702,0.00092555,0.24669985956849239
COMPUSDT,2021-08-31,e2122,105433,long,1,-0.1396029258098224,-0.02906953,-0.1731724558098224,-0.1776724558098224,17,pump_0_25,tdec_ge70,fund_pos,crowd_24,btc_up,0.08380520951302373,0.9158986671121702,0.00092555,0.24669985956849239
COMPUSDT,2021-08-31,e2122,105433,short,2,0.1110871208031955,0.02466378,0.13125090080319549,0.12675090080319548,14,pump_0_25,tdec_ge70,fund_pos,crowd_24,btc_up,0.08380520951302373,1.048894762685604,0.00196457,0.2908645981915019
COMPUSDT,2021-08-31,e2122,105433,long,2,-0.1110871208031955,-0.02466378,-0.1402509008031955,-0.1447509008031955,14,pump_0_25,tdec_ge70,fund_pos,crowd_24,btc_up,0.08380520951302373,1.048894762685604,0.00196457,0.2908645981915019
COOKIEUSDT,2025-01-07,e2526,105608,short,1,-0.046823392267339996,0.00165376,-0.049669632267339996,-0.05416963226734,17,pump_le0,tdec_30_70,fund_flat,crowd_24,btc_down,-0.07908391483270694,0.41218868073745685,0.0001,-0.023701055183963704
COOKIEUSDT,2025-01-07,e2526,105608,long,1,0.046823392267339996,-0.00165376,0.04066963226734,0.03616963226734,17,pump_le0,tdec_30_70,fund_flat,crowd_24,btc_down,-0.07908391483270694,0.41218868073745685,0.0001,-0.023701055183963704
COOKIEUSDT,2025-01-07,e2526,105608,short,2,-0.1805433829973707,0.00135376,-0.18368962299737068,-0.1881896229973707,14,pump_le0,tdec_30_70,fund_flat,crowd_24,btc_down,-0.07908391483270694,0.36928326462915506,0.0001,-0.041895211739069294
COOKIEUSDT,2025-01-07,e2526,105608,long,2,0.1805433829973707,-0.00135376,0.17468962299737067,0.17018962299737067,14,pump_le0,tdec_30_70,fund_flat,crowd_24,btc_down,-0.07908391483270694,0.36928326462915506,0.0001,-0.041895211739069294
COOKUSDT,2024-12-02,e2324,105603,short,1,0.10769774011299436,0.01296774,0.11616548011299437,0.11166548011299438,17,pump_0_25,tdec_lt30,fund_pos,crowd_24,btc_up,0.19091673675357446,0.27755492149325256,0.0007044,0.3953240738046886
COOKUSDT,2024-12-02,e2324,105603,long,1,-0.10769774011299436,-0.01296774,-0.12516548011299436,-0.12966548011299436,17,pump_0_25,tdec_lt30,fund_pos,crowd_24,btc_up,0.19091673675357446,0.27755492149325256,0.0007044,0.3953240738046886
COOKUSDT,2024-12-02,e2324,105603,short,2,0.23377804730139481,0.00928644,0.23856448730139482,0.2340644873013948,14,pump_0_25,tdec_lt30,fund_pos,crowd_24,btc_up,0.19091673675357446,0.2612051109524091,0.00066671,0.45450605627761154
COOKUSDT,2024-12-02,e2324,105603,long,2,-0.23377804730139481,-0.00928644,-0.24756448730139483,-0.2520644873013948,14,pump_0_25,tdec_lt30,fund_pos,crowd_24,btc_up,0.19091673675357446,0.2612051109524091,0.00066671,0.45450605627761154
COREUSDT,2023-02-09,e2324,105508,short,1,-0.021022047513245636,0.00172429,-0.023797757513245636,-0.028297757513245633,17,pump_le0,tdec_ge70,fund_flat,crowd_24,btc_up,-0.3774207278144286,1.9084142888775772,0.0001,0.2061018461710078
COREUSDT,2023-02-09,e2324,105508,long,1,0.021022047513245636,-0.00172429,0.014797757513245635,0.010297757513245636,17,pump_le0,tdec_ge70,fund_flat,crowd_24,btc_up,-0.3774207278144286,1.9084142888775772,0.0001,0.2061018461710078
COREUSDT,2023-02-09,e2324,105508,short,2,0.03239390994493038,0.0014242900000000001,0.029318199944930384,0.024818199944930383,14,pump_le0,tdec_ge70,fund_flat,crowd_24,btc_up,-0.3774207278144286,1.893104660653302,0.0001,0.16084484590860781
COREUSDT,2023-02-09,e2324,105508,long,2,-0.03239390994493038,-0.0014242900000000001,-0.03831819994493038,-0.042818199944930385,14,pump_le0,tdec_ge70,fund_flat,crowd_24,btc_up,-0.3774207278144286,1.893104660653302,0.0001,0.16084484590860781
COSUSDT,2024-05-09,e2324,105573,short,1,0.08094496840948626,-0.01648511,0.05995985840948626,0.05545985840948626,17,pump_le0,tdec_lt30,fund_flat,crowd_24,btc_down,-0.05067802503477048,0.2535646467953508,0.0001,-0.13964458685628078
COSUSDT,2024-05-09,e2324,105573,long,1,-0.08094496840948626,0.01648511,-0.06895985840948626,-0.07345985840948625,17,pump_le0,tdec_lt30,fund_flat,crowd_24,btc_down,-0.05067802503477048,0.2535646467953508,0.0001,-0.13964458685628078
COSUSDT,2024-05-09,e2324,105573,short,2,0.08505013673655422,-0.01236808,0.06818205673655421,0.06368205673655422,14,pump_le0,tdec_lt30,fund_neg,crowd_24,btc_down,-0.05067802503477048,0.16906720809142228,-0.00316935,-0.13176038892894626
COSUSDT,2024-05-09,e2324,105573,long,2,-0.08505013673655422,0.01236808,-0.07718205673655422,-0.08168205673655421,14,pump_le0,tdec_lt30,fund_neg,crowd_24,btc_down,-0.05067802503477048,0.16906720809142228,-0.00316935,-0.13176038892894626
COTIUSDT,2021-12-03,e2122,105446,short,1,0.22192936215076434,-0.00429872,0.21313064215076433,0.20863064215076432,17,pump_le0,tdec_ge70,fund_neg,crowd_ge5,btc_down,-0.15595105672969967,0.9938032808819343,-0.0017817,-0.2004378219578291
COTIUSDT,2021-12-03,e2122,105446,long,1,-0.22192936215076434,0.00429872,-0.22213064215076433,-0.22663064215076434,17,pump_le0,tdec_ge70,fund_neg,crowd_ge5,btc_down,-0.15595105672969967,0.9938032808819343,-0.0017817,-0.2004378219578291
COTIUSDT,2021-12-03,e2122,105446,short,2,0.14780600461893756,-0.00267971,0.14062629461893755,0.13612629461893755,14,pump_le0,tdec_ge70,fund_flat,crowd_ge5,btc_down,-0.15595105672969967,1.0910361592452522,-0.00004024,-0.1914489311163895
COTIUSDT,2021-12-03,e2122,105446,long,2,-0.14780600461893756,0.00267971,-0.14962629461893756,-0.15412629461893756,14,pump_le0,tdec_ge70,fund_flat,crowd_ge5,btc_down,-0.15595105672969967,1.0910361592452522,-0.00004024,-0.1914489311163895
COVALUSDT,2024-03-08,e2324,105564,short,1,0.21034297963558413,0.03267385,0.23851682963558413,0.23401682963558412,17,pump_0_25,tdec_lt30,fund_pos,crowd_01,btc_up,0.08330914368650211,0.2098370298520263,0.01163486,0.5106859181847305
COVALUSDT,2024-03-08,e2324,105564,long,1,-0.21034297963558413,-0.03267385,-0.24751682963558413,-0.25201682963558414,17,pump_0_25,tdec_lt30,fund_pos,crowd_01,btc_up,0.08330914368650211,0.2098370298520263,0.01163486,0.5106859181847305
COVALUSDT,2024-03-08,e2324,105564,short,2,0.1553453711665233,0.02428298,0.1751283511665233,0.1706283511665233,14,pump_0_25,tdec_lt30,fund_pos,crowd_01,btc_up,0.08330914368650211,0.23174799199544918,0.00185819,0.46426328030830355
COVALUSDT,2024-03-08,e2324,105564,long,2,-0.1553453711665233,-0.02428298,-0.18412835116652332,-0.18862835116652332,14,pump_0_25,tdec_lt30,fund_pos,crowd_01,btc_up,0.08330914368650211,0.23174799199544918,0.00185819,0.46426328030830355
COWUSDT,2024-11-08,e2324,105599,short,1,0.1690496215306981,0.00436208,0.1689117015306981,0.1644117015306981,17,pump_le0,tdec_30_70,fund_pos,crowd_01,btc_up,-0.029783761729906155,0.4626091645087028,0.00053614,0.27209448118934043
COWUSDT,2024-11-08,e2324,105599,long,1,-0.1690496215306981,-0.00436208,-0.1779117015306981,-0.1824117015306981,17,pump_le0,tdec_30_70,fund_pos,crowd_01,btc_up,-0.029783761729906155,0.4626091645087028,0.00053614,0.27209448118934043
COWUSDT,2024-11-08,e2324,105599,short,2,0.0875086585084276,0.00228473,0.08529338850842759,0.0807933885084276,14,pump_le0,tdec_ge70,fund_flat,crowd_01,btc_up,-0.029783761729906155,0.8930128604258272,0.0001,0.28686423593111
COWUSDT,2024-11-08,e2324,105599,long,2,-0.0875086585084276,-0.00228473,-0.0942933885084276,-0.09879338850842759,14,pump_le0,tdec_ge70,fund_flat,crowd_01,btc_up,-0.029783761729906155,0.8930128604258272,0.0001,0.28686423593111
CPOOLUSDT,2025-03-06,e2526,105616,short,1,0.1928998505231689,0.00175,0.1901498505231689,0.1856498505231689,35,pump_le0,tdec_30_70,fund_flat,crowd_01,btc_down,-0.23942701227830832,0.5376406649467609,0.0001,-0.10158592087481944
CPOOLUSDT,2025-03-06,e2526,105616,long,1,-0.1928998505231689,-0.00175,-0.19914985052316891,-0.20364985052316892,35,pump_le0,tdec_30_70,fund_flat,crowd_01,btc_down,-0.23942701227830832,0.5376406649467609,0.0001,-0.10158592087481944
CPOOLUSDT,2025-03-06,e2526,105616,short,2,0.15401488444966713,0.0014500000000000001,0.15096488444966713,0.14646488444966713,29,pump_le0,tdec_lt30,fund_flat,crowd_01,btc_down,-0.23942701227830832,0.258536641154436,0.0001,-0.10686839378238344
CPOOLUSDT,2025-03-06,e2526,105616,long,2,-0.15401488444966713,-0.0014500000000000001,-0.15996488444966714,-0.16446488444966714,29,pump_le0,tdec_lt30,fund_flat,crowd_01,btc_down,-0.23942701227830832,0.258536641154436,0.0001,-0.10686839378238344
CRCLUSDT,2026-05-06,e2526,105677,short,1,-0.12129810250044328,0.01612298,-0.10967512250044328,-0.11417512250044327,17,pump_le0,tdec_lt30,fund_pos,crowd_24,btc_up,-0.04512742358818045,0.27532312606606174,0.00056216,0.11239787132830537
CRCLUSDT,2026-05-06,e2526,105677,long,1,0.12129810250044328,-0.01612298,0.10067512250044328,0.09617512250044329,17,pump_le0,tdec_lt30,fund_pos,crowd_24,btc_up,-0.04512742358818045,0.27532312606606174,0.00056216,0.11239787132830537
CRCLUSDT,2026-05-06,e2526,105677,short,2,-0.09083067368239443,0.01572863,-0.07960204368239443,-0.08410204368239442,14,pump_le0,tdec_lt30,fund_flat,crowd_24,btc_up,-0.04512742358818045,0.28719717655150606,0.00039435,0.12845964985387126
CRCLUSDT,2026-05-06,e2526,105677,long,2,0.09083067368239443,-0.01572863,0.07060204368239442,0.06610204368239443,14,pump_le0,tdec_lt30,fund_flat,crowd_24,btc_up,-0.04512742358818045,0.28719717655150606,0.00039435,0.12845964985387126
CRDOUSDT,2026-06-23,e2526,105684,short,1,0.0259403832505323,0.00279686,0.0242372432505323,0.019737243250532298,17,pump_0_25,tdec_ge70,fund_flat,crowd_ge5,btc_down,0.0014926434003839084,1.115124801070305,0.0,-0.21237052037706794
CRDOUSDT,2026-06-23,e2526,105684,long,1,-0.0259403832505323,-0.00279686,-0.033237243250532296,-0.0377372432505323,17,pump_0_25,tdec_ge70,fund_flat,crowd_ge5,btc_down,0.0014926434003839084,1.115124801070305,0.0,-0.21237052037706794
CRDOUSDT,2026-06-23,e2526,105684,short,2,0.031166172525765864,0.00279686,0.029463032525765865,0.024963032525765864,14,pump_0_25,tdec_lt30,fund_flat,crowd_ge5,btc_down,0.0014926434003839084,0.013047736281501514,0.0,-0.1958868156221425
CRDOUSDT,2026-06-23,e2526,105684,long,2,-0.031166172525765864,-0.00279686,-0.03846303252576586,-0.04296303252576587,14,pump_0_25,tdec_lt30,fund_flat,crowd_ge5,btc_down,0.0014926434003839084,0.013047736281501514,0.0,-0.1958868156221425
CREAMUSDT,2022-01-17,e2122,105453,short,1,0.3886292834890966,0.0075273300000000005,0.3916566134890966,0.3871566134890966,17,pump_le0,tdec_ge70,fund_flat,crowd_24,btc_down,-0.09193776520509189,1.0488735932922315,0.00048092,-0.09351277850940587
CREAMUSDT,2022-01-17,e2122,105453,long,1,-0.3886292834890966,-0.0075273300000000005,-0.4006566134890966,-0.4051566134890966,17,pump_le0,tdec_ge70,fund_flat,crowd_24,btc_down,-0.09193776520509189,1.0488735932922315,0.00048092,-0.09351277850940587
CREAMUSDT,2022-01-17,e2122,105453,short,2,0.3279109589041096,0.0072273300000000006,0.33063828890410957,0.32613828890410956,14,pump_le0,tdec_ge70,fund_flat,crowd_24,btc_down,-0.09193776520509189,1.338834330548676,0.0001,-0.1108847745403353
CREAMUSDT,2022-01-17,e2122,105453,long,2,-0.3279109589041096,-0.0072273300000000006,-0.3396382889041096,-0.3441382889041096,14,pump_le0,tdec_ge70,fund_flat,crowd_24,btc_down,-0.09193776520509189,1.338834330548676,0.0001,-0.1108847745403353
CROSSUSDT,2025-07-10,e2526,105634,short,1,-1.429196422826996,0.00171754,-1.431978882826996,-1.4364788828269959,35,pump_0_25,tdec_ge70,fund_flat,crowd_ge5,btc_up,0.22462968799243632,2.70807771002971,0.0001,0.08192256592558222
CROSSUSDT,2025-07-10,e2526,105634,long,1,1.429196422826996,-0.00171754,1.422978882826996,1.418478882826996,35,pump_0_25,tdec_ge70,fund_flat,crowd_ge5,btc_up,0.22462968799243632,2.70807771002971,0.0001,0.08192256592558222
CROSSUSDT,2025-07-10,e2526,105634,short,2,-2.0774309234656454,0.0014175400000000001,-2.0805133834656457,-2.0850133834656455,29,pump_0_25,tdec_ge70,fund_flat,crowd_ge5,btc_up,0.22462968799243632,1.0575445595546868,0.0001,0.11144791379618924
CROSSUSDT,2025-07-10,e2526,105634,long,2,2.0774309234656454,-0.0014175400000000001,2.0715133834656454,2.0670133834656457,29,pump_0_25,tdec_ge70,fund_flat,crowd_ge5,btc_up,0.22462968799243632,1.0575445595546868,0.0001,0.11144791379618924
CROUSDT,2021-11-23,e2122,105445,short,1,0.23157777032315774,0.00564498,0.23272275032315773,0.22822275032315772,17,pump_0_25,tdec_ge70,fund_neg,crowd_ge5,btc_down,0.19967804681735868,1.658428744238873,-0.00385849,-0.0938470558407809
CROUSDT,2021-11-23,e2122,105445,long,1,-0.23157777032315774,-0.00564498,-0.24172275032315774,-0.24622275032315774,17,pump_0_25,tdec_ge70,fund_neg,crowd_ge5,btc_down,0.19967804681735868,1.658428744238873,-0.00385849,-0.0938470558407809
CROUSDT,2021-11-23,e2122,105445,short,2,0.15060873864408875,0.0023565400000000003,0.14846527864408873,0.14396527864408873,14,pump_0_25,tdec_ge70,fund_pos,crowd_ge5,btc_down,0.19967804681735868,1.4008542481970334,0.00114833,-0.02277381218859076
CROUSDT,2021-11-23,e2122,105445,long,2,-0.15060873864408875,-0.0023565400000000003,-0.15746527864408874,-0.16196527864408874,14,pump_0_25,tdec_ge70,fund_pos,crowd_ge5,btc_down,0.19967804681735868,1.4008542481970334,0.00114833,-0.02277381218859076
CRVUSDT,2021-10-25,e2122,105441,short,1,0.03035522066738429,0.01133492,0.03719014066738429,0.032690140667384286,17,pump_0_25,tdec_ge70,fund_pos,crowd_ge5,btc_up,0.1195468787659677,3.221907629416324,0.00090056,0.3970951040689392
CRVUSDT,2021-10-25,e2122,105441,long,1,-0.03035522066738429,-0.01133492,-0.046190140667384284,-0.05069014066738429,17,pump_0_25,tdec_ge70,fund_pos,crowd_ge5,btc_up,0.1195468787659677,3.221907629416324,0.00090056,0.3970951040689392
CRVUSDT,2021-10-25,e2122,105441,short,2,-0.01624548736462075,0.0071898,-0.01355568736462075,-0.01805568736462075,14,pump_0_25,tdec_ge70,fund_pos,crowd_ge5,btc_up,0.1195468787659677,1.6168902315852876,0.00100604,0.38680341474982205
CRVUSDT,2021-10-25,e2122,105441,long,2,0.01624548736462075,-0.0071898,0.00455568736462075,0.000055687364620750704,14,pump_0_25,tdec_ge70,fund_pos,crowd_ge5,btc_up,0.1195468787659677,1.6168902315852876,0.00100604,0.38680341474982205
CRWVUSDT,2026-05-12,e2526,105678,short,1,0.1108146567057986,0.0062049,0.11251955670579859,0.1080195567057986,17,pump_le0,tdec_lt30,fund_flat,crowd_ge5,btc_up,-0.008115737473535667,0.2868054047515592,0.0,0.06590287925983795
CRWVUSDT,2026-05-12,e2526,105678,long,1,-0.1108146567057986,-0.0062049,-0.1215195567057986,-0.1260195567057986,17,pump_le0,tdec_lt30,fund_flat,crowd_ge5,btc_up,-0.008115737473535667,0.2868054047515592,0.0,0.06590287925983795
CRWVUSDT,2026-05-12,e2526,105678,short,2,0.12589613568805727,0.005899130000000001,0.12729526568805727,0.12279526568805728,14,pump_le0,tdec_30_70,fund_flat,crowd_ge5,btc_up,-0.008115737473535667,0.306803262754484,0.0,0.0939424122917123
CRWVUSDT,2026-05-12,e2526,105678,long,2,-0.12589613568805727,-0.005899130000000001,-0.13629526568805728,-0.14079526568805728,14,pump_le0,tdec_30_70,fund_flat,crowd_ge5,btc_up,-0.008115737473535667,0.306803262754484,0.0,0.0939424122917123
CSCOUSDT,2026-05-20,e2526,105679,short,1,-0.012924480486568687,0.00098486,-0.016439620486568687,-0.020939620486568687,17,pump_0_25,tdec_ge70,fund_flat,crowd_ge5,btc_up,0.027425794132962977,1.5303795701359566,0.0,0.01695528397741386
CSCOUSDT,2026-05-20,e2526,105679,long,1,0.012924480486568687,-0.00098486,0.0074396204865686865,0.002939620486568687,17,pump_0_25,tdec_ge70,fund_flat,crowd_ge5,btc_up,0.027425794132962977,1.5303795701359566,0.0,0.01695528397741386
CSCOUSDT,2026-05-20,e2526,105679,short,2,0.0007500000000000284,0.00098486,-0.0027651399999999715,-0.007265139999999971,14,pump_0_25,tdec_ge70,fund_flat,crowd_ge5,btc_down,0.027425794132962977,0.8645514639331934,0.0,-0.0336564733585446
CSCOUSDT,2026-05-20,e2526,105679,long,2,-0.0007500000000000284,-0.00098486,-0.006234860000000028,-0.010734860000000028,14,pump_0_25,tdec_ge70,fund_flat,crowd_ge5,btc_down,0.027425794132962977,0.8645514639331934,0.0,-0.0336564733585446
CTCUSDT,2022-05-17,e2122,105470,short,1,-0.2842034203420341,-0.04274341,-0.3314468303420341,-0.3359468303420341,17,pump_le0,tdec_30_70,fund_neg,crowd_01,btc_down,-0.07126436781609191,0.364411601185303,-0.00325877,-0.2962585993353526
CTCUSDT,2022-05-17,e2122,105470,long,1,0.2842034203420341,0.04274341,0.3224468303420341,0.3179468303420341,17,pump_le0,tdec_30_70,fund_neg,crowd_01,btc_down,-0.07126436781609191,0.364411601185303,-0.00325877,-0.2962585993353526
CTCUSDT,2022-05-17,e2122,105470,short,2,-0.139235452639984,-0.02909004,-0.172825492639984,-0.177325492639984,14,pump_le0,tdec_lt30,fund_neg,crowd_01,btc_down,-0.07126436781609191,0.2263946819228471,-0.00553534,-0.2690308810939215
CTCUSDT,2022-05-17,e2122,105470,long,2,0.139235452639984,0.02909004,0.163825492639984,0.159325492639984,14,pump_le0,tdec_lt30,fund_neg,crowd_01,btc_down,-0.07126436781609191,0.2263946819228471,-0.00553534,-0.2690308810939215
CTKUSDT,2021-12-03,e2122,105446,short,1,0.06098283007696861,0.0017000000000000001,0.05818283007696861,0.053682830076968606,17,pump_le0,tdec_ge70,fund_flat,crowd_ge5,btc_down,-0.2466547725245316,1.5897078004195107,0.0001,-0.2004378219578291
CTKUSDT,2021-12-03,e2122,105446,long,1,-0.06098283007696861,-0.0017000000000000001,-0.06718283007696861,-0.0716828300769686,17,pump_le0,tdec_ge70,fund_flat,crowd_ge5,btc_down,-0.2466547725245316,1.5897078004195107,0.0001,-0.2004378219578291
CTKUSDT,2021-12-03,e2122,105446,short,2,-0.03524804177545695,0.0014,-0.03834804177545695,-0.04284804177545695,14,pump_le0,tdec_ge70,fund_flat,crowd_ge5,btc_down,-0.2466547725245316,1.8151629980171762,0.0001,-0.1914489311163895
CTKUSDT,2021-12-03,e2122,105446,long,2,0.03524804177545695,-0.0014,0.02934804177545695,0.02484804177545695,14,pump_le0,tdec_ge70,fund_flat,crowd_ge5,btc_down,-0.2466547725245316,1.8151629980171762,0.0001,-0.1914489311163895
CTRUSDT,2026-06-09,e2526,105682,short,1,0.07717041800643079,0.0009143100000000001,0.07358472800643079,0.0690847280064308,35,pump_le0,tdec_30_70,fund_neg,crowd_ge5,btc_down,-0.18586387434554974,0.5592977320509166,-0.00217296,-0.24753304169655255
CTRUSDT,2026-06-09,e2526,105682,long,1,-0.07717041800643079,-0.0009143100000000001,-0.0825847280064308,-0.08708472800643079,35,pump_le0,tdec_30_70,fund_neg,crowd_ge5,btc_down,-0.18586387434554974,0.5592977320509166,-0.00217296,-0.24753304169655255
CTRUSDT,2026-06-09,e2526,105682,short,2,0.1182795698924731,0.0007150500000000001,0.11449461989247309,0.1099946198924731,29,pump_le0,tdec_lt30,fund_flat,crowd_ge5,btc_down,-0.18586387434554974,0.18724536854796023,0.0001,-0.2095431507411155
CTRUSDT,2026-06-09,e2526,105682,long,2,-0.1182795698924731,-0.0007150500000000001,-0.1234946198924731,-0.1279946198924731,29,pump_le0,tdec_lt30,fund_flat,crowd_ge5,btc_down,-0.18586387434554974,0.18724536854796023,0.0001,-0.2095431507411155
CTSIUSDT,2022-03-23,e2122,105462,short,1,-0.1518466091880067,0.0017021,-0.15464450918800668,-0.15914450918800668,17,pump_0_25,tdec_30_70,fund_flat,crowd_ge5,btc_up,0.019414928505837592,0.47258991135330486,0.0001,0.15062345444791903
CTSIUSDT,2022-03-23,e2122,105462,long,1,0.1518466091880067,-0.0017021,0.14564450918800667,0.14114450918800667,17,pump_0_25,tdec_30_70,fund_flat,crowd_ge5,btc_up,0.019414928505837592,0.47258991135330486,0.0001,0.15062345444791903
CTSIUSDT,2022-03-23,e2122,105462,short,2,-0.22953296703296708,0.0014021,-0.2326308670329671,-0.2371308670329671,14,pump_0_25,tdec_30_70,fund_flat,crowd_ge5,btc_up,0.019414928505837592,0.3711914685165756,0.0001,0.18923091380166723
CTSIUSDT,2022-03-23,e2122,105462,long,2,0.22953296703296708,-0.0014021,0.22363086703296708,0.21913086703296708,14,pump_0_25,tdec_30_70,fund_flat,crowd_ge5,btc_up,0.019414928505837592,0.3711914685165756,0.0001,0.18923091380166723
CUDISUSDT,2025-06-12,e2526,105630,short,1,0.31910180243681396,-0.14020994,0.17439186243681395,0.16989186243681395,35,pump_0_25,tdec_30_70,fund_flat,crowd_ge5,btc_up,0.004247143290524669,0.3693588433246724,0.0001,0.024922422543380618
CUDISUSDT,2025-06-12,e2526,105630,long,1,-0.31910180243681396,0.14020994,-0.18339186243681396,-0.18789186243681397,35,pump_0_25,tdec_30_70,fund_flat,crowd_ge5,btc_up,0.004247143290524669,0.3693588433246724,0.0001,0.024922422543380618
CUDISUSDT,2025-06-12,e2526,105630,short,2,0.28178438661710037,-0.13885997,0.13842441661710037,0.13392441661710036,29,pump_0_25,tdec_lt30,fund_flat,crowd_ge5,btc_up,0.004247143290524669,0.0654931696427012,0.0001,0.015877928840034583
CUDISUSDT,2025-06-12,e2526,105630,long,2,-0.28178438661710037,0.13885997,-0.14742441661710037,-0.15192441661710038,29,pump_0_25,tdec_lt30,fund_flat,crowd_ge5,btc_up,0.004247143290524669,0.0654931696427012,0.0001,0.015877928840034583
CUSDT,2025-07-15,e2526,105635,short,1,-1.614655228020383,-0.00822998,-1.627385208020383,-1.631885208020383,35,pump_le0,tdec_ge70,fund_flat,crowd_ge5,btc_up,-0.3508771929824561,0.707668071373942,0.0001,0.11126068273983991
CUSDT,2025-07-15,e2526,105635,long,1,1.614655228020383,0.00822998,1.618385208020383,1.6138852080203832,35,pump_le0,tdec_ge70,fund_flat,crowd_ge5,btc_up,-0.3508771929824561,0.707668071373942,0.0001,0.11126068273983991
CUSDT,2025-07-15,e2526,105635,short,2,-1.8151260504201678,-0.01120907,-1.8308351204201678,-1.8353351204201678,29,pump_le0,tdec_30_70,fund_pos,crowd_ge5,btc_up,-0.3508771929824561,0.5812965837424511,0.0015623,0.14071017206521308
CUSDT,2025-07-15,e2526,105635,long,2,1.8151260504201678,0.01120907,1.821835120420168,1.817335120420168,29,pump_le0,tdec_30_70,fund_pos,crowd_ge5,btc_up,-0.3508771929824561,0.5812965837424511,0.0015623,0.14071017206521308
CVCUSDT,2021-12-01,e2122,105446,short,1,0.24581005586592178,0.0017000000000000001,0.24301005586592178,0.23851005586592178,17,pump_le0,tdec_30_70,fund_flat,crowd_ge5,btc_down,-0.052074139452780166,0.6732117997917032,0.0001,-0.10680862499604793
CVCUSDT,2021-12-01,e2122,105446,long,1,-0.24581005586592178,-0.0017000000000000001,-0.2520100558659218,-0.2565100558659218,17,pump_le0,tdec_30_70,fund_flat,crowd_ge5,btc_down,-0.052074139452780166,0.6732117997917032,0.0001,-0.10680862499604793
CVCUSDT,2021-12-01,e2122,105446,short,2,0.1437632135306553,0.0014,0.1406632135306553,0.1361632135306553,14,pump_le0,tdec_30_70,fund_flat,crowd_ge5,btc_down,-0.052074139452780166,0.5959751950974456,0.0001,-0.14826520969163692
CVCUSDT,2021-12-01,e2122,105446,long,2,-0.1437632135306553,-0.0014,-0.14966321353065531,-0.15416321353065532,14,pump_le0,tdec_30_70,fund_flat,crowd_ge5,btc_down,-0.052074139452780166,0.5959751950974456,0.0001,-0.14826520969163692
CVXUSDT,2022-04-20,e2122,105466,short,1,0.027753226091567974,-0.0038854399999999996,0.019367786091567973,0.014867786091567975,17,pump_le0,tdec_ge70,fund_flat,crowd_24,btc_down,-0.0379251700680272,2.014982144621566,0.0001,-0.04497220222146159
CVXUSDT,2022-04-20,e2122,105466,long,1,-0.027753226091567974,0.0038854399999999996,-0.028367786091567974,-0.03286778609156797,17,pump_le0,tdec_ge70,fund_flat,crowd_24,btc_down,-0.0379251700680272,2.014982144621566,0.0001,-0.04497220222146159
CVXUSDT,2022-04-20,e2122,105466,short,2,-0.056270405223737274,-0.00144766,-0.062218065223737275,-0.06671806522373727,14,pump_le0,tdec_ge70,fund_neg,crowd_24,btc_down,-0.0379251700680272,3.9447707126047606,-0.00076746,-0.07409308892337496
CVXUSDT,2022-04-20,e2122,105466,long,2,0.056270405223737274,0.00144766,0.05321806522373728,0.04871806522373728,14,pump_le0,tdec_ge70,fund_neg,crowd_24,btc_down,-0.0379251700680272,3.9447707126047606,-0.00076746,-0.07409308892337496
CYBERUSDT,2023-08-16,e2324,105535,short,1,-0.06085810967891929,-0.02144229,-0.0868003996789193,-0.09130039967891929,17,pump_le0,tdec_30_70,fund_neg,crowd_ge5,btc_down,-0.20704205157616606,0.6391686750844969,-0.00071203,-0.10856922716156914
CYBERUSDT,2023-08-16,e2324,105535,long,1,0.06085810967891929,0.02144229,0.07780039967891929,0.0733003996789193,17,pump_le0,tdec_30_70,fund_neg,crowd_ge5,btc_down,-0.20704205157616606,0.6391686750844969,-0.00071203,-0.10856922716156914
CYBERUSDT,2023-08-16,e2324,105535,short,2,0.06674089896832237,-0.01471824,0.047522658968322376,0.04302265896832237,14,pump_le0,tdec_ge70,fund_neg,crowd_ge5,btc_down,-0.20704205157616606,6.492214347409376,-0.00092422,-0.1287539145097829
CYBERUSDT,2023-08-16,e2324,105535,long,2,-0.06674089896832237,0.01471824,-0.05652265896832237,-0.061022658968322374,14,pump_le0,tdec_ge70,fund_neg,crowd_ge5,btc_down,-0.20704205157616606,6.492214347409376,-0.00092422,-0.1287539145097829
CYSUSDT,2025-12-12,e2526,105656,short,1,0.07646276595744687,0.00563417,0.07759693595744686,0.07309693595744687,35,pump_0_25,tdec_30_70,fund_flat,crowd_24,btc_down,0.07122507122507127,0.34370524234867234,0.0001,-0.09477762498870812
CYSUSDT,2025-12-12,e2526,105656,long,1,-0.07646276595744687,-0.00563417,-0.08659693595744687,-0.09109693595744686,35,pump_0_25,tdec_30_70,fund_flat,crowd_24,btc_down,0.07122507122507127,0.34370524234867234,0.0001,-0.09477762498870812
CYSUSDT,2025-12-12,e2526,105656,short,2,0.13511830635118305,0.00413936,0.13475766635118305,0.13025766635118305,29,pump_0_25,tdec_30_70,fund_flat,crowd_24,btc_down,0.07122507122507127,0.6768621957258865,0.0001,-0.06788401547391243
CYSUSDT,2025-12-12,e2526,105656,long,2,-0.13511830635118305,-0.00413936,-0.14375766635118306,-0.14825766635118307,29,pump_0_25,tdec_30_70,fund_flat,crowd_24,btc_down,0.07122507122507127,0.6768621957258865,0.0001,-0.06788401547391243
DAMUSDT,2025-08-18,e2526,105640,short,1,0.37969065232010757,0.00225765,0.37744830232010756,0.37294830232010756,35,pump_le0,tdec_ge70,fund_flat,crowd_24,btc_down,-0.3785523236375794,0.8716283303325035,0.0001,-0.03806534891176083
DAMUSDT,2025-08-18,e2526,105640,long,1,-0.37969065232010757,-0.00225765,-0.3864483023201076,-0.3909483023201076,35,pump_le0,tdec_ge70,fund_flat,crowd_24,btc_down,-0.3785523236375794,0.8716283303325035,0.0001,-0.03806534891176083
DAMUSDT,2025-08-18,e2526,105640,short,2,0.31399672765134606,0.00195765,0.31145437765134604,0.30695437765134603,29,pump_le0,tdec_30_70,fund_flat,crowd_24,btc_down,-0.3785523236375794,0.6769519354165305,0.0001,-0.027051016670500028
DAMUSDT,2025-08-18,e2526,105640,long,2,-0.31399672765134606,-0.00195765,-0.32045437765134605,-0.32495437765134605,29,pump_le0,tdec_30_70,fund_flat,crowd_24,btc_down,-0.3785523236375794,0.6769519354165305,0.0001,-0.027051016670500028
DAOUSDT,2024-03-27,e2324,105567,short,1,0.08141053548106224,0.01164829,0.08855882548106224,0.08405882548106225,17,pump_0_25,tdec_lt30,fund_pos,crowd_01,btc_up,0.030680352235122443,0.12353892650970748,0.00148697,0.24144020715548398
DAOUSDT,2024-03-27,e2324,105567,long,1,-0.08141053548106224,-0.01164829,-0.09755882548106225,-0.10205882548106224,17,pump_0_25,tdec_lt30,fund_pos,crowd_01,btc_up,0.030680352235122443,0.12353892650970748,0.00148697,0.24144020715548398
DAOUSDT,2024-03-27,e2324,105567,short,2,-0.004403189337141409,0.00813826,-0.0007649293371414087,-0.005264929337141408,14,pump_0_25,tdec_lt30,fund_pos,crowd_01,btc_up,0.030680352235122443,0.0690423438909062,0.00122861,0.11867179010340223
DAOUSDT,2024-03-27,e2324,105567,long,2,0.004403189337141409,-0.00813826,-0.008235070662858592,-0.01273507066285859,14,pump_0_25,tdec_lt30,fund_pos,crowd_01,btc_up,0.030680352235122443,0.0690423438909062,0.00122861,0.11867179010340223
DARKUSDT,2025-04-27,e2526,105624,short,1,0.33875338753387524,0.003667,0.3379203875338752,0.3334203875338752,35,pump_le0,tdec_30_70,fund_flat,crowd_24,btc_up,-0.25839793281653745,0.5382012421181696,0.0001,0.14969995363415056
DARKUSDT,2025-04-27,e2526,105624,long,1,-0.33875338753387524,-0.003667,-0.3469203875338752,-0.3514203875338752,35,pump_le0,tdec_30_70,fund_flat,crowd_24,btc_up,-0.25839793281653745,0.5382012421181696,0.0001,0.14969995363415056
DARKUSDT,2025-04-27,e2526,105624,short,2,0.297408473879062,0.00239622,0.295304693879062,0.290804693879062,29,pump_le0,tdec_30_70,fund_flat,crowd_24,btc_up,-0.25839793281653745,0.641818472831659,0.0001,0.14392716754161317
DARKUSDT,2025-04-27,e2526,105624,long,2,-0.297408473879062,-0.00239622,-0.304304693879062,-0.308804693879062,29,pump_le0,tdec_30_70,fund_flat,crowd_24,btc_up,-0.25839793281653745,0.641818472831659,0.0001,0.14392716754161317
DARUSDT,2022-05-02,e2122,105468,short,1,0.5052668539325842,0.00080166,0.5015685139325843,0.4970685139325842,17,pump_0_25,tdec_ge70,fund_flat,crowd_24,btc_down,0.16482617586912074,11.874515300010392,0.0001,-0.1869795201620288
DARUSDT,2022-05-02,e2122,105468,long,1,-0.5052668539325842,-0.00080166,-0.5105685139325842,-0.5150685139325842,17,pump_0_25,tdec_ge70,fund_flat,crowd_24,btc_down,0.16482617586912074,11.874515300010392,0.0001,-0.1869795201620288
DARUSDT,2022-05-02,e2122,105468,short,2,0.5163062135255749,0.0014,0.5132062135255749,0.5087062135255749,14,pump_0_25,tdec_ge70,fund_flat,crowd_24,btc_down,0.16482617586912074,42.191237135324556,0.0001,-0.14778716415667503
DARUSDT,2022-05-02,e2122,105468,long,2,-0.5163062135255749,-0.0014,-0.5222062135255748,-0.5267062135255749,14,pump_0_25,tdec_ge70,fund_flat,crowd_24,btc_down,0.16482617586912074,42.191237135324556,0.0001,-0.14778716415667503
DASHUSDT,2021-10-12,e2122,105439,short,1,-0.06081265339514593,0.01539895,-0.04991370339514593,-0.05441370339514593,17,pump_0_25,tdec_ge70,fund_flat,crowd_ge5,btc_up,0.038516001132823385,0.8714611017269466,0.0001,0.2761539317094872
DASHUSDT,2021-10-12,e2122,105439,long,1,0.06081265339514593,-0.01539895,0.04091370339514593,0.03641370339514593,17,pump_0_25,tdec_ge70,fund_flat,crowd_ge5,btc_up,0.038516001132823385,0.8714611017269466,0.0001,0.2761539317094872
DASHUSDT,2021-10-12,e2122,105439,short,2,-0.0398289227479283,0.01467805,-0.0296508727479283,-0.0341508727479283,14,pump_0_25,tdec_ge70,fund_pos,crowd_ge5,btc_up,0.038516001132823385,0.7104165407564073,0.0005209,0.2180233175476225
DASHUSDT,2021-10-12,e2122,105439,long,2,0.0398289227479283,-0.01467805,0.0206508727479283,0.0161508727479283,14,pump_0_25,tdec_ge70,fund_pos,crowd_ge5,btc_up,0.038516001132823385,0.7104165407564073,0.0005209,0.2180233175476225
DBRUSDT,2024-10-17,e2324,105596,short,1,0.14669304691916338,-0.01976424,0.12242880691916339,0.1179288069191634,17,pump_0_25,tdec_lt30,fund_neg,crowd_ge5,btc_up,0.11714556362488171,0.19811455191413005,-0.00384819,0.10784420110877702
DBRUSDT,2024-10-17,e2324,105596,long,1,-0.14669304691916338,0.01976424,-0.1314288069191634,-0.1359288069191634,17,pump_0_25,tdec_lt30,fund_neg,crowd_ge5,btc_up,0.11714556362488171,0.19811455191413005,-0.00384819,0.10784420110877702
DBRUSDT,2024-10-17,e2324,105596,short,2,0.17128740049409816,-0.01580355,0.15098385049409815,0.14648385049409815,14,pump_0_25,tdec_lt30,fund_neg,crowd_ge5,btc_up,0.11714556362488171,0.06160280732900406,-0.0025385,0.08656162789958488
DBRUSDT,2024-10-17,e2324,105596,long,2,-0.17128740049409816,0.01580355,-0.15998385049409816,-0.16448385049409817,14,pump_0_25,tdec_lt30,fund_neg,crowd_ge5,btc_up,0.11714556362488171,0.06160280732900406,-0.0025385,0.08656162789958488
DEEPUSDT,2024-10-17,e2324,105596,short,1,-0.3056724794548007,-0.03825295,-0.3484254294548007,-0.3529254294548007,17,pump_25_100,tdec_ge70,fund_neg,crowd_ge5,btc_up,0.5045235223160431,7.476256226987023,-0.00282862,0.10784420110877702
DEEPUSDT,2024-10-17,e2324,105596,long,1,0.3056724794548007,0.03825295,0.3394254294548007,0.3349254294548007,17,pump_25_100,tdec_ge70,fund_neg,crowd_ge5,btc_up,0.5045235223160431,7.476256226987023,-0.00282862,0.10784420110877702
DEEPUSDT,2024-10-17,e2324,105596,short,2,-0.13405292479108646,-0.02438037,-0.16293329479108648,-0.16743329479108648,14,pump_25_100,tdec_ge70,fund_neg,crowd_ge5,btc_up,0.5045235223160431,9.359868046483403,-0.00715192,0.08656162789958488
DEEPUSDT,2024-10-17,e2324,105596,long,2,0.13405292479108646,0.02438037,0.15393329479108647,0.14943329479108647,14,pump_25_100,tdec_ge70,fund_neg,crowd_ge5,btc_up,0.5045235223160431,9.359868046483403,-0.00715192,0.08656162789958488
DEGENUSDT,2024-04-01,e2324,105568,short,1,-0.16145281018027588,0.00527987,-0.1606729401802759,-0.1651729401802759,17,pump_le0,tdec_ge70,fund_flat,crowd_ge5,btc_up,-0.2477064220183487,0.8854162812577335,0.00039773,0.036482001168107736
DEGENUSDT,2024-04-01,e2324,105568,long,1,0.16145281018027588,-0.00527987,0.15167294018027588,0.14717294018027588,17,pump_le0,tdec_ge70,fund_flat,crowd_ge5,btc_up,-0.2477064220183487,0.8854162812577335,0.00039773,0.036482001168107736
DEGENUSDT,2024-04-01,e2324,105568,short,2,0.06087888531618425,0.0043712,0.06075008531618426,0.05625008531618426,14,pump_le0,tdec_ge70,fund_flat,crowd_ge5,btc_down,-0.2477064220183487,1.484242877635422,0.00039576,-0.03494002340550029
DEGENUSDT,2024-04-01,e2324,105568,long,2,-0.06087888531618425,-0.0043712,-0.06975008531618426,-0.07425008531618425,14,pump_le0,tdec_ge70,fund_flat,crowd_ge5,btc_down,-0.2477064220183487,1.484242877635422,0.00039576,-0.03494002340550029
DELLUSDT,2026-06-02,e2526,105681,short,1,0.07189157336476128,0.00342912,0.07082069336476127,0.06632069336476128,17,pump_le0,tdec_30_70,fund_flat,crowd_24,btc_down,-0.14104943478994447,0.6409258498567443,0.0,-0.1967416238509927
DELLUSDT,2026-06-02,e2526,105681,long,1,-0.07189157336476128,-0.00342912,-0.07982069336476127,-0.08432069336476126,17,pump_le0,tdec_30_70,fund_flat,crowd_24,btc_down,-0.14104943478994447,0.6409258498567443,0.0,-0.1967416238509927
DELLUSDT,2026-06-02,e2526,105681,short,2,0.09106211075576504,0.00237322,0.08893533075576503,0.08443533075576504,14,pump_le0,tdec_lt30,fund_flat,crowd_24,btc_down,-0.14104943478994447,0.18321527762255252,0.00016458,-0.21029268437483006
DELLUSDT,2026-06-02,e2526,105681,long,2,-0.09106211075576504,-0.00237322,-0.09793533075576503,-0.10243533075576503,14,pump_le0,tdec_lt30,fund_flat,crowd_24,btc_down,-0.14104943478994447,0.18321527762255252,0.00016458,-0.21029268437483006
DENTUSDT,2022-01-14,e2122,105452,short,1,0.2527620587442738,0.00145192,0.2497139787442738,0.2452139787442738,17,pump_le0,tdec_ge70,fund_flat,crowd_24,btc_down,-0.00349087003222337,1.1398452934170318,0.0001,-0.09605337697488514
DENTUSDT,2022-01-14,e2122,105452,long,1,-0.2527620587442738,-0.00145192,-0.2587139787442738,-0.2632139787442738,17,pump_le0,tdec_ge70,fund_flat,crowd_24,btc_down,-0.00349087003222337,1.1398452934170318,0.0001,-0.09605337697488514
DENTUSDT,2022-01-14,e2122,105452,short,2,0.26872362869198313,0.0011941900000000001,0.2654178186919831,0.2609178186919831,14,pump_le0,tdec_ge70,fund_flat,crowd_24,btc_down,-0.00349087003222337,2.1205817378148013,0.0001,-0.06715059588299022
DENTUSDT,2022-01-14,e2122,105452,long,2,-0.26872362869198313,-0.0011941900000000001,-0.2744178186919831,-0.2789178186919831,14,pump_le0,tdec_ge70,fund_flat,crowd_24,btc_down,-0.00349087003222337,2.1205817378148013,0.0001,-0.06715059588299022
DEXEUSDT,2024-07-25,e2324,105584,short,1,0.07649586084040645,-0.00815913,0.06383673084040645,0.05933673084040645,17,pump_0_25,tdec_lt30,fund_flat,crowd_ge5,btc_up,0.015212765957446583,0.13623830845350834,0.0001,0.11576057923847549
DEXEUSDT,2024-07-25,e2324,105584,long,1,-0.07649586084040645,0.00815913,-0.07283673084040646,-0.07733673084040645,17,pump_0_25,tdec_lt30,fund_flat,crowd_ge5,btc_up,0.015212765957446583,0.13623830845350834,0.0001,0.11576057923847549
DEXEUSDT,2024-07-25,e2324,105584,short,2,0.06443736730360927,-0.00845913,0.05147823730360927,0.04697823730360927,14,pump_0_25,tdec_lt30,fund_flat,crowd_ge5,btc_up,0.015212765957446583,0.135577322083312,0.0001,0.10124149563327633
DEXEUSDT,2024-07-25,e2324,105584,long,2,-0.06443736730360927,0.00845913,-0.06047823730360927,-0.06497823730360927,14,pump_0_25,tdec_lt30,fund_flat,crowd_ge5,btc_up,0.015212765957446583,0.135577322083312,0.0001,0.10124149563327633
DGBUSDT,2022-03-28,e2122,105463,short,1,-0.03099608787240434,0.00201549,-0.03348059787240434,-0.03798059787240434,17,pump_le0,tdec_30_70,fund_flat,crowd_ge5,btc_up,-0.1190349946977729,0.572190659290471,0.0004169,0.2589406610911986
DGBUSDT,2022-03-28,e2122,105463,long,1,0.03099608787240434,-0.00201549,0.02448059787240434,0.01998059787240434,17,pump_le0,tdec_30_70,fund_flat,crowd_ge5,btc_up,-0.1190349946977729,0.572190659290471,0.0004169,0.2589406610911986
DGBUSDT,2022-03-28,e2122,105463,short,2,-0.010023584905660379,0.00171549,-0.012808094905660379,-0.017308094905660376,14,pump_le0,tdec_30_70,fund_flat,crowd_ge5,btc_up,-0.1190349946977729,0.4971824775566909,0.0001,0.08976721011344013
DGBUSDT,2022-03-28,e2122,105463,long,2,0.010023584905660379,-0.00171549,0.003808094905660379,-0.0006919050943396208,14,pump_le0,tdec_30_70,fund_flat,crowd_ge5,btc_up,-0.1190349946977729,0.4971824775566909,0.0001,0.08976721011344013
DIAUSDT,2025-07-23,e2526,105636,short,1,0.16414641777036187,-0.00077657,0.15886984777036187,0.15436984777036186,35,pump_le0,tdec_ge70,fund_neg,crowd_24,btc_up,-0.02153061224489794,0.9555561157781421,-0.0051845,0.11579135961376164
DIAUSDT,2025-07-23,e2526,105636,long,1,-0.16414641777036187,0.00077657,-0.16786984777036187,-0.17236984777036188,35,pump_le0,tdec_ge70,fund_neg,crowd_24,btc_up,-0.02153061224489794,0.9555561157781421,-0.0051845,0.11579135961376164
DIAUSDT,2025-07-23,e2526,105636,short,2,0.2041505312282793,0.0008448500000000001,0.2004953812282793,0.1959953812282793,29,pump_le0,tdec_ge70,fund_flat,crowd_24,btc_up,-0.02153061224489794,1.8350081675672034,0.0001,0.09651234337708825
DIAUSDT,2025-07-23,e2526,105636,long,2,-0.2041505312282793,-0.0008448500000000001,-0.20949538122827932,-0.21399538122827932,29,pump_le0,tdec_ge70,fund_flat,crowd_24,btc_up,-0.02153061224489794,1.8350081675672034,0.0001,0.09651234337708825
DMCUSDT,2025-07-03,e2526,105633,short,1,0.16307622990059428,-0.0058649,0.15271132990059427,0.14821132990059427,35,pump_le0,tdec_30_70,fund_flat,crowd_24,btc_up,-0.07472836707574448,0.6824061371685348,0.0001,0.03170601166013576
DMCUSDT,2025-07-03,e2526,105633,long,1,-0.16307622990059428,0.0058649,-0.16171132990059428,-0.16621132990059428,35,pump_le0,tdec_30_70,fund_flat,crowd_24,btc_up,-0.07472836707574448,0.6824061371685348,0.0001,0.03170601166013576
DMCUSDT,2025-07-03,e2526,105633,short,2,0.13141320707845636,-0.0045023,0.12241090707845637,0.11791090707845638,29,pump_le0,tdec_30_70,fund_neg,crowd_24,btc_up,-0.07472836707574448,0.484406622247699,-0.00124782,0.06593254953910699
DMCUSDT,2025-07-03,e2526,105633,long,2,-0.13141320707845636,0.0045023,-0.13141090707845637,-0.13591090707845638,29,pump_le0,tdec_30_70,fund_neg,crowd_24,btc_up,-0.07472836707574448,0.484406622247699,-0.00124782,0.06593254953910699
DODOUSDT,2022-04-22,e2122,105466,short,1,0.1454135902890753,0.0017000000000000001,0.1426135902890753,0.1381135902890753,17,pump_le0,tdec_30_70,fund_flat,crowd_24,btc_down,-0.040581102173129935,0.3180738236470754,0.0001,-0.10345572599811237
DODOUSDT,2022-04-22,e2122,105466,long,1,-0.1454135902890753,-0.0017000000000000001,-0.1516135902890753,-0.15611359028907532,17,pump_le0,tdec_30_70,fund_flat,crowd_24,btc_down,-0.040581102173129935,0.3180738236470754,0.0001,-0.10345572599811237
DODOUSDT,2022-04-22,e2122,105466,short,2,0.12347580541650631,0.0014,0.1203758054165063,0.11587580541650631,14,pump_le0,tdec_30_70,fund_flat,crowd_24,btc_down,-0.040581102173129935,0.35779341766396694,0.0001,-0.10958718547868196
DODOUSDT,2022-04-22,e2122,105466,long,2,-0.12347580541650631,-0.0014,-0.1293758054165063,-0.13387580541650632,14,pump_le0,tdec_30_70,fund_flat,crowd_24,btc_down,-0.040581102173129935,0.35779341766396694,0.0001,-0.10958718547868196
DOGEUSDT,2021-06-02,e2122,105420,short,1,0.14321357285429143,0.00269982,0.14141339285429141,0.1369133928542914,17,pump_le0,tdec_ge70,fund_flat,crowd_01,btc_down,-0.05493987267153966,1.1160020814354519,0.00041288,-0.2634173364380681
DOGEUSDT,2021-06-02,e2122,105420,long,1,-0.14321357285429143,-0.00269982,-0.15041339285429142,-0.15491339285429143,17,pump_le0,tdec_ge70,fund_flat,crowd_01,btc_down,-0.05493987267153966,1.1160020814354519,0.00041288,-0.2634173364380681
DOGEUSDT,2021-06-02,e2122,105420,short,2,0.08839925670294664,0.0023566200000000002,0.08625587670294664,0.08175587670294665,14,pump_le0,tdec_ge70,fund_flat,crowd_01,btc_down,-0.05493987267153966,0.9285890464348635,0.0001,-0.35903168003340236
DOGEUSDT,2021-06-02,e2122,105420,long,2,-0.08839925670294664,-0.0023566200000000002,-0.09525587670294665,-0.09975587670294664,14,pump_le0,tdec_ge70,fund_flat,crowd_01,btc_down,-0.05493987267153966,0.9285890464348635,0.0001,-0.35903168003340236
DOGSUSDT,2024-08-26,e2324,105589,short,1,0.06467259498787388,0.00164883,0.06182142498787389,0.05732142498787388,17,pump_0_25,tdec_30_70,fund_flat,crowd_ge5,btc_down,0.03862300587741396,0.6472766190065248,0.0001,-0.13004224739122727
DOGSUSDT,2024-08-26,e2324,105589,long,1,-0.06467259498787388,-0.00164883,-0.07082142498787389,-0.07532142498787388,17,pump_0_25,tdec_30_70,fund_flat,crowd_ge5,btc_down,0.03862300587741396,0.6472766190065248,0.0001,-0.13004224739122727
DOGSUSDT,2024-08-26,e2324,105589,short,2,0.21771467207572684,0.00134883,0.21456350207572683,0.21006350207572683,14,pump_0_25,tdec_ge70,fund_flat,crowd_ge5,btc_down,0.03862300587741396,1.3512606956225155,0.0001,-0.11601058754271043
DOGSUSDT,2024-08-26,e2324,105589,long,2,-0.21771467207572684,-0.00134883,-0.22356350207572684,-0.22806350207572684,14,pump_0_25,tdec_ge70,fund_flat,crowd_ge5,btc_down,0.03862300587741396,1.3512606956225155,0.0001,-0.11601058754271043
DOGUSDT,2024-06-04,e2324,105577,short,1,0.33762228838791997,0.00776202,0.34088430838791994,0.33638430838791994,17,pump_0_25,tdec_30_70,fund_pos,crowd_ge5,btc_up,0.006636694497966111,0.6841361681725167,0.00154911,0.12654613748687638
DOGUSDT,2024-06-04,e2324,105577,long,1,-0.33762228838791997,-0.00776202,-0.34988430838791995,-0.35438430838791996,17,pump_0_25,tdec_30_70,fund_pos,crowd_ge5,btc_up,0.006636694497966111,0.6841361681725167,0.00154911,0.12654613748687638
DOGUSDT,2024-06-04,e2324,105577,short,2,0.23174642328564385,0.00405448,0.23130090328564384,0.22680090328564384,14,pump_0_25,tdec_ge70,fund_pos,crowd_ge5,btc_up,0.006636694497966111,0.7797217593541113,0.001432,0.136746664099046
DOGUSDT,2024-06-04,e2324,105577,long,2,-0.23174642328564385,-0.00405448,-0.24030090328564385,-0.24480090328564386,14,pump_0_25,tdec_ge70,fund_pos,crowd_ge5,btc_up,0.006636694497966111,0.7797217593541113,0.001432,0.136746664099046
DOLOUSDT,2025-07-28,e2526,105637,short,1,0.01809096084508825,0.0029292100000000002,0.01652017084508825,0.012020170845088251,35,pump_le0,tdec_ge70,fund_flat,crowd_24,btc_up,-0.1544632828796063,1.387079610277412,0.00022366,0.08870902222041677
DOLOUSDT,2025-07-28,e2526,105637,long,1,-0.01809096084508825,-0.0029292100000000002,-0.02552017084508825,-0.030020170845088248,35,pump_le0,tdec_ge70,fund_flat,crowd_24,btc_up,-0.1544632828796063,1.387079610277412,0.00022366,0.08870902222041677
DOLOUSDT,2025-07-28,e2526,105637,short,2,0.09062683069712937,0.00250908,0.08863591069712937,0.08413591069712938,29,pump_le0,tdec_ge70,fund_flat,crowd_24,btc_up,-0.1544632828796063,3.142718532379641,0.0001,0.09992790517850003
DOLOUSDT,2025-07-28,e2526,105637,long,2,-0.09062683069712937,-0.00250908,-0.09763591069712937,-0.10213591069712936,29,pump_le0,tdec_ge70,fund_flat,crowd_24,btc_up,-0.1544632828796063,3.142718532379641,0.0001,0.09992790517850003
DOODUSDT,2025-05-09,e2526,105625,short,1,0.3444280078895463,0.00175,0.3416780078895463,0.33717800788954627,35,pump_0_25,tdec_30_70,fund_flat,crowd_ge5,btc_up,0.1119945167923233,0.33473848034787296,0.0001,0.31706375891650707
DOODUSDT,2025-05-09,e2526,105625,long,1,-0.3444280078895463,-0.00175,-0.3506780078895463,-0.3551780078895463,35,pump_0_25,tdec_30_70,fund_flat,crowd_ge5,btc_up,0.1119945167923233,0.33473848034787296,0.0001,0.31706375891650707
DOODUSDT,2025-05-09,e2526,105625,short,2,0.22000586682311535,0.0014500000000000001,0.21695586682311535,0.21245586682311535,29,pump_0_25,tdec_lt30,fund_flat,crowd_ge5,btc_up,0.1119945167923233,0.22533393255722636,0.0001,0.24821905716766524
DOODUSDT,2025-05-09,e2526,105625,long,2,-0.22000586682311535,-0.0014500000000000001,-0.22595586682311536,-0.23045586682311536,29,pump_0_25,tdec_lt30,fund_flat,crowd_ge5,btc_up,0.1119945167923233,0.22533393255722636,0.0001,0.24821905716766524
DOP1USDT,2024-07-10,e2324,105582,short,1,0.3758246551442124,-0.00373262,0.3675920351442124,0.3630920351442124,17,pump_0_25,tdec_ge70,fund_flat,crowd_01,btc_down,0.12266634020934064,0.7548005518221793,0.0001,-0.1481086207178457
DOP1USDT,2024-07-10,e2324,105582,long,1,-0.3758246551442124,0.00373262,-0.3765920351442124,-0.3810920351442124,17,pump_0_25,tdec_ge70,fund_flat,crowd_01,btc_down,0.12266634020934064,0.7548005518221793,0.0001,-0.1481086207178457
DOP1USDT,2024-07-10,e2324,105582,short,2,0.39322626808713623,-0.00283319,0.38589307808713624,0.38139307808713624,14,pump_0_25,tdec_30_70,fund_flat,crowd_01,btc_down,0.12266634020934064,0.3498363063131895,0.0001,-0.15210819318033608
DOP1USDT,2024-07-10,e2324,105582,long,2,-0.39322626808713623,0.00283319,-0.39489307808713625,-0.39939307808713626,14,pump_0_25,tdec_30_70,fund_flat,crowd_01,btc_down,0.12266634020934064,0.3498363063131895,0.0001,-0.15210819318033608
DRAMUSDT,2026-05-19,e2526,105679,short,1,-0.20143690370427594,0.01249007,-0.19344683370427596,-0.19794683370427596,17,pump_0_25,tdec_30_70,fund_pos,crowd_ge5,btc_up,0.07329712698478508,0.5503899167343335,0.00099103,0.022823862534322004
DRAMUSDT,2026-05-19,e2526,105679,long,1,0.20143690370427594,-0.01249007,0.18444683370427595,0.17994683370427594,17,pump_0_25,tdec_30_70,fund_pos,crowd_ge5,btc_up,0.07329712698478508,0.5503899167343335,0.00099103,0.022823862534322004
DRAMUSDT,2026-05-19,e2526,105679,short,2,-0.13462345194885733,0.010419320000000001,-0.12870413194885733,-0.13320413194885733,14,pump_0_25,tdec_30_70,fund_pos,crowd_ge5,btc_up,0.07329712698478508,0.4152691429761127,0.00169673,0.01695528397741386
DRAMUSDT,2026-05-19,e2526,105679,long,2,0.13462345194885733,-0.010419320000000001,0.11970413194885733,0.11520413194885734,14,pump_0_25,tdec_30_70,fund_pos,crowd_ge5,btc_up,0.07329712698478508,0.4152691429761127,0.00169673,0.01695528397741386
DRIFTUSDT,2024-05-21,e2324,105575,short,1,0.2683124898489524,0.0017000000000000001,0.26551248984895237,0.26101248984895237,17,pump_25_100,tdec_ge70,fund_flat,crowd_ge5,btc_up,0.48040394325559044,2.14883294536422,0.0001,0.036540198261802104
DRIFTUSDT,2024-05-21,e2324,105575,long,1,-0.2683124898489524,-0.0017000000000000001,-0.2745124898489524,-0.2790124898489524,17,pump_25_100,tdec_ge70,fund_flat,crowd_ge5,btc_up,0.48040394325559044,2.14883294536422,0.0001,0.036540198261802104
DRIFTUSDT,2024-05-21,e2324,105575,short,2,0.22327586206896544,0.0014,0.22017586206896544,0.21567586206896544,14,pump_25_100,tdec_30_70,fund_flat,crowd_ge5,btc_up,0.48040394325559044,0.5911271470629995,0.0001,0.02413483579275222
DRIFTUSDT,2024-05-21,e2324,105575,long,2,-0.22327586206896544,-0.0014,-0.22917586206896545,-0.23367586206896546,14,pump_25_100,tdec_30_70,fund_flat,crowd_ge5,btc_up,0.48040394325559044,0.5911271470629995,0.0001,0.02413483579275222
DUCKUSDT,2025-01-16,e2526,105609,short,1,0.42861764071598013,0.00175,0.4258676407159801,0.4213676407159801,35,pump_le0,tdec_30_70,fund_flat,crowd_24,btc_up,-0.24064521411610584,0.3672261383657998,0.0001,0.0389441290242698
DUCKUSDT,2025-01-16,e2526,105609,long,1,-0.42861764071598013,-0.00175,-0.4348676407159801,-0.4393676407159801,35,pump_le0,tdec_30_70,fund_flat,crowd_24,btc_up,-0.24064521411610584,0.3672261383657998,0.0001,0.0389441290242698
DUCKUSDT,2025-01-16,e2526,105609,short,2,0.34925703057841084,0.0014500000000000001,0.34620703057841085,0.34170703057841084,29,pump_le0,tdec_lt30,fund_flat,crowd_24,btc_up,-0.24064521411610584,0.20098835341188886,0.0001,0.0731072265332231
DUCKUSDT,2025-01-16,e2526,105609,long,2,-0.34925703057841084,-0.0014500000000000001,-0.35520703057841085,-0.35970703057841086,29,pump_le0,tdec_lt30,fund_flat,crowd_24,btc_up,-0.24064521411610584,0.20098835341188886,0.0001,0.0731072265332231
DUSKUSDT,2021-12-17,e2122,105448,short,1,-0.5950637941853166,0.00300013,-0.5965636641853166,-0.6010636641853166,17,pump_le0,tdec_ge70,fund_flat,crowd_ge5,btc_down,-0.09877474081055604,0.9275467025981669,0.0001,-0.17734158872348837
DUSKUSDT,2021-12-17,e2122,105448,long,1,0.5950637941853166,-0.00300013,0.5875636641853167,0.5830636641853166,17,pump_le0,tdec_ge70,fund_flat,crowd_ge5,btc_down,-0.09877474081055604,0.9275467025981669,0.0001,-0.17734158872348837
DUSKUSDT,2021-12-17,e2122,105448,short,2,-0.7693735498839906,0.0027001300000000002,-0.7711734198839906,-0.7756734198839906,14,pump_le0,tdec_ge70,fund_flat,crowd_ge5,btc_down,-0.09877474081055604,1.1545567076771455,0.0001,-0.1961597714108666
DUSKUSDT,2021-12-17,e2122,105448,long,2,0.7693735498839906,-0.0027001300000000002,0.7621734198839907,0.7576734198839906,14,pump_le0,tdec_ge70,fund_flat,crowd_ge5,btc_down,-0.09877474081055604,1.1545567076771455,0.0001,-0.1961597714108666
DYDXUSDT,2021-10-11,e2122,105439,short,1,0.09592111160914375,0.0184407,0.10986181160914375,0.10536181160914376,17,pump_le0,tdec_ge70,fund_flat,crowd_24,btc_up,-0.10040322580645167,1.2463448990705788,0.00012532,0.21679430775080122
DYDXUSDT,2021-10-11,e2122,105439,long,1,-0.09592111160914375,-0.0184407,-0.11886181160914376,-0.12336181160914375,17,pump_le0,tdec_ge70,fund_flat,crowd_24,btc_up,-0.10040322580645167,1.2463448990705788,0.00012532,0.21679430775080122
DYDXUSDT,2021-10-11,e2122,105439,short,2,0.09854748603351948,0.01728838,0.11133586603351947,0.10683586603351948,14,pump_le0,tdec_ge70,fund_pos,crowd_24,btc_up,-0.10040322580645167,1.2325666637618053,0.0005851,0.2761539317094872
DYDXUSDT,2021-10-11,e2122,105439,long,2,-0.09854748603351948,-0.01728838,-0.12033586603351948,-0.12483586603351947,14,pump_le0,tdec_ge70,fund_pos,crowd_24,btc_up,-0.10040322580645167,1.2325666637618053,0.0005851,0.2761539317094872
DYMUSDT,2024-02-07,e2324,105560,short,1,-0.1384805605165546,0.00771194,-0.1352686205165546,-0.13976862051655461,17,pump_25_100,tdec_ge70,fund_flat,crowd_24,btc_down,0.4292165717651679,2.4932834703520745,0.0001,-0.018806364897676064
DYMUSDT,2024-02-07,e2324,105560,long,1,0.1384805605165546,-0.00771194,0.1262686205165546,0.12176862051655461,17,pump_25_100,tdec_ge70,fund_flat,crowd_24,btc_down,0.4292165717651679,2.4932834703520745,0.0001,-0.018806364897676064
DYMUSDT,2024-02-07,e2324,105560,short,2,-0.13225850526028157,0.0061372300000000005,-0.13062127526028158,-0.1351212752602816,14,pump_25_100,tdec_ge70,fund_pos,crowd_24,btc_up,0.4292165717651679,2.2551429442759643,0.00064142,0.009912151547688763
DYMUSDT,2024-02-07,e2324,105560,long,2,0.13225850526028157,-0.0061372300000000005,0.12162127526028157,0.11712127526028158,14,pump_25_100,tdec_ge70,fund_pos,crowd_24,btc_up,0.4292165717651679,2.2551429442759643,0.00064142,0.009912151547688763
EDENUSDT,2025-09-30,e2526,105646,short,1,0.14728682170542634,0.00407757,0.14686439170542634,0.14236439170542634,35,pump_le0,tdec_30_70,fund_flat,crowd_ge5,btc_up,-0.3728731161886242,0.44997598158654656,0.0001,0.0857536921270643
EDENUSDT,2025-09-30,e2526,105646,long,1,-0.14728682170542634,-0.00407757,-0.15586439170542635,-0.16036439170542635,35,pump_le0,tdec_30_70,fund_flat,crowd_ge5,btc_up,-0.3728731161886242,0.44997598158654656,0.0001,0.0857536921270643
EDENUSDT,2025-09-30,e2526,105646,short,2,0.1313503553566728,0.00377757,0.1306279253566728,0.1261279253566728,29,pump_le0,tdec_lt30,fund_flat,crowd_ge5,btc_up,-0.3728731161886242,0.2665619637049897,0.0001,0.08331677421849215
EDENUSDT,2025-09-30,e2526,105646,long,2,-0.1313503553566728,-0.00377757,-0.13962792535667282,-0.14412792535667282,29,pump_le0,tdec_lt30,fund_flat,crowd_ge5,btc_up,-0.3728731161886242,0.2665619637049897,0.0001,0.08331677421849215
EDGEUSDT,2026-03-20,e2526,105670,short,1,0.2,0.00175,0.19725,0.19275,35,pump_le0,tdec_30_70,fund_flat,crowd_24,btc_up,-0.012433900242961315,0.4306301803997895,0.0001,0.028192606681486376
EDGEUSDT,2026-03-20,e2526,105670,long,1,-0.2,-0.00175,-0.20625000000000002,-0.21075000000000002,35,pump_le0,tdec_30_70,fund_flat,crowd_24,btc_up,-0.012433900242961315,0.4306301803997895,0.0001,0.028192606681486376
EDGEUSDT,2026-03-20,e2526,105670,short,2,0.2683959767072526,0.0014500000000000001,0.26534597670725263,0.2608459767072526,29,pump_le0,tdec_30_70,fund_flat,crowd_24,btc_down,-0.012433900242961315,0.6614061969954846,0.0001,-0.002369493978455317
EDGEUSDT,2026-03-20,e2526,105670,long,2,-0.2683959767072526,-0.0014500000000000001,-0.27434597670725264,-0.27884597670725264,29,pump_le0,tdec_30_70,fund_flat,crowd_24,btc_down,-0.012433900242961315,0.6614061969954846,0.0001,-0.002369493978455317
EDUUSDT,2023-05-05,e2324,105520,short,1,-0.052889052981355114,0.0017000000000000001,-0.05568905298135511,-0.060189052981355115,17,pump_le0,tdec_ge70,fund_flat,crowd_24,btc_up,-0.09164081495765919,1.1527667531020545,0.0001,0.028948579870887725
EDUUSDT,2023-05-05,e2324,105520,long,1,0.052889052981355114,-0.0017000000000000001,0.04668905298135512,0.04218905298135511,17,pump_le0,tdec_ge70,fund_flat,crowd_24,btc_up,-0.09164081495765919,1.1527667531020545,0.0001,0.028948579870887725
EDUUSDT,2023-05-05,e2324,105520,short,2,-0.08700209643605863,0.0014,-0.09010209643605864,-0.09460209643605863,14,pump_le0,tdec_ge70,fund_flat,crowd_24,btc_up,-0.09164081495765919,0.7912555628471645,0.0001,0.018996420912201106
EDUUSDT,2023-05-05,e2324,105520,long,2,0.08700209643605863,-0.0014,0.08110209643605863,0.07660209643605864,14,pump_le0,tdec_ge70,fund_flat,crowd_24,btc_up,-0.09164081495765919,0.7912555628471645,0.0001,0.018996420912201106
EGLDUSDT,2021-11-23,e2122,105445,short,1,0.17786992579659539,-0.07076312,0.10260680579659538,0.09810680579659539,17,pump_le0,tdec_ge70,fund_neg,crowd_ge5,btc_down,-0.14339128809123203,0.9469303871630607,-0.00712551,-0.0938470558407809
EGLDUSDT,2021-11-23,e2122,105445,long,1,-0.17786992579659539,0.07076312,-0.11160680579659539,-0.11610680579659538,17,pump_le0,tdec_ge70,fund_neg,crowd_ge5,btc_down,-0.14339128809123203,0.9469303871630607,-0.00712551,-0.0938470558407809
EGLDUSDT,2021-11-23,e2122,105445,short,2,0.14541742286751366,-0.05277731,0.08814011286751366,0.08364011286751367,14,pump_le0,tdec_30_70,fund_neg,crowd_ge5,btc_down,-0.14339128809123203,0.5447416857108416,-0.00494965,-0.02277381218859076
EGLDUSDT,2021-11-23,e2122,105445,long,2,-0.14541742286751366,0.05277731,-0.09714011286751367,-0.10164011286751366,14,pump_le0,tdec_30_70,fund_neg,crowd_ge5,btc_down,-0.14339128809123203,0.5447416857108416,-0.00494965,-0.02277381218859076
EIGENUSDT,2024-08-07,e2324,105586,short,1,0.06330876527501021,0.0017000000000000001,0.06050876527501021,0.056008765275010204,17,pump_le0,tdec_lt30,fund_flat,crowd_24,btc_up,-0.14645491803278687,0.22917092512472748,0.0001,0.06273145395735646
EIGENUSDT,2024-08-07,e2324,105586,long,1,-0.06330876527501021,-0.0017000000000000001,-0.06950876527501021,-0.0740087652750102,17,pump_le0,tdec_lt30,fund_flat,crowd_24,btc_up,-0.14645491803278687,0.22917092512472748,0.0001,0.06273145395735646
EIGENUSDT,2024-08-07,e2324,105586,short,2,0.14244895267819846,0.0014,0.13934895267819847,0.13484895267819846,14,pump_le0,tdec_lt30,fund_flat,crowd_24,btc_up,-0.14645491803278687,0.21864652115156152,0.0001,0.053732382896291675
EIGENUSDT,2024-08-07,e2324,105586,long,2,-0.14244895267819846,-0.0014,-0.14834895267819848,-0.15284895267819848,14,pump_le0,tdec_lt30,fund_flat,crowd_24,btc_up,-0.14645491803278687,0.21864652115156152,0.0001,0.053732382896291675
ELSAUSDT,2026-01-22,e2526,105662,short,1,0.27073459715639814,-0.08091769,0.18531690715639815,0.18081690715639814,143,pump_le0,tdec_30_70,fund_neg,crowd_24,btc_up,-0.23919412268445484,0.665947858201417,-0.02783896,0.021856239937103616
ELSAUSDT,2026-01-22,e2526,105662,long,1,-0.27073459715639814,0.08091769,-0.19431690715639816,-0.19881690715639816,143,pump_le0,tdec_30_70,fund_neg,crowd_24,btc_up,-0.23919412268445484,0.665947858201417,-0.02783896,0.021856239937103616
ELSAUSDT,2026-01-22,e2526,105662,short,2,0.16593265126363574,-0.06211407,0.09931858126363574,0.09481858126363575,119,pump_le0,tdec_30_70,fund_neg,crowd_24,btc_up,-0.23919412268445484,0.33619851349459273,-0.00239744,0.022930070740243336
ELSAUSDT,2026-01-22,e2526,105662,long,2,-0.16593265126363574,0.06211407,-0.10831858126363575,-0.11281858126363574,119,pump_le0,tdec_30_70,fund_neg,crowd_24,btc_up,-0.23919412268445484,0.33619851349459273,-0.00239744,0.022930070740243336
ELXUSDT,2025-03-12,e2526,105617,short,1,0.27042132416165093,-0.00152583,0.2643954941616509,0.2598954941616509,35,pump_le0,tdec_lt30,fund_flat,crowd_24,btc_down,-0.11474785918173158,0.16801565785286088,0.0001,-0.15327952575807902
ELXUSDT,2025-03-12,e2526,105617,long,1,-0.27042132416165093,0.00152583,-0.27339549416165093,-0.27789549416165094,35,pump_le0,tdec_lt30,fund_flat,crowd_24,btc_down,-0.11474785918173158,0.16801565785286088,0.0001,-0.15327952575807902
ELXUSDT,2025-03-12,e2526,105617,short,2,0.2058961160505382,-0.00182583,0.1995702860505382,0.1950702860505382,29,pump_le0,tdec_lt30,fund_flat,crowd_24,btc_down,-0.11474785918173158,0.21692481373911252,0.0001,-0.1418794804355804
ELXUSDT,2025-03-12,e2526,105617,long,2,-0.2058961160505382,0.00182583,-0.2085702860505382,-0.2130702860505382,29,pump_le0,tdec_lt30,fund_flat,crowd_24,btc_down,-0.11474785918173158,0.21692481373911252,0.0001,-0.1418794804355804
ENAUSDT,2024-04-02,e2324,105568,short,1,-0.09564527503526077,-0.0007735700000000001,-0.10091884503526077,-0.10541884503526076,17,pump_25_100,tdec_ge70,fund_flat,crowd_ge5,btc_down,0.9184846947404024,1.2996704841582056,0.0001,-0.03494002340550029
ENAUSDT,2024-04-02,e2324,105568,long,1,0.09564527503526077,0.0007735700000000001,0.09191884503526077,0.08741884503526078,17,pump_25_100,tdec_ge70,fund_flat,crowd_ge5,btc_down,0.9184846947404024,1.2996704841582056,0.0001,-0.03494002340550029
ENAUSDT,2024-04-02,e2324,105568,short,2,-0.27975700164744643,-0.0011350400000000001,-0.2853920416474464,-0.2898920416474464,14,pump_25_100,tdec_ge70,fund_flat,crowd_ge5,btc_up,0.9184846947404024,1.0530192957022464,0.0001,0.07420066792052094
ENAUSDT,2024-04-02,e2324,105568,long,2,0.27975700164744643,0.0011350400000000001,0.2763920416474464,0.2718920416474464,14,pump_25_100,tdec_ge70,fund_flat,crowd_ge5,btc_up,0.9184846947404024,1.0530192957022464,0.0001,0.07420066792052094
ENJUSDT,2021-11-01,e2122,105442,short,1,-0.016791939868862873,0.02215058,0.0008586401311371271,-0.0036413598688628725,17,pump_25_100,tdec_ge70,fund_pos,crowd_01,btc_up,0.25865539452495967,5.690073725240582,0.00253935,0.31307407292088296
ENJUSDT,2021-11-01,e2122,105442,long,1,0.016791939868862873,-0.02215058,-0.009858640131137127,-0.014358640131137126,17,pump_25_100,tdec_ge70,fund_pos,crowd_01,btc_up,0.25865539452495967,5.690073725240582,0.00253935,0.31307407292088296
ENJUSDT,2021-11-01,e2122,105442,short,2,-0.11153846153846153,0.0151867,-0.10085176153846154,-0.10535176153846153,14,pump_25_100,tdec_ge70,fund_pos,crowd_01,btc_up,0.25865539452495967,3.644361920136561,0.00214489,0.28031681799233366
ENJUSDT,2021-11-01,e2122,105442,long,2,0.11153846153846153,-0.0151867,0.09185176153846153,0.08735176153846154,14,pump_25_100,tdec_ge70,fund_pos,crowd_01,btc_up,0.25865539452495967,3.644361920136561,0.00214489,0.28031681799233366
ENSOUSDT,2025-10-14,e2526,105648,short,1,0.31492666091458155,-0.02105751,0.28936915091458154,0.28486915091458154,35,pump_0_25,tdec_30_70,fund_flat,crowd_ge5,btc_down,0.10538865045302814,0.43113358721629896,8.54e-6,-0.03997984661225373
ENSOUSDT,2025-10-14,e2526,105648,long,1,-0.31492666091458155,0.02105751,-0.29836915091458155,-0.30286915091458155,35,pump_0_25,tdec_30_70,fund_flat,crowd_ge5,btc_down,0.10538865045302814,0.43113358721629896,8.54e-6,-0.03997984661225373
ENSOUSDT,2025-10-14,e2526,105648,short,2,0.3107638888888888,-0.01767089,0.2885929988888888,0.2840929988888888,29,pump_0_25,tdec_lt30,fund_flat,crowd_ge5,btc_down,0.10538865045302814,0.162271623727989,-0.00026394,-0.07375744011292606
ENSOUSDT,2025-10-14,e2526,105648,long,2,-0.3107638888888888,0.01767089,-0.2975929988888888,-0.3020929988888888,29,pump_0_25,tdec_lt30,fund_flat,crowd_ge5,btc_down,0.10538865045302814,0.162271623727989,-0.00026394,-0.07375744011292606
ENSUSDT,2021-11-12,e2122,105443,short,1,0.13951395139513953,0.0017451900000000002,0.13675914139513953,0.13225914139513953,17,pump_le0,tdec_ge70,fund_flat,crowd_ge5,btc_up,-0.09542419801335289,2.0272289350228183,0.0001,0.12322270749971675
ENSUSDT,2021-11-12,e2122,105443,long,1,-0.13951395139513953,-0.0017451900000000002,-0.14575914139513954,-0.15025914139513954,17,pump_le0,tdec_ge70,fund_flat,crowd_ge5,btc_up,-0.09542419801335289,2.0272289350228183,0.0001,0.12322270749971675
ENSUSDT,2021-11-12,e2122,105443,short,2,0.15127840909090914,0.00144519,0.14822359909090915,0.14372359909090915,14,pump_le0,tdec_ge70,fund_flat,crowd_ge5,btc_up,-0.09542419801335289,2.6144797332273795,0.0001,0.06131819543757633
ENSUSDT,2021-11-12,e2122,105443,long,2,-0.15127840909090914,-0.00144519,-0.15722359909090916,-0.16172359909090916,14,pump_le0,tdec_ge70,fund_flat,crowd_ge5,btc_up,-0.09542419801335289,2.6144797332273795,0.0001,0.06131819543757633
EOSUSDT,2021-06-29,e2122,105424,short,1,0.06240928882438327,0.0017000000000000001,0.05960928882438327,0.05510928882438327,17,pump_0_25,tdec_ge70,fund_flat,crowd_24,btc_down,0.04078549848942603,1.2422230186350118,0.0001,-0.05969227464353799
EOSUSDT,2021-06-29,e2122,105424,long,1,-0.06240928882438327,-0.0017000000000000001,-0.06860928882438327,-0.07310928882438326,17,pump_0_25,tdec_ge70,fund_flat,crowd_24,btc_down,0.04078549848942603,1.2422230186350118,0.0001,-0.05969227464353799
EOSUSDT,2021-06-29,e2122,105424,short,2,0.012232415902140683,0.0014,0.009132415902140683,0.004632415902140684,14,pump_0_25,tdec_ge70,fund_flat,crowd_24,btc_down,0.04078549848942603,0.8127949478385461,0.0001,-0.08617114167212403
EOSUSDT,2021-06-29,e2122,105424,long,2,-0.012232415902140683,-0.0014,-0.018132415902140684,-0.022632415902140685,14,pump_0_25,tdec_ge70,fund_flat,crowd_24,btc_down,0.04078549848942603,0.8127949478385461,0.0001,-0.08617114167212403
EPICUSDT,2025-03-14,e2526,105617,short,1,0.27058341623266435,0.0003635100000000001,0.26644692623266436,0.26194692623266436,35,pump_0_25,tdec_ge70,fund_flat,crowd_24,btc_down,0.12821020664157934,1.112911046332899,-0.0000497,-0.12697743725581367
EPICUSDT,2025-03-14,e2526,105617,long,1,-0.27058341623266435,-0.0003635100000000001,-0.27544692623266437,-0.2799469262326644,35,pump_0_25,tdec_ge70,fund_flat,crowd_24,btc_down,0.12821020664157934,1.112911046332899,-0.0000497,-0.12697743725581367
EPICUSDT,2025-03-14,e2526,105617,short,2,0.20356526739505462,0.0002286200000000001,0.19929388739505463,0.19479388739505463,29,pump_0_25,tdec_30_70,fund_flat,crowd_24,btc_down,0.12821020664157934,0.3983265854722739,0.0001,-0.1531204175265085
EPICUSDT,2025-03-14,e2526,105617,long,2,-0.20356526739505462,-0.0002286200000000001,-0.20829388739505464,-0.21279388739505464,29,pump_0_25,tdec_30_70,fund_flat,crowd_24,btc_down,0.12821020664157934,0.3983265854722739,0.0001,-0.1531204175265085
EPTUSDT,2025-04-21,e2526,105623,short,1,0.1265012009607686,-0.0051483499999999995,0.11685285096076861,0.11235285096076862,35,pump_le0,tdec_30_70,fund_flat,crowd_24,btc_up,-0.35981547924141466,0.4220225514867251,0.0001,0.08556936602284115
EPTUSDT,2025-04-21,e2526,105623,long,1,-0.1265012009607686,0.0051483499999999995,-0.12585285096076862,-0.13035285096076862,35,pump_le0,tdec_30_70,fund_flat,crowd_24,btc_up,-0.35981547924141466,0.4220225514867251,0.0001,0.08556936602284115
EPTUSDT,2025-04-21,e2526,105623,short,2,0.10057708161582857,-0.0006187599999999999,0.09545832161582857,0.09095832161582858,29,pump_le0,tdec_30_70,fund_flat,crowd_24,btc_up,-0.35981547924141466,0.3278647650562614,0.0001,0.07060721542101023
EPTUSDT,2025-04-21,e2526,105623,long,2,-0.10057708161582857,0.0006187599999999999,-0.10445832161582858,-0.10895832161582857,29,pump_le0,tdec_30_70,fund_flat,crowd_24,btc_up,-0.35981547924141466,0.3278647650562614,0.0001,0.07060721542101023
ERAUSDT,2025-07-17,e2526,105635,short,1,-0.07610462538791192,-0.06178155,-0.14238617538791193,-0.14688617538791193,143,pump_0_25,tdec_lt30,fund_neg,crowd_ge5,btc_up,0.028106958371315605,0.2510289422237574,-0.00742136,0.12477956037017646
ERAUSDT,2025-07-17,e2526,105635,long,1,0.07610462538791192,0.06178155,0.13338617538791192,0.12888617538791192,143,pump_0_25,tdec_lt30,fund_neg,crowd_ge5,btc_up,0.028106958371315605,0.2510289422237574,-0.00742136,0.12477956037017646
ERAUSDT,2025-07-17,e2526,105635,short,2,-0.18725034645797672,-0.03636318,-0.22811352645797672,-0.23261352645797673,119,pump_0_25,tdec_lt30,fund_neg,crowd_ge5,btc_up,0.028106958371315605,0.14172931269250583,-0.014238,0.12655227992757467
ERAUSDT,2025-07-17,e2526,105635,long,2,0.18725034645797672,0.03636318,0.21911352645797672,0.2146135264579767,119,pump_0_25,tdec_lt30,fund_neg,crowd_ge5,btc_up,0.028106958371315605,0.14172931269250583,-0.014238,0.12655227992757467
ESPORTSUSDT,2025-07-29,e2526,105637,short,1,0.041309648206200054,0.0030926,0.03990224820620006,0.035402248206200054,35,pump_le0,tdec_30_70,fund_flat,crowd_ge5,btc_up,-0.37624923959329104,0.5405341666449132,0.0001,0.09992790517850003
ESPORTSUSDT,2025-07-29,e2526,105637,long,1,-0.041309648206200054,-0.0030926,-0.04890224820620005,-0.053402248206200056,35,pump_le0,tdec_30_70,fund_flat,crowd_ge5,btc_up,-0.37624923959329104,0.5405341666449132,0.0001,0.09992790517850003
ESPORTSUSDT,2025-07-29,e2526,105637,short,2,-0.057151636196036276,0.00210014,-0.05955149619603627,-0.06405149619603627,29,pump_le0,tdec_ge70,fund_flat,crowd_ge5,btc_up,-0.37624923959329104,1.1553056219229172,0.0001,0.09509460897355804
ESPORTSUSDT,2025-07-29,e2526,105637,long,2,0.057151636196036276,-0.00210014,0.05055149619603628,0.046051496196036275,29,pump_le0,tdec_ge70,fund_flat,crowd_ge5,btc_up,-0.37624923959329104,1.1553056219229172,0.0001,0.09509460897355804
ESPUSDT,2026-02-10,e2526,105665,short,1,0.2134397528321318,-0.04863642,0.16030333283213177,0.15580333283213177,35,pump_le0,tdec_30_70,fund_flat,crowd_01,btc_down,-0.10804914456309567,0.3856147808638419,0.0001,-0.2652552858287296
ESPUSDT,2026-02-10,e2526,105665,long,1,-0.2134397528321318,0.04863642,-0.16930333283213178,-0.17380333283213178,35,pump_le0,tdec_30_70,fund_flat,crowd_01,btc_down,-0.10804914456309567,0.3856147808638419,0.0001,-0.2652552858287296
ESPUSDT,2026-02-10,e2526,105665,short,2,0.14173338952100015,-0.04786146,0.08937192952100015,0.08487192952100016,29,pump_le0,tdec_ge70,fund_flat,crowd_01,btc_down,-0.10804914456309567,3.911252123325161,0.00005708,-0.30553362791502203
ESPUSDT,2026-02-10,e2526,105665,long,2,-0.14173338952100015,0.04786146,-0.09837192952100016,-0.10287192952100015,29,pump_le0,tdec_ge70,fund_flat,crowd_01,btc_down,-0.10804914456309567,3.911252123325161,0.00005708,-0.30553362791502203
ESUSDT,2025-07-16,e2526,105635,short,1,0.19037940379403803,-0.01132817,0.17455123379403803,0.17005123379403803,35,pump_le0,tdec_30_70,fund_flat,crowd_ge5,btc_up,-0.045895281189398784,0.31663051961605604,0.0001,0.14071017206521308
ESUSDT,2025-07-16,e2526,105635,long,1,-0.19037940379403803,0.01132817,-0.18355123379403804,-0.18805123379403804,35,pump_le0,tdec_30_70,fund_flat,crowd_ge5,btc_up,-0.045895281189398784,0.31663051961605604,0.0001,0.14071017206521308
ESUSDT,2025-07-16,e2526,105635,short,2,0.08778625954198481,-0.009769429999999999,0.07351682954198481,0.06901682954198482,29,pump_le0,tdec_lt30,fund_neg,crowd_ge5,btc_up,-0.045895281189398784,0.19412526487291276,-0.00104176,0.12477956037017646
ESUSDT,2025-07-16,e2526,105635,long,2,-0.08778625954198481,0.009769429999999999,-0.08251682954198482,-0.08701682954198481,29,pump_le0,tdec_lt30,fund_neg,crowd_ge5,btc_up,-0.045895281189398784,0.19412526487291276,-0.00104176,0.12477956037017646
ETCUSDT,2021-06-29,e2122,105424,short,1,0.04923023397408017,-0.00467353,0.04005670397408017,0.035556703974080166,17,pump_25_100,tdec_ge70,fund_flat,crowd_24,btc_down,0.25403577661431065,2.0391727233367334,-0.00045268,-0.05969227464353799
ETCUSDT,2021-06-29,e2122,105424,long,1,-0.04923023397408017,0.00467353,-0.049056703974080164,-0.05355670397408017,17,pump_25_100,tdec_ge70,fund_flat,crowd_24,btc_down,0.25403577661431065,2.0391727233367334,-0.00045268,-0.05969227464353799
ETCUSDT,2021-06-29,e2122,105424,short,2,-0.028412832815881042,-0.00374709,-0.03665992281588104,-0.041159922815881045,14,pump_25_100,tdec_ge70,fund_flat,crowd_24,btc_down,0.25403577661431065,1.0084008574154268,-0.00020069,-0.08617114167212403
ETCUSDT,2021-06-29,e2122,105424,long,2,0.028412832815881042,0.00374709,0.027659922815881043,0.023159922815881043,14,pump_25_100,tdec_ge70,fund_flat,crowd_24,btc_down,0.25403577661431065,1.0084008574154268,-0.00020069,-0.08617114167212403
ETHBTCUSDT,2024-06-07,e2324,105577,short,1,0.005231562505880812,0.00724369,0.007975252505880812,0.003475252505880813,17,pump_le0,tdec_lt30,fund_pos,crowd_ge5,btc_up,-0.006320474222562988,0.08823659287213281,0.00057795,0.09979297380047747
ETHBTCUSDT,2024-06-07,e2324,105577,long,1,-0.005231562505880812,-0.00724369,-0.016975252505880813,-0.02147525250588081,17,pump_le0,tdec_lt30,fund_pos,crowd_ge5,btc_up,-0.006320474222562988,0.08823659287213281,0.00057795,0.09979297380047747
ETHBTCUSDT,2024-06-07,e2324,105577,short,2,0.007603349228400905,0.0048111099999999995,0.007914459228400905,0.0034144592284009057,14,pump_le0,tdec_lt30,fund_pos,crowd_ge5,btc_up,-0.006320474222562988,0.09921050579246031,0.00216185,0.1456379515406545
ETHBTCUSDT,2024-06-07,e2324,105577,long,2,-0.007603349228400905,-0.0048111099999999995,-0.016914459228400906,-0.021414459228400906,14,pump_le0,tdec_lt30,fund_pos,crowd_ge5,btc_up,-0.006320474222562988,0.09921050579246031,0.00216185,0.1456379515406545
ETHFIUSDT,2024-03-18,e2324,105566,short,1,-0.47912524850894656,0.00175497,-0.48187027850894654,-0.48637027850894654,17,pump_le0,tdec_30_70,fund_flat,crowd_ge5,btc_up,-0.11702750146284391,0.5529984282441358,0.0001,0.187764614786037
ETHFIUSDT,2024-03-18,e2324,105566,long,1,0.47912524850894656,-0.00175497,0.47287027850894653,0.4683702785089465,17,pump_le0,tdec_30_70,fund_flat,crowd_ge5,btc_up,-0.11702750146284391,0.5529984282441358,0.0001,0.187764614786037
ETHFIUSDT,2024-03-18,e2324,105566,short,2,-0.05982905982905999,0.0014,-0.06292905982906,-0.06742905982905999,14,pump_le0,tdec_ge70,fund_flat,crowd_ge5,btc_up,-0.11702750146284391,1.7360126935526612,0.00015497,0.30947854767644056
ETHFIUSDT,2024-03-18,e2324,105566,long,2,0.05982905982905999,-0.0014,0.053929059829059996,0.04942905982905999,14,pump_le0,tdec_ge70,fund_flat,crowd_ge5,btc_up,-0.11702750146284391,1.7360126935526612,0.00015497,0.30947854767644056
ETHWUSDT,2022-09-16,e2122,105487,short,1,0.10965435041716338,0.0004925800000000001,0.10564693041716339,0.1011469304171634,17,pump_le0,tdec_ge70,fund_pos,crowd_01,btc_down,-0.34427510746385304,0.9364414221057208,0.00222206,-0.1329135759875798
ETHWUSDT,2022-09-16,e2122,105487,long,1,-0.10965435041716338,-0.0004925800000000001,-0.1146469304171634,-0.11914693041716339,17,pump_le0,tdec_ge70,fund_pos,crowd_01,btc_down,-0.34427510746385304,0.9364414221057208,0.00222206,-0.1329135759875798
ETHWUSDT,2022-09-16,e2122,105487,short,2,-0.7192174913693902,-0.0020267899999999997,-0.7257442813693901,-0.7302442813693901,14,pump_le0,tdec_ge70,fund_flat,crowd_01,btc_down,-0.34427510746385304,1.3347137116256351,0.00022656,-0.06775061242134583
ETHWUSDT,2022-09-16,e2122,105487,long,2,0.7192174913693902,0.0020267899999999997,0.7167442813693902,0.7122442813693901,14,pump_le0,tdec_ge70,fund_flat,crowd_01,btc_down,-0.34427510746385304,1.3347137116256351,0.00022656,-0.06775061242134583
EULUSDT,2025-10-14,e2526,105648,short,1,0.08079193310378752,0.0008282300000000001,0.07712016310378751,0.07262016310378752,35,pump_le0,tdec_30_70,fund_flat,crowd_ge5,btc_down,-0.04966693934790234,0.3157237466204535,0.0001,-0.03997984661225373
EULUSDT,2025-10-14,e2526,105648,long,1,-0.08079193310378752,-0.0008282300000000001,-0.08612016310378752,-0.09062016310378751,35,pump_le0,tdec_30_70,fund_flat,crowd_ge5,btc_down,-0.04966693934790234,0.3157237466204535,0.0001,-0.03997984661225373
EULUSDT,2025-10-14,e2526,105648,short,2,-0.01548702621926367,0.0014500000000000001,-0.01853702621926367,-0.023037026219263672,29,pump_le0,tdec_lt30,fund_flat,crowd_ge5,btc_down,-0.04966693934790234,0.1732962064153963,0.0000848,-0.07375744011292606
EULUSDT,2025-10-14,e2526,105648,long,2,0.01548702621926367,-0.0014500000000000001,0.00953702621926367,0.0050370262192636715,29,pump_le0,tdec_lt30,fund_flat,crowd_ge5,btc_down,-0.04966693934790234,0.1732962064153963,0.0000848,-0.07375744011292606
EVAAUSDT,2025-10-17,e2526,105648,short,1,-1.6066990815775257,0.00516916,-1.6060299215775258,-1.6105299215775257,35,pump_0_25,tdec_ge70,fund_pos,crowd_ge5,btc_down,0.05230244457077893,1.69791579365624,0.00201902,-0.08460950151038038
EVAAUSDT,2025-10-17,e2526,105648,long,1,1.6066990815775257,-0.00516916,1.5970299215775259,1.592529921577526,35,pump_0_25,tdec_ge70,fund_pos,crowd_ge5,btc_down,0.05230244457077893,1.69791579365624,0.00201902,-0.08460950151038038
EVAAUSDT,2025-10-17,e2526,105648,short,2,-1.933130699088146,0.00486916,-1.932761539088146,-1.937261539088146,29,pump_0_25,tdec_ge70,fund_flat,crowd_ge5,btc_down,0.05230244457077893,0.8029880748627842,0.0001,-0.06035670992075126
EVAAUSDT,2025-10-17,e2526,105648,long,2,1.933130699088146,-0.00486916,1.9237615390881462,1.9192615390881462,29,pump_0_25,tdec_ge70,fund_flat,crowd_ge5,btc_down,0.05230244457077893,0.8029880748627842,0.0001,-0.06035670992075126
EWJUSDT,2026-05-07,e2526,105677,short,1,0.004649151259595552,0.00232407,0.002473221259595553,-0.002026778740404447,17,pump_0_25,tdec_ge70,fund_flat,crowd_ge5,btc_up,0.003145336225596429,0.7527340576110867,0.00044039,0.12845964985387126
EWJUSDT,2026-05-07,e2526,105677,long,1,-0.004649151259595552,-0.00232407,-0.011473221259595552,-0.015973221259595553,17,pump_0_25,tdec_ge70,fund_flat,crowd_ge5,btc_up,0.003145336225596429,0.7527340576110867,0.00044039,0.12845964985387126
EWJUSDT,2026-05-07,e2526,105677,short,2,0.006689684937419125,0.0020883,0.004277984937419126,-0.00022201506258087353,14,pump_0_25,tdec_30_70,fund_flat,crowd_ge5,btc_up,0.003145336225596429,0.40617600440629326,0.000055,0.12365688802174057
EWJUSDT,2026-05-07,e2526,105677,long,2,-0.006689684937419125,-0.0020883,-0.013277984937419125,-0.017777984937419125,14,pump_0_25,tdec_30_70,fund_flat,crowd_ge5,btc_up,0.003145336225596429,0.40617600440629326,0.000055,0.12365688802174057
EWTUSDT,2026-06-04,e2526,105681,short,1,-0.06543209876543209,-0.00058902,-0.07052111876543209,-0.07502111876543208,17,pump_le0,tdec_ge70,fund_flat,crowd_ge5,btc_down,-0.06547447360830694,1.0720975830030506,0.0,-0.25023404616053724
EWTUSDT,2026-06-04,e2526,105681,long,1,0.06543209876543209,0.00058902,0.061521118765432085,0.05702111876543208,17,pump_le0,tdec_ge70,fund_flat,crowd_ge5,btc_down,-0.06547447360830694,1.0720975830030506,0.0,-0.25023404616053724
EWTUSDT,2026-06-04,e2526,105681,short,2,-0.09854672748488391,-0.00058902,-0.10363574748488391,-0.1081357474848839,14,pump_le0,tdec_ge70,fund_flat,crowd_ge5,btc_down,-0.06547447360830694,1.0103390221214794,0.0,-0.23907101433690858
EWTUSDT,2026-06-04,e2526,105681,long,2,0.09854672748488391,0.00058902,0.0946357474848839,0.09013574748488391,14,pump_le0,tdec_ge70,fund_flat,crowd_ge5,btc_down,-0.06547447360830694,1.0103390221214794,0.0,-0.23907101433690858
EWYUSDT,2026-05-07,e2526,105677,short,1,0.0215026040323829,0.006610919999999999,0.0236135240323829,0.0191135240323829,17,pump_0_25,tdec_ge70,fund_flat,crowd_ge5,btc_up,0.06537383947700937,0.7867104338508811,0.0,0.12845964985387126
EWYUSDT,2026-05-07,e2526,105677,long,1,-0.0215026040323829,-0.006610919999999999,-0.0326135240323829,-0.0371135240323829,17,pump_0_25,tdec_ge70,fund_flat,crowd_ge5,btc_up,0.06537383947700937,0.7867104338508811,0.0,0.12845964985387126
EWYUSDT,2026-05-07,e2526,105677,short,2,0.019480183950808715,0.0037730499999999996,0.018753233950808714,0.014253233950808715,14,pump_0_25,tdec_ge70,fund_pos,crowd_ge5,btc_up,0.06537383947700937,0.9345288542483748,0.00057066,0.12365688802174057
EWYUSDT,2026-05-07,e2526,105677,long,2,-0.019480183950808715,-0.0037730499999999996,-0.027753233950808715,-0.032253233950808716,14,pump_0_25,tdec_ge70,fund_pos,crowd_ge5,btc_up,0.06537383947700937,0.9345288542483748,0.00057066,0.12365688802174057
FARTCOINUSDT,2024-12-20,e2324,105605,short,1,-0.09231536926147713,0.00375572,-0.09305964926147713,-0.09755964926147712,17,pump_le0,tdec_ge70,fund_flat,crowd_ge5,btc_down,-0.20063821300358986,0.7972332884895682,0.0001,-0.011518261811757857
FARTCOINUSDT,2024-12-20,e2324,105605,long,1,0.09231536926147713,-0.00375572,0.08405964926147712,0.07955964926147713,17,pump_le0,tdec_ge70,fund_flat,crowd_ge5,btc_down,-0.20063821300358986,0.7972332884895682,0.0001,-0.011518261811757857
FARTCOINUSDT,2024-12-20,e2324,105605,short,2,-0.2521092521092521,0.00313866,-0.2534705921092521,-0.2579705921092521,14,pump_le0,tdec_30_70,fund_flat,crowd_ge5,btc_down,-0.20063821300358986,0.5832940034752133,0.00036256,-0.03842764308164981
FARTCOINUSDT,2024-12-20,e2324,105605,long,2,0.2521092521092521,-0.00313866,0.24447059210925212,0.23997059210925212,14,pump_le0,tdec_30_70,fund_flat,crowd_ge5,btc_down,-0.20063821300358986,0.5832940034752133,0.00036256,-0.03842764308164981
FBUSDT,2024-09-25,e2324,105593,short,1,0.5230446927374302,0.00285787,0.5214025627374302,0.5169025627374302,17,pump_0_25,tdec_30_70,fund_flat,crowd_24,btc_up,0.05216752387950052,0.44284516684864045,0.0001,0.09734581844704193
FBUSDT,2024-09-25,e2324,105593,long,1,-0.5230446927374302,-0.00285787,-0.5304025627374301,-0.5349025627374302,17,pump_0_25,tdec_30_70,fund_flat,crowd_24,btc_up,0.05216752387950052,0.44284516684864045,0.0001,0.09734581844704193
FBUSDT,2024-09-25,e2324,105593,short,2,0.4868519909842224,0.00254267,0.4848946609842224,0.4803946609842224,14,pump_0_25,tdec_30_70,fund_flat,crowd_24,btc_up,0.05216752387950052,0.3640304038339889,0.0001,0.11410008964111351
FBUSDT,2024-09-25,e2324,105593,long,2,-0.4868519909842224,-0.00254267,-0.4938946609842224,-0.4983946609842224,14,pump_0_25,tdec_30_70,fund_flat,crowd_24,btc_up,0.05216752387950052,0.3640304038339889,0.0001,0.11410008964111351
FDUSDUSDT,2024-08-16,e2324,105587,short,1,-0.0005001500450134489,-0.00047107999999999997,-0.005471230045013448,-0.009971230045013449,17,pump_le0,tdec_lt30,fund_flat,crowd_01,btc_down,-0.0010991207034370953,0.1757055077805337,-0.00010191,-0.07021923873009128
FDUSDUSDT,2024-08-16,e2324,105587,long,1,0.0005001500450134489,0.00047107999999999997,-0.003528769954986551,-0.00802876995498655,17,pump_le0,tdec_lt30,fund_flat,crowd_01,btc_down,-0.0010991207034370953,0.1757055077805337,-0.00010191,-0.07021923873009128
FDUSDUSDT,2024-08-16,e2324,105587,short,2,-0.0005001500450134489,-0.00041404999999999995,-0.005414200045013449,-0.009914200045013448,14,pump_le0,tdec_lt30,fund_flat,crowd_01,btc_down,-0.0010991207034370953,0.1490407358564337,-0.00011648,-0.12344687754664052
FDUSDUSDT,2024-08-16,e2324,105587,long,2,0.0005001500450134489,0.00041404999999999995,-0.0035857999549865505,-0.008085799954986551,14,pump_le0,tdec_lt30,fund_flat,crowd_01,btc_down,-0.0010991207034370953,0.1490407358564337,-0.00011648,-0.12344687754664052
FETUSDT,2023-02-09,e2324,105508,short,1,0.020388809862494063,0.0016368,0.017525609862494063,0.013025609862494065,17,pump_le0,tdec_ge70,fund_flat,crowd_24,btc_up,-0.10360216767612374,0.8137747890439186,-0.00018291,0.2061018461710078
FETUSDT,2023-02-09,e2324,105508,long,1,-0.020388809862494063,-0.0016368,-0.026525609862494064,-0.031025609862494065,17,pump_le0,tdec_ge70,fund_flat,crowd_24,btc_up,-0.10360216767612374,0.8137747890439186,-0.00018291,0.2061018461710078
FETUSDT,2023-02-09,e2324,105508,short,2,0.008993884158771977,0.0013368,0.005830684158771978,0.0013306841587719786,14,pump_le0,tdec_lt30,fund_flat,crowd_24,btc_up,-0.10360216767612374,0.2599236445116977,0.0001,0.16084484590860781
FETUSDT,2023-02-09,e2324,105508,long,2,-0.008993884158771977,-0.0013368,-0.014830684158771978,-0.019330684158771975,14,pump_le0,tdec_lt30,fund_flat,crowd_24,btc_up,-0.10360216767612374,0.2599236445116977,0.0001,0.16084484590860781
FFUSDT,2025-09-29,e2526,105646,short,1,0.019874476987447688,0.00632638,0.021700856987447687,0.017200856987447687,143,pump_le0,tdec_30_70,fund_neg,crowd_ge5,btc_up,-0.5206818751566809,0.5646506846989113,-0.00229392,0.05373197781885408
FFUSDT,2025-09-29,e2526,105646,long,1,-0.019874476987447688,-0.00632638,-0.030700856987447688,-0.03520085698744769,143,pump_le0,tdec_30_70,fund_neg,crowd_ge5,btc_up,-0.5206818751566809,0.5646506846989113,-0.00229392,0.05373197781885408
FFUSDT,2025-09-29,e2526,105646,short,2,0.06018054162487454,0.0071765,0.06285704162487453,0.05835704162487453,119,pump_le0,tdec_30_70,fund_flat,crowd_ge5,btc_up,-0.5206818751566809,0.32174565829651924,0.0001,0.0857536921270643
FFUSDT,2025-09-29,e2526,105646,long,2,-0.06018054162487454,-0.0071765,-0.07185704162487454,-0.07635704162487453,119,pump_le0,tdec_30_70,fund_flat,crowd_ge5,btc_up,-0.5206818751566809,0.32174565829651924,0.0001,0.0857536921270643
FHEUSDT,2026-01-07,e2526,105660,short,1,-0.4282190429205723,0.00665585,-0.42606319292057226,-0.43056319292057227,35,pump_le0,tdec_30_70,fund_flat,crowd_01,btc_down,-0.12060737527114973,0.5464610127106637,0.0001,-0.01699337515288324
FHEUSDT,2026-01-07,e2526,105660,long,1,0.4282190429205723,-0.00665585,0.41706319292057226,0.41256319292057225,35,pump_le0,tdec_30_70,fund_flat,crowd_01,btc_down,-0.12060737527114973,0.5464610127106637,0.0001,-0.01699337515288324
FHEUSDT,2026-01-07,e2526,105660,short,2,-0.4751592356687898,0.00506497,-0.4745942656687898,-0.4790942656687898,29,pump_le0,tdec_30_70,fund_pos,crowd_01,btc_down,-0.12060737527114973,0.32520824306369217,0.00112252,-0.014823037956240959
FHEUSDT,2026-01-07,e2526,105660,long,2,0.4751592356687898,-0.00506497,0.4655942656687898,0.4610942656687898,29,pump_le0,tdec_30_70,fund_pos,crowd_01,btc_down,-0.12060737527114973,0.32520824306369217,0.00112252,-0.014823037956240959
FIDAUSDT,2024-09-25,e2324,105593,short,1,0.2139493819894055,0.0017000000000000001,0.2111493819894055,0.2066493819894055,17,pump_le0,tdec_ge70,fund_flat,crowd_24,btc_up,-0.061585197459265384,1.316256648262694,0.0001,0.09734581844704193
FIDAUSDT,2024-09-25,e2324,105593,long,1,-0.2139493819894055,-0.0017000000000000001,-0.2201493819894055,-0.2246493819894055,17,pump_le0,tdec_ge70,fund_flat,crowd_24,btc_up,-0.061585197459265384,1.316256648262694,0.0001,0.09734581844704193
FIDAUSDT,2024-09-25,e2324,105593,short,2,0.21763327475102515,0.0014,0.21453327475102515,0.21003327475102515,14,pump_le0,tdec_ge70,fund_flat,crowd_24,btc_up,-0.061585197459265384,0.8257065128681237,0.0001,0.11410008964111351
FIDAUSDT,2024-09-25,e2324,105593,long,2,-0.21763327475102515,-0.0014,-0.22353327475102516,-0.22803327475102517,14,pump_le0,tdec_ge70,fund_flat,crowd_24,btc_up,-0.061585197459265384,0.8257065128681237,0.0001,0.11410008964111351
FIGHTUSDT,2026-01-23,e2526,105662,short,1,0.5511842795464633,-0.00847993,0.5382043495464633,0.5337043495464633,35,pump_0_25,tdec_ge70,fund_neg,crowd_ge5,btc_up,0.03125,1.9037918012569621,-0.00064318,0.022930070740243336
FIGHTUSDT,2026-01-23,e2526,105662,long,1,-0.5511842795464633,0.00847993,-0.5472043495464632,-0.5517043495464633,35,pump_0_25,tdec_ge70,fund_neg,crowd_ge5,btc_up,0.03125,1.9037918012569621,-0.00064318,0.022930070740243336
FIGHTUSDT,2026-01-23,e2526,105662,short,2,0.5292449636025055,-0.00246816,0.5222768036025055,0.5177768036025054,29,pump_0_25,tdec_ge70,fund_flat,crowd_ge5,btc_down,0.03125,1.0430685721641166,-0.00034974,-0.008052326380300623
FIGHTUSDT,2026-01-23,e2526,105662,long,2,-0.5292449636025055,0.00246816,-0.5312768036025054,-0.5357768036025055,29,pump_0_25,tdec_ge70,fund_flat,crowd_ge5,btc_down,0.03125,1.0430685721641166,-0.00034974,-0.008052326380300623
FILUSDT,2021-06-29,e2122,105424,short,1,0.0545876887340303,0.00167245,0.0517601387340303,0.047260138734030295,17,pump_0_25,tdec_ge70,fund_flat,crowd_24,btc_down,0.05201605864897885,1.2312991868014624,0.0001,-0.05969227464353799
FILUSDT,2021-06-29,e2122,105424,long,1,-0.0545876887340303,-0.00167245,-0.06076013873403029,-0.06526013873403029,17,pump_0_25,tdec_ge70,fund_flat,crowd_24,btc_down,0.05201605864897885,1.2312991868014624,0.0001,-0.05969227464353799
FILUSDT,2021-06-29,e2122,105424,short,2,-0.005115540659728333,0.00137245,-0.008243090659728333,-0.012743090659728333,14,pump_0_25,tdec_ge70,fund_flat,crowd_24,btc_down,0.05201605864897885,1.182988713334904,0.0001,-0.08617114167212403
FILUSDT,2021-06-29,e2122,105424,long,2,0.005115540659728333,-0.00137245,-0.0007569093402716668,-0.0052569093402716665,14,pump_0_25,tdec_ge70,fund_flat,crowd_24,btc_down,0.05201605864897885,1.182988713334904,0.0001,-0.08617114167212403
FIOUSDT,2024-09-26,e2324,105593,short,1,0.0331384015594541,0.0017000000000000001,0.0303384015594541,0.025838401559454098,17,pump_0_25,tdec_ge70,fund_flat,crowd_24,btc_up,0.01498021481062728,0.7660646461031001,0.0001,0.11410008964111351
FIOUSDT,2024-09-26,e2324,105593,long,1,-0.0331384015594541,-0.0017000000000000001,-0.039338401559454096,-0.0438384015594541,17,pump_0_25,tdec_ge70,fund_flat,crowd_24,btc_up,0.01498021481062728,0.7660646461031001,0.0001,0.11410008964111351
FIOUSDT,2024-09-26,e2324,105593,short,2,0.029625489100055854,0.0014,0.026525489100055852,0.022025489100055855,14,pump_0_25,tdec_30_70,fund_flat,crowd_24,btc_up,0.01498021481062728,0.4113307221604635,0.0001,0.10970432835770572
FIOUSDT,2024-09-26,e2324,105593,long,2,-0.029625489100055854,-0.0014,-0.03552548910005585,-0.04002548910005585,14,pump_0_25,tdec_30_70,fund_flat,crowd_24,btc_up,0.01498021481062728,0.4113307221604635,0.0001,0.10970432835770572
FIREUSDT,2024-05-09,e2324,105573,short,1,-0.06423768853352715,0.00109865,-0.06763903853352715,-0.07213903853352714,17,pump_0_25,tdec_lt30,fund_flat,crowd_24,btc_down,0.015969722145296794,0.18578430484539496,0.0001,-0.13964458685628078
FIREUSDT,2024-05-09,e2324,105573,long,1,0.06423768853352715,-0.00109865,0.05863903853352715,0.054139038533527147,17,pump_0_25,tdec_lt30,fund_flat,crowd_24,btc_down,0.015969722145296794,0.18578430484539496,0.0001,-0.13964458685628078
FIREUSDT,2024-05-09,e2324,105573,short,2,-0.08353376503237747,0.0009302300000000001,-0.08710353503237747,-0.09160353503237746,14,pump_0_25,tdec_lt30,fund_flat,crowd_24,btc_down,0.015969722145296794,0.05787673450727814,0.0001,-0.13176038892894626
FIREUSDT,2024-05-09,e2324,105573,long,2,0.08353376503237747,-0.0009302300000000001,0.07810353503237746,0.07360353503237747,14,pump_0_25,tdec_lt30,fund_flat,crowd_24,btc_down,0.015969722145296794,0.05787673450727814,0.0001,-0.13176038892894626
FISUSDT,2025-07-28,e2526,105637,short,1,0.06596558317399615,0.0004750700000000001,0.06194065317399614,0.05744065317399614,35,pump_le0,tdec_lt30,fund_flat,crowd_24,btc_up,-0.08918075611348952,0.22158476206171918,0.0001,0.08870902222041677
FISUSDT,2025-07-28,e2526,105637,long,1,-0.06596558317399615,-0.0004750700000000001,-0.07094065317399614,-0.07544065317399613,35,pump_le0,tdec_lt30,fund_flat,crowd_24,btc_up,-0.08918075611348952,0.22158476206171918,0.0001,0.08870902222041677
FISUSDT,2025-07-28,e2526,105637,short,2,0.02665006226650066,0.00017507000000000012,0.02232513226650066,0.017825132266500662,29,pump_le0,tdec_lt30,fund_flat,crowd_24,btc_up,-0.08918075611348952,0.23112427447446007,0.0001,0.09992790517850003
FISUSDT,2025-07-28,e2526,105637,long,2,-0.02665006226650066,-0.00017507000000000012,-0.03132513226650066,-0.03582513226650066,29,pump_le0,tdec_lt30,fund_flat,crowd_24,btc_up,-0.08918075611348952,0.23112427447446007,0.0001,0.09992790517850003
FITFIUSDT,2022-05-10,e2122,105469,short,1,-0.5073529411764705,0.00078191,-0.5110710311764703,-0.5155710311764704,17,pump_le0,tdec_ge70,fund_flat,crowd_24,btc_down,-0.6105011933174224,1.0316070821033796,0.0001,-0.26411392405063294
FITFIUSDT,2022-05-10,e2122,105469,long,1,0.5073529411764705,-0.00078191,0.5020710311764705,0.4975710311764704,17,pump_le0,tdec_ge70,fund_flat,crowd_24,btc_down,-0.6105011933174224,1.0316070821033796,0.0001,-0.26411392405063294
FITFIUSDT,2022-05-10,e2122,105469,short,2,-0.38474528567407823,0.00048191000000000005,-0.38876337567407826,-0.39326337567407826,14,pump_le0,tdec_ge70,fund_flat,crowd_24,btc_down,-0.6105011933174224,2.5806046648379297,0.0001,-0.2759206091624017
FITFIUSDT,2022-05-10,e2122,105469,long,2,0.38474528567407823,-0.00048191000000000005,0.37976337567407825,0.37526337567407825,14,pump_le0,tdec_ge70,fund_flat,crowd_24,btc_down,-0.6105011933174224,2.5806046648379297,0.0001,-0.2759206091624017
FLMUSDT,2022-05-02,e2122,105468,short,1,0.2840673958025421,0.0017000000000000001,0.28126739580254206,0.27676739580254206,17,pump_0_25,tdec_30_70,fund_flat,crowd_24,btc_down,0.006545670931270342,0.5863707797715835,0.0001,-0.1869795201620288
FLMUSDT,2022-05-02,e2122,105468,long,1,-0.2840673958025421,-0.0017000000000000001,-0.29026739580254207,-0.2947673958025421,17,pump_0_25,tdec_30_70,fund_flat,crowd_24,btc_down,0.006545670931270342,0.5863707797715835,0.0001,-0.1869795201620288
FLMUSDT,2022-05-02,e2122,105468,short,2,0.38087934560327197,0.0014,0.377779345603272,0.373279345603272,14,pump_0_25,tdec_ge70,fund_flat,crowd_24,btc_down,0.006545670931270342,1.0463428858055777,0.0001,-0.14778716415667503
FLMUSDT,2022-05-02,e2122,105468,long,2,-0.38087934560327197,-0.0014,-0.386779345603272,-0.391279345603272,14,pump_0_25,tdec_ge70,fund_flat,crowd_24,btc_down,0.006545670931270342,1.0463428858055777,0.0001,-0.14778716415667503
FLNCUSDT,2026-06-16,e2526,105683,short,1,0.10387984981226527,0.00016801000000000004,0.09954785981226526,0.09504785981226527,17,pump_le0,tdec_ge70,fund_flat,crowd_24,btc_down,-0.006630750103605476,0.8647280380966184,0.0,-0.1622487945647244
FLNCUSDT,2026-06-16,e2526,105683,long,1,-0.10387984981226527,-0.00016801000000000004,-0.10854785981226527,-0.11304785981226526,17,pump_le0,tdec_ge70,fund_flat,crowd_24,btc_down,-0.006630750103605476,0.8647280380966184,0.0,-0.1622487945647244
FLNCUSDT,2026-06-16,e2526,105683,short,2,0.13247172859450732,0.00016801000000000004,0.1281397385945073,0.12363973859450732,14,pump_le0,tdec_ge70,fund_flat,crowd_24,btc_down,-0.006630750103605476,2.3059610107825494,0.0,-0.18079293181140565
FLNCUSDT,2026-06-16,e2526,105683,long,2,-0.13247172859450732,-0.00016801000000000004,-0.13713973859450732,-0.14163973859450732,14,pump_le0,tdec_ge70,fund_flat,crowd_24,btc_down,-0.006630750103605476,2.3059610107825494,0.0,-0.18079293181140565
FLOCKUSDT,2025-01-09,e2526,105608,short,1,0.43949604453559915,0.00131675,0.4363127945355991,0.4318127945355991,35,pump_0_25,tdec_ge70,fund_flat,crowd_ge5,btc_down,0.0907638223074465,0.7615983391582059,0.0001,-0.06372202439870944
FLOCKUSDT,2025-01-09,e2526,105608,long,1,-0.43949604453559915,-0.00131675,-0.44531279453559913,-0.44981279453559914,35,pump_0_25,tdec_ge70,fund_flat,crowd_ge5,btc_down,0.0907638223074465,0.7615983391582059,0.0001,-0.06372202439870944
FLOCKUSDT,2025-01-09,e2526,105608,short,2,0.4122887864823349,0.0015957900000000001,0.4093845764823349,0.4048845764823349,29,pump_0_25,tdec_ge70,fund_flat,crowd_ge5,btc_down,0.0907638223074465,0.8436125656763075,0.0001,-0.054140474583052045
FLOCKUSDT,2025-01-09,e2526,105608,long,2,-0.4122887864823349,-0.0015957900000000001,-0.4183845764823349,-0.4228845764823349,29,pump_0_25,tdec_ge70,fund_flat,crowd_ge5,btc_down,0.0907638223074465,0.8436125656763075,0.0001,-0.054140474583052045
FLOWUSDT,2021-11-26,e2122,105445,short,1,0.025231286795626636,0.01356273,0.03429401679562664,0.029794016795626634,17,pump_0_25,tdec_ge70,fund_pos,crowd_ge5,btc_down,0.005922165820642977,0.8197088631782066,0.00088211,-0.09723378132287386
FLOWUSDT,2021-11-26,e2122,105445,long,1,-0.025231286795626636,-0.01356273,-0.04329401679562663,-0.047794016795626636,17,pump_0_25,tdec_ge70,fund_pos,crowd_ge5,btc_down,0.005922165820642977,0.8197088631782066,0.00088211,-0.09723378132287386
FLOWUSDT,2021-11-26,e2122,105445,short,2,0.05925324675324679,0.01048482,0.06523806675324678,0.060738066753246785,14,pump_0_25,tdec_ge70,fund_pos,crowd_ge5,btc_down,0.005922165820642977,1.647064998777793,0.00130852,-0.0802728731942215
FLOWUSDT,2021-11-26,e2122,105445,long,2,-0.05925324675324679,-0.01048482,-0.07423806675324679,-0.07873806675324678,14,pump_0_25,tdec_ge70,fund_pos,crowd_ge5,btc_down,0.005922165820642977,1.647064998777793,0.00130852,-0.0802728731942215
FLRUSDT,2023-03-17,e2324,105513,short,1,-0.19731092436974793,0.0010307,-0.20078022436974793,-0.20528022436974794,17,pump_0_25,tdec_30_70,fund_flat,crowd_24,btc_up,0.03370396108408613,0.30774544681617044,0.0001,0.1438498011949565
FLRUSDT,2023-03-17,e2324,105513,long,1,0.19731092436974793,-0.0010307,0.19178022436974793,0.18728022436974792,17,pump_0_25,tdec_30_70,fund_flat,crowd_24,btc_up,0.03370396108408613,0.30774544681617044,0.0001,0.1438498011949565
FLRUSDT,2023-03-17,e2324,105513,short,2,-0.15837398373983738,0.0007307,-0.16214328373983738,-0.1666432837398374,14,pump_0_25,tdec_30_70,fund_flat,crowd_24,btc_up,0.03370396108408613,0.41348100869750637,0.0001,0.13768817641793474
FLRUSDT,2023-03-17,e2324,105513,long,2,0.15837398373983738,-0.0007307,0.15314328373983738,0.14864328373983737,14,pump_0_25,tdec_30_70,fund_flat,crowd_24,btc_up,0.03370396108408613,0.41348100869750637,0.0001,0.13768817641793474
FLUIDUSDT,2025-09-24,e2526,105645,short,1,-0.13770959686050666,0.0017216100000000002,-0.14048798686050665,-0.14498798686050665,35,pump_le0,tdec_30_70,fund_flat,crowd_ge5,btc_down,-0.26256248355695877,0.578220186642096,0.0001,-0.024988565480191682
FLUIDUSDT,2025-09-24,e2526,105645,long,1,0.13770959686050666,-0.0017216100000000002,0.13148798686050664,0.12698798686050664,35,pump_le0,tdec_30_70,fund_flat,crowd_ge5,btc_down,-0.26256248355695877,0.578220186642096,0.0001,-0.024988565480191682
FLUIDUSDT,2025-09-24,e2526,105645,short,2,0.012234783955397203,0.0014500000000000001,0.009184783955397204,0.004684783955397204,29,pump_le0,tdec_ge70,fund_flat,crowd_ge5,btc_down,-0.26256248355695877,1.2364951132998012,0.0001,-0.014320367174142312
FLUIDUSDT,2025-09-24,e2526,105645,long,2,-0.012234783955397203,-0.0014500000000000001,-0.018184783955397202,-0.022684783955397202,29,pump_le0,tdec_ge70,fund_flat,crowd_ge5,btc_down,-0.26256248355695877,1.2364951132998012,0.0001,-0.014320367174142312
FLUXUSDT,2024-09-04,e2324,105590,short,1,-0.08682027649769591,-0.00311646,-0.09443673649769592,-0.09893673649769591,17,pump_le0,tdec_30_70,fund_neg,crowd_24,btc_up,-0.09853772017281492,0.4664934812594905,-0.00061196,0.0028701656373124607
FLUXUSDT,2024-09-04,e2324,105590,long,1,0.08682027649769591,0.00311646,0.08543673649769591,0.08093673649769592,17,pump_le0,tdec_30_70,fund_neg,crowd_24,btc_up,-0.09853772017281492,0.4664934812594905,-0.00061196,0.0028701656373124607
FLUXUSDT,2024-09-04,e2324,105590,short,2,-0.1153991676125616,-0.00137788,-0.1212770476125616,-0.1257770476125616,14,pump_le0,tdec_30_70,fund_neg,crowd_24,btc_down,-0.09853772017281492,0.4079243115292404,-0.00091178,-0.021330260662862144
FLUXUSDT,2024-09-04,e2324,105590,long,2,0.1153991676125616,0.00137788,0.11227704761256159,0.1077770476125616,14,pump_le0,tdec_30_70,fund_neg,crowd_24,btc_down,-0.09853772017281492,0.4079243115292404,-0.00091178,-0.021330260662862144
FOGOUSDT,2026-01-11,e2526,105661,short,1,0.4473947895791583,-0.00207009,0.44082469957915826,0.43632469957915826,35,pump_le0,tdec_ge70,fund_flat,crowd_24,btc_up,-0.07834385100815755,1.447087302001399,0.0001,0.011778937844286963
FOGOUSDT,2026-01-11,e2526,105661,long,1,-0.4473947895791583,0.00207009,-0.44982469957915827,-0.4543246995791583,35,pump_le0,tdec_ge70,fund_flat,crowd_24,btc_up,-0.07834385100815755,1.447087302001399,0.0001,0.011778937844286963
FOGOUSDT,2026-01-11,e2526,105661,short,2,0.4018438177874186,-0.00237009,0.3949737277874186,0.3904737277874186,29,pump_le0,tdec_ge70,fund_flat,crowd_24,btc_up,-0.07834385100815755,0.8409763978669043,0.0001,0.08254460029960509
FOGOUSDT,2026-01-11,e2526,105661,long,2,-0.4018438177874186,0.00237009,-0.40397372778741863,-0.40847372778741864,29,pump_le0,tdec_ge70,fund_flat,crowd_24,btc_up,-0.07834385100815755,0.8409763978669043,0.0001,0.08254460029960509
FOLKSUSDT,2025-12-09,e2526,105656,short,1,0.30572067753275806,-0.46821763,-0.16699695246724194,-0.17149695246724195,95,pump_25_100,tdec_30_70,fund_neg,crowd_24,btc_down,0.2534049030604071,0.5162153576832592,-0.0014376,-0.1320927247934548
FOLKSUSDT,2025-12-09,e2526,105656,long,1,-0.30572067753275806,0.46821763,0.15799695246724194,0.15349695246724193,95,pump_25_100,tdec_30_70,fund_neg,crowd_24,btc_down,0.2534049030604071,0.5162153576832592,-0.0014376,-0.1320927247934548
FOLKSUSDT,2025-12-09,e2526,105656,short,2,0.23689756920050584,-0.46541326,-0.23301569079949416,-0.23751569079949417,89,pump_25_100,tdec_30_70,fund_neg,crowd_24,btc_down,0.2534049030604071,0.3314981789238742,-0.00072224,-0.10218455155194128
FOLKSUSDT,2025-12-09,e2526,105656,long,2,-0.23689756920050584,0.46541326,0.22401569079949415,0.21951569079949415,89,pump_25_100,tdec_30_70,fund_neg,crowd_24,btc_down,0.2534049030604071,0.3314981789238742,-0.00072224,-0.10218455155194128
FORMUSDT,2025-03-19,e2526,105618,short,1,-0.2191663545401039,-0.00645249,-0.23011884454010392,-0.23461884454010393,35,pump_0_25,tdec_30_70,fund_flat,crowd_ge5,btc_down,0.002951593860684776,0.6951580495944563,-0.00033614,-0.11974528021686126
FORMUSDT,2025-03-19,e2526,105618,long,1,0.2191663545401039,0.00645249,0.22111884454010391,0.2166188445401039,35,pump_0_25,tdec_30_70,fund_flat,crowd_ge5,btc_down,0.002951593860684776,0.6951580495944563,-0.00033614,-0.11974528021686126
FORMUSDT,2025-03-19,e2526,105618,short,2,-0.2439943219043461,-0.0045953,-0.2530896219043461,-0.2575896219043461,29,pump_0_25,tdec_30_70,fund_flat,crowd_ge5,btc_down,0.002951593860684776,0.5559470886584459,-0.00022468,-0.13001726414977155
FORMUSDT,2025-03-19,e2526,105618,long,2,0.2439943219043461,0.0045953,0.2440896219043461,0.2395896219043461,29,pump_0_25,tdec_30_70,fund_flat,crowd_ge5,btc_down,0.002951593860684776,0.5559470886584459,-0.00022468,-0.13001726414977155
FORTHUSDT,2023-08-01,e2324,105533,short,1,0.005862057414665217,0.00166149,0.003023547414665217,-0.0014764525853347829,17,pump_le0,tdec_30_70,fund_flat,crowd_24,btc_down,-0.013971462544589808,0.30312619969833876,0.0001,-0.06354276688572058
FORTHUSDT,2023-08-01,e2324,105533,long,1,-0.005862057414665217,-0.00166149,-0.012023547414665216,-0.016523547414665215,17,pump_le0,tdec_30_70,fund_flat,crowd_24,btc_down,-0.013971462544589808,0.30312619969833876,0.0001,-0.06354276688572058
FORTHUSDT,2023-08-01,e2324,105533,short,2,0.00486201924688997,0.0014,0.0017620192468899704,-0.0027379807531100293,14,pump_le0,tdec_ge70,fund_flat,crowd_24,btc_down,-0.013971462544589808,3.064219691028587,0.0001,-0.05126145782188396
FORTHUSDT,2023-08-01,e2324,105533,long,2,-0.00486201924688997,-0.0014,-0.01076201924688997,-0.015262019246889968,14,pump_le0,tdec_ge70,fund_flat,crowd_24,btc_down,-0.013971462544589808,3.064219691028587,0.0001,-0.05126145782188396
FOXYUSDT,2024-04-12,e2324,105569,short,1,0.12594819927561,0.00161528,0.12306347927560998,0.11856347927560999,17,pump_le0,tdec_30_70,fund_flat,crowd_24,btc_down,-0.19867477137068068,0.6866647176836989,0.0001,-0.10588599067341431
FOXYUSDT,2024-04-12,e2324,105569,long,1,-0.12594819927561,-0.00161528,-0.13206347927561,-0.13656347927561,17,pump_le0,tdec_30_70,fund_flat,crowd_24,btc_down,-0.19867477137068068,0.6866647176836989,0.0001,-0.10588599067341431
FOXYUSDT,2024-04-12,e2324,105569,short,2,0.17457244272345923,0.00131528,0.17138772272345923,0.16688772272345923,14,pump_le0,tdec_30_70,fund_flat,crowd_24,btc_down,-0.19867477137068068,0.3090038891877667,0.0001,-0.05616637755703813
FOXYUSDT,2024-04-12,e2324,105569,long,2,-0.17457244272345923,-0.00131528,-0.18038772272345924,-0.18488772272345924,14,pump_le0,tdec_30_70,fund_flat,crowd_24,btc_down,-0.19867477137068068,0.3090038891877667,0.0001,-0.05616637755703813
FRAGUSDT,2025-07-01,e2526,105633,short,1,0.24609200535953554,-0.0018916599999999999,0.23970034535953555,0.23520034535953555,35,pump_le0,tdec_30_70,fund_flat,crowd_24,btc_up,-0.42062362530728425,0.4807961755791814,0.0001,0.028119424873756405
FRAGUSDT,2025-07-01,e2526,105633,long,1,-0.24609200535953554,0.0018916599999999999,-0.24870034535953556,-0.25320034535953556,35,pump_le0,tdec_30_70,fund_flat,crowd_24,btc_up,-0.42062362530728425,0.4807961755791814,0.0001,0.028119424873756405
FRAGUSDT,2025-07-01,e2526,105633,short,2,0.06688778330569371,0.0001342700000000001,0.06252205330569371,0.05802205330569372,29,pump_le0,tdec_lt30,fund_flat,crowd_24,btc_up,-0.42062362530728425,0.24178641595346806,0.0001,0.040021951166250735
FRAGUSDT,2025-07-01,e2526,105633,long,2,-0.06688778330569371,-0.0001342700000000001,-0.07152205330569372,-0.07602205330569371,29,pump_le0,tdec_lt30,fund_flat,crowd_24,btc_up,-0.42062362530728425,0.24178641595346806,0.0001,0.040021951166250735
FRONTUSDT,2023-09-18,e2324,105540,short,1,-0.47692097440978504,-0.00657046,-0.48799143440978504,-0.49249143440978504,17,pump_25_100,tdec_ge70,fund_flat,crowd_01,btc_up,0.3964883820792977,2597.14856652194,0.0001,0.03883254063759489
FRONTUSDT,2023-09-18,e2324,105540,long,1,0.47692097440978504,0.00657046,0.47899143440978503,0.47449143440978503,17,pump_25_100,tdec_ge70,fund_flat,crowd_01,btc_up,0.3964883820792977,2597.14856652194,0.0001,0.03883254063759489
FRONTUSDT,2023-09-18,e2324,105540,short,2,-0.3593710691823899,-0.0048643900000000006,-0.3687354591823899,-0.37323545918238993,14,pump_25_100,tdec_ge70,fund_flat,crowd_01,btc_up,0.3964883820792977,5850.502894647317,-0.00030232,0.0382071696364632
FRONTUSDT,2023-09-18,e2324,105540,long,2,0.3593710691823899,0.0048643900000000006,0.3597354591823899,0.3552354591823899,14,pump_25_100,tdec_ge70,fund_flat,crowd_01,btc_up,0.3964883820792977,5850.502894647317,-0.00030232,0.0382071696364632
FTMUSDT,2021-09-23,e2122,105436,short,1,-0.005421184320266848,0.0017000000000000001,-0.008221184320266847,-0.012721184320266848,17,pump_le0,tdec_ge70,fund_flat,crowd_01,btc_down,-0.044240733359904305,1.0471013792541217,0.0001,-0.12586412882539744
FTMUSDT,2021-09-23,e2122,105436,long,1,0.005421184320266848,-0.0017000000000000001,-0.0007788156797331521,-0.005278815679733152,17,pump_le0,tdec_ge70,fund_flat,crowd_01,btc_down,-0.044240733359904305,1.0471013792541217,0.0001,-0.12586412882539744
FTMUSDT,2021-09-23,e2122,105436,short,2,0.029388083735909804,0.0014,0.026288083735909802,0.021788083735909805,14,pump_le0,tdec_ge70,fund_flat,crowd_01,btc_down,-0.044240733359904305,1.6295513431607156,0.0001,-0.0902214730733123
FTMUSDT,2021-09-23,e2122,105436,long,2,-0.029388083735909804,-0.0014,-0.0352880837359098,-0.0397880837359098,14,pump_le0,tdec_ge70,fund_flat,crowd_01,btc_down,-0.044240733359904305,1.6295513431607156,0.0001,-0.0902214730733123
FTNUSDT,2024-05-16,e2324,105574,short,1,-0.02859745912841018,0.00043863999999999996,-0.03265881912841018,-0.03715881912841018,17,pump_0_25,tdec_lt30,fund_flat,crowd_ge5,btc_up,0.006469689251146216,0.12886172086679173,0.0001,0.0935260021226223
FTNUSDT,2024-05-16,e2324,105574,long,1,0.02859745912841018,-0.00043863999999999996,0.02365881912841018,0.01915881912841018,17,pump_0_25,tdec_lt30,fund_flat,crowd_ge5,btc_up,0.006469689251146216,0.12886172086679173,0.0001,0.0935260021226223
FTNUSDT,2024-05-16,e2324,105574,short,2,-0.02781711511227996,0.00013863999999999993,-0.03217847511227996,-0.03667847511227996,14,pump_0_25,tdec_lt30,fund_flat,crowd_ge5,btc_up,0.006469689251146216,0.08270533674426445,0.0001,0.05407352183226144
FTNUSDT,2024-05-16,e2324,105574,long,2,0.02781711511227996,-0.00013863999999999993,0.02317847511227996,0.018678475112279963,14,pump_0_25,tdec_lt30,fund_flat,crowd_ge5,btc_up,0.006469689251146216,0.08270533674426445,0.0001,0.05407352183226144
FTTUSDT,2021-10-12,e2122,105439,short,1,-0.055586334256694334,0.01019345,-0.04989288425669433,-0.054392884256694335,17,pump_0_25,tdec_30_70,fund_flat,crowd_ge5,btc_up,0.014995313964386137,0.3748585469891565,0.00034608,0.2761539317094872
FTTUSDT,2021-10-12,e2122,105439,long,1,0.055586334256694334,-0.01019345,0.04089288425669434,0.03639288425669433,17,pump_0_25,tdec_30_70,fund_flat,crowd_ge5,btc_up,0.014995313964386137,0.3748585469891565,0.00034608,0.2761539317094872
FTTUSDT,2021-10-12,e2122,105439,short,2,-0.030466919055345192,0.00869618,-0.02627073905534519,-0.030770739055345192,14,pump_0_25,tdec_30_70,fund_flat,crowd_ge5,btc_up,0.014995313964386137,0.4693305280364289,0.00044706,0.2180233175476225
FTTUSDT,2021-10-12,e2122,105439,long,2,0.030466919055345192,-0.00869618,0.01727073905534519,0.012770739055345192,14,pump_0_25,tdec_30_70,fund_flat,crowd_ge5,btc_up,0.014995313964386137,0.4693305280364289,0.00044706,0.2180233175476225
FUELUSDT,2024-12-31,e2324,105607,short,1,0.20317996341635003,0.0037210900000000002,0.20240105341635004,0.19790105341635003,35,pump_0_25,tdec_30_70,fund_flat,crowd_24,btc_down,0.056017830609212504,0.4176897339573235,0.0001,-0.013787119368086853
FUELUSDT,2024-12-31,e2324,105607,long,1,-0.20317996341635003,-0.0037210900000000002,-0.21140105341635004,-0.21590105341635005,35,pump_0_25,tdec_30_70,fund_flat,crowd_24,btc_down,0.056017830609212504,0.4176897339573235,0.0001,-0.013787119368086853
FUELUSDT,2024-12-31,e2324,105607,short,2,0.20239436619718304,0.00337828,0.20127264619718305,0.19677264619718304,29,pump_0_25,tdec_30_70,fund_flat,crowd_24,btc_up,0.056017830609212504,0.38168102760399464,0.0001,0.010851796713080564
FUELUSDT,2024-12-31,e2324,105607,long,2,-0.20239436619718304,-0.00337828,-0.21027264619718306,-0.21477264619718306,29,pump_0_25,tdec_30_70,fund_flat,crowd_24,btc_up,0.056017830609212504,0.38168102760399464,0.0001,0.010851796713080564
FUNUSDT,2023-12-14,e2324,105552,short,1,0.05078889784636651,0.00344532,0.049734217846366516,0.04523421784636651,17,pump_0_25,tdec_30_70,fund_pos,crowd_24,btc_up,0.08212861415752748,0.4029318748325716,0.00082791,0.10782210329366992
FUNUSDT,2023-12-14,e2324,105552,long,1,-0.05078889784636651,-0.00344532,-0.05873421784636651,-0.06323421784636651,17,pump_0_25,tdec_30_70,fund_pos,crowd_24,btc_up,0.08212861415752748,0.4029318748325716,0.00082791,0.10782210329366992
FUNUSDT,2023-12-14,e2324,105552,short,2,-0.08533052409797198,0.00159764,-0.08823288409797199,-0.09273288409797198,14,pump_0_25,tdec_lt30,fund_flat,crowd_24,btc_up,0.08212861415752748,0.16278325901942423,0.0001,0.16910043257735952
FUNUSDT,2023-12-14,e2324,105552,long,2,0.08533052409797198,-0.00159764,0.07923288409797198,0.07473288409797199,14,pump_0_25,tdec_lt30,fund_flat,crowd_24,btc_up,0.08212861415752748,0.16278325901942423,0.0001,0.16910043257735952
FUSDT,2024-12-06,e2324,105603,short,1,0.13878110020543258,-0.00382725,0.13045385020543257,0.12595385020543257,17,pump_le0,tdec_30_70,fund_pos,crowd_ge5,btc_up,-0.25783499915297303,0.31449137991037057,0.00082188,0.3168140146662659
FUSDT,2024-12-06,e2324,105603,long,1,-0.13878110020543258,0.00382725,-0.13945385020543258,-0.14395385020543258,17,pump_le0,tdec_30_70,fund_pos,crowd_ge5,btc_up,-0.25783499915297303,0.31449137991037057,0.00082188,0.3168140146662659
FUSDT,2024-12-06,e2324,105603,short,2,0.0932468156693103,-0.0060006899999999995,0.08274612566931029,0.0782461256693103,14,pump_le0,tdec_lt30,fund_flat,crowd_ge5,btc_up,-0.25783499915297303,0.18144753436328728,0.00031072,0.32245779214838555
FUSDT,2024-12-06,e2324,105603,long,2,-0.0932468156693103,0.0060006899999999995,-0.0917461256693103,-0.09624612566931029,14,pump_le0,tdec_lt30,fund_flat,crowd_ge5,btc_up,-0.25783499915297303,0.18144753436328728,0.00031072,0.32245779214838555
FWOGUSDT,2024-11-12,e2324,105600,short,1,0.278255849118852,0.03306427,0.306820119118852,0.302320119118852,17,pump_0_25,tdec_ge70,fund_pos,crowd_24,btc_up,0.20780342022248055,1.3615275619000577,0.00156256,0.3682061619156143
FWOGUSDT,2024-11-12,e2324,105600,long,1,-0.278255849118852,-0.03306427,-0.315820119118852,-0.320320119118852,17,pump_0_25,tdec_ge70,fund_pos,crowd_24,btc_up,0.20780342022248055,1.3615275619000577,0.00156256,0.3682061619156143
FWOGUSDT,2024-11-12,e2324,105600,short,2,0.139010511470786,0.02373325,0.158243761470786,0.153743761470786,14,pump_0_25,tdec_ge70,fund_pos,crowd_24,btc_up,0.20780342022248055,1.382998802472202,0.0021546,0.30287335924148584
FWOGUSDT,2024-11-12,e2324,105600,long,2,-0.139010511470786,-0.02373325,-0.167243761470786,-0.17174376147078602,14,pump_0_25,tdec_ge70,fund_pos,crowd_24,btc_up,0.20780342022248055,1.382998802472202,0.0021546,0.30287335924148584
FXSUSDT,2022-04-04,e2122,105464,short,1,0.21119515885022686,0.00296822,0.20966337885022684,0.20516337885022684,17,pump_le0,tdec_ge70,fund_flat,crowd_ge5,btc_up,-0.13752609603340304,1.9350595981301928,0.0001,0.18470333906339542
FXSUSDT,2022-04-04,e2122,105464,long,1,-0.21119515885022686,-0.00296822,-0.21866337885022685,-0.22316337885022686,17,pump_le0,tdec_ge70,fund_flat,crowd_ge5,btc_up,-0.13752609603340304,1.9350595981301928,0.0001,0.18470333906339542
FXSUSDT,2022-04-04,e2122,105464,short,2,0.1491514360313316,0.0026682200000000002,0.1473196560313316,0.1428196560313316,14,pump_le0,tdec_ge70,fund_flat,crowd_ge5,btc_up,-0.13752609603340304,1.3001272024356654,0.0001,0.13646776911733727
FXSUSDT,2022-04-04,e2122,105464,long,2,-0.1491514360313316,-0.0026682200000000002,-0.1563196560313316,-0.1608196560313316,14,pump_le0,tdec_ge70,fund_flat,crowd_ge5,btc_up,-0.13752609603340304,1.3001272024356654,0.0001,0.13646776911733727
GALAUSDT,2021-11-09,e2122,105443,short,1,-0.40356227888251794,0.01700851,-0.39105376888251797,-0.395553768882518,17,pump_le0,tdec_ge70,fund_pos,crowd_24,btc_up,-0.10444662952037587,1.1661893378183315,0.00375,0.12882800608828004
GALAUSDT,2021-11-09,e2122,105443,long,1,0.40356227888251794,-0.01700851,0.38205376888251796,0.37755376888251796,17,pump_le0,tdec_ge70,fund_pos,crowd_24,btc_up,-0.10444662952037587,1.1661893378183315,0.00375,0.12882800608828004
GALAUSDT,2021-11-09,e2122,105443,short,2,-0.3351514448183823,0.01098053,-0.32867091481838234,-0.33317091481838235,14,pump_le0,tdec_ge70,fund_pos,crowd_24,btc_up,-0.10444662952037587,0.821895757413985,0.00120579,0.15757240295682595
GALAUSDT,2021-11-09,e2122,105443,long,2,0.3351514448183823,-0.01098053,0.31967091481838233,0.31517091481838233,14,pump_le0,tdec_ge70,fund_pos,crowd_24,btc_up,-0.10444662952037587,0.821895757413985,0.00120579,0.15757240295682595
GALUSDT,2022-05-05,e2122,105468,short,1,0.6279602750190985,-0.00283951,0.6206207650190985,0.6161207650190984,17,pump_le0,tdec_ge70,fund_flat,crowd_24,btc_down,-0.08429520811472546,2.015837452880127,-0.000426,-0.16608547563052467
GALUSDT,2022-05-05,e2122,105468,long,1,-0.6279602750190985,0.00283951,-0.6296207650190984,-0.6341207650190984,17,pump_le0,tdec_ge70,fund_flat,crowd_24,btc_down,-0.08429520811472546,2.015837452880127,-0.000426,-0.16608547563052467
GALUSDT,2022-05-05,e2122,105468,short,2,0.5296957991308546,-0.0031395100000000003,0.5220562891308547,0.5175562891308546,14,pump_le0,tdec_ge70,fund_flat,crowd_24,btc_down,-0.08429520811472546,1.1967841113004236,0.0001,-0.18341124185414603
GALUSDT,2022-05-05,e2122,105468,long,2,-0.5296957991308546,0.0031395100000000003,-0.5310562891308546,-0.5355562891308546,14,pump_le0,tdec_ge70,fund_flat,crowd_24,btc_down,-0.08429520811472546,1.1967841113004236,0.0001,-0.18341124185414603
GASUSDT,2023-10-23,e2324,105545,short,1,-0.6389426176660219,0.00172392,-0.6417186976660219,-0.6462186976660219,17,pump_le0,tdec_ge70,fund_flat,crowd_24,btc_up,-0.044656606097936535,1.1813989855415559,0.000242,0.29363509181219016
GASUSDT,2023-10-23,e2324,105545,long,1,0.6389426176660219,-0.00172392,0.632718697666022,0.6282186976660219,17,pump_le0,tdec_ge70,fund_flat,crowd_24,btc_up,-0.044656606097936535,1.1813989855415559,0.000242,0.29363509181219016
GASUSDT,2023-10-23,e2324,105545,short,2,-0.7658909343522055,0.00142392,-0.7689670143522054,-0.7734670143522054,14,pump_le0,tdec_30_70,fund_flat,crowd_24,btc_up,-0.044656606097936535,0.5931086325197895,0.0001,0.31260104612458384
GASUSDT,2023-10-23,e2324,105545,long,2,0.7658909343522055,-0.00142392,0.7599670143522055,0.7554670143522054,14,pump_le0,tdec_30_70,fund_flat,crowd_24,btc_up,-0.044656606097936535,0.5931086325197895,0.0001,0.31260104612458384
GEMSUSDT,2024-12-05,e2324,105603,short,1,0.21463903324776143,0.00329036,0.21342939324776142,0.2089293932477614,17,pump_le0,tdec_lt30,fund_flat,crowd_ge5,btc_up,-0.1252601599298938,0.1673207947772197,0.00049447,0.3199739682195346
GEMSUSDT,2024-12-05,e2324,105603,long,1,-0.21463903324776143,-0.00329036,-0.22242939324776143,-0.22692939324776143,17,pump_le0,tdec_lt30,fund_flat,crowd_ge5,btc_up,-0.1252601599298938,0.1673207947772197,0.00049447,0.3199739682195346
GEMSUSDT,2024-12-05,e2324,105603,short,2,0.22721951820590225,0.0019132600000000002,0.22463277820590224,0.22013277820590224,14,pump_le0,tdec_lt30,fund_pos,crowd_ge5,btc_up,-0.1252601599298938,0.061569172340630446,0.00061588,0.3168140146662659
GEMSUSDT,2024-12-05,e2324,105603,long,2,-0.22721951820590225,-0.0019132600000000002,-0.23363277820590225,-0.23813277820590226,14,pump_le0,tdec_lt30,fund_pos,crowd_ge5,btc_up,-0.1252601599298938,0.061569172340630446,0.00061588,0.3168140146662659
GENIUSUSDT,2026-04-16,e2526,105674,short,1,0.039724652230030195,-0.0021367399999999994,0.0330879122300302,0.028587912230030196,35,pump_0_25,tdec_30_70,fund_pos,crowd_01,btc_up,0.2226898123794494,0.59399619308069,0.00364492,0.08151240561858186
GENIUSUSDT,2026-04-16,e2526,105674,long,1,-0.039724652230030195,0.0021367399999999994,-0.042087912230030194,-0.0465879122300302,35,pump_0_25,tdec_30_70,fund_pos,crowd_01,btc_up,0.2226898123794494,0.59399619308069,0.00364492,0.08151240561858186
GENIUSUSDT,2026-04-16,e2526,105674,short,2,0.0998790159967738,-0.00623969,0.0891393259967738,0.0846393259967738,29,pump_0_25,tdec_ge70,fund_flat,crowd_01,btc_up,0.2226898123794494,1.2274613196611723,0.0001,0.08254223560354768
GENIUSUSDT,2026-04-16,e2526,105674,long,2,-0.0998790159967738,0.00623969,-0.0981393259967738,-0.10263932599677379,29,pump_0_25,tdec_ge70,fund_flat,crowd_01,btc_up,0.2226898123794494,1.2274613196611723,0.0001,0.08254223560354768
GFTUSDT,2023-02-10,e2324,105508,short,1,0.321415270018622,-0.0316187,0.285296570018622,0.280796570018622,17,pump_0_25,tdec_ge70,fund_neg,crowd_24,btc_up,0.14109647258818536,2.2787274009980405,-0.00164129,0.16084484590860781
GFTUSDT,2023-02-10,e2324,105508,long,1,-0.321415270018622,0.0316187,-0.29429657001862203,-0.29879657001862203,17,pump_0_25,tdec_ge70,fund_neg,crowd_24,btc_up,0.14109647258818536,2.2787274009980405,-0.00164129,0.16084484590860781
GFTUSDT,2023-02-10,e2324,105508,short,2,0.23637887678122382,-0.03209419,0.19978468678122382,0.19528468678122382,14,pump_0_25,tdec_ge70,fund_pos,crowd_24,btc_up,0.14109647258818536,2.08832447547043,0.00061756,0.09382188959766946
GFTUSDT,2023-02-10,e2324,105508,long,2,-0.23637887678122382,0.03209419,-0.20878468678122383,-0.21328468678122384,14,pump_0_25,tdec_ge70,fund_pos,crowd_24,btc_up,0.14109647258818536,2.08832447547043,0.00061756,0.09382188959766946
GIGAUSDT,2024-12-12,e2324,105604,short,1,0.3600852272727273,0.0017000000000000001,0.35728522727272727,0.35278522727272726,17,pump_0_25,tdec_ge70,fund_flat,crowd_24,btc_up,0.012366983031348866,0.9130489275290058,0.0001,0.12171722087528991
GIGAUSDT,2024-12-12,e2324,105604,long,1,-0.3600852272727273,-0.0017000000000000001,-0.3662852272727273,-0.3707852272727273,17,pump_0_25,tdec_ge70,fund_flat,crowd_24,btc_up,0.012366983031348866,0.9130489275290058,0.0001,0.12171722087528991
GIGAUSDT,2024-12-12,e2324,105604,short,2,0.30649630541871925,0.0014,0.30339630541871926,0.29889630541871925,14,pump_0_25,tdec_30_70,fund_flat,crowd_24,btc_up,0.012366983031348866,0.3020362231491988,0.0001,0.16084507590368458
GIGAUSDT,2024-12-12,e2324,105604,long,2,-0.30649630541871925,-0.0014,-0.31239630541871927,-0.31689630541871927,14,pump_0_25,tdec_30_70,fund_flat,crowd_24,btc_up,0.012366983031348866,0.3020362231491988,0.0001,0.16084507590368458
GIGGLEUSDT,2025-10-09,e2526,105647,short,1,-0.11754700935462532,0.01627995,-0.10576705935462533,-0.11026705935462532,35,pump_0_25,tdec_ge70,fund_pos,crowd_24,btc_down,0.11072628043660782,2.415848953125446,0.01726062,-0.010163315479848944
GIGGLEUSDT,2025-10-09,e2526,105647,long,1,0.11754700935462532,-0.01627995,0.09676705935462532,0.09226705935462533,35,pump_0_25,tdec_ge70,fund_pos,crowd_24,btc_down,0.11072628043660782,2.415848953125446,0.01726062,-0.010163315479848944
GIGGLEUSDT,2025-10-09,e2526,105647,short,2,0.09620968974476553,0.00534317,0.09705285974476552,0.09255285974476553,29,pump_0_25,tdec_ge70,fund_pos,crowd_24,btc_down,0.11072628043660782,2.346792749759336,0.00503002,-0.041928238107901916
GIGGLEUSDT,2025-10-09,e2526,105647,long,2,-0.09620968974476553,-0.00534317,-0.10605285974476553,-0.11055285974476552,29,pump_0_25,tdec_ge70,fund_pos,crowd_24,btc_down,0.11072628043660782,2.346792749759336,0.00503002,-0.041928238107901916
GLMRUSDT,2022-03-30,e2122,105463,short,1,-0.18704117459304176,0.0062165,-0.18532467459304175,-0.18982467459304175,17,pump_le0,tdec_30_70,fund_flat,crowd_ge5,btc_up,-0.08096215899090642,0.6183060138570693,0.00029556,0.02526498383626752
GLMRUSDT,2022-03-30,e2122,105463,long,1,0.18704117459304176,-0.0062165,0.17632467459304174,0.17182467459304174,17,pump_le0,tdec_30_70,fund_flat,crowd_ge5,btc_up,-0.08096215899090642,0.6183060138570693,0.00029556,0.02526498383626752
GLMRUSDT,2022-03-30,e2122,105463,short,2,-0.07423454650491036,0.00566417,-0.07307037650491037,-0.07757037650491036,14,pump_le0,tdec_ge70,fund_flat,crowd_ge5,btc_up,-0.08096215899090642,0.9311430708374697,0.0001,0.05423354255185853
GLMRUSDT,2022-03-30,e2122,105463,long,2,0.07423454650491036,-0.00566417,0.06407037650491036,0.059570376504910365,14,pump_le0,tdec_ge70,fund_flat,crowd_ge5,btc_up,-0.08096215899090642,0.9311430708374697,0.0001,0.05423354255185853
GLMUSDT,2023-08-10,e2324,105534,short,1,0.24397424103035878,0.0017000000000000001,0.24117424103035878,0.23667424103035878,17,pump_le0,tdec_30_70,fund_flat,crowd_24,btc_down,-0.0680727023319615,0.4295746115456309,0.0001,-0.0314115609296689
GLMUSDT,2023-08-10,e2324,105534,long,1,-0.24397424103035878,-0.0017000000000000001,-0.2501742410303588,-0.2546742410303588,17,pump_le0,tdec_30_70,fund_flat,crowd_24,btc_down,-0.0680727023319615,0.4295746115456309,0.0001,-0.0314115609296689
GLMUSDT,2023-08-10,e2324,105534,short,2,0.22115339051319713,0.0014,0.21805339051319714,0.21355339051319713,14,pump_le0,tdec_30_70,fund_flat,crowd_24,btc_down,-0.0680727023319615,0.3206538606842503,0.0001,-0.06423897726585936
GLMUSDT,2023-08-10,e2324,105534,long,2,-0.22115339051319713,-0.0014,-0.22705339051319715,-0.23155339051319715,14,pump_le0,tdec_30_70,fund_flat,crowd_24,btc_down,-0.0680727023319615,0.3206538606842503,0.0001,-0.06423897726585936
GLWUSDT,2026-06-24,e2526,105684,short,1,-0.02430184470981827,0.00560506,-0.023196784709818268,-0.02769678470981827,17,pump_0_25,tdec_lt30,fund_flat,crowd_ge5,btc_down,0.09717053275554433,0.002103092189353895,0.00005081,-0.1958868156221425
GLWUSDT,2026-06-24,e2526,105684,long,1,0.02430184470981827,-0.00560506,0.014196784709818267,0.009696784709818268,17,pump_0_25,tdec_lt30,fund_flat,crowd_ge5,btc_down,0.09717053275554433,0.002103092189353895,0.00005081,-0.1958868156221425
GLWUSDT,2026-06-24,e2526,105684,short,2,0.00167564874779224,0.00372214,0.0008977887477922405,-0.003602211252207759,14,pump_0_25,tdec_30_70,fund_flat,crowd_ge5,btc_down,0.09717053275554433,0.3497221993705595,0.0,-0.19269637856056243
GLWUSDT,2026-06-24,e2526,105684,long,2,-0.00167564874779224,-0.00372214,-0.009897788747792239,-0.01439778874779224,14,pump_0_25,tdec_30_70,fund_flat,crowd_ge5,btc_down,0.09717053275554433,0.3497221993705595,0.0,-0.19269637856056243
GMEUSDT,2024-06-11,e2324,105578,short,1,0.5118777952024162,0.00384252,0.5112203152024162,0.5067203152024161,17,pump_le0,tdec_30_70,fund_flat,crowd_ge5,btc_up,-0.02337058256282254,0.6687470590290672,0.00044308,0.08474886106050916
GMEUSDT,2024-06-11,e2324,105578,long,1,-0.5118777952024162,-0.00384252,-0.5202203152024161,-0.5247203152024161,17,pump_le0,tdec_30_70,fund_flat,crowd_ge5,btc_up,-0.02337058256282254,0.6687470590290672,0.00044308,0.08474886106050916
GMEUSDT,2024-06-11,e2324,105578,short,2,0.4805612213363001,0.00378589,0.4798471113363001,0.4753471113363001,14,pump_le0,tdec_30_70,fund_flat,crowd_ge5,btc_up,-0.02337058256282254,0.46721225702219615,0.00022899,0.084432781984207
GMEUSDT,2024-06-11,e2324,105578,long,2,-0.4805612213363001,-0.00378589,-0.4888471113363001,-0.4933471113363001,14,pump_le0,tdec_30_70,fund_flat,crowd_ge5,btc_up,-0.02337058256282254,0.46721225702219615,0.00022899,0.084432781984207
GMTUSDT,2022-03-19,e2122,105461,short,1,-0.3238095238095237,-0.00529604,-0.3336055638095237,-0.3381055638095237,17,pump_le0,tdec_ge70,fund_flat,crowd_ge5,btc_up,-0.1994732464652066,0.9764095247958984,0.0001,0.03181289766122086
GMTUSDT,2022-03-19,e2122,105461,long,1,0.3238095238095237,0.00529604,0.3246055638095237,0.3201055638095237,17,pump_le0,tdec_ge70,fund_flat,crowd_ge5,btc_up,-0.1994732464652066,0.9764095247958984,0.0001,0.03181289766122086
GMTUSDT,2022-03-19,e2122,105461,short,2,0.04065754799849428,0.00090153,0.03705907799849428,0.03255907799849428,14,pump_le0,tdec_ge70,fund_neg,crowd_ge5,btc_up,-0.1994732464652066,9.49121943997244,-0.00213106,0.02298821884984026
GMTUSDT,2022-03-19,e2122,105461,long,2,-0.04065754799849428,-0.00090153,-0.04605907799849428,-0.05055907799849428,14,pump_le0,tdec_ge70,fund_neg,crowd_ge5,btc_up,-0.1994732464652066,9.49121943997244,-0.00213106,0.02298821884984026
GMXUSDT,2022-10-10,e2122,105491,short,1,-0.008260128490887763,-0.04623376,-0.05899388849088776,-0.06349388849088776,17,pump_le0,tdec_30_70,fund_neg,crowd_01,btc_down,-0.11313953488372097,0.5581857126415878,-0.00117652,-0.12643282897753327
GMXUSDT,2022-10-10,e2122,105491,long,1,0.008260128490887763,0.04623376,0.04999388849088777,0.045493888490887764,17,pump_le0,tdec_30_70,fund_neg,crowd_01,btc_down,-0.11313953488372097,0.5581857126415878,-0.00117652,-0.12643282897753327
GMXUSDT,2022-10-10,e2122,105491,short,2,0.0038860103626942636,-0.04400444,-0.04461842963730573,-0.049118429637305734,14,pump_le0,tdec_lt30,fund_flat,crowd_01,btc_down,-0.11313953488372097,0.23653555750365282,-0.00041205,-0.14473948679009307
GMXUSDT,2022-10-10,e2122,105491,long,2,-0.0038860103626942636,0.04400444,0.035618429637305736,0.031118429637305732,14,pump_le0,tdec_lt30,fund_flat,crowd_01,btc_down,-0.11313953488372097,0.23653555750365282,-0.00041205,-0.14473948679009307
GNOUSDT,2024-05-14,e2324,105574,short,1,-0.21160250671441352,0.0019511,-0.21415140671441352,-0.21865140671441352,17,pump_0_25,tdec_30_70,fund_flat,crowd_24,btc_up,0.0025490055288288627,0.32521262500044334,0.0001,0.04370822077879066
GNOUSDT,2024-05-14,e2324,105574,long,1,0.21160250671441352,-0.0019511,0.2051514067144135,0.2006514067144135,17,pump_0_25,tdec_30_70,fund_flat,crowd_24,btc_up,0.0025490055288288627,0.32521262500044334,0.0001,0.04370822077879066
GNOUSDT,2024-05-14,e2324,105574,short,2,-0.26823599970012746,0.0016511000000000002,-0.27108489970012745,-0.27558489970012745,14,pump_0_25,tdec_lt30,fund_flat,crowd_24,btc_up,0.0025490055288288627,0.13782523869014146,0.0001,0.022795163417345776
GNOUSDT,2024-05-14,e2324,105574,long,2,0.26823599970012746,-0.0016511000000000002,0.26208489970012744,0.25758489970012743,14,pump_0_25,tdec_lt30,fund_flat,crowd_24,btc_up,0.0025490055288288627,0.13782523869014146,0.0001,0.022795163417345776
GOATUSDT,2024-10-23,e2324,105597,short,1,0.13313253012048198,0.00720469,0.135837220120482,0.131337220120482,17,pump_0_25,tdec_ge70,fund_pos,crowd_24,btc_up,0.06240000000000001,1.1385391627288257,0.00142629,0.06105347042581477
GOATUSDT,2024-10-23,e2324,105597,long,1,-0.13313253012048198,-0.00720469,-0.144837220120482,-0.149337220120482,17,pump_0_25,tdec_ge70,fund_pos,crowd_24,btc_up,0.06240000000000001,1.1385391627288257,0.00142629,0.06105347042581477
GOATUSDT,2024-10-23,e2324,105597,short,2,0.18620104623215047,0.00557528,0.18727632623215046,0.18277632623215045,14,pump_0_25,tdec_ge70,fund_flat,crowd_24,btc_up,0.06240000000000001,0.9043340793966309,0.00039217,0.056022404526525404
GOATUSDT,2024-10-23,e2324,105597,long,2,-0.18620104623215047,-0.00557528,-0.19627632623215047,-0.20077632623215047,14,pump_0_25,tdec_ge70,fund_flat,crowd_24,btc_up,0.06240000000000001,0.9043340793966309,0.00039217,0.056022404526525404
GODSUSDT,2023-11-22,e2324,105549,short,1,-0.05040996052232009,0.0017000000000000001,-0.053209960522320084,-0.05770996052232009,17,pump_0_25,tdec_lt30,fund_flat,crowd_ge5,btc_up,0.2246188174042396,0.20352335238673827,0.0001,0.09906647257468504
GODSUSDT,2023-11-22,e2324,105549,long,1,0.05040996052232009,-0.0017000000000000001,0.04420996052232009,0.039709960522320085,17,pump_0_25,tdec_lt30,fund_flat,crowd_ge5,btc_up,0.2246188174042396,0.20352335238673827,0.0001,0.09906647257468504
GODSUSDT,2023-11-22,e2324,105549,short,2,0.12252663622526638,0.0014,0.11942663622526638,0.11492663622526639,14,pump_0_25,tdec_30_70,fund_flat,crowd_ge5,btc_up,0.2246188174042396,0.3772119973070444,0.0001,0.09331980872337353
GODSUSDT,2023-11-22,e2324,105549,long,2,-0.12252663622526638,-0.0014,-0.12842663622526637,-0.13292663622526638,14,pump_0_25,tdec_30_70,fund_flat,crowd_ge5,btc_up,0.2246188174042396,0.3772119973070444,0.0001,0.09331980872337353
GOMININGUSDT,2024-10-02,e2324,105594,short,1,-0.08302055628744,0.0017000000000000001,-0.08582055628744001,-0.09032055628744,17,pump_le0,tdec_lt30,fund_flat,crowd_24,btc_up,-0.05903403110747274,0.17706524961965808,0.0001,0.0570180782660461
GOMININGUSDT,2024-10-02,e2324,105594,long,1,0.08302055628744,-0.0017000000000000001,0.07682055628744,0.07232055628744001,17,pump_le0,tdec_lt30,fund_flat,crowd_24,btc_up,-0.05903403110747274,0.17706524961965808,0.0001,0.0570180782660461
GOMININGUSDT,2024-10-02,e2324,105594,short,2,-0.055601317957166316,0.0014,-0.058701317957166314,-0.06320131795716631,14,pump_le0,tdec_lt30,fund_flat,crowd_24,btc_up,-0.05903403110747274,0.16658879707642318,0.0001,0.07121602822337048
GOMININGUSDT,2024-10-02,e2324,105594,long,2,0.055601317957166316,-0.0014,0.04970131795716632,0.045201317957166316,14,pump_le0,tdec_lt30,fund_flat,crowd_24,btc_up,-0.05903403110747274,0.16658879707642318,0.0001,0.07121602822337048
GOOGLUSDT,2026-04-27,e2526,105676,short,1,-0.09738792092238155,0.0061432200000000005,-0.09574470092238155,-0.10024470092238154,17,pump_0_25,tdec_30_70,fund_flat,crowd_ge5,btc_up,0.01699205679536786,0.327184958636841,0.00013628,0.15622352846689003
GOOGLUSDT,2026-04-27,e2526,105676,long,1,0.09738792092238155,-0.0061432200000000005,0.08674470092238154,0.08224470092238155,17,pump_0_25,tdec_30_70,fund_flat,crowd_ge5,btc_up,0.01699205679536786,0.327184958636841,0.00013628,0.15622352846689003
GOOGLUSDT,2026-04-27,e2526,105676,short,2,-0.02173623504967893,0.00606937,-0.02016686504967893,-0.02466686504967893,14,pump_0_25,tdec_ge70,fund_flat,crowd_ge5,btc_up,0.01699205679536786,1.4958658239288094,0.0,0.13453741577089384
GOOGLUSDT,2026-04-27,e2526,105676,long,2,0.02173623504967893,-0.00606937,0.01116686504967893,0.00666686504967893,14,pump_0_25,tdec_ge70,fund_flat,crowd_ge5,btc_up,0.01699205679536786,1.4958658239288094,0.0,0.13453741577089384
GORKUSDT,2025-05-05,e2526,105625,short,1,-0.29874502601775343,0.00819153,-0.29505349601775344,-0.29955349601775344,35,pump_le0,tdec_ge70,fund_neg,crowd_24,btc_up,-0.5388198757763976,1.014306977996744,-0.00166682,0.23505762598547242
GORKUSDT,2025-05-05,e2526,105625,long,1,0.29874502601775343,-0.00819153,0.28605349601775343,0.2815534960177534,35,pump_le0,tdec_ge70,fund_neg,crowd_24,btc_up,-0.5388198757763976,1.014306977996744,-0.00166682,0.23505762598547242
GORKUSDT,2025-05-05,e2526,105625,short,2,-0.5412277515437706,0.00886053,-0.5368672215437705,-0.5413672215437706,29,pump_le0,tdec_30_70,fund_flat,crowd_24,btc_up,-0.5388198757763976,0.6376450256375941,0.0001,0.22546216331981794
GORKUSDT,2025-05-05,e2526,105625,long,2,0.5412277515437706,-0.00886053,0.5278672215437706,0.5233672215437706,29,pump_le0,tdec_30_70,fund_flat,crowd_24,btc_up,-0.5388198757763976,0.6376450256375941,0.0001,0.22546216331981794
GPSUSDT,2025-02-18,e2526,105614,short,1,-0.05508299611858956,-0.037122379999999996,-0.09670537611858956,-0.10120537611858955,35,pump_0_25,tdec_30_70,fund_neg,crowd_ge5,btc_down,0.05021682567215957,0.6479415145473827,-0.01312996,-0.05517672334970036
GPSUSDT,2025-02-18,e2526,105614,long,1,0.05508299611858956,0.037122379999999996,0.08770537611858956,0.08320537611858957,35,pump_0_25,tdec_30_70,fund_neg,crowd_ge5,btc_down,0.05021682567215957,0.6479415145473827,-0.01312996,-0.05517672334970036
GPSUSDT,2025-02-18,e2526,105614,short,2,0.030358227079538374,-0.02105436,0.004803867079538373,0.0003038670795383735,29,pump_0_25,tdec_30_70,fund_flat,crowd_ge5,btc_down,0.05021682567215957,0.5093110116473735,0.0001,-0.07430844042350526
GPSUSDT,2025-02-18,e2526,105614,long,2,-0.030358227079538374,0.02105436,-0.013803867079538373,-0.01830386707953837,29,pump_0_25,tdec_30_70,fund_flat,crowd_ge5,btc_down,0.05021682567215957,0.5093110116473735,0.0001,-0.07430844042350526
GPTUSDT,2023-03-17,e2324,105513,short,1,0.3215118992067195,0.00838364,0.32539553920671954,0.32089553920671954,17,pump_le0,tdec_30_70,fund_pos,crowd_24,btc_up,-0.25667707249393,0.688604068358555,0.00090019,0.1438498011949565
GPTUSDT,2023-03-17,e2324,105513,long,1,-0.3215118992067195,-0.00838364,-0.33439553920671955,-0.33889553920671955,17,pump_le0,tdec_30_70,fund_pos,crowd_24,btc_up,-0.25667707249393,0.688604068358555,0.00090019,0.1438498011949565
GPTUSDT,2023-03-17,e2324,105513,short,2,0.4006595218466612,0.00686604,0.4030255618466612,0.3985255618466612,14,pump_le0,tdec_30_70,fund_pos,crowd_24,btc_up,-0.25667707249393,0.5970870486050801,0.00118039,0.13768817641793474
GPTUSDT,2023-03-17,e2324,105513,long,2,-0.4006595218466612,-0.00686604,-0.4120255618466612,-0.41652556184666123,14,pump_le0,tdec_30_70,fund_pos,crowd_24,btc_up,-0.25667707249393,0.5970870486050801,0.00118039,0.13768817641793474
GRAMUSDT,2026-06-22,e2526,105684,short,1,-0.02020330368487918,0.0007885100000000001,-0.02391479368487918,-0.028414793684879182,35,pump_le0,tdec_ge70,fund_neg,crowd_24,btc_down,-0.04750378214826023,1.2769782629282123,-0.00078126,-0.18613961639567722
GRAMUSDT,2026-06-22,e2526,105684,long,1,0.02020330368487918,-0.0007885100000000001,0.01491479368487918,0.010414793684879181,35,pump_le0,tdec_ge70,fund_neg,crowd_24,btc_down,-0.04750378214826023,1.2769782629282123,-0.00078126,-0.18613961639567722
GRAMUSDT,2026-06-22,e2526,105684,short,2,-0.012292756729496217,0.0009742500000000001,-0.015818506729496216,-0.020318506729496217,29,pump_le0,tdec_ge70,fund_flat,crowd_24,btc_down,-0.04750378214826023,0.7077565115777326,0.0001,-0.21237052037706794
GRAMUSDT,2026-06-22,e2526,105684,long,2,0.012292756729496217,-0.0009742500000000001,0.006818506729496218,0.0023185067294962183,29,pump_le0,tdec_ge70,fund_flat,crowd_24,btc_down,-0.04750378214826023,0.7077565115777326,0.0001,-0.21237052037706794
GRASSUSDT,2024-10-17,e2324,105596,short,1,-0.13853586808108406,0.0017000000000000001,-0.14133586808108406,-0.14583586808108406,17,pump_le0,tdec_lt30,fund_flat,crowd_ge5,btc_up,-0.16482456140350876,0.16163366029057602,0.0001,0.10784420110877702
GRASSUSDT,2024-10-17,e2324,105596,long,1,0.13853586808108406,-0.0017000000000000001,0.13233586808108405,0.12783586808108405,17,pump_le0,tdec_lt30,fund_flat,crowd_ge5,btc_up,-0.16482456140350876,0.16163366029057602,0.0001,0.10784420110877702
GRASSUSDT,2024-10-17,e2324,105596,short,2,-0.00696702275894107,0.0014,-0.01006702275894107,-0.014567022758941069,14,pump_le0,tdec_lt30,fund_flat,crowd_ge5,btc_up,-0.16482456140350876,0.1513133729666092,0.0001,0.08656162789958488
GRASSUSDT,2024-10-17,e2324,105596,long,2,0.00696702275894107,-0.0014,0.0010670227589410705,-0.003432977241058929,14,pump_le0,tdec_lt30,fund_flat,crowd_ge5,btc_up,-0.16482456140350876,0.1513133729666092,0.0001,0.08656162789958488
GRIFFAINUSDT,2024-12-20,e2324,105605,short,1,-0.008855555053539915,-0.0039942499999999995,-0.017349805053539915,-0.021849805053539915,17,pump_25_100,tdec_30_70,fund_flat,crowd_ge5,btc_down,0.2682214072885629,0.6269341116780541,0.0001,-0.011518261811757857
GRIFFAINUSDT,2024-12-20,e2324,105605,long,1,0.008855555053539915,0.0039942499999999995,0.008349805053539914,0.003849805053539915,17,pump_25_100,tdec_30_70,fund_flat,crowd_ge5,btc_down,0.2682214072885629,0.6269341116780541,0.0001,-0.011518261811757857
GRIFFAINUSDT,2024-12-20,e2324,105605,short,2,-0.17348118562118975,-0.0042942499999999995,-0.18227543562118975,-0.18677543562118976,14,pump_25_100,tdec_30_70,fund_flat,crowd_ge5,btc_down,0.2682214072885629,0.31263742691902396,0.0001,-0.03842764308164981
GRIFFAINUSDT,2024-12-20,e2324,105605,long,2,0.17348118562118975,0.0042942499999999995,0.17327543562118974,0.16877543562118974,14,pump_25_100,tdec_30_70,fund_flat,crowd_ge5,btc_down,0.2682214072885629,0.31263742691902396,0.0001,-0.03842764308164981
GRTUSDT,2021-12-06,e2122,105447,short,1,0.13144517066085698,0.0017000000000000001,0.12864517066085698,0.124145170660857,17,pump_0_25,tdec_ge70,fund_flat,crowd_ge5,btc_down,0.08853754940711478,1.140744177113511,0.0001,-0.20048526808295397
GRTUSDT,2021-12-06,e2122,105447,long,1,-0.13144517066085698,-0.0017000000000000001,-0.137645170660857,-0.142145170660857,17,pump_0_25,tdec_ge70,fund_flat,crowd_ge5,btc_down,0.08853754940711478,1.140744177113511,0.0001,-0.20048526808295397
GRTUSDT,2021-12-06,e2122,105447,short,2,0.21573770491803276,0.0014,0.21263770491803277,0.20813770491803277,14,pump_0_25,tdec_ge70,fund_flat,crowd_ge5,btc_down,0.08853754940711478,1.8097724735045728,0.0001,-0.25371467453608176
GRTUSDT,2021-12-06,e2122,105447,long,2,-0.21573770491803276,-0.0014,-0.22163770491803278,-0.22613770491803278,14,pump_0_25,tdec_ge70,fund_flat,crowd_ge5,btc_down,0.08853754940711478,1.8097724735045728,0.0001,-0.25371467453608176
GTCUSDT,2021-11-29,e2122,105446,short,1,0.3508975101331789,0.00749598,0.3538934901331789,0.3493934901331789,17,pump_le0,tdec_ge70,fund_pos,crowd_ge5,btc_down,-0.12290502793296099,1.2765518149634,0.00091326,-0.07134239786103236
GTCUSDT,2021-11-29,e2122,105446,long,1,-0.3508975101331789,-0.00749598,-0.3628934901331789,-0.3673934901331789,17,pump_le0,tdec_ge70,fund_pos,crowd_ge5,btc_down,-0.12290502793296099,1.2765518149634,0.00091326,-0.07134239786103236
GTCUSDT,2021-11-29,e2122,105446,short,2,0.32163388804841136,0.00519738,0.32233126804841133,0.31783126804841133,14,pump_le0,tdec_ge70,fund_pos,crowd_ge5,btc_down,-0.12290502793296099,1.793333729379652,0.00050337,-0.061107966431225846
GTCUSDT,2021-11-29,e2122,105446,long,2,-0.32163388804841136,-0.00519738,-0.33133126804841134,-0.33583126804841135,14,pump_le0,tdec_ge70,fund_pos,crowd_ge5,btc_down,-0.12290502793296099,1.793333729379652,0.00050337,-0.061107966431225846
GUNUSDT,2025-03-31,e2526,105620,short,1,0.15291878172588827,-0.026030789999999998,0.12238799172588827,0.11788799172588828,35,pump_le0,tdec_30_70,fund_flat,crowd_24,btc_down,-0.40735169690702266,0.5834203504521828,0.0001,-0.09685157071367723
GUNUSDT,2025-03-31,e2526,105620,long,1,-0.15291878172588827,0.026030789999999998,-0.13138799172588828,-0.13588799172588828,35,pump_le0,tdec_30_70,fund_flat,crowd_24,btc_down,-0.40735169690702266,0.5834203504521828,0.0001,-0.09685157071367723
GUNUSDT,2025-03-31,e2526,105620,short,2,-0.010024588613580531,-0.02589661,-0.04042119861358053,-0.044921198613580536,29,pump_le0,tdec_30_70,fund_flat,crowd_24,btc_down,-0.40735169690702266,0.4086602828917782,-0.000177,-0.042908224076281254
GUNUSDT,2025-03-31,e2526,105620,long,2,0.010024588613580531,0.02589661,0.03142119861358054,0.026921198613580534,29,pump_le0,tdec_30_70,fund_flat,crowd_24,btc_down,-0.40735169690702266,0.4086602828917782,-0.000177,-0.042908224076281254
GUSDT,2024-07-25,e2324,105584,short,1,0.1563197026022305,-0.00388042,0.1479392826022305,0.1434392826022305,17,pump_0_25,tdec_30_70,fund_flat,crowd_ge5,btc_up,0.02261927390230012,0.34478929049112966,-0.0001957,0.11576057923847549
GUSDT,2024-07-25,e2324,105584,long,1,-0.1563197026022305,0.00388042,-0.1569392826022305,-0.1614392826022305,17,pump_0_25,tdec_30_70,fund_flat,crowd_ge5,btc_up,0.02261927390230012,0.34478929049112966,-0.0001957,0.11576057923847549
GUSDT,2024-07-25,e2324,105584,short,2,0.12391430225825134,-0.00235451,0.11705979225825133,0.11255979225825134,14,pump_0_25,tdec_lt30,fund_neg,crowd_ge5,btc_up,0.02261927390230012,0.18256119464740195,-0.00103616,0.10124149563327633
GUSDT,2024-07-25,e2324,105584,long,2,-0.12391430225825134,0.00235451,-0.12605979225825134,-0.13055979225825134,14,pump_0_25,tdec_lt30,fund_neg,crowd_ge5,btc_up,0.02261927390230012,0.18256119464740195,-0.00103616,0.10124149563327633
GWEIUSDT,2026-05-18,e2526,105679,short,1,0.1313207547169812,0.00242115,0.12924190471698122,0.12474190471698123,35,pump_le0,tdec_30_70,fund_flat,crowd_ge5,btc_up,-0.04949784791965561,0.4937840009573534,0.0001,0.04121557686624433
GWEIUSDT,2026-05-18,e2526,105679,long,1,-0.1313207547169812,-0.00242115,-0.13824190471698122,-0.14274190471698123,35,pump_le0,tdec_30_70,fund_flat,crowd_ge5,btc_up,-0.04949784791965561,0.4937840009573534,0.0001,0.04121557686624433
GWEIUSDT,2026-05-18,e2526,105679,short,2,0.12003058103975539,0.00212115,0.11765173103975539,0.1131517310397554,29,pump_le0,tdec_lt30,fund_flat,crowd_ge5,btc_up,-0.04949784791965561,0.22444295822565397,0.0001,0.022823862534322004
GWEIUSDT,2026-05-18,e2526,105679,long,2,-0.12003058103975539,-0.00212115,-0.12665173103975538,-0.1311517310397554,29,pump_le0,tdec_lt30,fund_flat,crowd_ge5,btc_up,-0.04949784791965561,0.22444295822565397,0.0001,0.022823862534322004
HAEDALUSDT,2025-04-30,e2526,105624,short,1,-0.06547715162279999,-0.03734381,-0.1073209616228,-0.11182096162279999,35,pump_25_100,tdec_ge70,fund_flat,crowd_ge5,btc_up,0.5443890274314216,2.9797079259604793,0.0001,0.1327420842118865
HAEDALUSDT,2025-04-30,e2526,105624,long,1,0.06547715162279999,0.03734381,0.09832096162279999,0.0938209616228,35,pump_25_100,tdec_ge70,fund_flat,crowd_ge5,btc_up,0.5443890274314216,2.9797079259604793,0.0001,0.1327420842118865
HAEDALUSDT,2025-04-30,e2526,105624,short,2,0.32288353001539244,-0.0254847,0.29289883001539246,0.28839883001539246,29,pump_25_100,tdec_ge70,fund_neg,crowd_ge5,btc_up,0.5443890274314216,5.7631635902503815,-0.00578214,0.17419341539334599
HAEDALUSDT,2025-04-30,e2526,105624,long,2,-0.32288353001539244,0.0254847,-0.30189883001539247,-0.3063988300153925,29,pump_25_100,tdec_ge70,fund_neg,crowd_ge5,btc_up,0.5443890274314216,5.7631635902503815,-0.00578214,0.17419341539334599
HANAUSDT,2025-10-17,e2526,105648,short,1,-0.03560371517027867,0.01261948,-0.027484235170278665,-0.031984235170278666,35,pump_le0,tdec_ge70,fund_flat,crowd_ge5,btc_down,-0.04047530634979579,1.0942340794160457,0.00032316,-0.08460950151038038
HANAUSDT,2025-10-17,e2526,105648,long,1,0.03560371517027867,-0.01261948,0.018484235170278664,0.013984235170278666,35,pump_le0,tdec_ge70,fund_flat,crowd_ge5,btc_down,-0.04047530634979579,1.0942340794160457,0.00032316,-0.08460950151038038
HANAUSDT,2025-10-17,e2526,105648,short,2,-0.04756312389900166,0.01137396,-0.04068916389900165,-0.045189163899001655,29,pump_le0,tdec_ge70,fund_flat,crowd_ge5,btc_down,-0.04047530634979579,0.7358999293546856,0.0001,-0.06035670992075126
HANAUSDT,2025-10-17,e2526,105648,long,2,0.04756312389900166,-0.01137396,0.03168916389900166,0.027189163899001653,29,pump_le0,tdec_ge70,fund_flat,crowd_ge5,btc_down,-0.04047530634979579,0.7358999293546856,0.0001,-0.06035670992075126
HBARUSDT,2021-10-25,e2122,105441,short,1,-0.023006134969325173,0.0152147,-0.012291434969325173,-0.016791434969325173,17,pump_0_25,tdec_ge70,fund_pos,crowd_ge5,btc_up,0.030558482613277205,2.605126745839211,0.00325249,0.3970951040689392
HBARUSDT,2021-10-25,e2122,105441,long,1,0.023006134969325173,-0.0152147,0.003291434969325174,-0.0012085650306748255,17,pump_0_25,tdec_ge70,fund_pos,crowd_ge5,btc_up,0.030558482613277205,2.605126745839211,0.00325249,0.3970951040689392
HBARUSDT,2021-10-25,e2122,105441,short,2,-0.14261241970021413,0.00954638,-0.13756603970021414,-0.14206603970021414,14,pump_0_25,tdec_ge70,fund_flat,crowd_ge5,btc_up,0.030558482613277205,2.1229131597284048,0.0001542,0.38680341474982205
HBARUSDT,2021-10-25,e2122,105441,long,2,0.14261241970021413,-0.00954638,0.12856603970021413,0.12406603970021414,14,pump_0_25,tdec_ge70,fund_flat,crowd_ge5,btc_up,0.030558482613277205,2.1229131597284048,0.0001542,0.38680341474982205
HEIUSDT,2025-02-14,e2526,105613,short,1,0.16560324825986075,0.00019643000000000015,0.16129967825986075,0.15679967825986074,35,pump_le0,tdec_30_70,fund_neg,crowd_ge5,btc_down,-0.1376766287357759,0.453951625617536,-0.00056802,-0.024132079587136368
HEIUSDT,2025-02-14,e2526,105613,long,1,-0.16560324825986075,-0.00019643000000000015,-0.17029967825986075,-0.17479967825986076,35,pump_le0,tdec_30_70,fund_neg,crowd_ge5,btc_down,-0.1376766287357759,0.453951625617536,-0.00056802,-0.024132079587136368
HEIUSDT,2025-02-14,e2526,105613,short,2,0.17576278470133222,0.0006042800000000001,0.17186706470133223,0.16736706470133222,29,pump_le0,tdec_30_70,fund_flat,crowd_ge5,btc_down,-0.1376766287357759,0.3004021500063238,0.0001,-0.07677839629097116
HEIUSDT,2025-02-14,e2526,105613,long,2,-0.17576278470133222,-0.0006042800000000001,-0.18086706470133224,-0.18536706470133224,29,pump_le0,tdec_30_70,fund_flat,crowd_ge5,btc_down,-0.1376766287357759,0.3004021500063238,0.0001,-0.07677839629097116
HEMIUSDT,2025-09-23,e2526,105645,short,1,0.45304672026098103,-0.000053129999999999933,0.448493590260981,0.443993590260981,35,pump_0_25,tdec_ge70,fund_flat,crowd_24,btc_up,0.1054868624420402,1.2343755230237823,0.0001,0.028943478541324286
HEMIUSDT,2025-09-23,e2526,105645,long,1,-0.45304672026098103,0.000053129999999999933,-0.457493590260981,-0.461993590260981,35,pump_0_25,tdec_ge70,fund_flat,crowd_24,btc_up,0.1054868624420402,1.2343755230237823,0.0001,0.028943478541324286
HEMIUSDT,2025-09-23,e2526,105645,short,2,0.2975985636268423,-0.00032947999999999994,0.2927690836268423,0.2882690836268423,29,pump_0_25,tdec_30_70,fund_flat,crowd_24,btc_down,0.1054868624420402,0.6180901219342391,0.0001,-0.024988565480191682
HEMIUSDT,2025-09-23,e2526,105645,long,2,-0.2975985636268423,0.00032947999999999994,-0.3017690836268423,-0.3062690836268423,29,pump_0_25,tdec_30_70,fund_flat,crowd_24,btc_down,0.1054868624420402,0.6180901219342391,0.0001,-0.024988565480191682
HFTUSDT,2023-03-14,e2324,105513,short,1,0.06148956750034543,0.0017000000000000001,0.05868956750034544,0.05418956750034543,17,pump_0_25,tdec_30_70,fund_flat,crowd_24,btc_up,0.0006913716814160864,0.3775302358098788,0.0001,0.11562385152517463
HFTUSDT,2023-03-14,e2324,105513,long,1,-0.06148956750034543,-0.0017000000000000001,-0.06768956750034544,-0.07218956750034543,17,pump_0_25,tdec_30_70,fund_flat,crowd_24,btc_up,0.0006913716814160864,0.3775302358098788,0.0001,0.11562385152517463
HFTUSDT,2023-03-14,e2324,105513,short,2,0.037960339943342684,0.0014,0.034860339943342686,0.030360339943342682,14,pump_0_25,tdec_lt30,fund_flat,crowd_24,btc_up,0.0006913716814160864,0.2830159311128797,0.0001,0.12644641883150554
HFTUSDT,2023-03-14,e2324,105513,long,2,-0.037960339943342684,-0.0014,-0.04386033994334268,-0.048360339943342684,14,pump_0_25,tdec_lt30,fund_flat,crowd_24,btc_up,0.0006913716814160864,0.2830159311128797,0.0001,0.12644641883150554
HIFIUSDT,2023-08-28,e2324,105537,short,1,-0.21961640273069255,-0.00486187,-0.22897827273069254,-0.23347827273069255,17,pump_le0,tdec_ge70,fund_flat,crowd_24,btc_down,-0.010613857746737732,2.132778188902803,0.00001939,-0.053649937997683916
HIFIUSDT,2023-08-28,e2324,105537,long,1,0.21961640273069255,0.00486187,0.21997827273069254,0.21547827273069253,17,pump_le0,tdec_ge70,fund_flat,crowd_24,btc_down,-0.010613857746737732,2.132778188902803,0.00001939,-0.053649937997683916
HIFIUSDT,2023-08-28,e2324,105537,short,2,-0.2810106824057364,-0.00494569,-0.2904563724057364,-0.2949563724057364,14,pump_le0,tdec_ge70,fund_flat,crowd_24,btc_down,-0.010613857746737732,2.304125805841962,0.0001,-0.06644105610380369
HIFIUSDT,2023-08-28,e2324,105537,long,2,0.2810106824057364,0.00494569,0.2814563724057364,0.2769563724057364,14,pump_le0,tdec_ge70,fund_flat,crowd_24,btc_down,-0.010613857746737732,2.304125805841962,0.0001,-0.06644105610380369
HIGHUSDT,2023-02-17,e2324,105509,short,1,0.1358639894474572,0.00482989,0.1361938794474572,0.1316938794474572,17,pump_0_25,tdec_ge70,fund_pos,crowd_24,btc_up,0.07567397130695253,1.0253803878750398,0.00099759,0.1699741197141298
HIGHUSDT,2023-02-17,e2324,105509,long,1,-0.1358639894474572,-0.00482989,-0.1451938794474572,-0.1496938794474572,17,pump_0_25,tdec_ge70,fund_pos,crowd_24,btc_up,0.07567397130695253,1.0253803878750398,0.00099759,0.1699741197141298
HIGHUSDT,2023-02-17,e2324,105509,short,2,0.15384615384615385,0.0028135,0.15215965384615385,0.14765965384615384,14,pump_0_25,tdec_ge70,fund_pos,crowd_24,btc_up,0.07567397130695253,3.7943831557508214,0.00054804,0.07107893981859514
HIGHUSDT,2023-02-17,e2324,105509,long,2,-0.15384615384615385,-0.0028135,-0.16115965384615386,-0.16565965384615386,14,pump_0_25,tdec_ge70,fund_pos,crowd_24,btc_up,0.07567397130695253,3.7943831557508214,0.00054804,0.07107893981859514
HIPPOUSDT,2024-11-14,e2324,105600,short,1,0.3127962085308057,0.01642467,0.32472087853080567,0.32022087853080566,17,pump_0_25,tdec_ge70,fund_pos,crowd_ge5,btc_up,0.21206318812829106,1.543704392049297,0.00128863,0.34810363473091965
HIPPOUSDT,2024-11-14,e2324,105600,long,1,-0.3127962085308057,-0.01642467,-0.3337208785308057,-0.3382208785308057,17,pump_0_25,tdec_ge70,fund_pos,crowd_ge5,btc_up,0.21206318812829106,1.543704392049297,0.00128863,0.34810363473091965
HIPPOUSDT,2024-11-14,e2324,105600,short,2,0.37342455887648546,0.01211914,0.3810436988764854,0.3765436988764854,14,pump_0_25,tdec_ge70,fund_pos,crowd_ge5,btc_up,0.21206318812829106,1.1727400249903748,0.00120108,0.34478204610745755
HIPPOUSDT,2024-11-14,e2324,105600,long,2,-0.37342455887648546,-0.01211914,-0.39004369887648543,-0.39454369887648544,14,pump_0_25,tdec_ge70,fund_pos,crowd_ge5,btc_up,0.21206318812829106,1.1727400249903748,0.00120108,0.34478204610745755
HIVEUSDT,2024-12-23,e2324,105606,short,1,-0.000280662363177067,-0.067951,-0.07273166236317707,-0.07723166236317706,31,pump_le0,tdec_ge70,fund_flat,crowd_ge5,btc_up,-0.027034407427635188,0.9118745301694191,0.00001967,0.006126839658586292
HIVEUSDT,2024-12-23,e2324,105606,long,1,0.000280662363177067,0.067951,0.06373166236317707,0.05923166236317707,31,pump_le0,tdec_ge70,fund_flat,crowd_ge5,btc_up,-0.027034407427635188,0.9118745301694191,0.00001967,0.006126839658586292
HIVEUSDT,2024-12-23,e2324,105606,short,2,-0.10958904109589045,-0.06812193,-0.18221097109589046,-0.18671097109589047,28,pump_le0,tdec_ge70,fund_flat,crowd_ge5,btc_up,-0.027034407427635188,0.8410542816722706,0.0000287,0.06882599799363676
HIVEUSDT,2024-12-23,e2324,105606,long,2,0.10958904109589045,0.06812193,0.17321097109589045,0.16871097109589045,28,pump_le0,tdec_ge70,fund_flat,crowd_ge5,btc_up,-0.027034407427635188,0.8410542816722706,0.0000287,0.06882599799363676
HMSTRUSDT,2024-09-13,e2324,105591,short,1,-0.5456110154905336,0.0017000000000000001,-0.5484110154905335,-0.5529110154905336,17,pump_le0,tdec_30_70,fund_flat,crowd_24,btc_up,-0.7095,0.5830151490205719,0.0001,0.042633428321559697
HMSTRUSDT,2024-09-13,e2324,105591,long,1,0.5456110154905336,-0.0017000000000000001,0.5394110154905336,0.5349110154905335,17,pump_le0,tdec_30_70,fund_flat,crowd_24,btc_up,-0.7095,0.5830151490205719,0.0001,0.042633428321559697
HMSTRUSDT,2024-09-13,e2324,105591,short,2,-0.3965785381026439,0.0014,-0.39967853810264387,-0.40417853810264387,14,pump_le0,tdec_30_70,fund_flat,crowd_24,btc_up,-0.7095,0.33920131416643545,0.0001,0.004268479184367013
HMSTRUSDT,2024-09-13,e2324,105591,long,2,0.3965785381026439,-0.0014,0.39067853810264386,0.38617853810264385,14,pump_le0,tdec_30_70,fund_flat,crowd_24,btc_up,-0.7095,0.33920131416643545,0.0001,0.004268479184367013
HNTUSDT,2022-01-24,e2122,105454,short,1,-0.0860719874804383,-0.00560455,-0.0961765374804383,-0.1006765374804383,17,pump_0_25,tdec_ge70,fund_flat,crowd_24,btc_down,0.2389723703344644,1.9229035824834948,-0.00040951,-0.27235387979433845
HNTUSDT,2022-01-24,e2122,105454,long,1,0.0860719874804383,0.00560455,0.0871765374804383,0.08267653748043831,17,pump_0_25,tdec_ge70,fund_flat,crowd_24,btc_down,0.2389723703344644,1.9229035824834948,-0.00040951,-0.27235387979433845
HNTUSDT,2022-01-24,e2122,105454,short,2,0.04407713498622581,-0.00361089,0.03596624498622582,0.031466244986225814,14,pump_0_25,tdec_ge70,fund_neg,crowd_24,btc_down,0.2389723703344644,5.707228777529398,-0.00072982,-0.2748464200842101
HNTUSDT,2022-01-24,e2122,105454,long,2,-0.04407713498622581,0.00361089,-0.04496624498622581,-0.049466244986225816,14,pump_0_25,tdec_ge70,fund_neg,crowd_24,btc_down,0.2389723703344644,5.707228777529398,-0.00072982,-0.2748464200842101
HOLOUSDT,2025-09-11,e2526,105643,short,1,0.10176579925650558,-0.0015648899999999998,0.09570090925650558,0.09120090925650559,40,pump_le0,tdec_30_70,fund_flat,crowd_24,btc_down,-0.24371815146722897,0.37164782529671325,0.0001,-0.0597982942568992
HOLOUSDT,2025-09-11,e2526,105643,long,1,-0.10176579925650558,0.0015648899999999998,-0.10470090925650559,-0.10920090925650558,40,pump_le0,tdec_30_70,fund_flat,crowd_24,btc_down,-0.24371815146722897,0.37164782529671325,0.0001,-0.0597982942568992
HOLOUSDT,2025-09-11,e2526,105643,short,2,0.12967131922557404,0.0011355100000000002,0.12630682922557404,0.12180682922557405,29,pump_le0,tdec_lt30,fund_flat,crowd_24,btc_down,-0.24371815146722897,0.23839679664735952,0.0004,-0.02030019424930718
HOLOUSDT,2025-09-11,e2526,105643,long,2,-0.12967131922557404,-0.0011355100000000002,-0.13530682922557405,-0.13980682922557405,29,pump_le0,tdec_lt30,fund_flat,crowd_24,btc_down,-0.24371815146722897,0.23839679664735952,0.0004,-0.02030019424930718
HOMEUSDT,2025-06-10,e2526,105630,short,1,0.2590380383527192,-0.06251783,0.1920202083527192,0.1875202083527192,35,pump_0_25,tdec_ge70,fund_neg,crowd_24,btc_up,0.2406396255850234,0.7881682894578245,-0.00356678,0.05708348743503411
HOMEUSDT,2025-06-10,e2526,105630,long,1,-0.2590380383527192,0.06251783,-0.20102020835271922,-0.20552020835271922,35,pump_0_25,tdec_ge70,fund_neg,crowd_24,btc_up,0.2406396255850234,0.7881682894578245,-0.00356678,0.05708348743503411
HOMEUSDT,2025-06-10,e2526,105630,short,2,0.19170096021947866,-0.0460786,0.14112236021947866,0.13662236021947866,29,pump_0_25,tdec_ge70,fund_neg,crowd_24,btc_up,0.2406396255850234,0.9431405555360872,-0.00526408,0.014704441023689618
HOMEUSDT,2025-06-10,e2526,105630,long,2,-0.19170096021947866,0.0460786,-0.15012236021947867,-0.15462236021947867,29,pump_0_25,tdec_ge70,fund_neg,crowd_24,btc_up,0.2406396255850234,0.9431405555360872,-0.00526408,0.014704441023689618
HOODUSDT,2026-04-22,e2526,105675,short,1,0.15164809105999533,0.00412812,0.15127621105999534,0.14677621105999533,17,pump_le0,tdec_30_70,fund_flat,crowd_ge5,btc_up,-0.05912539045069165,0.4979013534796242,0.00043423,0.10913479196180287
HOODUSDT,2026-04-22,e2526,105675,long,1,-0.15164809105999533,-0.00412812,-0.16027621105999534,-0.16477621105999535,17,pump_le0,tdec_30_70,fund_flat,crowd_ge5,btc_up,-0.05912539045069165,0.4979013534796242,0.00043423,0.10913479196180287
HOODUSDT,2026-04-22,e2526,105675,short,2,0.15585181689476177,0.00317921,0.15453102689476175,0.15003102689476175,14,pump_le0,tdec_30_70,fund_pos,crowd_ge5,btc_up,-0.05912539045069165,0.41305463625200733,0.00064319,0.08555725250791313
HOODUSDT,2026-04-22,e2526,105675,long,2,-0.15585181689476177,-0.00317921,-0.16353102689476176,-0.16803102689476176,14,pump_le0,tdec_30_70,fund_pos,crowd_ge5,btc_up,-0.05912539045069165,0.41305463625200733,0.00064319,0.08555725250791313
HOOKUSDT,2023-02-13,e2324,105509,short,1,-0.007097640514099352,0.00524598,-0.006351660514099352,-0.010851660514099352,17,pump_0_25,tdec_30_70,fund_flat,crowd_24,btc_up,0.09932517924926199,0.5983304019594412,0.0001,0.06255867420250971
HOOKUSDT,2023-02-13,e2324,105509,long,1,0.007097640514099352,-0.00524598,-0.0026483394859006474,-0.007148339485900647,17,pump_0_25,tdec_30_70,fund_flat,crowd_24,btc_up,0.09932517924926199,0.5983304019594412,0.0001,0.06255867420250971
HOOKUSDT,2023-02-13,e2324,105509,short,2,0.1192752893809764,0.00494598,0.1197212693809764,0.1152212693809764,14,pump_0_25,tdec_ge70,fund_flat,crowd_24,btc_up,0.09932517924926199,0.7356593099927553,0.0001,0.14879361631805077
HOOKUSDT,2023-02-13,e2324,105509,long,2,-0.1192752893809764,-0.00494598,-0.1287212693809764,-0.1332212693809764,14,pump_0_25,tdec_ge70,fund_flat,crowd_24,btc_up,0.09932517924926199,0.7356593099927553,0.0001,0.14879361631805077
HOTUSDT,2022-03-28,e2122,105463,short,1,-0.06668804103879458,0.00396813,-0.06721991103879459,-0.07171991103879458,17,pump_le0,tdec_30_70,fund_flat,crowd_ge5,btc_up,-0.07034277198211625,0.564140177047407,0.0004523,0.2589406610911986
HOTUSDT,2022-03-28,e2122,105463,long,1,0.06668804103879458,-0.00396813,0.058219911038794585,0.05371991103879458,17,pump_le0,tdec_30_70,fund_flat,crowd_ge5,btc_up,-0.07034277198211625,0.564140177047407,0.0004523,0.2589406610911986
HOTUSDT,2022-03-28,e2122,105463,short,2,-0.019145351508653714,0.00333965,-0.020305701508653715,-0.024805701508653716,14,pump_le0,tdec_30_70,fund_flat,crowd_ge5,btc_up,-0.07034277198211625,0.6394898027522528,0.00020026,0.08976721011344013
HOTUSDT,2022-03-28,e2122,105463,long,2,0.019145351508653714,-0.00333965,0.011305701508653714,0.0068057015086537154,14,pump_le0,tdec_30_70,fund_flat,crowd_ge5,btc_up,-0.07034277198211625,0.6394898027522528,0.00020026,0.08976721011344013
HPEUSDT,2026-06-26,e2526,105684,short,1,0.05746336996336992,-0.00032061,0.05264275996336992,0.04814275996336992,17,pump_le0,tdec_lt30,fund_flat,crowd_ge5,btc_down,-0.051259774109470024,0.12342830765783563,0.0,-0.18481988543104666
HPEUSDT,2026-06-26,e2526,105684,long,1,-0.05746336996336992,0.00032061,-0.06164275996336992,-0.06614275996336992,17,pump_le0,tdec_lt30,fund_flat,crowd_ge5,btc_down,-0.051259774109470024,0.12342830765783563,0.0,-0.18481988543104666
HPEUSDT,2026-06-26,e2526,105684,short,2,0.04699074074074076,-3.68e-6,0.04248706074074077,0.03798706074074076,14,pump_le0,tdec_lt30,fund_flat,crowd_ge5,btc_down,-0.051259774109470024,0.14040473757591096,0.0,-0.18909872775823733
HPEUSDT,2026-06-26,e2526,105684,long,2,-0.04699074074074076,3.68e-6,-0.05148706074074076,-0.055987060740740766,14,pump_le0,tdec_lt30,fund_flat,crowd_ge5,btc_down,-0.051259774109470024,0.14040473757591096,0.0,-0.18909872775823733
HPOS10IUSDT,2024-10-21,e2324,105597,short,1,-0.043568464730290454,0.00091118,-0.047157284730290454,-0.05165728473029046,17,pump_le0,tdec_lt30,fund_flat,crowd_24,btc_up,-0.11042756075053828,0.24578085479429385,0.0001,0.060733376449058074
HPOS10IUSDT,2024-10-21,e2324,105597,long,1,0.043568464730290454,-0.00091118,0.03815728473029046,0.033657284730290456,17,pump_le0,tdec_lt30,fund_flat,crowd_24,btc_up,-0.11042756075053828,0.24578085479429385,0.0001,0.060733376449058074
HPOS10IUSDT,2024-10-21,e2324,105597,short,2,-0.15411089866156788,0.0007713,-0.15783959866156788,-0.16233959866156789,14,pump_le0,tdec_30_70,fund_flat,crowd_24,btc_up,-0.11042756075053828,0.3166952996912564,-0.00002338,0.052968206754820724
HPOS10IUSDT,2024-10-21,e2324,105597,long,2,0.15411089866156788,-0.0007713,0.14883959866156787,0.14433959866156787,14,pump_le0,tdec_30_70,fund_flat,crowd_24,btc_up,-0.11042756075053828,0.3166952996912564,-0.00002338,0.052968206754820724
HUMAUSDT,2025-05-26,e2526,105628,short,1,0.33907754688291936,-0.00054939,0.33402815688291937,0.32952815688291937,35,pump_le0,tdec_30_70,fund_flat,crowd_24,btc_up,-0.18369880016549445,0.3666162842784489,-0.00007046,0.16183564567769482
HUMAUSDT,2025-05-26,e2526,105628,long,1,-0.33907754688291936,0.00054939,-0.3430281568829194,-0.3475281568829194,35,pump_le0,tdec_30_70,fund_flat,crowd_24,btc_up,-0.18369880016549445,0.3666162842784489,-0.00007046,0.16183564567769482
HUMAUSDT,2025-05-26,e2526,105628,short,2,0.24798154555940013,-0.00055386,0.24292768555940014,0.23842768555940014,29,pump_le0,tdec_lt30,fund_flat,crowd_24,btc_up,-0.18369880016549445,0.20315343216321968,0.0001,0.1344555158118852
HUMAUSDT,2025-05-26,e2526,105628,long,2,-0.24798154555940013,0.00055386,-0.25192768555940015,-0.25642768555940015,29,pump_le0,tdec_lt30,fund_flat,crowd_24,btc_up,-0.18369880016549445,0.20315343216321968,0.0001,0.1344555158118852
HUSDT,2025-06-25,e2526,105632,short,1,-2.31156957541525,-0.16772594,-2.4837955154152502,-2.48829551541525,46,pump_le0,tdec_ge70,fund_neg,crowd_24,btc_down,-0.48654361343918207,0.90163502453853,-0.00161794,-0.01799217372134032
HUSDT,2025-06-25,e2526,105632,long,1,2.31156957541525,0.16772594,2.47479551541525,2.47029551541525,46,pump_le0,tdec_ge70,fund_neg,crowd_24,btc_down,-0.48654361343918207,0.90163502453853,-0.00161794,-0.01799217372134032
HUSDT,2025-06-25,e2526,105632,short,2,-2.390277369401156,-0.15493158,-2.549708949401156,-2.554208949401156,40,pump_le0,tdec_30_70,fund_neg,crowd_24,btc_down,-0.48654361343918207,0.5200729081604196,-0.00288334,-0.006861959793537764
HUSDT,2025-06-25,e2526,105632,long,2,2.390277369401156,0.15493158,2.540708949401156,2.536208949401156,40,pump_le0,tdec_30_70,fund_neg,crowd_24,btc_down,-0.48654361343918207,0.5200729081604196,-0.00288334,-0.006861959793537764
HYPERUSDT,2025-04-22,e2526,105623,short,1,0.12118491921005384,0.00173492,0.11841983921005383,0.11391983921005384,35,pump_le0,tdec_30_70,fund_flat,crowd_24,btc_up,-0.07513491075134915,0.6702869641202641,0.00004344,0.07060721542101023
HYPERUSDT,2025-04-22,e2526,105623,long,1,-0.12118491921005384,-0.00173492,-0.12741983921005384,-0.13191983921005385,35,pump_le0,tdec_30_70,fund_flat,crowd_24,btc_up,-0.07513491075134915,0.6702869641202641,0.00004344,0.07060721542101023
HYPERUSDT,2025-04-22,e2526,105623,short,2,0.09267840593141793,0.0014500000000000001,0.08962840593141794,0.08512840593141795,29,pump_le0,tdec_lt30,fund_flat,crowd_24,btc_up,-0.07513491075134915,0.21920704285193932,0.0001,0.075353928005641
HYPERUSDT,2025-04-22,e2526,105623,long,2,-0.09267840593141793,-0.0014500000000000001,-0.09862840593141795,-0.10312840593141794,29,pump_le0,tdec_lt30,fund_flat,crowd_24,btc_up,-0.07513491075134915,0.21920704285193932,0.0001,0.075353928005641
HYPEUSDT,2024-12-05,e2324,105603,short,1,-0.28815254350290026,0.0017000000000000001,-0.2909525435029003,-0.2954525435029003,17,pump_0_25,tdec_lt30,fund_flat,crowd_ge5,btc_up,0.0868840579710144,0.2914855970227701,0.0001,0.3199739682195346
HYPEUSDT,2024-12-05,e2324,105603,long,1,0.28815254350290026,-0.0017000000000000001,0.2819525435029003,0.2774525435029003,17,pump_0_25,tdec_lt30,fund_flat,crowd_ge5,btc_up,0.0868840579710144,0.2914855970227701,0.0001,0.3199739682195346
HYPEUSDT,2024-12-05,e2324,105603,short,2,-0.2628104575163399,0.0014,-0.2659104575163399,-0.2704104575163399,14,pump_0_25,tdec_30_70,fund_flat,crowd_ge5,btc_up,0.0868840579710144,0.3225054068159425,0.0001,0.3168140146662659
HYPEUSDT,2024-12-05,e2324,105603,long,2,0.2628104575163399,-0.0014,0.2569104575163399,0.2524104575163399,14,pump_0_25,tdec_30_70,fund_flat,crowd_ge5,btc_up,0.0868840579710144,0.3225054068159425,0.0001,0.3168140146662659
HYUNDAIUSDT,2026-06-04,e2526,105681,short,1,0.0033167100145553136,0.0035667200000000002,0.002383430014555314,-0.0021165699854446855,17,pump_le0,tdec_ge70,fund_flat,crowd_ge5,btc_down,-0.10236034955448947,2.7113943983536353,0.0001061,-0.25023404616053724
HYUNDAIUSDT,2026-06-04,e2526,105681,long,1,-0.0033167100145553136,-0.0035667200000000002,-0.011383430014555313,-0.015883430014555312,17,pump_le0,tdec_ge70,fund_flat,crowd_ge5,btc_down,-0.10236034955448947,2.7113943983536353,0.0001061,-0.25023404616053724
HYUNDAIUSDT,2026-06-04,e2526,105681,short,2,0.005689257063962452,0.00219016,0.0033794170639624534,-0.0011205829360375463,14,pump_le0,tdec_30_70,fund_flat,crowd_ge5,btc_down,-0.10236034955448947,0.3815213512516164,0.0,-0.23907101433690858
HYUNDAIUSDT,2026-06-04,e2526,105681,long,2,-0.005689257063962452,-0.00219016,-0.012379417063962454,-0.016879417063962454,14,pump_le0,tdec_30_70,fund_flat,crowd_ge5,btc_down,-0.10236034955448947,0.3815213512516164,0.0,-0.23907101433690858
IBMUSDT,2026-06-05,e2526,105681,short,1,0.025023202684372067,-0.00780691,0.012716292684372067,0.008216292684372068,17,pump_le0,tdec_ge70,fund_flat,crowd_ge5,btc_down,-0.06498447982377098,0.8786644361713949,-0.00040335,-0.23907101433690858
IBMUSDT,2026-06-05,e2526,105681,long,1,-0.025023202684372067,0.00780691,-0.021716292684372068,-0.026216292684372068,17,pump_le0,tdec_ge70,fund_flat,crowd_ge5,btc_down,-0.06498447982377098,0.8786644361713949,-0.00040335,-0.23907101433690858
IBMUSDT,2026-06-05,e2526,105681,short,2,0.02755723288354046,-0.00281088,0.02024635288354046,0.01574635288354046,14,pump_le0,tdec_lt30,fund_neg,crowd_ge5,btc_down,-0.06498447982377098,0.09245476432165113,-0.00177207,-0.2102295338836625
IBMUSDT,2026-06-05,e2526,105681,long,2,-0.02755723288354046,0.00281088,-0.029246352883540463,-0.03374635288354046,14,pump_le0,tdec_lt30,fund_neg,crowd_ge5,btc_down,-0.06498447982377098,0.09245476432165113,-0.00177207,-0.2102295338836625
ICNTUSDT,2025-07-03,e2526,105633,short,1,-0.10090702947845806,-0.01253233,-0.11793935947845806,-0.12243935947845805,35,pump_le0,tdec_30_70,fund_neg,crowd_24,btc_up,-0.39561443581544087,0.48919654259373463,-0.00995892,0.03170601166013576
ICNTUSDT,2025-07-03,e2526,105633,long,1,0.10090702947845806,0.01253233,0.10893935947845805,0.10443935947845806,35,pump_le0,tdec_30_70,fund_neg,crowd_24,btc_up,-0.39561443581544087,0.48919654259373463,-0.00995892,0.03170601166013576
ICNTUSDT,2025-07-03,e2526,105633,short,2,-0.18318440292445168,-0.006469399999999999,-0.19415380292445167,-0.19865380292445167,29,pump_le0,tdec_30_70,fund_neg,crowd_24,btc_up,-0.39561443581544087,0.31653728350056387,-0.0021671,0.06593254953910699
ICNTUSDT,2025-07-03,e2526,105633,long,2,0.18318440292445168,0.006469399999999999,0.18515380292445166,0.18065380292445166,29,pump_le0,tdec_30_70,fund_neg,crowd_24,btc_up,-0.39561443581544087,0.31653728350056387,-0.0021671,0.06593254953910699
ICPUSDT,2021-09-15,e2122,105435,short,1,0.1393343679944819,0.00426915,0.1391035179944819,0.1346035179944819,17,pump_le0,tdec_ge70,fund_flat,crowd_01,btc_up,-0.0020650490449147796,0.9270908613798512,0.00032913,0.06796941376380627
ICPUSDT,2021-09-15,e2122,105435,long,1,-0.1393343679944819,-0.00426915,-0.1481035179944819,-0.1526035179944819,17,pump_le0,tdec_ge70,fund_flat,crowd_01,btc_up,-0.0020650490449147796,0.9270908613798512,0.00032913,0.06796941376380627
ICPUSDT,2021-09-15,e2122,105435,short,2,0.11679348787825167,0.00289875,0.11519223787825167,0.11069223787825168,14,pump_le0,tdec_ge70,fund_flat,crowd_01,btc_up,-0.0020650490449147796,0.8753041574774443,0.000414,0.05691929353901193
ICPUSDT,2021-09-15,e2122,105435,long,2,-0.11679348787825167,-0.00289875,-0.12419223787825168,-0.12869223787825168,14,pump_le0,tdec_ge70,fund_flat,crowd_01,btc_up,-0.0020650490449147796,0.8753041574774443,0.000414,0.05691929353901193
ICXUSDT,2022-04-13,e2122,105465,short,1,-0.026336375488917856,0.0014591200000000002,-0.029377255488917856,-0.03387725548891785,17,pump_0_25,tdec_ge70,fund_flat,crowd_ge5,btc_up,0.0076195480819758465,1.0042269806444384,0.0001,0.016547861507128392
ICXUSDT,2022-04-13,e2122,105465,long,1,0.026336375488917856,-0.0014591200000000002,0.020377255488917854,0.015877255488917857,17,pump_0_25,tdec_ge70,fund_flat,crowd_ge5,btc_up,0.0076195480819758465,1.0042269806444384,0.0001,0.016547861507128392
ICXUSDT,2022-04-13,e2122,105465,short,2,-0.007422574865625835,0.0013662400000000001,-0.010556334865625835,-0.015056334865625834,14,pump_0_25,tdec_ge70,fund_flat,crowd_ge5,btc_down,0.0076195480819758465,2.6647448853818703,0.0001,-0.014492577417354657
ICXUSDT,2022-04-13,e2122,105465,long,2,0.007422574865625835,-0.0013662400000000001,0.0015563348656258353,-0.0029436651343741644,14,pump_0_25,tdec_ge70,fund_flat,crowd_ge5,btc_down,0.0076195480819758465,2.6647448853818703,0.0001,-0.014492577417354657
IDEXUSDT,2023-05-23,e2324,105523,short,1,-0.08999354422207863,0.0017000000000000001,-0.09279354422207864,-0.09729354422207863,17,pump_le0,tdec_ge70,fund_flat,crowd_24,btc_down,-0.06911057692307687,0.7700198152737784,0.0001,-0.042996242693621234
IDEXUSDT,2023-05-23,e2324,105523,long,1,0.08999354422207863,-0.0017000000000000001,0.08379354422207863,0.07929354422207864,17,pump_le0,tdec_ge70,fund_flat,crowd_24,btc_down,-0.06911057692307687,0.7700198152737784,0.0001,-0.042996242693621234
IDEXUSDT,2023-05-23,e2324,105523,short,2,-0.10065189048239884,0.0014,-0.10375189048239884,-0.10825189048239883,14,pump_le0,tdec_30_70,fund_flat,crowd_24,btc_down,-0.06911057692307687,0.4552056352619278,0.0001,-0.06438733542452779
IDEXUSDT,2023-05-23,e2324,105523,long,2,0.10065189048239884,-0.0014,0.09475189048239883,0.09025189048239884,14,pump_le0,tdec_30_70,fund_flat,crowd_24,btc_down,-0.06911057692307687,0.4552056352619278,0.0001,-0.06438733542452779
IDUSDT,2023-03-24,e2324,105514,short,1,-0.011181434599156175,0.00166802,-0.014013414599156174,-0.018513414599156175,17,pump_le0,tdec_30_70,fund_flat,crowd_24,btc_up,-0.12562257885998906,0.5820590520432465,0.0001,0.1465759262044417
IDUSDT,2023-03-24,e2324,105514,long,1,0.011181434599156175,-0.00166802,0.005013414599156174,0.0005134145991561746,17,pump_le0,tdec_30_70,fund_flat,crowd_24,btc_up,-0.12562257885998906,0.5820590520432465,0.0001,0.1465759262044417
IDUSDT,2023-03-24,e2324,105514,short,2,0.016517902944495746,0.0014,0.013417902944495744,0.008917902944495746,14,pump_le0,tdec_ge70,fund_flat,crowd_24,btc_up,-0.12562257885998906,0.7108099843625663,0.0001,0.20558462115755383
IDUSDT,2023-03-24,e2324,105514,long,2,-0.016517902944495746,-0.0014,-0.022417902944495745,-0.026917902944495746,14,pump_le0,tdec_ge70,fund_flat,crowd_24,btc_up,-0.12562257885998906,0.7108099843625663,0.0001,0.20558462115755383
IGUUSDT,2023-12-06,e2324,105551,short,1,-0.4877712710988632,0.02307645,-0.4691948210988632,-0.4736948210988632,17,pump_25_100,tdec_30_70,fund_pos,crowd_01,btc_up,0.28993556987336144,0.4350929248755861,0.00230342,0.2225437197419864
IGUUSDT,2023-12-06,e2324,105551,long,1,0.4877712710988632,-0.02307645,0.46019482109886317,0.45569482109886317,17,pump_25_100,tdec_30_70,fund_pos,crowd_01,btc_up,0.28993556987336144,0.4350929248755861,0.00230342,0.2225437197419864
IGUUSDT,2023-12-06,e2324,105551,short,2,-0.46779949022939676,0.01953167,-0.45276782022939677,-0.45726782022939677,14,pump_25_100,tdec_lt30,fund_pos,crowd_01,btc_up,0.28993556987336144,0.20930452271394073,0.00137617,0.24039257386712753
IGUUSDT,2023-12-06,e2324,105551,long,2,0.46779949022939676,-0.01953167,0.44376782022939676,0.43926782022939675,14,pump_25_100,tdec_lt30,fund_pos,crowd_01,btc_up,0.28993556987336144,0.20930452271394073,0.00137617,0.24039257386712753
ILVUSDT,2021-11-26,e2122,105445,short,1,0.037606278613472856,0.02260296,0.05570923861347286,0.05120923861347285,17,pump_0_25,tdec_ge70,fund_flat,crowd_ge5,btc_down,0.05572049989643024,0.7297997131716936,0.0001,-0.09723378132287386
ILVUSDT,2021-11-26,e2122,105445,long,1,-0.037606278613472856,-0.02260296,-0.06470923861347286,-0.06920923861347285,17,pump_0_25,tdec_ge70,fund_flat,crowd_ge5,btc_down,0.05572049989643024,0.7297997131716936,0.0001,-0.09723378132287386
ILVUSDT,2021-11-26,e2122,105445,short,2,0.08834644693637315,0.01976824,0.10361468693637316,0.09911468693637317,14,pump_0_25,tdec_ge70,fund_flat,crowd_ge5,btc_down,0.05572049989643024,0.7486280591671125,0.00046294,-0.0802728731942215
ILVUSDT,2021-11-26,e2122,105445,long,2,-0.08834644693637315,-0.01976824,-0.11261468693637317,-0.11711468693637316,14,pump_0_25,tdec_ge70,fund_flat,crowd_ge5,btc_down,0.05572049989643024,0.7486280591671125,0.00046294,-0.0802728731942215
IMXUSDT,2021-11-24,e2122,105445,short,1,0.2057877813504823,0.01294752,0.2142353013504823,0.2097353013504823,17,pump_0_25,tdec_ge70,fund_pos,crowd_ge5,btc_down,0.12585978037890655,1.8422971792814804,0.00239606,-0.02277381218859076
IMXUSDT,2021-11-24,e2122,105445,long,1,-0.2057877813504823,-0.01294752,-0.2232353013504823,-0.2277353013504823,17,pump_0_25,tdec_ge70,fund_pos,crowd_ge5,btc_down,0.12585978037890655,1.8422971792814804,0.00239606,-0.02277381218859076
IMXUSDT,2021-11-24,e2122,105445,short,2,0.03553299492385783,0.00753865,0.03857164492385783,0.03407164492385783,14,pump_0_25,tdec_ge70,fund_pos,crowd_ge5,btc_down,0.12585978037890655,1.9407698265729063,0.00128736,-0.08004240657301886
IMXUSDT,2021-11-24,e2122,105445,long,2,-0.03553299492385783,-0.00753865,-0.04757164492385783,-0.05207164492385783,14,pump_0_25,tdec_ge70,fund_pos,crowd_ge5,btc_down,0.12585978037890655,1.9407698265729063,0.00128736,-0.08004240657301886
INITUSDT,2025-04-14,e2526,105622,short,1,-0.313473877176902,0.00175,-0.31622387717690204,-0.32072387717690204,35,pump_le0,tdec_lt30,fund_flat,crowd_ge5,btc_up,-0.30949367088607604,0.28453875316367166,0.0001,0.013028226612624705
INITUSDT,2025-04-14,e2526,105622,long,1,0.313473877176902,-0.00175,0.307223877176902,0.302723877176902,35,pump_le0,tdec_lt30,fund_flat,crowd_ge5,btc_up,-0.30949367088607604,0.28453875316367166,0.0001,0.013028226612624705
INITUSDT,2025-04-14,e2526,105622,short,2,0.009264380530973353,0.0014500000000000001,0.006214380530973353,0.0017143805309733536,29,pump_le0,tdec_30_70,fund_flat,crowd_ge5,btc_up,-0.30949367088607604,0.38995509865244715,0.0001,0.0003680538764172514
INITUSDT,2025-04-14,e2526,105622,long,2,-0.009264380530973353,-0.0014500000000000001,-0.015214380530973352,-0.019714380530973352,29,pump_le0,tdec_30_70,fund_flat,crowd_ge5,btc_up,-0.30949367088607604,0.38995509865244715,0.0001,0.0003680538764172514
INJUSDT,2022-08-17,e2122,105483,short,1,0.009839752600506084,0.0008683000000000001,0.006208052600506085,0.0017080526005060857,17,pump_le0,tdec_30_70,fund_flat,crowd_01,btc_down,-0.12410736271854228,0.3725939934311421,0.0001,-0.008445404203459406
INJUSDT,2022-08-17,e2122,105483,long,1,-0.009839752600506084,-0.0008683000000000001,-0.015208052600506086,-0.019708052600506086,17,pump_le0,tdec_30_70,fund_flat,crowd_01,btc_down,-0.12410736271854228,0.3725939934311421,0.0001,-0.008445404203459406
INJUSDT,2022-08-17,e2122,105483,short,2,-0.05449101796407184,0.0005683000000000001,-0.058422717964071835,-0.06292271796407184,14,pump_le0,tdec_30_70,fund_flat,crowd_01,btc_down,-0.12410736271854228,0.47722450594147287,0.0001,-0.10340223944875104
INJUSDT,2022-08-17,e2122,105483,long,2,0.05449101796407184,-0.0005683000000000001,0.04942271796407184,0.04492271796407184,14,pump_le0,tdec_30_70,fund_flat,crowd_01,btc_down,-0.12410736271854228,0.47722450594147287,0.0001,-0.10340223944875104
INTCUSDT,2026-04-22,e2526,105675,short,1,-0.23411162442252464,0.00249783,-0.23611379442252464,-0.24061379442252465,17,pump_0_25,tdec_ge70,fund_flat,crowd_ge5,btc_up,0.18441289559301977,1.52329776392372,0.0,0.10913479196180287
INTCUSDT,2026-04-22,e2526,105675,long,1,0.23411162442252464,-0.00249783,0.22711379442252463,0.22261379442252463,17,pump_0_25,tdec_ge70,fund_flat,crowd_ge5,btc_up,0.18441289559301977,1.52329776392372,0.0,0.10913479196180287
INTCUSDT,2026-04-22,e2526,105675,short,2,-0.1944410876132931,0.00213812,-0.1968029676132931,-0.2013029676132931,14,pump_0_25,tdec_ge70,fund_flat,crowd_ge5,btc_up,0.18441289559301977,1.421806663943201,0.0,0.08555725250791313
INTCUSDT,2026-04-22,e2526,105675,long,2,0.1944410876132931,-0.00213812,0.1878029676132931,0.1833029676132931,14,pump_0_25,tdec_ge70,fund_flat,crowd_ge5,btc_up,0.18441289559301977,1.421806663943201,0.0,0.08555725250791313
INUSDT,2025-08-07,e2526,105638,short,1,-0.03949275362318835,-0.0010436199999999999,-0.045036373623188346,-0.04953637362318835,35,pump_0_25,tdec_lt30,fund_flat,crowd_24,btc_up,0.14602076124567476,0.2646294992803615,0.0001,0.048695392578165464
INUSDT,2025-08-07,e2526,105638,long,1,0.03949275362318835,0.0010436199999999999,0.03603637362318835,0.03153637362318835,35,pump_0_25,tdec_lt30,fund_flat,crowd_24,btc_up,0.14602076124567476,0.2646294992803615,0.0001,0.048695392578165464
INUSDT,2025-08-07,e2526,105638,short,2,0.22924688815259256,-0.00246533,0.22228155815259257,0.21778155815259256,29,pump_0_25,tdec_ge70,fund_flat,crowd_24,btc_up,0.14602076124567476,0.7327977898617043,0.00021236,0.0035873751294290823
INUSDT,2025-08-07,e2526,105638,long,2,-0.22924688815259256,0.00246533,-0.23128155815259258,-0.23578155815259258,29,pump_0_25,tdec_ge70,fund_flat,crowd_24,btc_up,0.14602076124567476,0.7327977898617043,0.00021236,0.0035873751294290823
INXUSDT,2026-01-29,e2526,105663,short,1,0.45552970226506484,-0.02181957,0.4292101322650648,0.4247101322650648,35,pump_le0,tdec_ge70,fund_flat,crowd_24,btc_down,-0.23974729241877246,0.7458943398356183,0.00002512,-0.03849995833090736
INXUSDT,2026-01-29,e2526,105663,long,1,-0.45552970226506484,0.02181957,-0.43821013226506483,-0.44271013226506484,35,pump_le0,tdec_ge70,fund_flat,crowd_24,btc_down,-0.23974729241877246,0.7458943398356183,0.00002512,-0.03849995833090736
INXUSDT,2026-01-29,e2526,105663,short,2,0.25530947587192304,-0.01150546,0.23930401587192304,0.23480401587192304,29,pump_le0,tdec_ge70,fund_neg,crowd_24,btc_down,-0.23974729241877246,1.302453092946101,-0.01047264,-0.11378998559848497
INXUSDT,2026-01-29,e2526,105663,long,2,-0.25530947587192304,0.01150546,-0.24830401587192305,-0.252804015871923,29,pump_le0,tdec_ge70,fund_neg,crowd_24,btc_down,-0.23974729241877246,1.302453092946101,-0.01047264,-0.11378998559848497
IOSTUSDT,2021-10-12,e2122,105439,short,1,0.09036472509526398,0.02145421,0.10731893509526398,0.10281893509526399,17,pump_0_25,tdec_ge70,fund_flat,crowd_ge5,btc_up,0.07197043376774959,1.0404599701935264,0.00032694,0.2761539317094872
IOSTUSDT,2021-10-12,e2122,105439,long,1,-0.09036472509526398,-0.02145421,-0.11631893509526399,-0.12081893509526398,17,pump_0_25,tdec_ge70,fund_flat,crowd_ge5,btc_up,0.07197043376774959,1.0404599701935264,0.00032694,0.2761539317094872
IOSTUSDT,2021-10-12,e2122,105439,short,2,0.08755005460502369,0.01794108,0.10099113460502368,0.09649113460502369,14,pump_0_25,tdec_ge70,fund_pos,crowd_ge5,btc_up,0.07197043376774959,1.1166465583098824,0.00167942,0.2180233175476225
IOSTUSDT,2021-10-12,e2122,105439,long,2,-0.08755005460502369,-0.01794108,-0.10999113460502369,-0.11449113460502368,14,pump_0_25,tdec_ge70,fund_pos,crowd_ge5,btc_up,0.07197043376774959,1.1166465583098824,0.00167942,0.2180233175476225
IOTAUSDT,2021-12-29,e2122,105450,short,1,0.1781447645818693,0.00111621,0.17476097458186932,0.1702609745818693,17,pump_le0,tdec_ge70,fund_pos,crowd_24,btc_down,-0.05038371705038369,1.287050568841485,0.00095606,-0.1729486324216144
IOTAUSDT,2021-12-29,e2122,105450,long,1,-0.1781447645818693,-0.00111621,-0.18376097458186932,-0.18826097458186933,17,pump_le0,tdec_ge70,fund_pos,crowd_24,btc_down,-0.05038371705038369,1.287050568841485,0.00095606,-0.1729486324216144
IOTAUSDT,2021-12-29,e2122,105450,short,2,0.14070536370315945,0.00019430000000000003,0.13639966370315945,0.13189966370315945,14,pump_le0,tdec_ge70,fund_flat,crowd_24,btc_down,-0.05038371705038369,1.0583467419329782,0.0001,-0.19265181301878553
IOTAUSDT,2021-12-29,e2122,105450,long,2,-0.14070536370315945,-0.00019430000000000003,-0.14539966370315946,-0.14989966370315946,14,pump_le0,tdec_ge70,fund_flat,crowd_24,btc_down,-0.05038371705038369,1.0583467419329782,0.0001,-0.19265181301878553
IOTXUSDT,2021-11-12,e2122,105443,short,1,0.18185920577617332,0.00931538,0.18667458577617332,0.18217458577617332,17,pump_25_100,tdec_ge70,fund_flat,crowd_ge5,btc_up,0.3147433995846929,4.153089115174727,0.00039457,0.12322270749971675
IOTXUSDT,2021-11-12,e2122,105443,long,1,-0.18185920577617332,-0.00931538,-0.19567458577617333,-0.20017458577617334,17,pump_25_100,tdec_ge70,fund_flat,crowd_ge5,btc_up,0.3147433995846929,4.153089115174727,0.00039457,0.12322270749971675
IOTXUSDT,2021-11-12,e2122,105443,short,2,0.22222222222222227,0.00848317,0.22620539222222227,0.22170539222222227,14,pump_25_100,tdec_ge70,fund_flat,crowd_ge5,btc_up,0.3147433995846929,2.596113135301206,0.0001,0.06131819543757633
IOTXUSDT,2021-11-12,e2122,105443,long,2,-0.22222222222222227,-0.00848317,-0.23520539222222228,-0.23970539222222229,14,pump_25_100,tdec_ge70,fund_flat,crowd_ge5,btc_up,0.3147433995846929,2.596113135301206,0.0001,0.06131819543757633
IOUSDT,2024-06-11,e2324,105578,short,1,0.3317535545023697,0.00059666,0.32785021450236973,0.3233502145023697,17,pump_25_100,tdec_ge70,fund_flat,crowd_ge5,btc_up,0.6915083135391924,2.0130831351393277,0.0001,0.08474886106050916
IOUSDT,2024-06-11,e2324,105578,long,1,-0.3317535545023697,-0.00059666,-0.33685021450236974,-0.34135021450236974,17,pump_25_100,tdec_ge70,fund_flat,crowd_ge5,btc_up,0.6915083135391924,2.0130831351393277,0.0001,0.08474886106050916
IOUSDT,2024-06-11,e2324,105578,short,2,0.2305982215036379,0.00112044,0.2272186615036379,0.2227186615036379,14,pump_25_100,tdec_ge70,fund_flat,crowd_ge5,btc_up,0.6915083135391924,1.8991685633693527,0.0001,0.084432781984207
IOUSDT,2024-06-11,e2324,105578,long,2,-0.2305982215036379,-0.00112044,-0.2362186615036379,-0.2407186615036379,14,pump_25_100,tdec_ge70,fund_flat,crowd_ge5,btc_up,0.6915083135391924,1.8991685633693527,0.0001,0.084432781984207
IPUSDT,2025-02-07,e2526,105612,short,1,0.36966996699669963,-0.017651609999999998,0.34751835699669964,0.34301835699669964,35,pump_le0,tdec_lt30,fund_flat,crowd_01,btc_up,-0.3773119605425401,0.27752581410102306,0.0001,0.042148923819314454
IPUSDT,2025-02-07,e2526,105612,long,1,-0.36966996699669963,0.017651609999999998,-0.35651835699669965,-0.36101835699669965,35,pump_le0,tdec_lt30,fund_flat,crowd_01,btc_up,-0.3773119605425401,0.27752581410102306,0.0001,0.042148923819314454
IPUSDT,2025-02-07,e2526,105612,short,2,0.3827084680025856,-0.01795161,0.3602568580025856,0.3557568580025856,29,pump_le0,tdec_lt30,fund_flat,crowd_01,btc_up,-0.3773119605425401,0.09610071502401156,0.0001,0.018423348351678692
IPUSDT,2025-02-07,e2526,105612,long,2,-0.3827084680025856,0.01795161,-0.3692568580025856,-0.3737568580025856,29,pump_le0,tdec_lt30,fund_flat,crowd_01,btc_up,-0.3773119605425401,0.09610071502401156,0.0001,0.018423348351678692
IRENUSDT,2026-06-09,e2526,105682,short,1,-0.16080600553141053,0.01018312,-0.15512288553141054,-0.15962288553141055,17,pump_le0,tdec_30_70,fund_flat,crowd_ge5,btc_down,-0.15871696858899786,0.4028279115311703,0.0,-0.24753304169655255
IRENUSDT,2026-06-09,e2526,105682,long,1,0.16080600553141053,-0.01018312,0.14612288553141053,0.14162288553141053,17,pump_le0,tdec_30_70,fund_flat,crowd_ge5,btc_down,-0.15871696858899786,0.4028279115311703,0.0,-0.24753304169655255
IRENUSDT,2026-06-09,e2526,105682,short,2,-0.019254119687771024,0.00720282,-0.016551299687771023,-0.021051299687771023,14,pump_le0,tdec_30_70,fund_pos,crowd_ge5,btc_down,-0.15871696858899786,0.3631271306039708,0.0029803,-0.2095431507411155
IRENUSDT,2026-06-09,e2526,105682,long,2,0.019254119687771024,-0.00720282,0.007551299687771024,0.0030512996877710245,14,pump_le0,tdec_30_70,fund_pos,crowd_ge5,btc_down,-0.15871696858899786,0.3631271306039708,0.0029803,-0.2095431507411155
IRYSUSDT,2025-11-27,e2526,105654,short,1,-0.10608958538993082,-0.00088506,-0.11147464538993082,-0.11597464538993081,35,pump_le0,tdec_30_70,fund_flat,crowd_24,btc_down,-0.19774290946889073,0.32588785971794504,0.00008914,-0.17374541604819704
IRYSUSDT,2025-11-27,e2526,105654,long,1,0.10608958538993082,0.00088506,0.10247464538993081,0.09797464538993082,35,pump_le0,tdec_30_70,fund_flat,crowd_24,btc_down,-0.19774290946889073,0.32588785971794504,0.00008914,-0.17374541604819704
IRYSUSDT,2025-11-27,e2526,105654,short,2,0.04513981358189087,0.00250812,0.043147933581890875,0.03864793358189087,29,pump_le0,tdec_30_70,fund_neg,crowd_24,btc_down,-0.19774290946889073,0.4524822484922035,-0.00273548,-0.1615973146551366
IRYSUSDT,2025-11-27,e2526,105654,long,2,-0.04513981358189087,-0.00250812,-0.05214793358189087,-0.05664793358189087,29,pump_le0,tdec_30_70,fund_neg,crowd_24,btc_down,-0.19774290946889073,0.4524822484922035,-0.00273548,-0.1615973146551366
IWMUSDT,2026-05-14,e2526,105678,short,1,-0.018387755833542404,-0.00871975,-0.0316075058335424,-0.03610750583354241,17,pump_le0,tdec_30_70,fund_flat,crowd_ge5,btc_up,-0.014169611307420449,0.3809668739639129,-0.00005087,0.057385631927979075
IWMUSDT,2026-05-14,e2526,105678,long,1,0.018387755833542404,0.00871975,0.022607505833542405,0.018107505833542405,17,pump_le0,tdec_30_70,fund_flat,crowd_ge5,btc_up,-0.014169611307420449,0.3809668739639129,-0.00005087,0.057385631927979075
IWMUSDT,2026-05-14,e2526,105678,short,2,-0.019484014496393868,-0.00705186,-0.03103587449639387,-0.035535874496393866,14,pump_le0,tdec_lt30,fund_flat,crowd_ge5,btc_up,-0.014169611307420449,0.08729009856058974,0.0,0.039955742314820686
IWMUSDT,2026-05-14,e2526,105678,long,2,0.019484014496393868,0.00705186,0.022035874496393867,0.01753587449639387,14,pump_le0,tdec_lt30,fund_flat,crowd_ge5,btc_up,-0.014169611307420449,0.08729009856058974,0.0,0.039955742314820686
JAILSTOOLUSDT,2025-02-14,e2526,105613,short,1,0.7348883872585904,-0.09577911,0.6346092772585905,0.6301092772585905,35,pump_le0,tdec_30_70,fund_neg,crowd_ge5,btc_down,-0.1979480989740494,0.6588864893839161,-0.0084201,-0.024132079587136368
JAILSTOOLUSDT,2025-02-14,e2526,105613,long,1,-0.7348883872585904,0.09577911,-0.6436092772585904,-0.6481092772585905,35,pump_le0,tdec_30_70,fund_neg,crowd_ge5,btc_down,-0.1979480989740494,0.6588864893839161,-0.0084201,-0.024132079587136368
JAILSTOOLUSDT,2025-02-14,e2526,105613,short,2,0.7179076594609021,-0.06131271,0.6520949494609021,0.647594949460902,29,pump_le0,tdec_30_70,fund_neg,crowd_ge5,btc_down,-0.1979480989740494,0.5509757836707588,-0.00887208,-0.07677839629097116
JAILSTOOLUSDT,2025-02-14,e2526,105613,long,2,-0.7179076594609021,0.06131271,-0.661094949460902,-0.665594949460902,29,pump_le0,tdec_30_70,fund_neg,crowd_ge5,btc_down,-0.1979480989740494,0.5509757836707588,-0.00887208,-0.07677839629097116
JASMYUSDT,2022-01-19,e2122,105453,short,1,0.3013293943870014,0.00176317,0.2985925643870014,0.2940925643870014,17,pump_le0,tdec_30_70,fund_flat,crowd_24,btc_down,-0.01023391812865504,0.615388438514087,0.0004641,-0.16741840794493368
JASMYUSDT,2022-01-19,e2122,105453,long,1,-0.3013293943870014,-0.00176317,-0.3075925643870014,-0.3120925643870014,17,pump_le0,tdec_30_70,fund_flat,crowd_24,btc_down,-0.01023391812865504,0.615388438514087,0.0004641,-0.16741840794493368
JASMYUSDT,2022-01-19,e2122,105453,short,2,0.14466546112115733,0.00142233,0.14158779112115732,0.13708779112115732,14,pump_le0,tdec_30_70,fund_flat,crowd_24,btc_down,-0.01023391812865504,0.6122966866840136,0.0001,-0.250316289690499
JASMYUSDT,2022-01-19,e2122,105453,long,2,-0.14466546112115733,-0.00142233,-0.15058779112115733,-0.15508779112115734,14,pump_le0,tdec_30_70,fund_flat,crowd_24,btc_down,-0.01023391812865504,0.6122966866840136,0.0001,-0.250316289690499
JCTUSDT,2025-11-17,e2526,105653,short,1,0.16045380875202592,0.00208332,0.1580371287520259,0.1535371287520259,35,pump_le0,tdec_lt30,fund_flat,crowd_ge5,btc_down,-0.05729564553093969,0.22187844981099056,0.0001,-0.14431574265658542
JCTUSDT,2025-11-17,e2526,105653,long,1,-0.16045380875202592,-0.00208332,-0.16703712875202592,-0.17153712875202592,35,pump_le0,tdec_lt30,fund_flat,crowd_ge5,btc_down,-0.05729564553093969,0.22187844981099056,0.0001,-0.14431574265658542
JCTUSDT,2025-11-17,e2526,105653,short,2,0.22046651617757712,0.0017833200000000001,0.21774983617757712,0.21324983617757712,29,pump_le0,tdec_lt30,fund_flat,crowd_ge5,btc_down,-0.05729564553093969,0.15726025983106862,0.0001,-0.171789302199294
JCTUSDT,2025-11-17,e2526,105653,long,2,-0.22046651617757712,-0.0017833200000000001,-0.22674983617757713,-0.23124983617757713,29,pump_le0,tdec_lt30,fund_flat,crowd_ge5,btc_down,-0.05729564553093969,0.15726025983106862,0.0001,-0.171789302199294
JELLYJELLYUSDT,2025-01-30,e2526,105611,short,1,0.7635238095238095,-0.00943342,0.7495903895238095,0.7450903895238095,35,pump_le0,tdec_ge70,fund_neg,crowd_24,btc_up,-0.7228088701161564,0.945930725116647,-0.00257832,0.08262076929421802
JELLYJELLYUSDT,2025-01-30,e2526,105611,long,1,-0.7635238095238095,0.00943342,-0.7585903895238094,-0.7630903895238095,35,pump_le0,tdec_ge70,fund_neg,crowd_24,btc_up,-0.7228088701161564,0.945930725116647,-0.00257832,0.08262076929421802
JELLYJELLYUSDT,2025-01-30,e2526,105611,short,2,0.6282934131736526,-0.00824414,0.6155492731736527,0.6110492731736527,29,pump_le0,tdec_30_70,fund_flat,crowd_24,btc_up,-0.7228088701161564,0.3936874932478838,-0.00027384,0.03729353705890537
JELLYJELLYUSDT,2025-01-30,e2526,105611,long,2,-0.6282934131736526,0.00824414,-0.6245492731736526,-0.6290492731736527,29,pump_le0,tdec_30_70,fund_flat,crowd_24,btc_up,-0.7228088701161564,0.3936874932478838,-0.00027384,0.03729353705890537
JOEUSDT,2023-03-29,e2324,105515,short,1,0.015411384538901458,-0.0016722599999999998,0.00923912453890146,0.004739124538901459,17,pump_0_25,tdec_ge70,fund_neg,crowd_24,btc_up,0.09848002184399762,1.2029603083173148,-0.00135518,0.21090450023562557
JOEUSDT,2023-03-29,e2324,105515,long,1,-0.015411384538901458,0.0016722599999999998,-0.018239124538901457,-0.022739124538901458,17,pump_0_25,tdec_ge70,fund_neg,crowd_24,btc_up,0.09848002184399762,1.2029603083173148,-0.00135518,0.21090450023562557
JOEUSDT,2023-03-29,e2324,105515,short,2,0.017852715100421575,0.0014,0.014752715100421573,0.010252715100421575,14,pump_0_25,tdec_ge70,fund_flat,crowd_24,btc_up,0.09848002184399762,1.2982938882672532,0.00009179,0.20406686415573416
JOEUSDT,2023-03-29,e2324,105515,long,2,-0.017852715100421575,-0.0014,-0.023752715100421574,-0.02825271510042157,14,pump_0_25,tdec_ge70,fund_flat,crowd_24,btc_up,0.09848002184399762,1.2982938882672532,0.00009179,0.20406686415573416
JSTUSDT,2022-02-25,e2122,105458,short,1,0.006428112277694485,0.00125087,0.003178982277694486,-0.0013210177223055139,17,pump_0_25,tdec_ge70,fund_flat,crowd_ge5,btc_up,0.1001885902876003,0.9961647837955678,0.0001,0.05261103108466503
JSTUSDT,2022-02-25,e2122,105458,long,1,-0.006428112277694485,-0.00125087,-0.012178982277694485,-0.016678982277694484,17,pump_0_25,tdec_ge70,fund_flat,crowd_ge5,btc_up,0.1001885902876003,0.9961647837955678,0.0001,0.05261103108466503
JSTUSDT,2022-02-25,e2122,105458,short,2,-0.046254512635379136,0.00095087,-0.04980364263537913,-0.05430364263537914,14,pump_0_25,tdec_ge70,fund_flat,crowd_ge5,btc_down,0.1001885902876003,1.387538703758449,0.0001,-0.0007560985315770985
JSTUSDT,2022-02-25,e2122,105458,long,2,0.046254512635379136,-0.00095087,0.04080364263537914,0.036303642635379135,14,pump_0_25,tdec_ge70,fund_flat,crowd_ge5,btc_down,0.1001885902876003,1.387538703758449,0.0001,-0.0007560985315770985
JTOUSDT,2023-12-08,e2324,105551,short,1,0.15416666666666662,0.0078193,0.15748596666666662,0.1529859666666666,17,pump_0_25,tdec_ge70,fund_pos,crowd_24,btc_up,0.14793303723949425,1.181676634597696,0.00051631,0.19096565150504397
JTOUSDT,2023-12-08,e2324,105551,long,1,-0.15416666666666662,-0.0078193,-0.16648596666666662,-0.17098596666666663,17,pump_0_25,tdec_ge70,fund_pos,crowd_24,btc_up,0.14793303723949425,1.181676634597696,0.00051631,0.19096565150504397
JTOUSDT,2023-12-08,e2324,105551,short,2,0.17861271676300575,0.0056785,0.17979121676300575,0.17529121676300574,14,pump_0_25,tdec_30_70,fund_pos,crowd_24,btc_up,0.14793303723949425,0.5552594305405831,0.00079546,0.1737930960594829
JTOUSDT,2023-12-08,e2324,105551,long,2,-0.17861271676300575,-0.0056785,-0.18879121676300575,-0.19329121676300576,14,pump_0_25,tdec_30_70,fund_pos,crowd_24,btc_up,0.14793303723949425,0.5552594305405831,0.00079546,0.1737930960594829
JUPUSDT,2024-01-31,e2324,105559,short,1,0.08111239860950163,0.00412352,0.08073591860950163,0.07623591860950164,17,pump_le0,tdec_ge70,fund_flat,crowd_24,btc_down,-0.11745799853907968,0.721977233754135,0.00018115,-0.042774900531241
JUPUSDT,2024-01-31,e2324,105559,long,1,-0.08111239860950163,-0.00412352,-0.08973591860950164,-0.09423591860950163,17,pump_le0,tdec_ge70,fund_flat,crowd_24,btc_down,-0.11745799853907968,0.721977233754135,0.00018115,-0.042774900531241
JUPUSDT,2024-01-31,e2324,105559,short,2,0.10192525481313695,0.00260298,0.10002823481313695,0.09552823481313696,14,pump_le0,tdec_30_70,fund_pos,crowd_24,btc_up,-0.11745799853907968,0.4829707008083991,0.00054509,0.0071422073665967645
JUPUSDT,2024-01-31,e2324,105559,long,2,-0.10192525481313695,-0.00260298,-0.10902823481313696,-0.11352823481313695,14,pump_le0,tdec_30_70,fund_pos,crowd_24,btc_up,-0.11745799853907968,0.4829707008083991,0.00054509,0.0071422073665967645
JUSDT,2025-01-22,e2526,105610,short,1,0.27673593512417644,0.00144595,0.2736818851241764,0.2691818851241764,35,pump_le0,tdec_ge70,fund_flat,crowd_ge5,btc_up,-0.40617005267118134,0.8841855896217395,0.0001,0.053068946742466316
JUSDT,2025-01-22,e2526,105610,long,1,-0.27673593512417644,-0.00144595,-0.2826818851241764,-0.2871818851241764,35,pump_le0,tdec_ge70,fund_flat,crowd_ge5,btc_up,-0.40617005267118134,0.8841855896217395,0.0001,0.053068946742466316
JUSDT,2025-01-22,e2526,105610,short,2,0.11118031765805048,0.00114595,0.10782626765805048,0.10332626765805049,29,pump_le0,tdec_30_70,fund_flat,crowd_ge5,btc_up,-0.40617005267118134,0.5519722596882175,0.0001,0.05427180871825632
JUSDT,2025-01-22,e2526,105610,long,2,-0.11118031765805048,-0.00114595,-0.11682626765805049,-0.12132626765805048,29,pump_le0,tdec_30_70,fund_flat,crowd_ge5,btc_up,-0.40617005267118134,0.5519722596882175,0.0001,0.05427180871825632
KAIAUSDT,2024-11-01,e2324,105598,short,1,0.054263565891472916,0.0018249400000000002,0.051588505891472916,0.04708850589147291,17,pump_le0,tdec_lt30,fund_flat,crowd_24,btc_up,-0.06318082788671009,0.16519204814833457,0.0001,0.1422407901735503
KAIAUSDT,2024-11-01,e2324,105598,long,1,-0.054263565891472916,-0.0018249400000000002,-0.06058850589147291,-0.06508850589147291,17,pump_le0,tdec_lt30,fund_flat,crowd_24,btc_up,-0.06318082788671009,0.16519204814833457,0.0001,0.1422407901735503
KAIAUSDT,2024-11-01,e2324,105598,short,2,0.011345218800648286,0.00152494,0.008370158800648286,0.0038701588006482875,14,pump_le0,tdec_lt30,fund_flat,crowd_24,btc_up,-0.06318082788671009,0.1329528568943375,0.0001,0.10762617238040151
KAIAUSDT,2024-11-01,e2324,105598,long,2,-0.011345218800648286,-0.00152494,-0.017370158800648287,-0.021870158800648284,14,pump_le0,tdec_lt30,fund_flat,crowd_24,btc_up,-0.06318082788671009,0.1329528568943375,0.0001,0.10762617238040151
KAITOUSDT,2025-02-20,e2526,105614,short,1,-0.50625,-0.0830356,-0.5937855999999999,-0.5982856,71,pump_0_25,tdec_30_70,fund_flat,crowd_ge5,btc_down,0.22906956671845324,0.6288016965534643,0.0001,-0.07207457480630919
KAITOUSDT,2025-02-20,e2526,105614,long,1,0.50625,0.0830356,0.5847856,0.5802856,71,pump_0_25,tdec_30_70,fund_flat,crowd_ge5,btc_down,0.22906956671845324,0.6288016965534643,0.0001,-0.07207457480630919
KAITOUSDT,2025-02-20,e2526,105614,short,2,-0.39161746577564394,-0.07315853,-0.46927599577564394,-0.47377599577564394,59,pump_0_25,tdec_lt30,fund_neg,crowd_ge5,btc_down,0.22906956671845324,0.2472875614197232,-0.00233924,-0.07036232553840471
KAITOUSDT,2025-02-20,e2526,105614,long,2,0.39161746577564394,0.07315853,0.46027599577564393,0.4557759957756439,59,pump_0_25,tdec_lt30,fund_neg,crowd_ge5,btc_down,0.22906956671845324,0.2472875614197232,-0.00233924,-0.07036232553840471
KASUSDT,2023-08-04,e2324,105533,short,1,0.014814814814814798,0.0017000000000000001,0.012014814814814798,0.007514814814814799,17,pump_0_25,tdec_ge70,fund_flat,crowd_24,btc_down,0.015037593984962294,1.0918643555588707,0.0001,-0.02742082871689122
KASUSDT,2023-08-04,e2324,105533,long,1,-0.014814814814814798,-0.0017000000000000001,-0.0210148148148148,-0.025514814814814796,17,pump_0_25,tdec_ge70,fund_flat,crowd_24,btc_down,0.015037593984962294,1.0918643555588707,0.0001,-0.02742082871689122
KASUSDT,2023-08-04,e2324,105533,short,2,0.08003952569169957,0.0014,0.07693952569169957,0.07243952569169958,14,pump_0_25,tdec_ge70,fund_flat,crowd_24,btc_down,0.015037593984962294,1.4968299032599643,0.0001,-0.04140250234904308
KASUSDT,2023-08-04,e2324,105533,long,2,-0.08003952569169957,-0.0014,-0.08593952569169958,-0.09043952569169957,14,pump_0_25,tdec_ge70,fund_flat,crowd_24,btc_down,0.015037593984962294,1.4968299032599643,0.0001,-0.04140250234904308
KATUSDT,2026-03-02,e2526,105668,short,1,0.29344262295081963,0.00175,0.2906926229508196,0.2861926229508196,35,pump_le0,tdec_30_70,fund_flat,crowd_01,btc_down,-0.3512938674228997,0.6255269121955587,0.0001,-0.11228448696036442
KATUSDT,2026-03-02,e2526,105668,long,1,-0.29344262295081963,-0.00175,-0.2996926229508196,-0.3041926229508196,35,pump_le0,tdec_30_70,fund_flat,crowd_01,btc_down,-0.3512938674228997,0.6255269121955587,0.0001,-0.11228448696036442
KATUSDT,2026-03-02,e2526,105668,short,2,0.16955684007707128,0.0014500000000000001,0.16650684007707128,0.16200684007707128,29,pump_le0,tdec_30_70,fund_flat,crowd_01,btc_down,-0.3512938674228997,0.4251609131923625,0.0001,-0.07692464091880058
KATUSDT,2026-03-02,e2526,105668,long,2,-0.16955684007707128,-0.0014500000000000001,-0.1755068400770713,-0.1800068400770713,29,pump_le0,tdec_30_70,fund_flat,crowd_01,btc_down,-0.3512938674228997,0.4251609131923625,0.0001,-0.07692464091880058
KAVAUSDT,2022-01-10,e2122,105452,short,1,-0.09536560247167851,0.00068696,-0.09917864247167851,-0.1036786424716785,17,pump_0_25,tdec_ge70,fund_flat,crowd_24,btc_down,0.1375351452671041,3.064240364569057,-0.00016204,-0.14732575205423382
KAVAUSDT,2022-01-10,e2122,105452,long,1,0.09536560247167851,-0.00068696,0.0901786424716785,0.08567864247167851,17,pump_0_25,tdec_ge70,fund_flat,crowd_24,btc_down,0.1375351452671041,3.064240364569057,-0.00016204,-0.14732575205423382
KAVAUSDT,2022-01-10,e2122,105452,short,2,-0.06787148594377493,0.00038696000000000005,-0.07198452594377493,-0.07648452594377492,14,pump_0_25,tdec_ge70,fund_flat,crowd_24,btc_down,0.1375351452671041,2.962320195217457,0.0001,-0.059225121912009016
KAVAUSDT,2022-01-10,e2122,105452,long,2,0.06787148594377493,-0.00038696000000000005,0.06298452594377492,0.05848452594377492,14,pump_0_25,tdec_ge70,fund_flat,crowd_24,btc_down,0.1375351452671041,2.962320195217457,0.0001,-0.059225121912009016
KDAUSDT,2022-03-15,e2122,105461,short,1,0.02358565737051802,0.0017000000000000001,0.020785657370518018,0.01628565737051802,17,pump_0_25,tdec_ge70,fund_flat,crowd_24,btc_down,0.024824432467744684,1.9235676392124421,0.0001,-0.03319502074688796
KDAUSDT,2022-03-15,e2122,105461,long,1,-0.02358565737051802,-0.0017000000000000001,-0.02978565737051802,-0.034285657370518016,17,pump_0_25,tdec_ge70,fund_flat,crowd_24,btc_down,0.024824432467744684,1.9235676392124421,0.0001,-0.03319502074688796
KDAUSDT,2022-03-15,e2122,105461,short,2,0.008576051779935265,0.0014,0.005476051779935266,0.000976051779935266,14,pump_0_25,tdec_ge70,fund_flat,crowd_24,btc_down,0.024824432467744684,0.8326412470753879,0.0001,-0.08162921537580436
KDAUSDT,2022-03-15,e2122,105461,long,2,-0.008576051779935265,-0.0014,-0.014476051779935266,-0.018976051779935263,14,pump_0_25,tdec_ge70,fund_flat,crowd_24,btc_down,0.024824432467744684,0.8326412470753879,0.0001,-0.08162921537580436
KEEPUSDT,2021-11-16,e2122,105444,short,1,-0.038906707572165716,0.01053753,-0.03286917757216572,-0.037369177572165714,17,pump_le0,tdec_30_70,fund_flat,crowd_24,btc_down,-0.06444879321591646,0.6593668754080093,0.00022569,-0.026808095625750594
KEEPUSDT,2021-11-16,e2122,105444,long,1,0.038906707572165716,-0.01053753,0.023869177572165716,0.01936917757216572,17,pump_le0,tdec_30_70,fund_flat,crowd_24,btc_down,-0.06444879321591646,0.6593668754080093,0.00022569,-0.026808095625750594
KEEPUSDT,2021-11-16,e2122,105444,short,2,-0.15557623700946166,0.00947225,-0.15060398700946168,-0.15510398700946168,14,pump_le0,tdec_ge70,fund_flat,crowd_24,btc_down,-0.06444879321591646,1.213553980937262,0.00015577,-0.1140909833578414
KEEPUSDT,2021-11-16,e2122,105444,long,2,0.15557623700946166,-0.00947225,0.14160398700946167,0.13710398700946166,14,pump_le0,tdec_ge70,fund_flat,crowd_24,btc_down,-0.06444879321591646,1.213553980937262,0.00015577,-0.1140909833578414
KERNELUSDT,2025-04-14,e2526,105622,short,1,0.1867803837953091,-0.05116647,0.1311139137953091,0.1266139137953091,35,pump_le0,tdec_30_70,fund_neg,crowd_ge5,btc_up,-0.30764688514909955,0.553509907532893,-0.00381074,0.013028226612624705
KERNELUSDT,2025-04-14,e2526,105622,long,1,-0.1867803837953091,0.05116647,-0.1401139137953091,-0.1446139137953091,35,pump_le0,tdec_30_70,fund_neg,crowd_ge5,btc_up,-0.30764688514909955,0.553509907532893,-0.00381074,0.013028226612624705
KERNELUSDT,2025-04-14,e2526,105622,short,2,0.25274294670846387,-0.0338351,0.21440784670846386,0.20990784670846385,29,pump_le0,tdec_30_70,fund_neg,crowd_ge5,btc_up,-0.30764688514909955,0.561909906599569,-0.00291554,0.0003680538764172514
KERNELUSDT,2025-04-14,e2526,105622,long,2,-0.25274294670846387,0.0338351,-0.22340784670846386,-0.22790784670846387,29,pump_le0,tdec_30_70,fund_neg,crowd_ge5,btc_up,-0.30764688514909955,0.561909906599569,-0.00291554,0.0003680538764172514
KEYUSDT,2023-05-29,e2324,105524,short,1,0.10978150860272669,-0.00459812,0.10068338860272669,0.0961833886027267,17,pump_0_25,tdec_ge70,fund_flat,crowd_01,btc_down,0.20210405782580687,1.73548688467225,0.0001,-0.05256528733271726
KEYUSDT,2023-05-29,e2324,105524,long,1,-0.10978150860272669,0.00459812,-0.1096833886027267,-0.11418338860272668,17,pump_0_25,tdec_ge70,fund_flat,crowd_01,btc_down,0.20210405782580687,1.73548688467225,0.0001,-0.05256528733271726
KEYUSDT,2023-05-29,e2324,105524,short,2,0.07873821699217545,-0.00489812,0.06934009699217544,0.06484009699217545,14,pump_0_25,tdec_ge70,fund_flat,crowd_01,btc_down,0.20210405782580687,9.18617400086239,0.0001,-0.030380161989504884
KEYUSDT,2023-05-29,e2324,105524,long,2,-0.07873821699217545,0.00489812,-0.07834009699217545,-0.08284009699217544,14,pump_0_25,tdec_ge70,fund_flat,crowd_01,btc_down,0.20210405782580687,9.18617400086239,0.0001,-0.030380161989504884
KGENUSDT,2025-10-07,e2526,105647,short,1,0.052914427449359265,0.0015471,0.04996152744935927,0.04546152744935927,35,pump_le0,tdec_30_70,fund_flat,crowd_ge5,btc_up,-0.16065232477446223,0.4218187379214068,0.00015222,0.1002934525355923
KGENUSDT,2025-10-07,e2526,105647,long,1,-0.052914427449359265,-0.0015471,-0.058961527449359265,-0.06346152744935926,35,pump_le0,tdec_30_70,fund_flat,crowd_ge5,btc_up,-0.16065232477446223,0.4218187379214068,0.00015222,0.1002934525355923
KGENUSDT,2025-10-07,e2526,105647,short,2,-0.4445145018915511,0.00109946,-0.4479150418915511,-0.45241504189155113,29,pump_le0,tdec_30_70,fund_flat,crowd_ge5,btc_up,-0.16065232477446223,0.634968881135779,0.00013822,0.09060986547085204
KGENUSDT,2025-10-07,e2526,105647,long,2,0.4445145018915511,-0.00109946,0.4389150418915511,0.4344150418915511,29,pump_le0,tdec_30_70,fund_flat,crowd_ge5,btc_up,-0.16065232477446223,0.634968881135779,0.00013822,0.09060986547085204
KITEUSDT,2025-10-29,e2526,105650,short,1,0.46619874399704475,-0.08266346,0.3790352839970447,0.3745352839970447,77,pump_0_25,tdec_30_70,fund_flat,crowd_ge5,btc_down,0.16848920863309358,0.6085864279851244,0.0001,-0.05045091032839888
KITEUSDT,2025-10-29,e2526,105650,long,1,-0.46619874399704475,0.08266346,-0.38803528399704473,-0.39253528399704474,77,pump_0_25,tdec_30_70,fund_flat,crowd_ge5,btc_down,0.16848920863309358,0.6085864279851244,0.0001,-0.05045091032839888
KITEUSDT,2025-10-29,e2526,105650,short,2,0.4166330238191361,-0.08296346,0.3291695638191361,0.3246695638191361,71,pump_0_25,tdec_ge70,fund_flat,crowd_ge5,btc_down,0.16848920863309358,1.2200955417717674,0.0001,-0.07598725996453981
KITEUSDT,2025-10-29,e2526,105650,long,2,-0.4166330238191361,0.08296346,-0.3381695638191361,-0.3426695638191361,71,pump_0_25,tdec_ge70,fund_flat,crowd_ge5,btc_down,0.16848920863309358,1.2200955417717674,0.0001,-0.07598725996453981
KLACUSDT,2026-06-26,e2526,105684,short,1,-0.017581888246628114,0.00270315,-0.019378738246628113,-0.023878738246628114,17,pump_le0,tdec_ge70,fund_flat,crowd_ge5,btc_down,-0.015569430174662169,1.4164681542470785,-0.00019155,-0.18481988543104666
KLACUSDT,2026-06-26,e2526,105684,long,1,0.017581888246628114,-0.00270315,0.010378738246628116,0.005878738246628115,17,pump_le0,tdec_ge70,fund_flat,crowd_ge5,btc_down,-0.015569430174662169,1.4164681542470785,-0.00019155,-0.18481988543104666
KLACUSDT,2026-06-26,e2526,105684,short,2,0.008526282853566986,0.00272202,0.0067483028535669865,0.002248302853566987,14,pump_le0,tdec_ge70,fund_flat,crowd_ge5,btc_down,-0.015569430174662169,0.7896566909266955,0.0,-0.18909872775823733
KLACUSDT,2026-06-26,e2526,105684,long,2,-0.008526282853566986,-0.00272202,-0.015748302853566987,-0.020248302853566984,14,pump_le0,tdec_ge70,fund_flat,crowd_ge5,btc_down,-0.015569430174662169,0.7896566909266955,0.0,-0.18909872775823733
KLAYUSDT,2021-12-10,e2122,105447,short,1,0.0693215339233039,0.0006273700000000001,0.0654489039233039,0.0609489039233039,17,pump_0_25,tdec_30_70,fund_flat,crowd_ge5,btc_down,0.029612756264236983,0.5313505629465197,0.0001,-0.2387438108312382
KLAYUSDT,2021-12-10,e2122,105447,long,1,-0.0693215339233039,-0.0006273700000000001,-0.0744489039233039,-0.07894890392330389,17,pump_0_25,tdec_30_70,fund_flat,crowd_ge5,btc_down,0.029612756264236983,0.5313505629465197,0.0001,-0.2387438108312382
KLAYUSDT,2021-12-10,e2122,105447,short,2,0.05856023871689669,0.00059522,0.05465545871689669,0.05015545871689669,14,pump_0_25,tdec_30_70,fund_flat,crowd_ge5,btc_down,0.029612756264236983,0.572037500431538,0.0001,-0.21922795092062797
KLAYUSDT,2021-12-10,e2122,105447,long,2,-0.05856023871689669,-0.00059522,-0.06365545871689669,-0.06815545871689668,14,pump_0_25,tdec_30_70,fund_flat,crowd_ge5,btc_down,0.029612756264236983,0.572037500431538,0.0001,-0.21922795092062797
KMNOUSDT,2024-10-09,e2324,105595,short,1,0.09655651483576463,0.00163824,0.09369475483576463,0.08919475483576464,17,pump_0_25,tdec_ge70,fund_flat,crowd_24,btc_up,0.16564488143435518,0.8568746815465071,0.0001,0.04642981726926099
KMNOUSDT,2024-10-09,e2324,105595,long,1,-0.09655651483576463,-0.00163824,-0.10269475483576464,-0.10719475483576463,17,pump_0_25,tdec_ge70,fund_flat,crowd_24,btc_up,0.16564488143435518,0.8568746815465071,0.0001,0.04642981726926099
KMNOUSDT,2024-10-09,e2324,105595,short,2,0.04097756241441067,0.0014,0.03787756241441067,0.033377562414410665,14,pump_0_25,tdec_30_70,fund_flat,crowd_24,btc_up,0.16564488143435518,0.3171908722678471,0.0001,0.09054552053379483
KMNOUSDT,2024-10-09,e2324,105595,long,2,-0.04097756241441067,-0.0014,-0.04687756241441066,-0.05137756241441067,14,pump_0_25,tdec_30_70,fund_flat,crowd_24,btc_up,0.16564488143435518,0.3171908722678471,0.0001,0.09054552053379483
KNCUSDT,2022-01-10,e2122,105452,short,1,-0.1985842026825633,-0.00020487,-0.2032890726825633,-0.2077890726825633,17,pump_le0,tdec_ge70,fund_flat,crowd_24,btc_down,-0.007763401109057266,0.7920590038454169,-0.00024423,-0.14732575205423382
KNCUSDT,2022-01-10,e2122,105452,long,1,0.1985842026825633,0.00020487,0.1942890726825633,0.1897890726825633,17,pump_le0,tdec_ge70,fund_flat,crowd_24,btc_down,-0.007763401109057266,0.7920590038454169,-0.00024423,-0.14732575205423382
KNCUSDT,2022-01-10,e2122,105452,short,2,-0.14974982130092926,0.0006193,-0.15363052130092927,-0.15813052130092928,14,pump_le0,tdec_30_70,fund_flat,crowd_24,btc_down,-0.007763401109057266,0.5558922254952072,-0.0003261,-0.059225121912009016
KNCUSDT,2022-01-10,e2122,105452,long,2,0.14974982130092926,-0.0006193,0.14463052130092927,0.14013052130092926,14,pump_le0,tdec_30_70,fund_flat,crowd_24,btc_down,-0.007763401109057266,0.5558922254952072,-0.0003261,-0.059225121912009016
KOMAUSDT,2024-12-10,e2324,105604,short,1,0.3717965653896962,0.00397254,0.3712691053896962,0.3667691053896962,17,pump_le0,tdec_30_70,fund_flat,crowd_ge5,btc_up,-0.1704109589041095,0.6936022941971568,0.00035841,0.1392761143418495
KOMAUSDT,2024-12-10,e2324,105604,long,1,-0.3717965653896962,-0.00397254,-0.3802691053896962,-0.3847691053896962,17,pump_le0,tdec_30_70,fund_flat,crowd_ge5,btc_up,-0.1704109589041095,0.6936022941971568,0.00035841,0.1392761143418495
KOMAUSDT,2024-12-10,e2324,105604,short,2,0.3142259715913188,0.00356647,0.3132924415913188,0.3087924415913188,14,pump_le0,tdec_30_70,fund_flat,crowd_ge5,btc_up,-0.1704109589041095,0.4774456933910949,0.0001,0.13657807384503462
KOMAUSDT,2024-12-10,e2324,105604,long,2,-0.3142259715913188,-0.00356647,-0.3222924415913188,-0.3267924415913188,14,pump_le0,tdec_30_70,fund_flat,crowd_ge5,btc_up,-0.1704109589041095,0.4774456933910949,0.0001,0.13657807384503462
KORUUSDT,2026-06-24,e2526,105684,short,1,0.32369783629942045,0.0004144499999999998,0.31961228629942046,0.31511228629942045,17,pump_0_25,tdec_lt30,fund_flat,crowd_ge5,btc_down,0.15487882147948673,0.03425285400944534,-0.00048847,-0.1958868156221425
KORUUSDT,2026-06-24,e2526,105684,long,1,-0.32369783629942045,-0.0004144499999999998,-0.32861228629942046,-0.33311228629942047,17,pump_0_25,tdec_lt30,fund_flat,crowd_ge5,btc_down,0.15487882147948673,0.03425285400944534,-0.00048847,-0.1958868156221425
KORUUSDT,2026-06-24,e2526,105684,short,2,0.19612798043611154,0.0020453999999999997,0.19367338043611154,0.18917338043611154,14,pump_0_25,tdec_ge70,fund_flat,crowd_ge5,btc_down,0.15487882147948673,2.2448635512858877,0.0000872,-0.19269637856056243
KORUUSDT,2026-06-24,e2526,105684,long,2,-0.19612798043611154,-0.0020453999999999997,-0.20267338043611155,-0.20717338043611155,14,pump_0_25,tdec_ge70,fund_flat,crowd_ge5,btc_down,0.15487882147948673,2.2448635512858877,0.0000872,-0.19269637856056243
KSMUSDT,2021-10-12,e2122,105439,short,1,-0.03823047515019115,0.0153626,-0.02736787515019115,-0.03186787515019115,17,pump_0_25,tdec_ge70,fund_flat,crowd_ge5,btc_up,0.15941111287003307,2.455971022255127,0.0001,0.2761539317094872
KSMUSDT,2021-10-12,e2122,105439,long,1,0.03823047515019115,-0.0153626,0.01836787515019115,0.013867875150191151,17,pump_0_25,tdec_ge70,fund_flat,crowd_ge5,btc_up,0.15941111287003307,2.455971022255127,0.0001,0.2761539317094872
KSMUSDT,2021-10-12,e2122,105439,short,2,-0.08380843785632833,0.014211050000000001,-0.07409738785632833,-0.07859738785632832,14,pump_0_25,tdec_ge70,fund_pos,crowd_ge5,btc_up,0.15941111287003307,4.473395180056579,0.00085448,0.2180233175476225
KSMUSDT,2021-10-12,e2122,105439,long,2,0.08380843785632833,-0.014211050000000001,0.06509738785632832,0.06059738785632832,14,pump_0_25,tdec_ge70,fund_pos,crowd_ge5,btc_up,0.15941111287003307,4.473395180056579,0.00085448,0.2180233175476225
KUSDT,2025-08-08,e2526,105638,short,1,0.1812375249500998,0.0036721699999999998,0.18040969495009979,0.17590969495009978,35,pump_le0,tdec_ge70,fund_flat,crowd_ge5,btc_up,-0.31966322650733303,0.7304137348025133,0.0001875,0.0035873751294290823
KUSDT,2025-08-08,e2526,105638,long,1,-0.1812375249500998,-0.0036721699999999998,-0.1894096949500998,-0.1939096949500998,35,pump_le0,tdec_ge70,fund_flat,crowd_ge5,btc_up,-0.31966322650733303,0.7304137348025133,0.0001875,0.0035873751294290823
KUSDT,2025-08-08,e2526,105638,short,2,0.20287602020987164,0.00337217,0.20174819020987164,0.19724819020987164,29,pump_le0,tdec_lt30,fund_flat,crowd_ge5,btc_up,-0.31966322650733303,0.280835473010792,0.0001,0.015003131680350723
KUSDT,2025-08-08,e2526,105638,long,2,-0.20287602020987164,-0.00337217,-0.21074819020987165,-0.21524819020987165,29,pump_le0,tdec_lt30,fund_flat,crowd_ge5,btc_up,-0.31966322650733303,0.280835473010792,0.0001,0.015003131680350723
L3USDT,2024-07-31,e2324,105585,short,1,0.45046097909362415,-0.03525019,0.41071078909362413,0.4062107890936241,17,pump_le0,tdec_30_70,fund_neg,crowd_24,btc_up,-0.18283106960950768,0.5657713388014718,-0.00442029,0.05231702328457821
L3USDT,2024-07-31,e2324,105585,long,1,-0.45046097909362415,0.03525019,-0.41971078909362414,-0.42421078909362414,17,pump_le0,tdec_30_70,fund_neg,crowd_24,btc_up,-0.18283106960950768,0.5657713388014718,-0.00442029,0.05231702328457821
L3USDT,2024-07-31,e2324,105585,short,2,0.34832152756390505,-0.02538095,0.31844057756390504,0.31394057756390503,14,pump_le0,tdec_30_70,fund_neg,crowd_24,btc_up,-0.18283106960950768,0.3325351784483562,-0.00381531,0.02117145857425795
L3USDT,2024-07-31,e2324,105585,long,2,-0.34832152756390505,0.02538095,-0.32744057756390504,-0.33194057756390505,14,pump_le0,tdec_30_70,fund_neg,crowd_24,btc_up,-0.18283106960950768,0.3325351784483562,-0.00381531,0.02117145857425795
LABUSDT,2025-10-27,e2526,105650,short,1,0.14663599769982746,0.00893052,0.15106651769982746,0.14656651769982745,35,pump_le0,tdec_30_70,fund_flat,crowd_ge5,btc_up,-0.15087890625,0.42842244116245753,0.0001,0.0062648539464120745
LABUSDT,2025-10-27,e2526,105650,long,1,-0.14663599769982746,-0.00893052,-0.16006651769982747,-0.16456651769982747,35,pump_le0,tdec_30_70,fund_flat,crowd_ge5,btc_up,-0.15087890625,0.42842244116245753,0.0001,0.0062648539464120745
LABUSDT,2025-10-27,e2526,105650,short,2,-0.06303724928366763,0.00838477,-0.05915247928366763,-0.06365247928366763,29,pump_le0,tdec_30_70,fund_flat,crowd_ge5,btc_down,-0.15087890625,0.4051541791142352,0.0001,-0.03765905713190376
LABUSDT,2025-10-27,e2526,105650,long,2,0.06303724928366763,-0.00838477,0.05015247928366764,0.045652479283667634,29,pump_le0,tdec_30_70,fund_flat,crowd_ge5,btc_down,-0.15087890625,0.4051541791142352,0.0001,-0.03765905713190376
LAIUSDT,2024-04-26,e2324,105571,short,1,-0.06996996996996993,0.0004221100000000001,-0.07404785996996993,-0.07854785996996992,17,pump_le0,tdec_lt30,fund_flat,crowd_24,btc_down,-0.0009000900090007091,0.19053977089308122,0.00002206,-0.1050808085939926
LAIUSDT,2024-04-26,e2324,105571,long,1,0.06996996996996993,-0.0004221100000000001,0.06504785996996992,0.060547859969969926,17,pump_le0,tdec_lt30,fund_flat,crowd_24,btc_down,-0.0009000900090007091,0.19053977089308122,0.00002206,-0.1050808085939926
LAIUSDT,2024-04-26,e2324,105571,short,2,-0.0770858524788393,0.0014,-0.0801858524788393,-0.0846858524788393,14,pump_le0,tdec_lt30,fund_flat,crowd_24,btc_down,-0.0009000900090007091,0.13707903905221844,-0.00030645,-0.09737450500148781
LAIUSDT,2024-04-26,e2324,105571,long,2,0.0770858524788393,-0.0014,0.0711858524788393,0.0666858524788393,14,pump_le0,tdec_lt30,fund_flat,crowd_24,btc_down,-0.0009000900090007091,0.13707903905221844,-0.00030645,-0.09737450500148781
LAUNCHCOINUSDT,2025-05-14,e2526,105626,short,1,0.1227393739098503,0.00991185,0.1281512239098503,0.1236512239098503,35,pump_0_25,tdec_ge70,fund_pos,crowd_24,btc_up,0.15336968606067014,1.7408319890835962,0.00171568,0.24049533692886804
LAUNCHCOINUSDT,2025-05-14,e2526,105626,long,1,-0.1227393739098503,-0.00991185,-0.1371512239098503,-0.1416512239098503,35,pump_0_25,tdec_ge70,fund_pos,crowd_24,btc_up,0.15336968606067014,1.7408319890835962,0.00171568,0.24049533692886804
LAUNCHCOINUSDT,2025-05-14,e2526,105626,short,2,-0.01767838125665611,0.00617904,-0.01599934125665611,-0.02049934125665611,29,pump_0_25,tdec_ge70,fund_pos,crowd_24,btc_up,0.15336968606067014,1.1093107357384355,0.00172726,0.23127902269425848
LAUNCHCOINUSDT,2025-05-14,e2526,105626,long,2,0.01767838125665611,-0.00617904,0.00699934125665611,0.00249934125665611,29,pump_0_25,tdec_ge70,fund_pos,crowd_24,btc_up,0.15336968606067014,1.1093107357384355,0.00172726,0.23127902269425848
LAUSDT,2025-06-05,e2526,105629,short,1,0.356478611283323,-0.05408384,0.297894771283323,0.293394771283323,143,pump_le0,tdec_30_70,fund_flat,crowd_01,btc_up,-0.0922265212803377,0.623371883539613,0.00007072,0.07464214682007375
LAUSDT,2025-06-05,e2526,105629,long,1,-0.356478611283323,0.05408384,-0.306894771283323,-0.311394771283323,143,pump_le0,tdec_30_70,fund_flat,crowd_01,btc_up,-0.0922265212803377,0.623371883539613,0.00007072,0.07464214682007375
LAUSDT,2025-06-05,e2526,105629,short,2,0.22566206639313688,-0.019505250000000002,0.20165681639313687,0.19715681639313687,119,pump_le0,tdec_30_70,fund_neg,crowd_01,btc_up,-0.0922265212803377,0.31708420129158066,-0.00729976,0.02188977140643167
LAUSDT,2025-06-05,e2526,105629,long,2,-0.22566206639313688,0.019505250000000002,-0.21065681639313688,-0.21515681639313688,119,pump_le0,tdec_30_70,fund_neg,crowd_01,btc_up,-0.0922265212803377,0.31708420129158066,-0.00729976,0.02188977140643167
LDOUSDT,2022-07-21,e2122,105479,short,1,-0.4778067885117492,-0.01298312,-0.4952899085117492,-0.4997899085117492,17,pump_0_25,tdec_ge70,fund_flat,crowd_01,btc_up,0.03653585926928282,0.7302143499978176,0.0001,0.13495995995996002
LDOUSDT,2022-07-21,e2122,105479,long,1,0.4778067885117492,0.01298312,0.4862899085117492,0.4817899085117492,17,pump_0_25,tdec_ge70,fund_flat,crowd_01,btc_up,0.03653585926928282,0.7302143499978176,0.0001,0.13495995995996002
LDOUSDT,2022-07-21,e2122,105479,short,2,-0.4329113924050631,-0.01295406,-0.4503654524050631,-0.4548654524050631,14,pump_0_25,tdec_ge70,fund_flat,crowd_01,btc_up,0.03653585926928282,0.7910395991161348,-0.00022906,0.06349845935055698
LDOUSDT,2022-07-21,e2122,105479,long,2,0.4329113924050631,0.01295406,0.4413654524050631,0.4368654524050631,14,pump_0_25,tdec_ge70,fund_flat,crowd_01,btc_up,0.03653585926928282,0.7910395991161348,-0.00022906,0.06349845935055698
LEVERUSDT,2023-06-05,e2324,105525,short,1,0.1798611111111112,0.0017000000000000001,0.1770611111111112,0.1725611111111112,17,pump_le0,tdec_ge70,fund_flat,crowd_01,btc_down,-0.0450928381962864,0.758509895148585,0.0001,-0.04212726869595518
LEVERUSDT,2023-06-05,e2324,105525,long,1,-0.1798611111111112,-0.0017000000000000001,-0.1860611111111112,-0.1905611111111112,17,pump_le0,tdec_ge70,fund_flat,crowd_01,btc_down,-0.0450928381962864,0.758509895148585,0.0001,-0.04212726869595518
LEVERUSDT,2023-06-05,e2324,105525,short,2,0.13161764705882362,0.0014,0.12851764705882363,0.12401764705882364,14,pump_le0,tdec_30_70,fund_flat,crowd_01,btc_down,-0.0450928381962864,0.5681723644661392,0.0001,-0.04809535174698232
LEVERUSDT,2023-06-05,e2324,105525,long,2,-0.13161764705882362,-0.0014,-0.13751764705882363,-0.14201764705882364,14,pump_le0,tdec_30_70,fund_flat,crowd_01,btc_down,-0.0450928381962864,0.5681723644661392,0.0001,-0.04809535174698232
LFTUSDT,2024-05-16,e2324,105574,short,1,-0.7387955182072828,-0.0040731199999999995,-0.7473686382072828,-0.7518686382072829,17,pump_25_100,tdec_ge70,fund_flat,crowd_ge5,btc_up,0.3821584126472011,6.4331590219779144,-4.94e-6,0.0935260021226223
LFTUSDT,2024-05-16,e2324,105574,long,1,0.7387955182072828,0.0040731199999999995,0.7383686382072829,0.7338686382072829,17,pump_25_100,tdec_ge70,fund_flat,crowd_ge5,btc_up,0.3821584126472011,6.4331590219779144,-4.94e-6,0.0935260021226223
LFTUSDT,2024-05-16,e2324,105574,short,2,-0.27464065708418894,-0.00442023,-0.283560887084189,-0.288060887084189,14,pump_25_100,tdec_ge70,fund_flat,crowd_ge5,btc_up,0.3821584126472011,25.150801413427228,0.0001,0.05407352183226144
LFTUSDT,2024-05-16,e2324,105574,long,2,0.27464065708418894,0.00442023,0.27456088708418896,0.27006088708418896,14,pump_25_100,tdec_ge70,fund_flat,crowd_ge5,btc_up,0.3821584126472011,25.150801413427228,0.0001,0.05407352183226144
LIGHTUSDT,2025-09-27,e2526,105645,short,1,0.11932287365813381,0.00380977,0.11863264365813381,0.11413264365813382,35,pump_0_25,tdec_ge70,fund_flat,crowd_ge5,btc_up,0.05821955215729102,1.511975106469228,0.0002621,0.03486862202402641
LIGHTUSDT,2025-09-27,e2526,105645,long,1,-0.11932287365813381,-0.00380977,-0.12763264365813382,-0.13213264365813382,35,pump_0_25,tdec_ge70,fund_flat,crowd_ge5,btc_up,0.05821955215729102,1.511975106469228,0.0002621,0.03486862202402641
LIGHTUSDT,2025-09-27,e2526,105645,short,2,0.3207006369426752,0.00207377,0.31827440694267517,0.31377440694267517,29,pump_0_25,tdec_ge70,fund_pos,crowd_ge5,btc_up,0.05821955215729102,1.4936352973704177,0.00162214,0.05029109023935319
LIGHTUSDT,2025-09-27,e2526,105645,long,2,-0.3207006369426752,-0.00207377,-0.3272744069426752,-0.3317744069426752,29,pump_0_25,tdec_ge70,fund_pos,crowd_ge5,btc_up,0.05821955215729102,1.4936352973704177,0.00162214,0.05029109023935319
LINAUSDT,2022-04-20,e2122,105466,short,1,0.1848920863309352,0.0017000000000000001,0.1820920863309352,0.1775920863309352,17,pump_le0,tdec_ge70,fund_flat,crowd_24,btc_down,-0.13503422526446807,1.0206449856525455,0.0001,-0.04497220222146159
LINAUSDT,2022-04-20,e2122,105466,long,1,-0.1848920863309352,-0.0017000000000000001,-0.19109208633093522,-0.19559208633093522,17,pump_le0,tdec_ge70,fund_flat,crowd_24,btc_down,-0.13503422526446807,1.0206449856525455,0.0001,-0.04497220222146159
LINAUSDT,2022-04-20,e2122,105466,short,2,0.15003750937734434,0.0014,0.14693750937734434,0.14243750937734434,14,pump_le0,tdec_ge70,fund_flat,crowd_24,btc_down,-0.13503422526446807,1.6021586491410835,0.0001,-0.07409308892337496
LINAUSDT,2022-04-20,e2122,105466,long,2,-0.15003750937734434,-0.0014,-0.15593750937734435,-0.16043750937734436,14,pump_le0,tdec_ge70,fund_flat,crowd_24,btc_down,-0.13503422526446807,1.6021586491410835,0.0001,-0.07409308892337496
LINEAUSDT,2025-09-01,e2526,105642,short,1,0.17378835675365642,0.00175,0.17103835675365642,0.1665383567536564,35,pump_le0,tdec_30_70,fund_flat,crowd_24,btc_down,-0.33782757311052036,0.44239971441402026,0.0001,-0.025663376467733423
LINEAUSDT,2025-09-01,e2526,105642,long,1,-0.17378835675365642,-0.00175,-0.18003835675365643,-0.18453835675365643,35,pump_le0,tdec_30_70,fund_flat,crowd_24,btc_down,-0.33782757311052036,0.44239971441402026,0.0001,-0.025663376467733423
LINEAUSDT,2025-09-01,e2526,105642,short,2,0.05447981621266825,0.0014500000000000001,0.051429816212668254,0.04692981621266825,29,pump_le0,tdec_30_70,fund_flat,crowd_24,btc_down,-0.33782757311052036,0.4520643329221715,0.0001,-0.029078482861763733
LINEAUSDT,2025-09-01,e2526,105642,long,2,-0.05447981621266825,-0.0014500000000000001,-0.06042981621266825,-0.06492981621266825,29,pump_le0,tdec_30_70,fund_flat,crowd_24,btc_down,-0.33782757311052036,0.4520643329221715,0.0001,-0.029078482861763733
LISTAUSDT,2024-06-21,e2324,105579,short,1,-0.08419857235561334,-0.00108797,-0.08978654235561334,-0.09428654235561333,17,pump_le0,tdec_ge70,fund_flat,crowd_24,btc_down,-0.15884279475982543,1.5988646354879905,0.0001,-0.05554681376405701
LISTAUSDT,2024-06-21,e2324,105579,long,1,0.08419857235561334,0.00108797,0.08078654235561333,0.07628654235561334,17,pump_le0,tdec_ge70,fund_flat,crowd_24,btc_down,-0.15884279475982543,1.5988646354879905,0.0001,-0.05554681376405701
LISTAUSDT,2024-06-21,e2324,105579,short,2,-0.17307354748113046,-0.00138797,-0.17896151748113046,-0.18346151748113046,14,pump_le0,tdec_ge70,fund_flat,crowd_24,btc_down,-0.15884279475982543,0.7740255238387344,0.0001,-0.07874161563137938
LISTAUSDT,2024-06-21,e2324,105579,long,2,0.17307354748113046,0.00138797,0.16996151748113045,0.16546151748113044,14,pump_le0,tdec_ge70,fund_flat,crowd_24,btc_down,-0.15884279475982543,0.7740255238387344,0.0001,-0.07874161563137938
LITEUSDT,2026-05-12,e2526,105678,short,1,0.14064782775855442,0.01826298,0.15441080775855442,0.14991080775855442,17,pump_le0,tdec_30_70,fund_flat,crowd_ge5,btc_up,-0.00027866127280939956,0.5088795416107992,0.00020892,0.06590287925983795
LITEUSDT,2026-05-12,e2526,105678,long,1,-0.14064782775855442,-0.01826298,-0.16341080775855443,-0.16791080775855444,17,pump_le0,tdec_30_70,fund_flat,crowd_ge5,btc_up,-0.00027866127280939956,0.5088795416107992,0.00020892,0.06590287925983795
LITEUSDT,2026-05-12,e2526,105678,short,2,0.10254660068458084,0.01627825,0.11432485068458084,0.10982485068458085,14,pump_le0,tdec_lt30,fund_flat,crowd_ge5,btc_up,-0.00027866127280939956,0.2955746760190839,0.0,0.0939424122917123
LITEUSDT,2026-05-12,e2526,105678,long,2,-0.10254660068458084,-0.01627825,-0.12332485068458085,-0.12782485068458085,14,pump_le0,tdec_lt30,fund_flat,crowd_ge5,btc_up,-0.00027866127280939956,0.2955746760190839,0.0,0.0939424122917123
LITUSDT,2025-12-30,e2526,105659,short,1,-0.24647490129723618,0.00880235,-0.2421725512972362,-0.2466725512972362,35,pump_le0,tdec_ge70,fund_flat,crowd_24,btc_up,-0.06684210526315792,1.342656949747997,0.0001,0.01566252068257401
LITUSDT,2025-12-30,e2526,105659,long,1,0.24647490129723618,-0.00880235,0.23317255129723619,0.22867255129723618,35,pump_le0,tdec_ge70,fund_flat,crowd_24,btc_up,-0.06684210526315792,1.342656949747997,0.0001,0.01566252068257401
LITUSDT,2025-12-30,e2526,105659,short,2,-0.1700196641960368,0.00841865,-0.16610101419603682,-0.17060101419603682,29,pump_le0,tdec_ge70,fund_flat,crowd_24,btc_down,-0.06684210526315792,1.0980570476800904,0.0001,-0.026650095296339216
LITUSDT,2025-12-30,e2526,105659,long,2,0.1700196641960368,-0.00841865,0.1571010141960368,0.1526010141960368,29,pump_le0,tdec_ge70,fund_flat,crowd_24,btc_down,-0.06684210526315792,1.0980570476800904,0.0001,-0.026650095296339216
LLYUSDT,2026-05-14,e2526,105678,short,1,-0.03928198498334245,-0.00538149,-0.04916347498334245,-0.05366347498334245,17,pump_le0,tdec_30_70,fund_flat,crowd_ge5,btc_up,-0.011899848672444646,0.3555751468455439,-0.00016458,0.057385631927979075
LLYUSDT,2026-05-14,e2526,105678,long,1,0.03928198498334245,0.00538149,0.040163474983342454,0.03566347498334245,17,pump_le0,tdec_30_70,fund_flat,crowd_ge5,btc_up,-0.011899848672444646,0.3555751468455439,-0.00016458,0.057385631927979075
LLYUSDT,2026-05-14,e2526,105678,short,2,-0.03840421303656596,-0.00097359,-0.04387780303656596,-0.04837780303656596,14,pump_le0,tdec_lt30,fund_neg,crowd_ge5,btc_up,-0.011899848672444646,0.08174580922567325,-0.0007609,0.039955742314820686
LLYUSDT,2026-05-14,e2526,105678,long,2,0.03840421303656596,0.00097359,0.034877803036565964,0.03037780303656596,14,pump_le0,tdec_lt30,fund_neg,crowd_ge5,btc_up,-0.011899848672444646,0.08174580922567325,-0.0007609,0.039955742314820686
LOOKSUSDT,2022-01-24,e2122,105454,short,1,-0.2749595250944414,-0.0910493,-0.3705088250944414,-0.3750088250944414,17,pump_0_25,tdec_ge70,fund_neg,crowd_24,btc_down,0.07983682983682994,1.1652750455039633,-0.00666844,-0.27235387979433845
LOOKSUSDT,2022-01-24,e2122,105454,long,1,0.2749595250944414,0.0910493,0.3615088250944414,0.3570088250944414,17,pump_0_25,tdec_ge70,fund_neg,crowd_24,btc_down,0.07983682983682994,1.1652750455039633,-0.00666844,-0.27235387979433845
LOOKSUSDT,2022-01-24,e2122,105454,short,2,-0.26709573612228465,-0.06709378,-0.33868951612228465,-0.34318951612228465,14,pump_0_25,tdec_30_70,fund_neg,crowd_24,btc_down,0.07983682983682994,0.6937508318203744,-0.00778833,-0.2748464200842101
LOOKSUSDT,2022-01-24,e2122,105454,long,2,0.26709573612228465,0.06709378,0.32968951612228464,0.32518951612228464,14,pump_0_25,tdec_30_70,fund_neg,crowd_24,btc_down,0.07983682983682994,0.6937508318203744,-0.00778833,-0.2748464200842101
LOOMUSDT,2023-09-21,e2324,105540,short,1,-0.324040879150295,-0.13631678,-0.46485765915029503,-0.46935765915029504,17,pump_25_100,tdec_ge70,fund_neg,crowd_24,btc_up,0.7819591141396933,5.231185728159051,-0.00478945,0.00540440299891376
LOOMUSDT,2023-09-21,e2324,105540,long,1,0.324040879150295,0.13631678,0.455857659150295,0.451357659150295,17,pump_25_100,tdec_ge70,fund_neg,crowd_24,btc_up,0.7819591141396933,5.231185728159051,-0.00478945,0.00540440299891376
LOOMUSDT,2023-09-21,e2324,105540,short,2,-0.2777562505766215,-0.0973759,-0.37963215057662153,-0.38413215057662153,14,pump_25_100,tdec_ge70,fund_neg,crowd_24,btc_up,0.7819591141396933,3.8214389602884298,-0.00105906,0.015442480582227303
LOOMUSDT,2023-09-21,e2324,105540,long,2,0.2777562505766215,0.0973759,0.3706321505766215,0.3661321505766215,14,pump_25_100,tdec_ge70,fund_neg,crowd_24,btc_up,0.7819591141396933,3.8214389602884298,-0.00105906,0.015442480582227303
LPTUSDT,2021-12-13,e2122,105448,short,1,-0.025602409638554043,0.0017000000000000001,-0.028402409638554043,-0.032902409638554043,17,pump_le0,tdec_30_70,fund_flat,crowd_ge5,btc_down,-0.09165526675786584,0.6662504544948051,0.0001,-0.2620728069037609
LPTUSDT,2021-12-13,e2122,105448,long,1,0.025602409638554043,-0.0017000000000000001,0.019402409638554042,0.014902409638554043,17,pump_le0,tdec_30_70,fund_flat,crowd_ge5,btc_down,-0.09165526675786584,0.6662504544948051,0.0001,-0.2620728069037609
LPTUSDT,2021-12-13,e2122,105448,short,2,0.03541076487252125,0.0014,0.03231076487252125,0.027810764872521244,14,pump_le0,tdec_ge70,fund_flat,crowd_ge5,btc_down,-0.09165526675786584,0.8539458602914412,0.0001,-0.23274691285336346
LPTUSDT,2021-12-13,e2122,105448,long,2,-0.03541076487252125,-0.0014,-0.04131076487252124,-0.04581076487252125,14,pump_le0,tdec_ge70,fund_flat,crowd_ge5,btc_down,-0.09165526675786584,0.8539458602914412,0.0001,-0.23274691285336346
LQTYUSDT,2023-03-13,e2324,105513,short,1,0.2555443548387097,0.00027759000000000014,0.2513219448387097,0.24682194483870967,17,pump_0_25,tdec_ge70,fund_flat,crowd_01,btc_up,0.1615925058548009,1.6665178269901324,0.00040976,0.13352681051940363
LQTYUSDT,2023-03-13,e2324,105513,long,1,-0.2555443548387097,-0.00027759000000000014,-0.2603219448387097,-0.2648219448387097,17,pump_0_25,tdec_ge70,fund_flat,crowd_01,btc_up,0.1615925058548009,1.6665178269901324,0.00040976,0.13352681051940363
LQTYUSDT,2023-03-13,e2324,105513,short,2,0.19626337747143113,-0.0005863299999999999,0.19117704747143113,0.18667704747143113,14,pump_0_25,tdec_ge70,fund_flat,crowd_01,btc_up,0.1615925058548009,1.1798063075190068,0.0001,0.11562385152517463
LQTYUSDT,2023-03-13,e2324,105513,long,2,-0.19626337747143113,0.0005863299999999999,-0.20017704747143114,-0.20467704747143114,14,pump_0_25,tdec_ge70,fund_flat,crowd_01,btc_up,0.1615925058548009,1.1798063075190068,0.0001,0.11562385152517463
LRCUSDT,2021-11-11,e2122,105443,short,1,0.26999012833168806,0.00701375,0.27250387833168804,0.26800387833168804,17,pump_le0,tdec_ge70,fund_flat,crowd_24,btc_up,-0.07755349825466684,1.2212678108779462,0.0001,0.11803310121231658
LRCUSDT,2021-11-11,e2122,105443,long,1,-0.26999012833168806,-0.00701375,-0.28150387833168805,-0.28600387833168806,17,pump_le0,tdec_ge70,fund_flat,crowd_24,btc_up,-0.07755349825466684,1.2212678108779462,0.0001,0.11803310121231658
LRCUSDT,2021-11-11,e2122,105443,short,2,0.17497210859055407,0.00498127,0.17545337859055407,0.17095337859055407,14,pump_le0,tdec_ge70,fund_pos,crowd_24,btc_up,-0.07755349825466684,0.8492194225458757,0.00151057,0.12322270749971675
LRCUSDT,2021-11-11,e2122,105443,long,2,-0.17497210859055407,-0.00498127,-0.18445337859055408,-0.18895337859055408,14,pump_le0,tdec_ge70,fund_pos,crowd_24,btc_up,-0.07755349825466684,0.8492194225458757,0.00151057,0.12322270749971675
LRCXUSDT,2026-06-24,e2526,105684,short,1,0.005308626518091911,0.00223065,0.003039276518091911,-0.0014607234819080887,17,pump_0_25,tdec_lt30,fund_flat,crowd_ge5,btc_down,0.05567157471780915,0.0003083033946133595,0.0,-0.1958868156221425
LRCXUSDT,2026-06-24,e2526,105684,long,1,-0.005308626518091911,-0.00223065,-0.012039276518091911,-0.016539276518091908,17,pump_0_25,tdec_lt30,fund_flat,crowd_ge5,btc_down,0.05567157471780915,0.0003083033946133595,0.0,-0.1958868156221425
LRCXUSDT,2026-06-24,e2526,105684,short,2,-0.04374901466183203,0.00182177,-0.046427244661832026,-0.05092724466183203,14,pump_0_25,tdec_30_70,fund_flat,crowd_ge5,btc_down,0.05567157471780915,0.33662239717744935,0.0,-0.19269637856056243
LRCXUSDT,2026-06-24,e2526,105684,long,2,0.04374901466183203,-0.00182177,0.03742724466183203,0.03292724466183203,14,pump_0_25,tdec_30_70,fund_flat,crowd_ge5,btc_down,0.05567157471780915,0.33662239717744935,0.0,-0.19269637856056243
LSKUSDT,2024-01-03,e2324,105555,short,1,0.1446494464944649,0.0017000000000000001,0.1418494464944649,0.1373494464944649,17,pump_le0,tdec_ge70,fund_flat,crowd_01,btc_up,-0.1661538461538462,0.73955945306828,0.0001,0.0011994540103483775
LSKUSDT,2024-01-03,e2324,105555,long,1,-0.1446494464944649,-0.0017000000000000001,-0.1508494464944649,-0.15534944649446492,17,pump_le0,tdec_ge70,fund_flat,crowd_01,btc_up,-0.1661538461538462,0.73955945306828,0.0001,0.0011994540103483775
LSKUSDT,2024-01-03,e2324,105555,short,2,0.08306962025316454,0.0014,0.07996962025316454,0.07546962025316455,14,pump_le0,tdec_30_70,fund_flat,crowd_01,btc_up,-0.1661538461538462,0.5152929742378739,0.0001,0.008486885979737568
LSKUSDT,2024-01-03,e2324,105555,long,2,-0.08306962025316454,-0.0014,-0.08896962025316454,-0.09346962025316453,14,pump_le0,tdec_30_70,fund_flat,crowd_01,btc_up,-0.1661538461538462,0.5152929742378739,0.0001,0.008486885979737568
LTOUSDT,2024-04-01,e2324,105568,short,1,-0.11736682546556956,0.0017000000000000001,-0.12016682546556956,-0.12466682546556955,17,pump_le0,tdec_30_70,fund_flat,crowd_ge5,btc_up,-0.12038095238095248,0.4062348186005253,0.0001,0.036482001168107736
LTOUSDT,2024-04-01,e2324,105568,long,1,0.11736682546556956,-0.0017000000000000001,0.11116682546556955,0.10666682546556956,17,pump_le0,tdec_30_70,fund_flat,crowd_ge5,btc_up,-0.12038095238095248,0.4062348186005253,0.0001,0.036482001168107736
LTOUSDT,2024-04-01,e2324,105568,short,2,-0.17272727272727276,0.0014,-0.17582727272727275,-0.18032727272727275,14,pump_le0,tdec_30_70,fund_flat,crowd_ge5,btc_down,-0.12038095238095248,0.3609954009849017,0.0001,-0.03494002340550029
LTOUSDT,2024-04-01,e2324,105568,long,2,0.17272727272727276,-0.0014,0.16682727272727274,0.16232727272727274,14,pump_le0,tdec_30_70,fund_flat,crowd_ge5,btc_down,-0.12038095238095248,0.3609954009849017,0.0001,-0.03494002340550029
LUCEUSDT,2024-11-19,e2324,105601,short,1,0.16274864376130196,0.01540825,0.17365689376130197,0.16915689376130197,17,pump_le0,tdec_ge70,fund_pos,crowd_ge5,btc_up,-0.2910256410256411,0.7950311454845906,0.00208198,0.39999940624717034
LUCEUSDT,2024-11-19,e2324,105601,long,1,-0.16274864376130196,-0.01540825,-0.18265689376130198,-0.18715689376130198,17,pump_le0,tdec_ge70,fund_pos,crowd_ge5,btc_up,-0.2910256410256411,0.7950311454845906,0.00208198,0.39999940624717034
LUCEUSDT,2024-11-19,e2324,105601,short,2,0.2134767836919593,0.01194443,0.2209212136919593,0.2164212136919593,14,pump_le0,tdec_30_70,fund_pos,crowd_ge5,btc_up,-0.2910256410256411,0.6138606713042755,0.00173803,0.45948123039037525
LUCEUSDT,2024-11-19,e2324,105601,long,2,-0.2134767836919593,-0.01194443,-0.2299212136919593,-0.2344212136919593,14,pump_le0,tdec_30_70,fund_pos,crowd_ge5,btc_up,-0.2910256410256411,0.6138606713042755,0.00173803,0.45948123039037525
LUMIAUSDT,2024-10-25,e2324,105597,short,1,0.0879025239338555,0.0017002900000000001,0.08510281393385549,0.0806028139338555,17,pump_0_25,tdec_ge70,fund_flat,crowd_24,btc_up,0.018617021276595924,3.418563783040916,0.0001,0.029523008390410554
LUMIAUSDT,2024-10-25,e2324,105597,long,1,-0.0879025239338555,-0.0017002900000000001,-0.0941028139338555,-0.09860281393385549,17,pump_0_25,tdec_ge70,fund_flat,crowd_24,btc_up,0.018617021276595924,3.418563783040916,0.0001,0.029523008390410554
LUMIAUSDT,2024-10-25,e2324,105597,short,2,0.05755395683453242,0.0014359000000000002,0.05448985683453242,0.049989856834532415,14,pump_0_25,tdec_ge70,fund_flat,crowd_24,btc_up,0.018617021276595924,5.210385228491833,0.0001,0.034292319743256305
LUMIAUSDT,2024-10-25,e2324,105597,long,2,-0.05755395683453242,-0.0014359000000000002,-0.06348985683453241,-0.06798985683453242,14,pump_0_25,tdec_ge70,fund_flat,crowd_24,btc_up,0.018617021276595924,5.210385228491833,0.0001,0.034292319743256305
LUNA2USDT,2022-05-31,e2122,105472,short,1,0.41212775806202745,-0.01599959,0.39162816806202744,0.38712816806202743,17,pump_le0,tdec_ge70,fund_flat,crowd_24,btc_down,-0.26577546165175037,1.753325778259215,-0.00032332,-0.22682205149501666
LUNA2USDT,2022-05-31,e2122,105472,long,1,-0.41212775806202745,0.01599959,-0.40062816806202745,-0.40512816806202745,17,pump_le0,tdec_ge70,fund_flat,crowd_24,btc_down,-0.26577546165175037,1.753325778259215,-0.00032332,-0.22682205149501666
LUNA2USDT,2022-05-31,e2122,105472,short,2,0.4641350210970464,-0.01359793,0.4460370910970464,0.4415370910970464,14,pump_le0,tdec_ge70,fund_flat,crowd_24,btc_down,-0.26577546165175037,1.6943466067685728,-0.00001944,-0.1930247657916705
LUNA2USDT,2022-05-31,e2122,105472,long,2,-0.4641350210970464,0.01359793,-0.45503709109704643,-0.45953709109704644,14,pump_le0,tdec_ge70,fund_flat,crowd_24,btc_down,-0.26577546165175037,1.6943466067685728,-0.00001944,-0.1930247657916705
LUNAUSDT,2021-10-11,e2122,105439,short,1,0.04819437068507695,0.01836889,0.062063260685076956,0.05756326068507695,17,pump_le0,tdec_ge70,fund_flat,crowd_24,btc_up,-0.06539272862638057,1.285859709232751,0.00024425,0.21679430775080122
LUNAUSDT,2021-10-11,e2122,105439,long,1,-0.04819437068507695,-0.01836889,-0.07106326068507696,-0.07556326068507695,17,pump_le0,tdec_ge70,fund_flat,crowd_24,btc_up,-0.06539272862638057,1.285859709232751,0.00024425,0.21679430775080122
LUNAUSDT,2021-10-11,e2122,105439,short,2,0.021029632664208743,0.01651285,0.03304248266420875,0.028542482664208745,14,pump_le0,tdec_ge70,fund_pos,crowd_24,btc_up,-0.06539272862638057,1.3860213598056252,0.00066331,0.2761539317094872
LUNAUSDT,2021-10-11,e2122,105439,long,2,-0.021029632664208743,-0.01651285,-0.04204248266420874,-0.04654248266420875,14,pump_le0,tdec_ge70,fund_pos,crowd_24,btc_up,-0.06539272862638057,1.3860213598056252,0.00066331,0.2761539317094872
LYNUSDT,2025-10-06,e2526,105647,short,1,0.3793103448275862,0.00339168,0.3782020248275862,0.3737020248275862,35,pump_le0,tdec_30_70,fund_pos,crowd_ge5,btc_up,-0.158200290275762,0.3619630650851101,0.00217514,0.0919344980092125
LYNUSDT,2025-10-06,e2526,105647,long,1,-0.3793103448275862,-0.00339168,-0.3872020248275862,-0.3917020248275862,35,pump_le0,tdec_30_70,fund_pos,crowd_ge5,btc_up,-0.158200290275762,0.3619630650851101,0.00217514,0.0919344980092125
LYNUSDT,2025-10-06,e2526,105647,short,2,0.36952714535901926,-0.00192082,0.36310632535901927,0.35860632535901926,29,pump_le0,tdec_30_70,fund_flat,crowd_ge5,btc_up,-0.158200290275762,0.47221495071064334,0.00020244,0.1002934525355923
LYNUSDT,2025-10-06,e2526,105647,long,2,-0.36952714535901926,0.00192082,-0.3721063253590193,-0.3766063253590193,29,pump_le0,tdec_30_70,fund_flat,crowd_ge5,btc_up,-0.158200290275762,0.47221495071064334,0.00020244,0.1002934525355923
MAGICUSDT,2022-12-13,e2122,105500,short,1,-0.1343258614921379,-0.05871184,-0.1975377014921379,-0.2020377014921379,17,pump_le0,tdec_30_70,fund_flat,crowd_01,btc_up,-0.20579248040387943,0.5069217807939873,-0.00043496,0.07120276983290674
MAGICUSDT,2022-12-13,e2122,105500,long,1,0.1343258614921379,0.05871184,0.1885377014921379,0.18403770149213788,17,pump_le0,tdec_30_70,fund_flat,crowd_01,btc_up,-0.20579248040387943,0.5069217807939873,-0.00043496,0.07120276983290674
MAGICUSDT,2022-12-13,e2122,105500,short,2,-0.16132899469087184,-0.05690038,-0.22272937469087184,-0.22722937469087184,14,pump_le0,tdec_30_70,fund_neg,crowd_01,btc_up,-0.20579248040387943,0.48953273712277867,-0.00095154,0.02817276928546031
MAGICUSDT,2022-12-13,e2122,105500,long,2,0.16132899469087184,0.05690038,0.21372937469087183,0.20922937469087183,14,pump_le0,tdec_30_70,fund_neg,crowd_01,btc_up,-0.20579248040387943,0.48953273712277867,-0.00095154,0.02817276928546031
MAGMAUSDT,2025-12-26,e2526,105658,short,1,-0.06094141950715669,-0.00024815999999999993,-0.06568957950715669,-0.07018957950715668,35,pump_0_25,tdec_30_70,fund_flat,crowd_01,btc_down,0.0317424069422243,0.48445918580991587,0.0001,-0.037778717456032784
MAGMAUSDT,2025-12-26,e2526,105658,long,1,0.06094141950715669,0.00024815999999999993,0.05668957950715669,0.052189579507156685,35,pump_0_25,tdec_30_70,fund_flat,crowd_01,btc_down,0.0317424069422243,0.48445918580991587,0.0001,-0.037778717456032784
MAGMAUSDT,2025-12-26,e2526,105658,short,2,0.03093200350427915,-0.00025431999999999994,0.02617768350427915,0.02167768350427915,29,pump_0_25,tdec_30_70,fund_flat,crowd_01,btc_down,0.0317424069422243,0.41661266389111795,0.00010942,-0.0323163341798236
MAGMAUSDT,2025-12-26,e2526,105658,long,2,-0.03093200350427915,0.00025431999999999994,-0.03517768350427915,-0.03967768350427915,29,pump_0_25,tdec_30_70,fund_flat,crowd_01,btc_down,0.0317424069422243,0.41661266389111795,0.00010942,-0.0323163341798236
MAJORUSDT,2024-11-19,e2324,105601,short,1,0.44599078341013826,0.0017000000000000001,0.44319078341013823,0.43869078341013823,17,pump_0_25,tdec_30_70,fund_flat,crowd_ge5,btc_up,0.08500108500108494,0.4170178138479135,0.0001,0.39999940624717034
MAJORUSDT,2024-11-19,e2324,105601,long,1,-0.44599078341013826,-0.0017000000000000001,-0.45219078341013824,-0.45669078341013825,17,pump_0_25,tdec_30_70,fund_flat,crowd_ge5,btc_up,0.08500108500108494,0.4170178138479135,0.0001,0.39999940624717034
MAJORUSDT,2024-11-19,e2324,105601,short,2,0.43685591156080195,0.0014,0.43375591156080195,0.42925591156080195,14,pump_0_25,tdec_lt30,fund_flat,crowd_ge5,btc_up,0.08500108500108494,0.22204714620954355,0.0001,0.45948123039037525
MAJORUSDT,2024-11-19,e2324,105601,long,2,-0.43685591156080195,-0.0014,-0.44275591156080196,-0.44725591156080197,14,pump_0_25,tdec_lt30,fund_flat,crowd_ge5,btc_up,0.08500108500108494,0.22204714620954355,0.0001,0.45948123039037525
MANAUSDT,2021-11-08,e2122,105443,short,1,-0.2926637897214594,0.01319597,-0.2839678197214594,-0.2884678197214594,17,pump_le0,tdec_ge70,fund_pos,crowd_01,btc_up,-0.04888059701492542,1.864873814062079,0.00331603,0.2238850971685442
MANAUSDT,2021-11-08,e2122,105443,long,1,0.2926637897214594,-0.01319597,0.2749678197214594,0.2704678197214594,17,pump_le0,tdec_ge70,fund_pos,crowd_01,btc_up,-0.04888059701492542,1.864873814062079,0.00331603,0.2238850971685442
MANAUSDT,2021-11-08,e2122,105443,short,2,-0.3243569131832797,0.0064738700000000005,-0.3223830431832797,-0.3268830431832797,14,pump_le0,tdec_ge70,fund_pos,crowd_01,btc_up,-0.04888059701492542,6.435691829089814,0.00174839,0.12882800608828004
MANAUSDT,2021-11-08,e2122,105443,long,2,0.3243569131832797,-0.0064738700000000005,0.3133830431832797,0.3088830431832797,14,pump_le0,tdec_ge70,fund_pos,crowd_01,btc_up,-0.04888059701492542,6.435691829089814,0.00174839,0.12882800608828004
MANEKIUSDT,2024-06-26,e2324,105580,short,1,0.2846805674569171,0.0017000000000000001,0.2818805674569171,0.2773805674569171,17,pump_0_25,tdec_30_70,fund_flat,crowd_ge5,btc_down,0.2262697022767075,0.4325613032142231,0.0001,-0.09911956705959368
MANEKIUSDT,2024-06-26,e2324,105580,long,1,-0.2846805674569171,-0.0017000000000000001,-0.2908805674569171,-0.2953805674569171,17,pump_0_25,tdec_30_70,fund_flat,crowd_ge5,btc_down,0.2262697022767075,0.4325613032142231,0.0001,-0.09911956705959368
MANEKIUSDT,2024-06-26,e2324,105580,short,2,0.14721906923950062,0.0014,0.14411906923950063,0.13961906923950063,14,pump_0_25,tdec_lt30,fund_flat,crowd_ge5,btc_down,0.2262697022767075,0.1761833503031965,0.0001,-0.10742212896743308
MANEKIUSDT,2024-06-26,e2324,105580,long,2,-0.14721906923950062,-0.0014,-0.15311906923950064,-0.15761906923950064,14,pump_0_25,tdec_lt30,fund_flat,crowd_ge5,btc_down,0.2262697022767075,0.1761833503031965,0.0001,-0.10742212896743308
MANTAUSDT,2024-01-18,e2324,105557,short,1,-0.28323350713146905,0.00235817,-0.28537533713146906,-0.28987533713146907,17,pump_le0,tdec_30_70,fund_pos,crowd_24,btc_down,-0.06378086170727781,0.5603624415384165,0.00067642,-0.04683138869823844
MANTAUSDT,2024-01-18,e2324,105557,long,1,0.28323350713146905,-0.00235817,0.27637533713146906,0.27187533713146905,17,pump_le0,tdec_30_70,fund_pos,crowd_24,btc_down,-0.06378086170727781,0.5603624415384165,0.00067642,-0.04683138869823844
MANTAUSDT,2024-01-18,e2324,105557,short,2,-0.3124146137235029,0.00173882,-0.3151757937235029,-0.3196757937235029,14,pump_le0,tdec_lt30,fund_flat,crowd_24,btc_down,-0.06378086170727781,0.2538240075599539,0.00010264,-0.0503438332107119
MANTAUSDT,2024-01-18,e2324,105557,long,2,0.3124146137235029,-0.00173882,0.3061757937235029,0.3016757937235029,14,pump_le0,tdec_lt30,fund_flat,crowd_24,btc_down,-0.06378086170727781,0.2538240075599539,0.00010264,-0.0503438332107119
MAPOUSDT,2024-05-23,e2324,105575,short,1,-0.04385323783072649,0.00542634,-0.042926897830726486,-0.04742689783072649,17,pump_le0,tdec_30_70,fund_flat,crowd_24,btc_up,-0.028887784796649996,0.38766293041336075,0.0001868,0.06724183812098206
MAPOUSDT,2024-05-23,e2324,105575,long,1,0.04385323783072649,-0.00542634,0.03392689783072649,0.029426897830726488,17,pump_le0,tdec_30_70,fund_flat,crowd_24,btc_up,-0.028887784796649996,0.38766293041336075,0.0001868,0.06724183812098206
MAPOUSDT,2024-05-23,e2324,105575,short,2,-0.060124703087885985,0.00512634,-0.05949836308788598,-0.06399836308788598,14,pump_le0,tdec_lt30,fund_flat,crowd_24,btc_up,-0.028887784796649996,0.19692258837607188,0.0001,0.07510478619273209
MAPOUSDT,2024-05-23,e2324,105575,long,2,0.060124703087885985,-0.00512634,0.05049836308788599,0.045998363087885984,14,pump_le0,tdec_lt30,fund_flat,crowd_24,btc_up,-0.028887784796649996,0.19692258837607188,0.0001,0.07510478619273209
MASAUSDT,2024-05-21,e2324,105575,short,1,-0.026378684606532678,0.0018771500000000002,-0.029001534606532677,-0.03350153460653268,17,pump_0_25,tdec_30_70,fund_flat,crowd_ge5,btc_up,0.1654802434746725,0.6917343038534646,0.0001,0.036540198261802104
MASAUSDT,2024-05-21,e2324,105575,long,1,0.026378684606532678,-0.0018771500000000002,0.020001534606532676,0.015501534606532677,17,pump_0_25,tdec_30_70,fund_flat,crowd_ge5,btc_up,0.1654802434746725,0.6917343038534646,0.0001,0.036540198261802104
MASAUSDT,2024-05-21,e2324,105575,short,2,-0.032318376068376016,0.00175361,-0.03506476606837602,-0.039564766068376014,14,pump_0_25,tdec_lt30,fund_flat,crowd_ge5,btc_up,0.1654802434746725,0.16230603300333704,0.0001,0.02413483579275222
MASAUSDT,2024-05-21,e2324,105575,long,2,0.032318376068376016,-0.00175361,0.026064766068376016,0.02156476606837602,14,pump_0_25,tdec_lt30,fund_flat,crowd_ge5,btc_up,0.1654802434746725,0.16230603300333704,0.0001,0.02413483579275222
MASKUSDT,2021-12-03,e2122,105446,short,1,0.05338983050847464,0.0017000000000000001,0.05058983050847464,0.046089830508474636,17,pump_le0,tdec_ge70,fund_flat,crowd_ge5,btc_down,-0.21880172128434294,1.21688768148033,0.0001,-0.2004378219578291
MASKUSDT,2021-12-03,e2122,105446,long,1,-0.05338983050847464,-0.0017000000000000001,-0.059589830508474634,-0.06408983050847464,17,pump_le0,tdec_ge70,fund_flat,crowd_ge5,btc_down,-0.21880172128434294,1.21688768148033,0.0001,-0.2004378219578291
MASKUSDT,2021-12-03,e2122,105446,short,2,-0.001793721973094132,0.0014,-0.0048937219730941315,-0.009393721973094132,14,pump_le0,tdec_ge70,fund_flat,crowd_ge5,btc_down,-0.21880172128434294,1.1411259162552798,0.0001,-0.1914489311163895
MASKUSDT,2021-12-03,e2122,105446,long,2,0.001793721973094132,-0.0014,-0.004106278026905868,-0.008606278026905867,14,pump_le0,tdec_ge70,fund_flat,crowd_ge5,btc_down,-0.21880172128434294,1.1411259162552798,0.0001,-0.1914489311163895
MATICUSDT,2021-06-29,e2122,105424,short,1,0.030451192314290502,0.0017000000000000001,0.027651192314290505,0.023151192314290504,17,pump_0_25,tdec_ge70,fund_flat,crowd_24,btc_down,0.017899240373701275,1.0740591372641222,0.0001,-0.05969227464353799
MATICUSDT,2021-06-29,e2122,105424,long,1,-0.030451192314290502,-0.0017000000000000001,-0.0366511923142905,-0.041151192314290506,17,pump_0_25,tdec_ge70,fund_flat,crowd_24,btc_down,0.017899240373701275,1.0740591372641222,0.0001,-0.05969227464353799
MATICUSDT,2021-06-29,e2122,105424,short,2,-0.05251885650433001,0.0014,-0.05561885650433001,-0.060118856504330014,14,pump_0_25,tdec_ge70,fund_flat,crowd_24,btc_down,0.017899240373701275,0.9749029152005,0.0001,-0.08617114167212403
MATICUSDT,2021-06-29,e2122,105424,long,2,0.05251885650433001,-0.0014,0.046618856504330015,0.04211885650433001,14,pump_0_25,tdec_ge70,fund_flat,crowd_24,btc_down,0.017899240373701275,0.9749029152005,0.0001,-0.08617114167212403
MAVIAUSDT,2024-02-07,e2324,105560,short,1,-0.6938401648729106,-0.01188824,-0.7102284048729105,-0.7147284048729106,17,pump_0_25,tdec_ge70,fund_neg,crowd_24,btc_down,0.21036585365853666,1.1350982053052887,-0.00120442,-0.018806364897676064
MAVIAUSDT,2024-02-07,e2324,105560,long,1,0.6938401648729106,0.01188824,0.7012284048729106,0.6967284048729105,17,pump_0_25,tdec_ge70,fund_neg,crowd_24,btc_down,0.21036585365853666,1.1350982053052887,-0.00120442,-0.018806364897676064
MAVIAUSDT,2024-02-07,e2324,105560,short,2,-0.25692438402718787,-0.00648406,-0.2679084440271879,-0.2724084440271879,14,pump_0_25,tdec_ge70,fund_neg,crowd_24,btc_up,0.21036585365853666,2.0736074306877033,-0.00279073,0.009912151547688763
MAVIAUSDT,2024-02-07,e2324,105560,long,2,0.25692438402718787,0.00648406,0.2589084440271879,0.2544084440271879,14,pump_0_25,tdec_ge70,fund_neg,crowd_24,btc_up,0.21036585365853666,2.0736074306877033,-0.00279073,0.009912151547688763
MAVUSDT,2023-06-28,e2324,105528,short,1,-0.0014371257485031018,-0.00453132,-0.010468445748503101,-0.0149684457485031,17,pump_le0,tdec_ge70,fund_flat,crowd_01,btc_up,-0.23450678401173453,1.41540128039301,0.0001,0.09943571810470653
MAVUSDT,2023-06-28,e2324,105528,long,1,0.0014371257485031018,0.00453132,0.001468445748503102,-0.0030315542514968976,17,pump_le0,tdec_ge70,fund_flat,crowd_01,btc_up,-0.23450678401173453,1.41540128039301,0.0001,0.09943571810470653
MAVUSDT,2023-06-28,e2324,105528,short,2,-0.02274951076320947,-0.00315386,-0.03040337076320947,-0.03490337076320947,14,pump_le0,tdec_ge70,fund_neg,crowd_01,btc_up,-0.23450678401173453,1.5148890571359046,-0.00064243,0.12009632707084816
MAVUSDT,2023-06-28,e2324,105528,long,2,0.02274951076320947,0.00315386,0.02140337076320947,0.01690337076320947,14,pump_le0,tdec_ge70,fund_neg,crowd_01,btc_up,-0.23450678401173453,1.5148890571359046,-0.00064243,0.12009632707084816
MAXUSDT,2024-08-06,e2324,105586,short,1,0.011903616004106879,-0.00325169,0.004151926004106879,-0.00034807399589312053,17,pump_le0,tdec_30_70,fund_neg,crowd_01,btc_down,-0.07699825273195726,0.42948057263431305,-0.00074103,-0.0279911458379265
MAXUSDT,2024-08-06,e2324,105586,long,1,-0.011903616004106879,0.00325169,-0.01315192600410688,-0.01765192600410688,17,pump_le0,tdec_30_70,fund_neg,crowd_01,btc_down,-0.07699825273195726,0.42948057263431305,-0.00074103,-0.0279911458379265
MAXUSDT,2024-08-06,e2324,105586,short,2,0.01839161062059732,-0.0014196200000000001,0.012471990620597319,0.00797199062059732,14,pump_le0,tdec_lt30,fund_flat,crowd_01,btc_up,-0.07699825273195726,0.21392389191304192,-0.00017698,0.06273145395735646
MAXUSDT,2024-08-06,e2324,105586,long,2,-0.01839161062059732,0.0014196200000000001,-0.02147199062059732,-0.025971990620597317,14,pump_le0,tdec_lt30,fund_flat,crowd_01,btc_up,-0.07699825273195726,0.21392389191304192,-0.00017698,0.06273145395735646
MBLUSDT,2023-11-14,e2324,105548,short,1,0.19879708768597662,0.00428022,0.19857730768597662,0.1940773076859766,17,pump_le0,tdec_30_70,fund_flat,crowd_01,btc_up,-0.06690296854231281,0.4629587383519396,0.0001,0.33050219620868715
MBLUSDT,2023-11-14,e2324,105548,long,1,-0.19879708768597662,-0.00428022,-0.20757730768597663,-0.21207730768597663,17,pump_le0,tdec_30_70,fund_flat,crowd_01,btc_up,-0.06690296854231281,0.4629587383519396,0.0001,0.33050219620868715
MBLUSDT,2023-11-14,e2324,105548,short,2,0.12799310938845831,0.00328626,0.12677936938845832,0.12227936938845833,14,pump_le0,tdec_30_70,fund_flat,crowd_01,btc_up,-0.06690296854231281,0.33850066534628986,0.00024612,0.27475714129672624
MBLUSDT,2023-11-14,e2324,105548,long,2,-0.12799310938845831,-0.00328626,-0.13577936938845833,-0.14027936938845834,14,pump_le0,tdec_30_70,fund_flat,crowd_01,btc_up,-0.06690296854231281,0.33850066534628986,0.00024612,0.27475714129672624
MBOXUSDT,2024-01-19,e2324,105557,short,1,0.11280953836747168,0.0017000000000000001,0.11000953836747168,0.10550953836747169,17,pump_0_25,tdec_lt30,fund_flat,crowd_24,btc_down,0.1283201103828906,0.1825179348497269,0.0001,-0.0503438332107119
MBOXUSDT,2024-01-19,e2324,105557,long,1,-0.11280953836747168,-0.0017000000000000001,-0.11900953836747169,-0.12350953836747168,17,pump_0_25,tdec_lt30,fund_flat,crowd_24,btc_down,0.1283201103828906,0.1825179348497269,0.0001,-0.0503438332107119
MBOXUSDT,2024-01-19,e2324,105557,short,2,0.06837881219903687,0.0014,0.06527881219903686,0.060778812199036865,14,pump_0_25,tdec_lt30,fund_flat,crowd_24,btc_down,0.1283201103828906,0.05093386282294527,0.0001,-0.05508748011815501
MBOXUSDT,2024-01-19,e2324,105557,long,2,-0.06837881219903687,-0.0014,-0.07427881219903687,-0.07877881219903686,14,pump_0_25,tdec_lt30,fund_flat,crowd_24,btc_down,0.1283201103828906,0.05093386282294527,0.0001,-0.05508748011815501
MCUSDT,2023-08-15,e2324,105535,short,1,-0.10467445742904838,-0.00438585,-0.11356030742904838,-0.11806030742904837,17,pump_le0,tdec_ge70,fund_flat,crowd_24,btc_down,-0.17171381951934517,0.7594610883303199,0.0001,-0.04622177954847284
MCUSDT,2023-08-15,e2324,105535,long,1,0.10467445742904838,0.00438585,0.10456030742904837,0.10006030742904838,17,pump_le0,tdec_ge70,fund_flat,crowd_24,btc_down,-0.17171381951934517,0.7594610883303199,0.0001,-0.04622177954847284
MCUSDT,2023-08-15,e2324,105535,short,2,-0.21828626136907614,-0.00468585,-0.22747211136907614,-0.23197211136907614,14,pump_le0,tdec_ge70,fund_flat,crowd_24,btc_down,-0.17171381951934517,1.1495836663324686,0.0001,-0.10856922716156914
MCUSDT,2023-08-15,e2324,105535,long,2,0.21828626136907614,0.00468585,0.21847211136907613,0.21397211136907612,14,pump_le0,tdec_ge70,fund_flat,crowd_24,btc_down,-0.17171381951934517,1.1495836663324686,0.0001,-0.10856922716156914
MDTUSDT,2023-06-30,e2324,105528,short,1,-0.07161406312425085,0.0012158100000000001,-0.07489825312425086,-0.07939825312425085,17,pump_0_25,tdec_30_70,fund_flat,crowd_01,btc_up,0.055116450627041846,0.6121751762931167,0.0001,0.14052854398627357
MDTUSDT,2023-06-30,e2324,105528,long,1,0.07161406312425085,-0.0012158100000000001,0.06589825312425085,0.06139825312425085,17,pump_0_25,tdec_30_70,fund_flat,crowd_01,btc_up,0.055116450627041846,0.6121751762931167,0.0001,0.14052854398627357
MDTUSDT,2023-06-30,e2324,105528,short,2,-0.05506932835087023,0.0014,-0.05816932835087023,-0.06266932835087023,14,pump_0_25,tdec_ge70,fund_flat,crowd_01,btc_up,0.055116450627041846,2.470627864799393,0.0001,0.12349613225592115
MDTUSDT,2023-06-30,e2324,105528,long,2,0.05506932835087023,-0.0014,0.049169328350870234,0.04466932835087023,14,pump_0_25,tdec_ge70,fund_flat,crowd_01,btc_up,0.055116450627041846,2.470627864799393,0.0001,0.12349613225592115
MEGAUSDT,2025-10-23,e2526,105649,short,1,0.12891904539073462,0.00175,0.12616904539073462,0.12166904539073463,35,pump_le0,tdec_lt30,fund_flat,crowd_ge5,btc_down,-0.13551779935275077,0.2508062757982853,0.0001,-0.020226832250972437
MEGAUSDT,2025-10-23,e2526,105649,long,1,-0.12891904539073462,-0.00175,-0.13516904539073463,-0.13966904539073463,35,pump_le0,tdec_lt30,fund_flat,crowd_ge5,btc_down,-0.13551779935275077,0.2508062757982853,0.0001,-0.020226832250972437
MEGAUSDT,2025-10-23,e2526,105649,short,2,0.11357142857142849,0.0014500000000000001,0.11052142857142849,0.1060214285714285,29,pump_le0,tdec_lt30,fund_flat,crowd_ge5,btc_up,-0.13551779935275077,0.29578815479050163,0.0001,0.024384176081622133
MEGAUSDT,2025-10-23,e2526,105649,long,2,-0.11357142857142849,-0.0014500000000000001,-0.1195214285714285,-0.12402142857142849,29,pump_le0,tdec_lt30,fund_flat,crowd_ge5,btc_up,-0.13551779935275077,0.29578815479050163,0.0001,0.024384176081622133
MELANIAUSDT,2025-01-20,e2526,105610,short,1,0.37833293298102333,0.00209803,0.3759309629810233,0.3714309629810233,35,pump_le0,tdec_30_70,fund_flat,crowd_ge5,btc_up,-0.6137143917602301,0.34233108386645855,0.0001,0.11549355875839651
MELANIAUSDT,2025-01-20,e2526,105610,long,1,-0.37833293298102333,-0.00209803,-0.3849309629810233,-0.3894309629810233,35,pump_le0,tdec_30_70,fund_flat,crowd_ge5,btc_up,-0.6137143917602301,0.34233108386645855,0.0001,0.11549355875839651
MELANIAUSDT,2025-01-20,e2526,105610,short,2,0.2526710944267976,0.00179803,0.24996912442679758,0.24546912442679758,29,pump_le0,tdec_lt30,fund_flat,crowd_ge5,btc_up,-0.6137143917602301,0.11604939098273002,0.0001,0.09314297162499852
MELANIAUSDT,2025-01-20,e2526,105610,long,2,-0.2526710944267976,-0.00179803,-0.2589691244267976,-0.2634691244267976,29,pump_le0,tdec_lt30,fund_flat,crowd_ge5,btc_up,-0.6137143917602301,0.11604939098273002,0.0001,0.09314297162499852
MEMEFIUSDT,2024-11-13,e2324,105600,short,1,0.07468581687612202,0.0017000000000000001,0.07188581687612203,0.06738581687612204,17,pump_0_25,tdec_lt30,fund_flat,crowd_ge5,btc_up,0.08046244568590932,0.16186662558944195,0.0001,0.30287335924148584
MEMEFIUSDT,2024-11-13,e2324,105600,long,1,-0.07468581687612202,-0.0017000000000000001,-0.08088581687612204,-0.08538581687612203,17,pump_0_25,tdec_lt30,fund_flat,crowd_ge5,btc_up,0.08046244568590932,0.16186662558944195,0.0001,0.30287335924148584
MEMEFIUSDT,2024-11-13,e2324,105600,short,2,0.034325114292138206,0.0014,0.031225114292138204,0.026725114292138204,14,pump_0_25,tdec_lt30,fund_flat,crowd_ge5,btc_up,0.08046244568590932,0.08205978798501656,0.0001,0.34810363473091965
MEMEFIUSDT,2024-11-13,e2324,105600,long,2,-0.034325114292138206,-0.0014,-0.0402251142921382,-0.044725114292138206,14,pump_0_25,tdec_lt30,fund_flat,crowd_ge5,btc_up,0.08046244568590932,0.08205978798501656,0.0001,0.34810363473091965
MEMEUSDT,2023-11-03,e2324,105546,short,1,0.16268894192521877,0.00476774,0.16295668192521875,0.15845668192521875,17,pump_0_25,tdec_lt30,fund_flat,crowd_24,btc_up,0.12382655341975846,0.24753867250409575,0.0001,0.28023564365831666
MEMEUSDT,2023-11-03,e2324,105546,long,1,-0.16268894192521877,-0.00476774,-0.17195668192521876,-0.17645668192521877,17,pump_0_25,tdec_lt30,fund_flat,crowd_24,btc_up,0.12382655341975846,0.24753867250409575,0.0001,0.28023564365831666
MEMEUSDT,2023-11-03,e2324,105546,short,2,-0.05619668840943299,0.00380196,-0.056894728409432986,-0.06139472840943299,14,pump_0_25,tdec_lt30,fund_flat,crowd_24,btc_up,0.12382655341975846,0.2194308198741358,0.00020205,0.2552010747872817
MEMEUSDT,2023-11-03,e2324,105546,long,2,0.05619668840943299,-0.00380196,0.04789472840943299,0.04339472840943299,14,pump_0_25,tdec_lt30,fund_flat,crowd_24,btc_up,0.12382655341975846,0.2194308198741358,0.00020205,0.2552010747872817
MERLUSDT,2024-04-19,e2324,105570,short,1,0.41521898703205284,-0.00652009,0.40419889703205286,0.39969889703205286,17,pump_le0,tdec_ge70,fund_neg,crowd_24,btc_down,-0.015259818488474908,0.7185977594363778,-0.00293888,-0.00970458984375
MERLUSDT,2024-04-19,e2324,105570,long,1,-0.41521898703205284,0.00652009,-0.41319889703205287,-0.4176988970320529,17,pump_le0,tdec_ge70,fund_neg,crowd_24,btc_down,-0.015259818488474908,0.7185977594363778,-0.00293888,-0.00970458984375
MERLUSDT,2024-04-19,e2324,105570,short,2,0.3417791242082071,-0.00395186,0.33332726420820713,0.3288272642082071,14,pump_le0,tdec_30_70,fund_neg,crowd_24,btc_up,-0.015259818488474908,0.4409401481225008,-0.00171019,0.017160327066337855
MERLUSDT,2024-04-19,e2324,105570,long,2,-0.3417791242082071,0.00395186,-0.34232726420820714,-0.34682726420820714,14,pump_le0,tdec_30_70,fund_neg,crowd_24,btc_up,-0.015259818488474908,0.4409401481225008,-0.00171019,0.017160327066337855
METAUSDT,2026-04-27,e2526,105676,short,1,0.09254850613022265,0.00337231,0.09142081613022265,0.08692081613022266,17,pump_le0,tdec_ge70,fund_flat,crowd_ge5,btc_up,-0.005769401461581669,1.4851634544320025,0.0,0.15622352846689003
METAUSDT,2026-04-27,e2526,105676,long,1,-0.09254850613022265,-0.00337231,-0.10042081613022266,-0.10492081613022265,17,pump_le0,tdec_ge70,fund_flat,crowd_ge5,btc_up,-0.005769401461581669,1.4851634544320025,0.0,0.15622352846689003
METAUSDT,2026-04-27,e2526,105676,short,2,0.021106527775548493,0.00337231,0.019978837775548493,0.015478837775548494,14,pump_le0,tdec_ge70,fund_flat,crowd_ge5,btc_up,-0.005769401461581669,2.721164941140153,0.0,0.13453741577089384
METAUSDT,2026-04-27,e2526,105676,long,2,-0.021106527775548493,-0.00337231,-0.028978837775548494,-0.03347883777554849,14,pump_le0,tdec_ge70,fund_flat,crowd_ge5,btc_up,-0.005769401461581669,2.721164941140153,0.0,0.13453741577089384
METISUSDT,2024-01-03,e2324,105555,short,1,-0.011249870987718066,0.0017000000000000001,-0.014049870987718066,-0.018549870987718063,17,pump_0_25,tdec_30_70,fund_flat,crowd_01,btc_up,0.06765840220385666,0.5713465849746867,0.0001075,0.0011994540103483775
METISUSDT,2024-01-03,e2324,105555,long,1,0.011249870987718066,-0.0017000000000000001,0.005049870987718066,0.0005498709877180662,17,pump_0_25,tdec_30_70,fund_flat,crowd_01,btc_up,0.06765840220385666,0.5713465849746867,0.0001075,0.0011994540103483775
METISUSDT,2024-01-03,e2324,105555,short,2,-0.09303882195448464,0.0014,-0.09613882195448464,-0.10063882195448463,14,pump_0_25,tdec_30_70,fund_flat,crowd_01,btc_up,0.06765840220385666,0.6274735690466395,0.0001,0.008486885979737568
METISUSDT,2024-01-03,e2324,105555,long,2,0.09303882195448464,-0.0014,0.08713882195448464,0.08263882195448465,14,pump_0_25,tdec_30_70,fund_flat,crowd_01,btc_up,0.06765840220385666,0.6274735690466395,0.0001,0.008486885979737568
METUSDT,2025-10-10,e2526,105647,short,1,0.3879261093125119,0.00175,0.3851761093125119,0.3806761093125119,35,pump_le0,tdec_lt30,fund_flat,crowd_24,btc_down,-0.06786982248520712,0.2140635929849562,0.0001,-0.041928238107901916
METUSDT,2025-10-10,e2526,105647,long,1,-0.3879261093125119,-0.00175,-0.3941761093125119,-0.3986761093125119,35,pump_le0,tdec_lt30,fund_flat,crowd_24,btc_down,-0.06786982248520712,0.2140635929849562,0.0001,-0.041928238107901916
METUSDT,2025-10-10,e2526,105647,short,2,0.3287852419074139,0.0014500000000000001,0.32573524190741393,0.3212352419074139,29,pump_le0,tdec_lt30,fund_flat,crowd_24,btc_down,-0.06786982248520712,0.07225974039804575,0.0001,-0.009170316973062476
METUSDT,2025-10-10,e2526,105647,long,2,-0.3287852419074139,-0.0014500000000000001,-0.33473524190741394,-0.33923524190741394,29,pump_le0,tdec_lt30,fund_flat,crowd_24,btc_down,-0.06786982248520712,0.07225974039804575,0.0001,-0.009170316973062476
MEUSDT,2024-11-26,e2324,105602,short,1,-0.3008798499927881,0.0017000000000000001,-0.30367984999278813,-0.30817984999278814,17,pump_le0,tdec_lt30,fund_flat,crowd_ge5,btc_up,-0.0996103896103896,0.2617592154999704,0.0001,0.3711506899450445
MEUSDT,2024-11-26,e2324,105602,long,1,0.3008798499927881,-0.0017000000000000001,0.2946798499927881,0.2901798499927881,17,pump_le0,tdec_lt30,fund_flat,crowd_ge5,btc_up,-0.0996103896103896,0.2617592154999704,0.0001,0.3711506899450445
MEUSDT,2024-11-26,e2324,105602,short,2,-0.3055404769659465,0.0014,-0.3086404769659465,-0.3131404769659465,14,pump_le0,tdec_lt30,fund_flat,crowd_ge5,btc_up,-0.0996103896103896,0.08790403058528853,0.0001,0.3153668006734702
MEUSDT,2024-11-26,e2324,105602,long,2,0.3055404769659465,-0.0014,0.2996404769659465,0.2951404769659465,14,pump_le0,tdec_lt30,fund_flat,crowd_ge5,btc_up,-0.0996103896103896,0.08790403058528853,0.0001,0.3153668006734702
MEWUSDT,2024-04-23,e2324,105571,short,1,0.4099170918367347,0.0017000000000000001,0.40711709183673467,0.40261709183673466,17,pump_0_25,tdec_ge70,fund_flat,crowd_24,btc_down,0.2216595247370472,0.7266848295598549,0.0001,-0.08074428425512914
MEWUSDT,2024-04-23,e2324,105571,long,1,-0.4099170918367347,-0.0017000000000000001,-0.4161170918367347,-0.4206170918367347,17,pump_0_25,tdec_ge70,fund_flat,crowd_24,btc_down,0.2216595247370472,0.7266848295598549,0.0001,-0.08074428425512914
MEWUSDT,2024-04-23,e2324,105571,short,2,0.3883655594116675,0.0014,0.3852655594116675,0.3807655594116675,14,pump_0_25,tdec_30_70,fund_flat,crowd_24,btc_down,0.2216595247370472,0.34241533155858295,0.0001,-0.07968192330754076
MEWUSDT,2024-04-23,e2324,105571,long,2,-0.3883655594116675,-0.0014,-0.3942655594116675,-0.3987655594116675,14,pump_0_25,tdec_30_70,fund_flat,crowd_24,btc_down,0.2216595247370472,0.34241533155858295,0.0001,-0.07968192330754076
MICHIUSDT,2025-01-27,e2526,105611,short,1,0.44877450980392164,-0.01493099,0.42934351980392166,0.42484351980392165,35,pump_le0,tdec_lt30,fund_flat,crowd_ge5,btc_up,-0.10858641031243166,0.1540557968754592,0.0001,0.08088666901461061
MICHIUSDT,2025-01-27,e2526,105611,long,1,-0.44877450980392164,0.01493099,-0.43834351980392167,-0.44284351980392167,35,pump_le0,tdec_lt30,fund_flat,crowd_ge5,btc_up,-0.10858641031243166,0.1540557968754592,0.0001,0.08088666901461061
MICHIUSDT,2025-01-27,e2526,105611,short,2,0.45956986663462696,-0.01523099,0.43983887663462695,0.43533887663462695,29,pump_le0,tdec_lt30,fund_flat,crowd_ge5,btc_up,-0.10858641031243166,0.08243636273219603,0.0001,0.11818829773353912
MICHIUSDT,2025-01-27,e2526,105611,long,2,-0.45956986663462696,0.01523099,-0.44883887663462696,-0.45333887663462696,29,pump_le0,tdec_lt30,fund_flat,crowd_ge5,btc_up,-0.10858641031243166,0.08243636273219603,0.0001,0.11818829773353912
MILKUSDT,2025-05-06,e2526,105625,short,1,-0.09270216962524647,0.00175,-0.09545216962524647,-0.09995216962524646,35,pump_le0,tdec_30_70,fund_neg,crowd_24,btc_up,-0.15850622406639003,0.46713496850082575,-0.0005903,0.22546216331981794
MILKUSDT,2025-05-06,e2526,105625,long,1,0.09270216962524647,-0.00175,0.08645216962524646,0.08195216962524647,35,pump_le0,tdec_30_70,fund_neg,crowd_24,btc_up,-0.15850622406639003,0.46713496850082575,-0.0005903,0.22546216331981794
MILKUSDT,2025-05-06,e2526,105625,short,2,-0.0018083182640143928,0.0014500000000000001,-0.004858318264014392,-0.009358318264014391,29,pump_le0,tdec_30_70,fund_flat,crowd_24,btc_up,-0.15850622406639003,0.3274251200366653,0.0001,0.35331229870397163
MILKUSDT,2025-05-06,e2526,105625,long,2,0.0018083182640143928,-0.0014500000000000001,-0.004141681735985607,-0.008641681735985608,29,pump_le0,tdec_30_70,fund_flat,crowd_24,btc_up,-0.15850622406639003,0.3274251200366653,0.0001,0.35331229870397163
MINAUSDT,2022-04-07,e2122,105464,short,1,0.291564039408867,0.0017000000000000001,0.28876403940886697,0.28426403940886696,17,pump_le0,tdec_30_70,fund_flat,crowd_24,btc_up,-0.016353725015142317,0.613507584450161,0.0001,0.007498539632583512
MINAUSDT,2022-04-07,e2122,105464,long,1,-0.291564039408867,-0.0017000000000000001,-0.297764039408867,-0.302264039408867,17,pump_le0,tdec_30_70,fund_flat,crowd_24,btc_up,-0.016353725015142317,0.613507584450161,0.0001,0.007498539632583512
MINAUSDT,2022-04-07,e2122,105464,short,2,0.2909090909090909,0.0014,0.2878090909090909,0.2833090909090909,14,pump_le0,tdec_30_70,fund_flat,crowd_24,btc_up,-0.016353725015142317,0.3959659801509477,0.0001,0.08420879009338211
MINAUSDT,2022-04-07,e2122,105464,long,2,-0.2909090909090909,-0.0014,-0.2968090909090909,-0.3013090909090909,14,pump_le0,tdec_30_70,fund_flat,crowd_24,btc_up,-0.016353725015142317,0.3959659801509477,0.0001,0.08420879009338211
MIRAUSDT,2025-09-26,e2526,105645,short,1,0.4600985221674877,-0.0331679,0.42243062216748767,0.41793062216748766,143,pump_le0,tdec_30_70,fund_neg,crowd_ge5,btc_down,-0.23275590551181102,0.3766490012258212,-0.00250824,-0.026004475990877296
MIRAUSDT,2025-09-26,e2526,105645,long,1,-0.4600985221674877,0.0331679,-0.4314306221674877,-0.4359306221674877,143,pump_le0,tdec_30_70,fund_neg,crowd_ge5,btc_down,-0.23275590551181102,0.3766490012258212,-0.00250824,-0.026004475990877296
MIRAUSDT,2025-09-26,e2526,105645,short,2,0.4176923758080227,-0.02595542,0.3872369558080227,0.3827369558080227,119,pump_le0,tdec_lt30,fund_flat,crowd_ge5,btc_up,-0.23275590551181102,0.20995892752691878,0.0001,0.03486862202402641
MIRAUSDT,2025-09-26,e2526,105645,long,2,-0.4176923758080227,0.02595542,-0.3962369558080227,-0.4007369558080227,119,pump_le0,tdec_lt30,fund_flat,crowd_ge5,btc_up,-0.23275590551181102,0.20995892752691878,0.0001,0.03486862202402641
MITOUSDT,2025-08-29,e2526,105641,short,1,0.19181236673773985,-0.01063843,0.17667393673773985,0.17217393673773984,35,pump_le0,tdec_30_70,fund_neg,crowd_24,btc_down,-0.1855093605640652,0.409897046920501,-0.00547424,-0.059642064624771285
MITOUSDT,2025-08-29,e2526,105641,long,1,-0.19181236673773985,0.01063843,-0.18567393673773985,-0.19017393673773986,35,pump_le0,tdec_30_70,fund_neg,crowd_24,btc_down,-0.1855093605640652,0.409897046920501,-0.00547424,-0.059642064624771285
MITOUSDT,2025-08-29,e2526,105641,short,2,0.17974464401644671,0.0006374400000000001,0.1758820840164467,0.1713820840164467,29,pump_le0,tdec_ge70,fund_neg,crowd_24,btc_down,-0.1855093605640652,1.2712196353794767,-0.00094524,-0.04458233148401436
MITOUSDT,2025-08-29,e2526,105641,long,2,-0.17974464401644671,-0.0006374400000000001,-0.1848820840164467,-0.1893820840164467,29,pump_le0,tdec_ge70,fund_neg,crowd_24,btc_down,-0.1855093605640652,1.2712196353794767,-0.00094524,-0.04458233148401436
MKRUSDT,2022-02-15,e2122,105457,short,1,0.14705882352941177,0.00146813,0.14402695352941178,0.13952695352941177,17,pump_0_25,tdec_ge70,fund_flat,crowd_24,btc_up,0.04345691136754226,0.8165525837495781,0.0001,0.03979857819905219
MKRUSDT,2022-02-15,e2122,105457,long,1,-0.14705882352941177,-0.00146813,-0.15302695352941179,-0.1575269535294118,17,pump_0_25,tdec_ge70,fund_flat,crowd_24,btc_up,0.04345691136754226,0.8165525837495781,0.0001,0.03979857819905219
MKRUSDT,2022-02-15,e2122,105457,short,2,0.08018269474752601,0.00116813,0.07685082474752601,0.07235082474752602,14,pump_0_25,tdec_ge70,fund_flat,crowd_24,btc_down,0.04345691136754226,0.7402462997132664,0.0001,-0.04293391602196894
MKRUSDT,2022-02-15,e2122,105457,long,2,-0.08018269474752601,-0.00116813,-0.08585082474752602,-0.09035082474752601,14,pump_0_25,tdec_ge70,fund_flat,crowd_24,btc_down,0.04345691136754226,0.7402462997132664,0.0001,-0.04293391602196894
MLNUSDT,2025-04-09,e2526,105621,short,1,0.07874740962468331,0.0017025200000000001,0.0759499296246833,0.07144992962468331,35,pump_le0,tdec_lt30,fund_flat,crowd_24,btc_down,-0.04454955450445486,0.28098515628422494,0.0001,-0.040194621253432206
MLNUSDT,2025-04-09,e2526,105621,long,1,-0.07874740962468331,-0.0017025200000000001,-0.08494992962468331,-0.0894499296246833,35,pump_le0,tdec_lt30,fund_flat,crowd_24,btc_down,-0.04454955450445486,0.28098515628422494,0.0001,-0.040194621253432206
MLNUSDT,2025-04-09,e2526,105621,short,2,0.09897534061479558,0.00140252,0.09587786061479558,0.0913778606147956,29,pump_le0,tdec_lt30,fund_flat,crowd_24,btc_down,-0.04454955450445486,0.13093696788513837,0.0001,-0.003193070165056877
MLNUSDT,2025-04-09,e2526,105621,long,2,-0.09897534061479558,-0.00140252,-0.10487786061479559,-0.10937786061479558,29,pump_le0,tdec_lt30,fund_flat,crowd_24,btc_down,-0.04454955450445486,0.13093696788513837,0.0001,-0.003193070165056877
MMTUSDT,2025-10-27,e2526,105650,short,1,0.38776337115072934,0.00175,0.3850133711507293,0.3805133711507293,35,pump_le0,tdec_lt30,fund_flat,crowd_ge5,btc_up,-0.1952173913043479,0.16326946756972394,0.0001,0.0062648539464120745
MMTUSDT,2025-10-27,e2526,105650,long,1,-0.38776337115072934,-0.00175,-0.3940133711507293,-0.3985133711507293,35,pump_le0,tdec_lt30,fund_flat,crowd_ge5,btc_up,-0.1952173913043479,0.16326946756972394,0.0001,0.0062648539464120745
MMTUSDT,2025-10-27,e2526,105650,short,2,0.3725083056478406,0.0014500000000000001,0.3694583056478406,0.3649583056478406,29,pump_le0,tdec_lt30,fund_flat,crowd_ge5,btc_down,-0.1952173913043479,0.12875405324739012,0.0001,-0.03765905713190376
MMTUSDT,2025-10-27,e2526,105650,long,2,-0.3725083056478406,-0.0014500000000000001,-0.3784583056478406,-0.3829583056478406,29,pump_le0,tdec_lt30,fund_flat,crowd_ge5,btc_down,-0.1952173913043479,0.12875405324739012,0.0001,-0.03765905713190376
MNTUSDT,2023-10-02,e2324,105542,short,1,0.09422263288430678,0.0007383800000000001,0.09046101288430677,0.08596101288430678,17,pump_le0,tdec_lt30,fund_flat,crowd_01,btc_up,-0.003706485137721316,0.22505317161730784,0.0001,0.05598249608049333
MNTUSDT,2023-10-02,e2324,105542,long,1,-0.09422263288430678,-0.0007383800000000001,-0.09946101288430678,-0.10396101288430677,17,pump_le0,tdec_lt30,fund_flat,crowd_01,btc_up,-0.003706485137721316,0.22505317161730784,0.0001,0.05598249608049333
MNTUSDT,2023-10-02,e2324,105542,short,2,0.08478698835438059,0.00043838000000000004,0.08072536835438059,0.0762253683543806,14,pump_le0,tdec_lt30,fund_flat,crowd_01,btc_up,-0.003706485137721316,0.26962907968674515,0.0001,0.07565502733235441
MNTUSDT,2023-10-02,e2324,105542,long,2,-0.08478698835438059,-0.00043838000000000004,-0.0897253683543806,-0.09422536835438058,14,pump_le0,tdec_lt30,fund_flat,crowd_01,btc_up,-0.003706485137721316,0.26962907968674515,0.0001,0.07565502733235441
MOBILEUSDT,2024-02-22,e2324,105562,short,1,0.08110300081102999,0.01130405,0.08790705081102998,0.08340705081102999,17,pump_le0,tdec_30_70,fund_flat,crowd_24,btc_up,-0.08372553876641065,0.46284261599758486,0.0001,0.2668789189108267
MOBILEUSDT,2024-02-22,e2324,105562,long,1,-0.08110300081102999,-0.01130405,-0.09690705081102999,-0.10140705081102998,17,pump_le0,tdec_30_70,fund_flat,crowd_24,btc_up,-0.08372553876641065,0.46284261599758486,0.0001,0.2668789189108267
MOBILEUSDT,2024-02-22,e2324,105562,short,2,0.0894722743102063,0.01034255,0.0953148243102063,0.09081482431020631,14,pump_le0,tdec_lt30,fund_pos,crowd_24,btc_up,-0.08372553876641065,0.0895222351218964,0.0007615,0.2912073884967714
MOBILEUSDT,2024-02-22,e2324,105562,long,2,-0.0894722743102063,-0.01034255,-0.1043148243102063,-0.1088148243102063,14,pump_le0,tdec_lt30,fund_pos,crowd_24,btc_up,-0.08372553876641065,0.0895222351218964,0.0007615,0.2912073884967714
MOCAUSDT,2024-07-12,e2324,105582,short,1,0.25722983257229826,-0.07768428,0.17504555257229826,0.17054555257229825,17,pump_le0,tdec_30_70,fund_neg,crowd_01,btc_down,-0.014992503748125996,0.48047901170927415,-0.015,-0.1132816421320747
MOCAUSDT,2024-07-12,e2324,105582,long,1,-0.25722983257229826,0.07768428,-0.18404555257229827,-0.18854555257229827,17,pump_le0,tdec_30_70,fund_neg,crowd_01,btc_down,-0.014992503748125996,0.48047901170927415,-0.015,-0.1132816421320747
MOCAUSDT,2024-07-12,e2324,105582,short,2,0.25669742854582916,-0.05401442,0.19818300854582915,0.19368300854582915,14,pump_le0,tdec_lt30,fund_neg,crowd_01,btc_down,-0.014992503748125996,0.21384859875944487,-0.00745147,-0.07975317019381645
MOCAUSDT,2024-07-12,e2324,105582,long,2,-0.25669742854582916,0.05401442,-0.20718300854582916,-0.21168300854582917,14,pump_le0,tdec_lt30,fund_neg,crowd_01,btc_down,-0.014992503748125996,0.21384859875944487,-0.00745147,-0.07975317019381645
MONUSDT,2025-11-25,e2526,105654,short,1,0.32947458351132,0.0017000000000000001,0.32667458351131995,0.32217458351131995,17,pump_25_100,tdec_ge70,fund_flat,crowd_24,btc_down,0.4459542927733169,1.2883410592416455,0.0001,-0.20720700184900576
MONUSDT,2025-11-25,e2526,105654,long,1,-0.32947458351132,-0.0017000000000000001,-0.33567458351131996,-0.34017458351131996,17,pump_25_100,tdec_ge70,fund_flat,crowd_24,btc_down,0.4459542927733169,1.2883410592416455,0.0001,-0.20720700184900576
MONUSDT,2025-11-25,e2526,105654,short,2,0.23095389740826025,0.0014,0.22785389740826026,0.22335389740826025,14,pump_25_100,tdec_30_70,fund_flat,crowd_24,btc_down,0.4459542927733169,0.5818821421032779,0.0001,-0.19100109894005457
MONUSDT,2025-11-25,e2526,105654,long,2,-0.23095389740826025,-0.0014,-0.23685389740826027,-0.24135389740826027,14,pump_25_100,tdec_30_70,fund_flat,crowd_24,btc_down,0.4459542927733169,0.5818821421032779,0.0001,-0.19100109894005457
MOODENGUSDT,2024-10-01,e2324,105594,short,1,0.15926469047868436,0.01054922,0.16531391047868435,0.16081391047868435,17,pump_le0,tdec_30_70,fund_flat,crowd_24,btc_up,-0.07927476130774425,0.6383359235040493,0.0001,0.025387073365055857
MOODENGUSDT,2024-10-01,e2324,105594,long,1,-0.15926469047868436,-0.01054922,-0.17431391047868436,-0.17881391047868436,17,pump_le0,tdec_30_70,fund_flat,crowd_24,btc_up,-0.07927476130774425,0.6383359235040493,0.0001,0.025387073365055857
MOODENGUSDT,2024-10-01,e2324,105594,short,2,0.15648153013504282,0.00991396,0.1618954901350428,0.1573954901350428,14,pump_le0,tdec_30_70,fund_flat,crowd_24,btc_up,-0.07927476130774425,0.6025794332235819,0.0001,0.0570180782660461
MOODENGUSDT,2024-10-01,e2324,105594,long,2,-0.15648153013504282,-0.00991396,-0.17089549013504282,-0.17539549013504283,14,pump_le0,tdec_30_70,fund_flat,crowd_24,btc_up,-0.07927476130774425,0.6025794332235819,0.0001,0.0570180782660461
MORPHOUSDT,2024-11-22,e2324,105601,short,1,-0.5589381393083293,-0.00682682,-0.5702649593083292,-0.5747649593083293,17,pump_le0,tdec_30_70,fund_neg,crowd_ge5,btc_up,-0.2493601462522852,0.42499606917760685,-0.00114924,0.4337462154106133
MORPHOUSDT,2024-11-22,e2324,105601,long,1,0.5589381393083293,0.00682682,0.5612649593083293,0.5567649593083293,17,pump_le0,tdec_30_70,fund_neg,crowd_ge5,btc_up,-0.2493601462522852,0.42499606917760685,-0.00114924,0.4337462154106133
MORPHOUSDT,2024-11-22,e2324,105601,short,2,-0.7188506981740064,0.00017507999999999998,-0.7231756181740063,-0.7276756181740064,14,pump_le0,tdec_30_70,fund_neg,crowd_ge5,btc_up,-0.2493601462522852,0.336989598004385,-0.00237599,0.47041255917488156
MORPHOUSDT,2024-11-22,e2324,105601,long,2,0.7188506981740064,-0.00017507999999999998,0.7141756181740064,0.7096756181740064,14,pump_le0,tdec_30_70,fund_neg,crowd_ge5,btc_up,-0.2493601462522852,0.336989598004385,-0.00237599,0.47041255917488156
MOTHERUSDT,2024-08-09,e2324,105586,short,1,0.28116737440910183,0.00187317,0.2785405444091018,0.2740405444091018,17,pump_le0,tdec_30_70,fund_flat,crowd_24,btc_up,-0.2014459835567357,0.31732244446813607,0.00024088,0.06249291161901227
MOTHERUSDT,2024-08-09,e2324,105586,long,1,-0.28116737440910183,-0.00187317,-0.2875405444091018,-0.2920405444091018,17,pump_le0,tdec_30_70,fund_flat,crowd_24,btc_up,-0.2014459835567357,0.31732244446813607,0.00024088,0.06249291161901227
MOTHERUSDT,2024-08-09,e2324,105586,short,2,0.11682334990402128,0.00157317,0.11389651990402128,0.10939651990402129,14,pump_le0,tdec_30_70,fund_flat,crowd_24,btc_up,-0.2014459835567357,0.40970163795295733,0.0001,0.014560782842990783
MOTHERUSDT,2024-08-09,e2324,105586,long,2,-0.11682334990402128,-0.00157317,-0.12289651990402128,-0.1273965199040213,14,pump_le0,tdec_30_70,fund_flat,crowd_24,btc_up,-0.2014459835567357,0.40970163795295733,0.0001,0.014560782842990783
MOVEUSDT,2024-12-09,e2324,105604,short,1,0.1557788944723617,0.0017000000000000001,0.1529788944723617,0.1484788944723617,17,pump_0_25,tdec_ge70,fund_flat,crowd_ge5,btc_up,0.05005704506560171,1.0746937058455368,-0.00001899,0.20047992937826775
MOVEUSDT,2024-12-09,e2324,105604,long,1,-0.1557788944723617,-0.0017000000000000001,-0.16197889447236172,-0.16647889447236172,17,pump_0_25,tdec_ge70,fund_flat,crowd_ge5,btc_up,0.05005704506560171,1.0746937058455368,-0.00001899,0.20047992937826775
MOVEUSDT,2024-12-09,e2324,105604,short,2,0.17075773745997866,0.0014,0.16765773745997867,0.16315773745997866,14,pump_0_25,tdec_30_70,fund_flat,crowd_ge5,btc_up,0.05005704506560171,0.41894527773750023,0.0001,0.1392761143418495
MOVEUSDT,2024-12-09,e2324,105604,long,2,-0.17075773745997866,-0.0014,-0.17665773745997868,-0.18115773745997868,14,pump_0_25,tdec_30_70,fund_flat,crowd_ge5,btc_up,0.05005704506560171,0.41894527773750023,0.0001,0.1392761143418495
MOVRUSDT,2023-11-23,e2324,105549,short,1,-0.0,0.0017000000000000001,-0.0027999999999999995,-0.007299999999999999,17,pump_le0,tdec_lt30,fund_flat,crowd_ge5,btc_up,-0.015992892047978713,0.25961637060792647,0.0001,0.09331980872337353
MOVRUSDT,2023-11-23,e2324,105549,long,1,0.0,-0.0017000000000000001,-0.0062,-0.0107,17,pump_le0,tdec_lt30,fund_flat,crowd_ge5,btc_up,-0.015992892047978713,0.25961637060792647,0.0001,0.09331980872337353
MOVRUSDT,2023-11-23,e2324,105549,short,2,0.022506619593998304,0.0014,0.019406619593998302,0.014906619593998303,14,pump_le0,tdec_lt30,fund_flat,crowd_ge5,btc_up,-0.015992892047978713,0.19026909637966768,0.0001,0.10609639379384839
MOVRUSDT,2023-11-23,e2324,105549,long,2,-0.022506619593998304,-0.0014,-0.028406619593998303,-0.0329066195939983,14,pump_le0,tdec_lt30,fund_flat,crowd_ge5,btc_up,-0.015992892047978713,0.19026909637966768,0.0001,0.10609639379384839
MRVLUSDT,2026-05-13,e2526,105678,short,1,-0.029807796720599307,0.02095959,-0.013348206720599307,-0.017848206720599308,17,pump_0_25,tdec_ge70,fund_pos,crowd_ge5,btc_up,0.08571091723650093,0.7004959481247901,0.00076977,0.0939424122917123
MRVLUSDT,2026-05-13,e2526,105678,long,1,0.029807796720599307,-0.02095959,0.004348206720599307,-0.00015179327940069258,17,pump_0_25,tdec_ge70,fund_pos,crowd_ge5,btc_up,0.08571091723650093,0.7004959481247901,0.00076977,0.0939424122917123
MRVLUSDT,2026-05-13,e2526,105678,short,2,-0.08290037111047663,0.02095959,-0.06644078111047663,-0.07094078111047662,14,pump_0_25,tdec_30_70,fund_flat,crowd_ge5,btc_up,0.08571091723650093,0.6235983223661311,0.0,0.057385631927979075
MRVLUSDT,2026-05-13,e2526,105678,long,2,0.08290037111047663,-0.02095959,0.05744078111047663,0.05294078111047663,14,pump_0_25,tdec_30_70,fund_flat,crowd_ge5,btc_up,0.08571091723650093,0.6235983223661311,0.0,0.057385631927979075
MSFTUSDT,2026-04-27,e2526,105676,short,1,0.03539905664783068,0.00929029,0.040189346647830686,0.03568934664783068,17,pump_0_25,tdec_lt30,fund_flat,crowd_ge5,btc_up,0.008786187077473917,0.20121959212208945,0.0,0.15622352846689003
MSFTUSDT,2026-04-27,e2526,105676,long,1,-0.03539905664783068,-0.00929029,-0.04918934664783068,-0.053689346647830684,17,pump_0_25,tdec_lt30,fund_flat,crowd_ge5,btc_up,0.008786187077473917,0.20121959212208945,0.0,0.15622352846689003
MSFTUSDT,2026-04-27,e2526,105676,short,2,0.03173635852240757,0.00915191,0.03638826852240757,0.031888268522407566,14,pump_0_25,tdec_30_70,fund_flat,crowd_ge5,btc_up,0.008786187077473917,0.4936185691984434,0.00013838,0.13453741577089384
MSFTUSDT,2026-04-27,e2526,105676,long,2,-0.03173635852240757,-0.00915191,-0.045388268522407564,-0.04988826852240757,14,pump_0_25,tdec_30_70,fund_flat,crowd_ge5,btc_up,0.008786187077473917,0.4936185691984434,0.00013838,0.13453741577089384
MSTRUSDT,2026-04-29,e2526,105676,short,1,-0.1253929866989116,0.009597679999999999,-0.12029530669891161,-0.1247953066989116,17,pump_le0,tdec_30_70,fund_flat,crowd_ge5,btc_up,-0.007976968751874147,0.5740727917228936,0.0,0.11805183120715768
MSTRUSDT,2026-04-29,e2526,105676,long,1,0.1253929866989116,-0.009597679999999999,0.1112953066989116,0.10679530669891162,17,pump_le0,tdec_30_70,fund_flat,crowd_ge5,btc_up,-0.007976968751874147,0.5740727917228936,0.0,0.11805183120715768
MSTRUSDT,2026-04-29,e2526,105676,short,2,-0.053125884016973046,0.009597679999999999,-0.048028204016973046,-0.05252820401697305,14,pump_le0,tdec_ge70,fund_flat,crowd_ge5,btc_up,-0.007976968751874147,1.2999675321504878,0.0,0.14839027112769143
MSTRUSDT,2026-04-29,e2526,105676,long,2,0.053125884016973046,-0.009597679999999999,0.03902820401697305,0.03452820401697305,14,pump_le0,tdec_ge70,fund_flat,crowd_ge5,btc_up,-0.007976968751874147,1.2999675321504878,0.0,0.14839027112769143
MTLUSDT,2022-04-13,e2122,105465,short,1,-0.35164835164835173,-0.01455991,-0.37070826164835174,-0.37520826164835175,17,pump_le0,tdec_ge70,fund_flat,crowd_ge5,btc_up,-0.08881149325206794,1.9977834534252261,0.0001,0.016547861507128392
MTLUSDT,2022-04-13,e2122,105465,long,1,0.35164835164835173,0.01455991,0.36170826164835174,0.35720826164835173,17,pump_le0,tdec_ge70,fund_flat,crowd_ge5,btc_up,-0.08881149325206794,1.9977834534252261,0.0001,0.016547861507128392
MTLUSDT,2022-04-13,e2122,105465,short,2,-0.4032738095238096,-0.01453225,-0.4223060595238096,-0.4268060595238096,14,pump_le0,tdec_ge70,fund_flat,crowd_ge5,btc_down,-0.08881149325206794,1.679218437974523,-0.00022766,-0.014492577417354657
MTLUSDT,2022-04-13,e2122,105465,long,2,0.4032738095238096,0.01453225,0.4133060595238096,0.4088060595238096,14,pump_le0,tdec_ge70,fund_flat,crowd_ge5,btc_down,-0.08881149325206794,1.679218437974523,-0.00022766,-0.014492577417354657
MUBARAKUSDT,2025-03-17,e2526,105618,short,1,0.09138851802403192,0.0018467700000000002,0.08873528802403191,0.08423528802403192,35,pump_0_25,tdec_30_70,fund_flat,crowd_ge5,btc_down,0.21275906735751282,0.6329587496447021,0.0001,-0.1393336046912298
MUBARAKUSDT,2025-03-17,e2526,105618,long,1,-0.09138851802403192,-0.0018467700000000002,-0.09773528802403192,-0.10223528802403191,35,pump_0_25,tdec_30_70,fund_flat,crowd_ge5,btc_down,0.21275906735751282,0.6329587496447021,0.0001,-0.1393336046912298
MUBARAKUSDT,2025-03-17,e2526,105618,short,2,-0.00889481876806765,0.0014500000000000001,-0.01194481876806765,-0.01644481876806765,29,pump_0_25,tdec_30_70,fund_flat,crowd_ge5,btc_down,0.21275906735751282,0.6312227141434978,0.0001,-0.0934109782211312
MUBARAKUSDT,2025-03-17,e2526,105618,long,2,0.00889481876806765,-0.0014500000000000001,0.0029448187680676504,-0.0015551812319323493,29,pump_0_25,tdec_30_70,fund_flat,crowd_ge5,btc_down,0.21275906735751282,0.6312227141434978,0.0001,-0.0934109782211312
MULTIUSDT,2023-09-20,e2324,105540,short,1,0.1433565223410515,0.00187006,0.1407265823410515,0.1362265823410515,17,pump_le0,tdec_30_70,fund_flat,crowd_01,btc_up,-0.04561670079936586,0.36184025197654207,0.0001,0.01960144371064354
MULTIUSDT,2023-09-20,e2324,105540,long,1,-0.1433565223410515,-0.00187006,-0.14972658234105152,-0.15422658234105152,17,pump_le0,tdec_30_70,fund_flat,crowd_01,btc_up,-0.04561670079936586,0.36184025197654207,0.0001,0.01960144371064354
MULTIUSDT,2023-09-20,e2324,105540,short,2,0.1287313432835822,0.0014,0.12563134328358222,0.12113134328358223,14,pump_le0,tdec_30_70,fund_flat,crowd_01,btc_up,-0.04561670079936586,0.6393578347839787,0.00011962,0.00540440299891376
MULTIUSDT,2023-09-20,e2324,105540,long,2,-0.1287313432835822,-0.0014,-0.13463134328358223,-0.13913134328358223,14,pump_le0,tdec_30_70,fund_flat,crowd_01,btc_up,-0.04561670079936586,0.6393578347839787,0.00011962,0.00540440299891376
MUSDT,2025-07-08,e2526,105634,short,1,-0.39872782055574146,-0.3023209,-0.7055487205557414,-0.7100487205557414,133,pump_25_100,tdec_ge70,fund_neg,crowd_24,btc_up,0.5779186476492342,2.1524083980840305,-0.00431456,0.008980229522980832
MUSDT,2025-07-08,e2526,105634,long,1,0.39872782055574146,0.3023209,0.6965487205557415,0.6920487205557414,133,pump_25_100,tdec_ge70,fund_neg,crowd_24,btc_up,0.5779186476492342,2.1524083980840305,-0.00431456,0.008980229522980832
MUSDT,2025-07-08,e2526,105634,short,2,0.04524680073126139,-0.24164692000000002,-0.20090011926873863,-0.20540011926873863,119,pump_25_100,tdec_ge70,fund_flat,crowd_24,btc_up,0.5779186476492342,4.734543273194166,0.000025,0.05227914993989713
MUSDT,2025-07-08,e2526,105634,long,2,-0.04524680073126139,0.24164692000000002,0.19190011926873862,0.18740011926873862,119,pump_25_100,tdec_ge70,fund_flat,crowd_24,btc_up,0.5779186476492342,4.734543273194166,0.000025,0.05227914993989713
MUUSDT,2026-05-07,e2526,105677,short,1,-0.027867618909321348,0.00942398,-0.022943638909321346,-0.027443638909321347,17,pump_0_25,tdec_ge70,fund_neg,crowd_ge5,btc_up,0.14624882728565813,1.559486914979534,-0.00114301,0.12845964985387126
MUUSDT,2026-05-07,e2526,105677,long,1,0.027867618909321348,-0.00942398,0.013943638909321345,0.009443638909321346,17,pump_0_25,tdec_ge70,fund_neg,crowd_ge5,btc_up,0.14624882728565813,1.559486914979534,-0.00114301,0.12845964985387126
MUUSDT,2026-05-07,e2526,105677,short,2,-0.02678324168216173,0.00804185,-0.02324139168216173,-0.027741391682161727,14,pump_0_25,tdec_30_70,fund_pos,crowd_ge5,btc_up,0.14624882728565813,0.34217263487078603,0.00087128,0.12365688802174057
MUUSDT,2026-05-07,e2526,105677,long,2,0.02678324168216173,-0.00804185,0.014241391682161729,0.00974139168216173,14,pump_0_25,tdec_30_70,fund_pos,crowd_ge5,btc_up,0.14624882728565813,0.34217263487078603,0.00087128,0.12365688802174057
MVLLUSDT,2026-06-30,e2526,105685,short,1,0.3180467091295118,0.00127363,0.3148203391295118,0.3103203391295118,17,pump_le0,tdec_ge70,fund_flat,crowd_ge5,btc_down,-0.06953773212169101,0.9531658639668661,0.0,-0.15956145916939457
MVLLUSDT,2026-06-30,e2526,105685,long,1,-0.3180467091295118,-0.00127363,-0.3238203391295118,-0.3283203391295118,17,pump_le0,tdec_ge70,fund_flat,crowd_ge5,btc_down,-0.06953773212169101,0.9531658639668661,0.0,-0.15956145916939457
MVLLUSDT,2026-06-30,e2526,105685,short,2,0.16091954022988514,0.00096544,0.15738498022988515,0.15288498022988514,14,pump_le0,tdec_ge70,fund_flat,crowd_ge5,btc_down,-0.06953773212169101,1.4361965183054788,0.0,-0.07781917476455669
MVLLUSDT,2026-06-30,e2526,105685,long,2,-0.16091954022988514,-0.00096544,-0.16638498022988515,-0.17088498022988516,14,pump_le0,tdec_ge70,fund_flat,crowd_ge5,btc_down,-0.06953773212169101,1.4361965183054788,0.0,-0.07781917476455669
MVLUSDT,2024-11-29,e2324,105602,short,1,-0.015715467328370487,0.00942329,-0.010792177328370487,-0.015292177328370486,17,pump_le0,tdec_30_70,fund_pos,crowd_ge5,btc_up,-0.08214394169450345,0.4878276174697721,0.00051781,0.3718305813971674
MVLUSDT,2024-11-29,e2324,105602,long,1,0.015715467328370487,-0.00942329,0.0017921773283704869,-0.0027078226716295128,17,pump_le0,tdec_30_70,fund_pos,crowd_ge5,btc_up,-0.08214394169450345,0.4878276174697721,0.00051781,0.3718305813971674
MVLUSDT,2024-11-29,e2324,105602,short,2,0.005023497002106732,0.00779101,0.008314507002106734,0.003814507002106733,14,pump_le0,tdec_30_70,fund_pos,crowd_ge5,btc_up,-0.08214394169450345,0.42096731164616713,0.00075498,0.3995927793885934
MVLUSDT,2024-11-29,e2324,105602,long,2,-0.005023497002106732,-0.00779101,-0.01731450700210673,-0.021814507002106732,14,pump_le0,tdec_30_70,fund_pos,crowd_ge5,btc_up,-0.08214394169450345,0.42096731164616713,0.00075498,0.3995927793885934
MYRIAUSDT,2023-12-15,e2324,105552,short,1,0.16680811665766535,0.00437917,0.16668728665766533,0.16218728665766532,17,pump_le0,tdec_lt30,fund_pos,crowd_24,btc_up,-0.10043031649083844,0.2099559294790887,0.00128497,0.16910043257735952
MYRIAUSDT,2023-12-15,e2324,105552,long,1,-0.16680811665766535,-0.00437917,-0.17568728665766534,-0.18018728665766534,17,pump_le0,tdec_lt30,fund_pos,crowd_24,btc_up,-0.10043031649083844,0.2099559294790887,0.00128497,0.16910043257735952
MYRIAUSDT,2023-12-15,e2324,105552,short,2,0.05371538731160188,0.00235162,0.05156700731160188,0.04706700731160188,14,pump_le0,tdec_30_70,fund_flat,crowd_24,btc_up,-0.10043031649083844,0.469389196584778,0.0001,0.12983716448952198
MYRIAUSDT,2023-12-15,e2324,105552,long,2,-0.05371538731160188,-0.00235162,-0.060567007311601875,-0.06506700731160188,14,pump_le0,tdec_30_70,fund_flat,crowd_24,btc_up,-0.10043031649083844,0.469389196584778,0.0001,0.12983716448952198
MYROUSDT,2024-01-19,e2324,105557,short,1,0.20579567779960703,-0.06495882,0.13633685779960703,0.13183685779960702,35,pump_le0,tdec_30_70,fund_neg,crowd_24,btc_down,-0.09390298175344902,0.3351477414476338,-0.04,-0.0503438332107119
MYROUSDT,2024-01-19,e2324,105557,long,1,-0.20579567779960703,0.06495882,-0.14533685779960703,-0.14983685779960704,35,pump_le0,tdec_30_70,fund_neg,crowd_24,btc_down,-0.09390298175344902,0.3351477414476338,-0.04,-0.0503438332107119
MYROUSDT,2024-01-19,e2324,105557,short,2,0.24615384615384608,-0.0301537,0.21150014615384607,0.20700014615384607,29,pump_le0,tdec_lt30,fund_neg,crowd_24,btc_down,-0.09390298175344902,0.28294253082045023,-0.0014643,-0.05508748011815501
MYROUSDT,2024-01-19,e2324,105557,long,2,-0.24615384615384608,0.0301537,-0.22050014615384608,-0.2250001461538461,29,pump_le0,tdec_lt30,fund_neg,crowd_24,btc_down,-0.09390298175344902,0.28294253082045023,-0.0014643,-0.05508748011815501
MYXUSDT,2025-08-05,e2526,105638,short,1,-0.03282564302037251,-0.09627377,-0.1335994130203725,-0.1380994130203725,143,pump_25_100,tdec_ge70,fund_neg,crowd_24,btc_up,0.2966923846826752,1.0954365517640499,-0.04748216,0.06231977818853984
MYXUSDT,2025-08-05,e2526,105638,long,1,0.03282564302037251,0.09627377,0.1245994130203725,0.12009941302037251,143,pump_25_100,tdec_ge70,fund_neg,crowd_24,btc_up,0.2966923846826752,1.0954365517640499,-0.04748216,0.06231977818853984
MYXUSDT,2025-08-05,e2526,105638,short,2,-0.11998128278807374,-0.04825306,-0.17273434278807376,-0.17723434278807376,119,pump_25_100,tdec_ge70,fund_pos,crowd_24,btc_up,0.2966923846826752,0.7528715917152328,0.00064544,0.07823155180062069
MYXUSDT,2025-08-05,e2526,105638,long,2,0.11998128278807374,0.04825306,0.16373434278807375,0.15923434278807375,119,pump_25_100,tdec_ge70,fund_pos,crowd_24,btc_up,0.2966923846826752,0.7528715917152328,0.00064544,0.07823155180062069
NAORISUSDT,2025-07-31,e2526,105637,short,1,0.1938676967648478,0.0006389200000000001,0.19000661676484779,0.18550661676484778,35,pump_le0,tdec_30_70,fund_flat,crowd_ge5,btc_up,-0.24759309718437794,0.3367284409103432,0.0001,0.04086192476310391
NAORISUSDT,2025-07-31,e2526,105637,long,1,-0.1938676967648478,-0.0006389200000000001,-0.1990066167648478,-0.2035066167648478,35,pump_le0,tdec_30_70,fund_flat,crowd_ge5,btc_up,-0.24759309718437794,0.3367284409103432,0.0001,0.04086192476310391
NAORISUSDT,2025-07-31,e2526,105637,short,2,0.04381443298969063,0.0003389200000000001,0.03965335298969063,0.03515335298969063,29,pump_le0,tdec_30_70,fund_flat,crowd_ge5,btc_up,-0.24759309718437794,0.3712150672912254,0.0001,0.027186415921124807
NAORISUSDT,2025-07-31,e2526,105637,long,2,-0.04381443298969063,-0.0003389200000000001,-0.048653352989690625,-0.05315335298969063,29,pump_le0,tdec_30_70,fund_flat,crowd_ge5,btc_up,-0.24759309718437794,0.3712150672912254,0.0001,0.027186415921124807
NBISUSDT,2026-05-26,e2526,105680,short,1,-0.1085363775771001,0.01783738,-0.0951989975771001,-0.09969899757710009,17,pump_0_25,tdec_30_70,fund_flat,crowd_ge5,btc_down,0.05514854600206753,0.5456687140416189,0.0,-0.037713035393068806
NBISUSDT,2026-05-26,e2526,105680,long,1,0.1085363775771001,-0.01783738,0.08619899757710009,0.0816989975771001,17,pump_0_25,tdec_30_70,fund_flat,crowd_ge5,btc_down,0.05514854600206753,0.5456687140416189,0.0,-0.037713035393068806
NBISUSDT,2026-05-26,e2526,105680,short,2,-0.1326601671309193,0.01357502,-0.12358514713091931,-0.1280851471309193,14,pump_0_25,tdec_ge70,fund_pos,crowd_ge5,btc_down,0.05514854600206753,0.7898597220640027,0.00100933,-0.035418086500655255
NBISUSDT,2026-05-26,e2526,105680,long,2,0.1326601671309193,-0.01357502,0.1145851471309193,0.11008514713091931,14,pump_0_25,tdec_ge70,fund_pos,crowd_ge5,btc_down,0.05514854600206753,0.7898597220640027,0.00100933,-0.035418086500655255
NCUSDT,2025-01-17,e2526,105609,short,1,0.4373813040725892,-0.00245944,0.4304218640725892,0.4259218640725892,35,pump_le0,tdec_lt30,fund_flat,crowd_ge5,btc_up,-0.077162747675381,0.28077408483468336,0.0001,0.0731072265332231
NCUSDT,2025-01-17,e2526,105609,long,1,-0.4373813040725892,0.00245944,-0.4394218640725892,-0.4439218640725892,35,pump_le0,tdec_lt30,fund_flat,crowd_ge5,btc_up,-0.077162747675381,0.28077408483468336,0.0001,0.0731072265332231
NCUSDT,2025-01-17,e2526,105609,short,2,0.20088416004795445,-0.00218196,0.19420220004795444,0.18970220004795443,29,pump_le0,tdec_lt30,fund_flat,crowd_ge5,btc_up,-0.077162747675381,0.18731843290208836,0.0001,0.036349203588887935
NCUSDT,2025-01-17,e2526,105609,long,2,-0.20088416004795445,0.00218196,-0.20320220004795445,-0.20770220004795445,29,pump_le0,tdec_lt30,fund_flat,crowd_ge5,btc_up,-0.077162747675381,0.18731843290208836,0.0001,0.036349203588887935
NEARUSDT,2021-10-11,e2122,105439,short,1,-0.07987352213362667,0.0153994,-0.06897412213362666,-0.07347412213362665,17,pump_le0,tdec_ge70,fund_flat,crowd_24,btc_up,-0.04703262151185639,1.154605996215381,0.0001,0.21679430775080122
NEARUSDT,2021-10-11,e2122,105439,long,1,0.07987352213362667,-0.0153994,0.05997412213362666,0.05547412213362666,17,pump_le0,tdec_ge70,fund_flat,crowd_24,btc_up,-0.04703262151185639,1.154605996215381,0.0001,0.21679430775080122
NEARUSDT,2021-10-11,e2122,105439,short,2,-0.08300013787398322,0.0150994,-0.07240073787398323,-0.07690073787398322,14,pump_le0,tdec_ge70,fund_flat,crowd_24,btc_up,-0.04703262151185639,0.9853047798990148,0.0001,0.2761539317094872
NEARUSDT,2021-10-11,e2122,105439,long,2,0.08300013787398322,-0.0150994,0.06340073787398322,0.05890073787398322,14,pump_le0,tdec_ge70,fund_flat,crowd_24,btc_up,-0.04703262151185639,0.9853047798990148,0.0001,0.2761539317094872
NEIROETHUSDT,2024-08-15,e2324,105587,short,1,0.25614877024595073,0.00478615,0.2564349202459507,0.2519349202459507,17,pump_le0,tdec_30_70,fund_pos,crowd_01,btc_down,-0.30221850146504825,0.6960340173711801,0.00120963,-0.08116648919726577
NEIROETHUSDT,2024-08-15,e2324,105587,long,1,-0.25614877024595073,-0.00478615,-0.2654349202459507,-0.2699349202459507,17,pump_le0,tdec_30_70,fund_pos,crowd_01,btc_down,-0.30221850146504825,0.6960340173711801,0.00120963,-0.08116648919726577
NEIROETHUSDT,2024-08-15,e2324,105587,short,2,0.1236749116607773,0.0015564,0.1207313116607773,0.11623131166077731,14,pump_le0,tdec_ge70,fund_pos,crowd_01,btc_down,-0.30221850146504825,0.9728007605484841,0.00153157,-0.07021923873009128
NEIROETHUSDT,2024-08-15,e2324,105587,long,2,-0.1236749116607773,-0.0015564,-0.1297313116607773,-0.1342313116607773,14,pump_le0,tdec_ge70,fund_pos,crowd_01,btc_down,-0.30221850146504825,0.9728007605484841,0.00153157,-0.07021923873009128
NEOUSDT,2022-01-30,e2122,105455,short,1,-0.14626714068054844,-0.00239438,-0.15316152068054845,-0.15766152068054845,17,pump_le0,tdec_ge70,fund_flat,crowd_24,btc_down,-0.007060010085728541,1.1986305092620482,-0.00028999,-0.19445928813168623
NEOUSDT,2022-01-30,e2122,105455,long,1,0.14626714068054844,0.00239438,0.14416152068054844,0.13966152068054843,17,pump_le0,tdec_ge70,fund_flat,crowd_24,btc_down,-0.007060010085728541,1.1986305092620482,-0.00028999,-0.19445928813168623
NEOUSDT,2022-01-30,e2122,105455,short,2,-0.13588324106693503,-0.0022458400000000002,-0.14262908106693503,-0.14712908106693504,14,pump_le0,tdec_ge70,fund_flat,crowd_24,btc_down,-0.007060010085728541,0.9597438277000023,0.0001,-0.18231687982242895
NEOUSDT,2022-01-30,e2122,105455,long,2,0.13588324106693503,0.0022458400000000002,0.13362908106693502,0.12912908106693502,14,pump_le0,tdec_ge70,fund_flat,crowd_24,btc_down,-0.007060010085728541,0.9597438277000023,0.0001,-0.18231687982242895
NEWTUSDT,2025-06-20,e2526,105631,short,1,-0.3865666309396214,-0.25297524,-0.6440418709396214,-0.6485418709396215,95,pump_0_25,tdec_ge70,fund_flat,crowd_24,btc_down,0.08699029126213587,0.9374011251626964,0.0001,-0.08565069213992382
NEWTUSDT,2025-06-20,e2526,105631,long,1,0.3865666309396214,0.25297524,0.6350418709396215,0.6305418709396214,95,pump_0_25,tdec_ge70,fund_flat,crowd_24,btc_down,0.08699029126213587,0.9374011251626964,0.0001,-0.08565069213992382
NEWTUSDT,2025-06-20,e2526,105631,short,2,-0.21395057866750083,-0.25327524,-0.47172581866750085,-0.47622581866750086,89,pump_0_25,tdec_ge70,fund_flat,crowd_24,btc_down,0.08699029126213587,0.7842077479178342,0.0001,-0.05939451451817224
NEWTUSDT,2025-06-20,e2526,105631,long,2,0.21395057866750083,0.25327524,0.46272581866750084,0.45822581866750084,89,pump_0_25,tdec_ge70,fund_flat,crowd_24,btc_down,0.08699029126213587,0.7842077479178342,0.0001,-0.05939451451817224
NFPUSDT,2023-12-27,e2324,105554,short,1,0.28755740214301334,0.00700198,0.29005938214301336,0.28555938214301335,17,pump_le0,tdec_30_70,fund_pos,crowd_24,btc_up,-0.2116876400620582,0.479702142164032,0.00089691,0.12657324167107342
NFPUSDT,2023-12-27,e2324,105554,long,1,-0.28755740214301334,-0.00700198,-0.29905938214301336,-0.30355938214301337,17,pump_le0,tdec_30_70,fund_pos,crowd_24,btc_up,-0.2116876400620582,0.479702142164032,0.00089691,0.12657324167107342
NFPUSDT,2023-12-27,e2324,105554,short,2,0.3516417910447761,0.00432703,0.3514688210447761,0.3469688210447761,14,pump_le0,tdec_30_70,fund_pos,crowd_24,btc_up,-0.2116876400620582,0.4848955299847496,0.00091827,0.1119085227662937
NFPUSDT,2023-12-27,e2324,105554,long,2,-0.3516417910447761,-0.00432703,-0.3604688210447761,-0.3649688210447761,14,pump_le0,tdec_30_70,fund_pos,crowd_24,btc_up,-0.2116876400620582,0.4848955299847496,0.00091827,0.1119085227662937
NIGHTUSDT,2025-12-09,e2526,105656,short,1,0.18444918644971994,-0.0589432,0.12100598644971994,0.11650598644971995,143,pump_25_100,tdec_ge70,fund_neg,crowd_24,btc_down,0.8093629343629345,1.6609386504231485,-0.02768672,-0.1320927247934548
NIGHTUSDT,2025-12-09,e2526,105656,long,1,-0.18444918644971994,0.0589432,-0.13000598644971995,-0.13450598644971995,143,pump_25_100,tdec_ge70,fund_neg,crowd_24,btc_down,0.8093629343629345,1.6609386504231485,-0.02768672,-0.1320927247934548
NIGHTUSDT,2025-12-09,e2526,105656,short,2,-0.33807439824945307,-0.03057174,-0.3731461382494531,-0.3776461382494531,119,pump_25_100,tdec_ge70,fund_neg,crowd_24,btc_down,0.8093629343629345,1.3276457153535453,-0.00938384,-0.10218455155194128
NIGHTUSDT,2025-12-09,e2526,105656,long,2,0.33807439824945307,0.03057174,0.3641461382494531,0.3596461382494531,119,pump_25_100,tdec_ge70,fund_neg,crowd_24,btc_down,0.8093629343629345,1.3276457153535453,-0.00938384,-0.10218455155194128
NILUSDT,2025-03-20,e2526,105618,short,1,0.3065985336591869,0.00279266,0.3048911936591869,0.3003911936591869,35,pump_0_25,tdec_lt30,fund_flat,crowd_ge5,btc_down,0.00022222222222212373,0.14514062195696356,0.0001,-0.13001726414977155
NILUSDT,2025-03-20,e2526,105618,long,1,-0.3065985336591869,-0.00279266,-0.3138911936591869,-0.3183911936591869,35,pump_0_25,tdec_lt30,fund_flat,crowd_ge5,btc_down,0.00022222222222212373,0.14514062195696356,0.0001,-0.13001726414977155
NILUSDT,2025-03-20,e2526,105618,short,2,0.3283839035937164,0.0024926600000000003,0.32637656359371636,0.32187656359371636,29,pump_0_25,tdec_lt30,fund_flat,crowd_ge5,btc_down,0.00022222222222212373,0.14401526138647874,0.0001,-0.1469850895755278
NILUSDT,2025-03-20,e2526,105618,long,2,-0.3283839035937164,-0.0024926600000000003,-0.33537656359371637,-0.3398765635937164,29,pump_0_25,tdec_lt30,fund_flat,crowd_ge5,btc_down,0.00022222222222212373,0.14401526138647874,0.0001,-0.1469850895755278
NKNUSDT,2023-02-21,e2324,105510,short,1,0.12319729978521023,0.0017000000000000001,0.12039729978521022,0.11589729978521023,17,pump_le0,tdec_30_70,fund_flat,crowd_24,btc_up,-0.03379780610732297,0.5612800043275381,0.0001,0.055512146146626806
NKNUSDT,2023-02-21,e2324,105510,long,1,-0.12319729978521023,-0.0017000000000000001,-0.12939729978521022,-0.13389729978521023,17,pump_le0,tdec_30_70,fund_flat,crowd_24,btc_up,-0.03379780610732297,0.5612800043275381,0.0001,0.055512146146626806
NKNUSDT,2023-02-21,e2324,105510,short,2,0.1614701782701195,0.0014,0.1583701782701195,0.1538701782701195,14,pump_le0,tdec_ge70,fund_flat,crowd_24,btc_up,-0.03379780610732297,0.9364133898223518,0.0001,0.057681940700808676
NKNUSDT,2023-02-21,e2324,105510,long,2,-0.1614701782701195,-0.0014,-0.16737017827011952,-0.17187017827011952,14,pump_le0,tdec_ge70,fund_flat,crowd_24,btc_up,-0.03379780610732297,0.9364133898223518,0.0001,0.057681940700808676
NMRUSDT,2023-09-04,e2324,105538,short,1,0.13163693226242093,-0.01256138,0.11457555226242093,0.11007555226242094,17,pump_le0,tdec_ge70,fund_flat,crowd_01,btc_down,-0.1643998336995901,0.882427595473365,0.0001,-0.11328360108269098
NMRUSDT,2023-09-04,e2324,105538,long,1,-0.13163693226242093,0.01256138,-0.12357555226242094,-0.12807555226242093,17,pump_le0,tdec_ge70,fund_flat,crowd_01,btc_down,-0.1643998336995901,0.882427595473365,0.0001,-0.11328360108269098
NMRUSDT,2023-09-04,e2324,105538,short,2,0.1697587495752633,-0.00041223,0.16484651957526328,0.16034651957526327,14,pump_le0,tdec_ge70,fund_neg,crowd_01,btc_down,-0.1643998336995901,1.4078108187742993,-0.00493438,-0.11816780821917805
NMRUSDT,2023-09-04,e2324,105538,long,2,-0.1697587495752633,0.00041223,-0.1738465195752633,-0.1783465195752633,14,pump_le0,tdec_ge70,fund_neg,crowd_01,btc_down,-0.1643998336995901,1.4078108187742993,-0.00493438,-0.11816780821917805
NODEUSDT,2025-09-04,e2526,105642,short,1,0.0035460992907800797,0.00445793,0.0035040292907800802,-0.0009959707092199194,35,pump_le0,tdec_30_70,fund_flat,crowd_ge5,btc_down,-0.17334375610709407,0.5114283255973727,0.0001,-0.037582975909798755
NODEUSDT,2025-09-04,e2526,105642,long,1,-0.0035460992907800797,-0.00445793,-0.01250402929078008,-0.017004029290780077,35,pump_le0,tdec_30_70,fund_flat,crowd_ge5,btc_down,-0.17334375610709407,0.5114283255973727,0.0001,-0.037582975909798755
NODEUSDT,2025-09-04,e2526,105642,short,2,-0.02367941712203999,0.00415793,-0.02402148712203999,-0.028521487122039987,29,pump_le0,tdec_lt30,fund_flat,crowd_ge5,btc_down,-0.17334375610709407,0.2800301298697203,0.0001,-0.061911466704826834
NODEUSDT,2025-09-04,e2526,105642,long,2,0.02367941712203999,-0.00415793,0.01502148712203999,0.01052148712203999,29,pump_le0,tdec_lt30,fund_flat,crowd_ge5,btc_down,-0.17334375610709407,0.2800301298697203,0.0001,-0.061911466704826834
NOKIAUSDT,2026-06-05,e2526,105681,short,1,-0.08948676707120912,0.00805894,-0.08592782707120912,-0.09042782707120911,17,pump_le0,tdec_ge70,fund_pos,crowd_ge5,btc_down,-0.13795928656960987,2.3797221683846197,0.00075381,-0.23907101433690858
NOKIAUSDT,2026-06-05,e2526,105681,long,1,0.08948676707120912,-0.00805894,0.07692782707120911,0.07242782707120912,17,pump_le0,tdec_ge70,fund_pos,crowd_ge5,btc_down,-0.13795928656960987,2.3797221683846197,0.00075381,-0.23907101433690858
NOKIAUSDT,2026-06-05,e2526,105681,short,2,-0.06245543989733349,0.0079011,-0.05905433989733348,-0.06355433989733349,14,pump_le0,tdec_ge70,fund_flat,crowd_ge5,btc_down,-0.13795928656960987,0.8238352698515709,0.0,-0.2102295338836625
NOKIAUSDT,2026-06-05,e2526,105681,long,2,0.06245543989733349,-0.0079011,0.05005433989733349,0.045554339897333485,14,pump_le0,tdec_ge70,fund_flat,crowd_ge5,btc_down,-0.13795928656960987,0.8238352698515709,0.0,-0.2102295338836625
NOMUSDT,2025-10-01,e2526,105646,short,1,0.20944028888315705,0.00175,0.20669028888315705,0.20219028888315704,35,pump_le0,tdec_lt30,fund_flat,crowd_ge5,btc_up,-0.05646142613774652,0.2039241770619566,0.0001,0.08331677421849215
NOMUSDT,2025-10-01,e2526,105646,long,1,-0.20944028888315705,-0.00175,-0.21569028888315706,-0.22019028888315706,35,pump_le0,tdec_lt30,fund_flat,crowd_ge5,btc_up,-0.05646142613774652,0.2039241770619566,0.0001,0.08331677421849215
NOMUSDT,2025-10-01,e2526,105646,short,2,0.14647730437204115,0.0014500000000000001,0.14342730437204115,0.13892730437204115,29,pump_le0,tdec_lt30,fund_flat,crowd_ge5,btc_up,-0.05646142613774652,0.22359476069562584,0.0001,0.09419873224325581
NOMUSDT,2025-10-01,e2526,105646,long,2,-0.14647730437204115,-0.0014500000000000001,-0.15242730437204116,-0.15692730437204117,29,pump_le0,tdec_lt30,fund_flat,crowd_ge5,btc_up,-0.05646142613774652,0.22359476069562584,0.0001,0.09419873224325581
NOTUSDT,2024-05-16,e2324,105574,short,1,0.2950512191602943,-0.00247493,0.2880762891602943,0.2835762891602943,17,pump_0_25,tdec_30_70,fund_neg,crowd_ge5,btc_up,0.06222222222222218,0.4998167624322176,-0.02009784,0.0935260021226223
NOTUSDT,2024-05-16,e2324,105574,long,1,-0.2950512191602943,0.00247493,-0.2970762891602943,-0.30157628916029433,17,pump_0_25,tdec_30_70,fund_neg,crowd_ge5,btc_up,0.06222222222222218,0.4998167624322176,-0.02009784,0.0935260021226223
NOTUSDT,2024-05-16,e2324,105574,short,2,0.2614873035066506,-0.00059021,0.25639709350665063,0.2518970935066506,14,pump_0_25,tdec_lt30,fund_neg,crowd_ge5,btc_up,0.06222222222222218,0.2943409584502827,-0.00678528,0.05407352183226144
NOTUSDT,2024-05-16,e2324,105574,long,2,-0.2614873035066506,0.00059021,-0.26539709350665064,-0.26989709350665064,14,pump_0_25,tdec_lt30,fund_neg,crowd_ge5,btc_up,0.06222222222222218,0.2943409584502827,-0.00678528,0.05407352183226144
NOWUSDT,2026-06-04,e2526,105681,short,1,0.06567701304543419,0.00114455,0.06232156304543419,0.057821563045434184,17,pump_le0,tdec_30_70,fund_pos,crowd_ge5,btc_down,-0.056611780682396806,0.5983781157439504,0.00109832,-0.25023404616053724
NOWUSDT,2026-06-04,e2526,105681,long,1,-0.06567701304543419,-0.00114455,-0.07132156304543419,-0.07582156304543418,17,pump_le0,tdec_30_70,fund_pos,crowd_ge5,btc_down,-0.056611780682396806,0.5983781157439504,0.00109832,-0.25023404616053724
NOWUSDT,2026-06-04,e2526,105681,short,2,0.05418943533697635,0.00106163,0.050751065336976355,0.04625106533697635,14,pump_le0,tdec_30_70,fund_flat,crowd_ge5,btc_down,-0.056611780682396806,0.46801598872978917,0.0,-0.23907101433690858
NOWUSDT,2026-06-04,e2526,105681,long,2,-0.05418943533697635,-0.00106163,-0.05975106533697635,-0.06425106533697635,14,pump_le0,tdec_30_70,fund_flat,crowd_ge5,btc_down,-0.056611780682396806,0.46801598872978917,0.0,-0.23907101433690858
NSUSDT,2024-12-20,e2324,105605,short,1,-0.08183018037835461,-0.06798237,-0.15431255037835462,-0.15881255037835462,17,pump_0_25,tdec_30_70,fund_flat,crowd_ge5,btc_down,0.1033980582524272,0.41912115365698316,0.0001,-0.011518261811757857
NSUSDT,2024-12-20,e2324,105605,long,1,0.08183018037835461,0.06798237,0.1453125503783546,0.1408125503783546,17,pump_0_25,tdec_30_70,fund_flat,crowd_ge5,btc_down,0.1033980582524272,0.41912115365698316,0.0001,-0.011518261811757857
NSUSDT,2024-12-20,e2324,105605,short,2,-0.144253140995812,-0.06705728,-0.215810420995812,-0.220310420995812,14,pump_0_25,tdec_30_70,fund_neg,crowd_ge5,btc_down,0.1033980582524272,0.5954812463827265,-0.00112509,-0.03842764308164981
NSUSDT,2024-12-20,e2324,105605,long,2,0.144253140995812,0.06705728,0.20681042099581198,0.20231042099581198,14,pump_0_25,tdec_30_70,fund_neg,crowd_ge5,btc_down,0.1033980582524272,0.5954812463827265,-0.00112509,-0.03842764308164981
NTRNUSDT,2023-10-10,e2324,105543,short,1,0.09015873015873009,0.0020609400000000003,0.08771967015873008,0.0832196701587301,17,pump_le0,tdec_30_70,fund_flat,crowd_24,btc_up,-0.24713193116634802,0.6022779582370523,0.0001,0.06801114702222644
NTRNUSDT,2023-10-10,e2324,105543,long,1,-0.09015873015873009,-0.0020609400000000003,-0.09671967015873009,-0.10121967015873008,17,pump_le0,tdec_30_70,fund_flat,crowd_24,btc_up,-0.24713193116634802,0.6022779582370523,0.0001,0.06801114702222644
NTRNUSDT,2023-10-10,e2324,105543,short,2,0.07219164778245382,0.0018811700000000002,0.06957281778245382,0.06507281778245383,14,pump_le0,tdec_30_70,fund_flat,crowd_24,btc_up,-0.24713193116634802,0.3105560010110853,-0.00004433,0.035678606001936064
NTRNUSDT,2023-10-10,e2324,105543,long,2,-0.07219164778245382,-0.0018811700000000002,-0.07857281778245383,-0.08307281778245382,14,pump_le0,tdec_30_70,fund_flat,crowd_24,btc_up,-0.24713193116634802,0.3105560010110853,-0.00004433,0.035678606001936064
NULSUSDT,2024-08-27,e2324,105589,short,1,0.012823614807645843,-0.00144166,0.006881954807645843,0.002381954807645843,17,pump_le0,tdec_30_70,fund_flat,crowd_ge5,btc_down,-0.12640033819488483,0.4355406807872161,0.0001,-0.11601058754271043
NULSUSDT,2024-08-27,e2324,105589,long,1,-0.012823614807645843,0.00144166,-0.015881954807645843,-0.02038195480764584,17,pump_le0,tdec_30_70,fund_flat,crowd_ge5,btc_down,-0.12640033819488483,0.4355406807872161,0.0001,-0.11601058754271043
NULSUSDT,2024-08-27,e2324,105589,short,2,-0.001718634912840605,-0.00173051,-0.007949144912840605,-0.012449144912840604,14,pump_le0,tdec_ge70,fund_flat,crowd_ge5,btc_down,-0.12640033819488483,0.7717277318917959,0.00008885,-0.10358470606014802
NULSUSDT,2024-08-27,e2324,105589,long,2,0.001718634912840605,0.00173051,-0.0010508550871593946,-0.005550855087159395,14,pump_le0,tdec_ge70,fund_flat,crowd_ge5,btc_down,-0.12640033819488483,0.7717277318917959,0.00008885,-0.10358470606014802
NVDAUSDT,2026-05-06,e2526,105677,short,1,-0.0763340738289928,0.01500934,-0.0658247338289928,-0.07032473382899279,17,pump_0_25,tdec_30_70,fund_flat,crowd_24,btc_up,0.06295217041800649,0.5756593581701889,0.0,0.11239787132830537
NVDAUSDT,2026-05-06,e2526,105677,long,1,0.0763340738289928,-0.01500934,0.0568247338289928,0.052324733828992796,17,pump_0_25,tdec_30_70,fund_flat,crowd_24,btc_up,0.06295217041800649,0.5756593581701889,0.0,0.11239787132830537
NVDAUSDT,2026-05-06,e2526,105677,short,2,-0.05837516266964121,0.01460218,-0.04827298266964121,-0.052772982669641214,14,pump_0_25,tdec_ge70,fund_flat,crowd_24,btc_up,0.06295217041800649,0.9088957432837118,0.0,0.12845964985387126
NVDAUSDT,2026-05-06,e2526,105677,long,2,0.05837516266964121,-0.01460218,0.039272982669641215,0.03477298266964121,14,pump_0_25,tdec_ge70,fund_flat,crowd_24,btc_up,0.06295217041800649,0.9088957432837118,0.0,0.12845964985387126
NXPCUSDT,2025-05-15,e2526,105626,short,1,0.2551116333725029,-0.02296859,0.2276430433725029,0.2231430433725029,35,pump_0_25,tdec_lt30,fund_neg,crowd_24,btc_up,0.05556933763334149,0.2959229981549066,-0.00118196,0.23127902269425848
NXPCUSDT,2025-05-15,e2526,105626,long,1,-0.2551116333725029,0.02296859,-0.23664304337250291,-0.24114304337250292,35,pump_0_25,tdec_lt30,fund_neg,crowd_24,btc_up,0.05556933763334149,0.2959229981549066,-0.00118196,0.23127902269425848
NXPCUSDT,2025-05-15,e2526,105626,short,2,0.16254183547648407,-0.01773114,0.14031069547648406,0.13581069547648406,29,pump_0_25,tdec_lt30,fund_flat,crowd_24,btc_up,0.05556933763334149,0.20683246577804162,-0.00033824,0.2140554610071077
NXPCUSDT,2025-05-15,e2526,105626,long,2,-0.16254183547648407,0.01773114,-0.14931069547648407,-0.15381069547648407,29,pump_0_25,tdec_lt30,fund_flat,crowd_24,btc_up,0.05556933763334149,0.20683246577804162,-0.00033824,0.2140554610071077
NYANUSDT,2024-05-29,e2324,105576,short,1,-0.23131672597864764,0.00261212,-0.23320460597864764,-0.23770460597864765,17,pump_0_25,tdec_30_70,fund_flat,crowd_ge5,btc_up,0.05391467416783868,0.4092534742771117,0.0001,0.12720774071442342
NYANUSDT,2024-05-29,e2324,105576,long,1,0.23131672597864764,-0.00261212,0.22420460597864764,0.21970460597864763,17,pump_0_25,tdec_30_70,fund_flat,crowd_ge5,btc_up,0.05391467416783868,0.4092534742771117,0.0001,0.12720774071442342
NYANUSDT,2024-05-29,e2324,105576,short,2,-0.35354523227383866,0.00231212,-0.3557331122738387,-0.3602331122738387,14,pump_0_25,tdec_lt30,fund_flat,crowd_ge5,btc_up,0.05391467416783868,0.1363611908904697,0.0001,0.1587913925744231
NYANUSDT,2024-05-29,e2324,105576,long,2,0.35354523227383866,-0.00231212,0.3467331122738387,0.3422331122738387,14,pump_0_25,tdec_lt30,fund_flat,crowd_ge5,btc_up,0.05391467416783868,0.1363611908904697,0.0001,0.1587913925744231
OBOLUSDT,2025-05-07,e2526,105625,short,1,0.17610550814584938,0.00071396,0.1723194681458494,0.1678194681458494,35,pump_le0,tdec_ge70,fund_neg,crowd_24,btc_up,-0.2915636163781259,0.7366883781847503,-0.00313904,0.35331229870397163
OBOLUSDT,2025-05-07,e2526,105625,long,1,-0.17610550814584938,-0.00071396,-0.1813194681458494,-0.1858194681458494,35,pump_le0,tdec_ge70,fund_neg,crowd_24,btc_up,-0.2915636163781259,0.7366883781847503,-0.00313904,0.35331229870397163
OBOLUSDT,2025-05-07,e2526,105625,short,2,0.2270742358078602,0.0014500000000000001,0.2240242358078602,0.2195242358078602,29,pump_le0,tdec_lt30,fund_flat,crowd_24,btc_up,-0.2915636163781259,0.264622571139826,0.0001,0.24623246995238146
OBOLUSDT,2025-05-07,e2526,105625,long,2,-0.2270742358078602,-0.0014500000000000001,-0.23302423580786022,-0.23752423580786022,29,pump_le0,tdec_lt30,fund_flat,crowd_24,btc_up,-0.2915636163781259,0.264622571139826,0.0001,0.24623246995238146
OBTUSDT,2025-04-25,e2526,105623,short,1,0.03325415676959621,-0.02124322,0.007510936769596213,0.0030109367695962137,35,pump_le0,tdec_30_70,fund_flat,crowd_24,btc_up,-0.05037593984962396,0.36885823238988846,0.0001,0.0848411994719076
OBTUSDT,2025-04-25,e2526,105623,long,1,-0.03325415676959621,0.02124322,-0.016510936769596214,-0.021010936769596214,35,pump_le0,tdec_30_70,fund_flat,crowd_24,btc_up,-0.05037593984962396,0.36885823238988846,0.0001,0.0848411994719076
OBTUSDT,2025-04-25,e2526,105623,short,2,0.05714285714285709,-0.01647045,0.0361724071428571,0.031672407142857094,29,pump_le0,tdec_30_70,fund_flat,crowd_24,btc_up,-0.05037593984962396,0.6842084895455532,0.0001,0.11051851851851846
OBTUSDT,2025-04-25,e2526,105623,long,2,-0.05714285714285709,0.01647045,-0.04517240714285709,-0.049672407142857096,29,pump_le0,tdec_30_70,fund_flat,crowd_24,btc_up,-0.05037593984962396,0.6842084895455532,0.0001,0.11051851851851846
OCEANUSDT,2022-02-23,e2122,105458,short,1,-0.1450944265315523,-0.0006540399999999999,-0.1502484665315523,-0.1547484665315523,17,pump_le0,tdec_30_70,fund_flat,crowd_24,btc_up,-0.09314954051796165,0.4154341825849904,-0.00010629,0.037373942470389165
OCEANUSDT,2022-02-23,e2122,105458,long,1,0.1450944265315523,0.0006540399999999999,0.1412484665315523,0.1367484665315523,17,pump_le0,tdec_30_70,fund_flat,crowd_24,btc_up,-0.09314954051796165,0.4154341825849904,-0.00010629,0.037373942470389165
OCEANUSDT,2022-02-23,e2122,105458,short,2,-0.09805653710247349,-0.00093116,-0.10348769710247349,-0.10798769710247348,14,pump_le0,tdec_30_70,fund_flat,crowd_24,btc_up,-0.09314954051796165,0.3788023748043104,0.0001,0.0653929834103888
OCEANUSDT,2022-02-23,e2122,105458,long,2,0.09805653710247349,0.00093116,0.09448769710247348,0.0899876971024735,14,pump_le0,tdec_30_70,fund_flat,crowd_24,btc_up,-0.09314954051796165,0.3788023748043104,0.0001,0.0653929834103888
OGNUSDT,2022-03-19,e2122,105461,short,1,0.24926144756277696,0.00285331,0.24761475756277695,0.24311475756277695,17,pump_0_25,tdec_ge70,fund_flat,crowd_ge5,btc_up,0.05315011667098779,1.868080502407045,0.0001,0.03181289766122086
OGNUSDT,2022-03-19,e2122,105461,long,1,-0.24926144756277696,-0.00285331,-0.25661475756277696,-0.26111475756277697,17,pump_0_25,tdec_ge70,fund_flat,crowd_ge5,btc_up,0.05315011667098779,1.868080502407045,0.0001,0.03181289766122086
OGNUSDT,2022-03-19,e2122,105461,short,2,0.11864161849710976,0.00238376,0.11652537849710976,0.11202537849710976,14,pump_0_25,tdec_ge70,fund_flat,crowd_ge5,btc_up,0.05315011667098779,4.487517449316675,0.00033166,0.02298821884984026
OGNUSDT,2022-03-19,e2122,105461,long,2,-0.11864161849710976,-0.00238376,-0.12552537849710976,-0.13002537849710977,14,pump_0_25,tdec_ge70,fund_flat,crowd_ge5,btc_up,0.05315011667098779,4.487517449316675,0.00033166,0.02298821884984026
OGUSDT,2023-08-28,e2324,105537,short,1,0.03202838982099136,-0.0061459,0.021382489820991363,0.016882489820991366,17,pump_0_25,tdec_ge70,fund_flat,crowd_24,btc_down,0.03229770461395787,0.802286605876698,0.0001,-0.053649937997683916
OGUSDT,2023-08-28,e2324,105537,long,1,-0.03202838982099136,0.0061459,-0.030382489820991364,-0.03488248982099136,17,pump_0_25,tdec_ge70,fund_flat,crowd_24,btc_down,0.03229770461395787,0.802286605876698,0.0001,-0.053649937997683916
OGUSDT,2023-08-28,e2324,105537,short,2,0.0075075420859911845,-0.0064459,-0.003438357914008815,-0.007938357914008815,14,pump_0_25,tdec_30_70,fund_flat,crowd_24,btc_down,0.03229770461395787,0.5155746791464463,0.0001,-0.06644105610380369
OGUSDT,2023-08-28,e2324,105537,long,2,-0.0075075420859911845,0.0064459,-0.005561642085991184,-0.010061642085991184,14,pump_0_25,tdec_30_70,fund_flat,crowd_24,btc_down,0.03229770461395787,0.5155746791464463,0.0001,-0.06644105610380369
OKBUSDT,2025-09-11,e2526,105643,short,1,0.024108388125124544,0.00743692,0.027045308125124543,0.022545308125124543,35,pump_0_25,tdec_ge70,fund_pos,crowd_24,btc_down,0.0342056459921698,1.01600331318826,0.00120776,-0.0597982942568992
OKBUSDT,2025-09-11,e2526,105643,long,1,-0.024108388125124544,-0.00743692,-0.03604530812512454,-0.040545308125124545,35,pump_0_25,tdec_ge70,fund_pos,crowd_24,btc_down,0.0342056459921698,1.01600331318826,0.00120776,-0.0597982942568992
OKBUSDT,2025-09-11,e2526,105643,short,2,0.02658120932081295,0.00398766,0.02606886932081295,0.02156886932081295,29,pump_0_25,tdec_ge70,fund_pos,crowd_24,btc_down,0.0342056459921698,1.2965574919956964,0.00096896,-0.02030019424930718
OKBUSDT,2025-09-11,e2526,105643,long,2,-0.02658120932081295,-0.00398766,-0.03506886932081295,-0.03956886932081295,29,pump_0_25,tdec_ge70,fund_pos,crowd_24,btc_down,0.0342056459921698,1.2965574919956964,0.00096896,-0.02030019424930718
OLUSDT,2024-11-21,e2324,105601,short,1,-0.36480066102045033,0.002783,-0.36651766102045036,-0.37101766102045036,17,pump_le0,tdec_30_70,fund_flat,crowd_ge5,btc_up,-0.1068265682656826,0.6468140439435626,0.0001,0.4843734763895702
OLUSDT,2024-11-21,e2324,105601,long,1,0.36480066102045033,-0.002783,0.35751766102045035,0.35301766102045035,17,pump_le0,tdec_30_70,fund_flat,crowd_ge5,btc_up,-0.1068265682656826,0.6468140439435626,0.0001,0.4843734763895702
OLUSDT,2024-11-21,e2324,105601,short,2,-0.6429193087156534,0.00158247,-0.6458368387156533,-0.6503368387156534,14,pump_le0,tdec_lt30,fund_flat,crowd_ge5,btc_up,-0.1068265682656826,0.26826629103464483,0.00038981,0.4337462154106133
OLUSDT,2024-11-21,e2324,105601,long,2,0.6429193087156534,-0.00158247,0.6368368387156534,0.6323368387156534,14,pump_le0,tdec_lt30,fund_flat,crowd_ge5,btc_up,-0.1068265682656826,0.26826629103464483,0.00038981,0.4337462154106133
OMGUSDT,2021-10-12,e2122,105439,short,1,0.05253333333333335,0.01430064,0.062333973333333355,0.05783397333333335,17,pump_0_25,tdec_ge70,fund_flat,crowd_ge5,btc_up,0.06678045658203535,1.2782683562512538,0.00029476,0.2761539317094872
OMGUSDT,2021-10-12,e2122,105439,long,1,-0.05253333333333335,-0.01430064,-0.07133397333333336,-0.07583397333333335,17,pump_0_25,tdec_ge70,fund_flat,crowd_ge5,btc_up,0.06678045658203535,1.2782683562512538,0.00029476,0.2761539317094872
OMGUSDT,2021-10-12,e2122,105439,short,2,0.018508287292817727,0.01246397,0.026472257292817724,0.021972257292817723,14,pump_0_25,tdec_30_70,fund_pos,crowd_ge5,btc_up,0.06678045658203535,0.4955397029823257,0.00116446,0.2180233175476225
OMGUSDT,2021-10-12,e2122,105439,long,2,-0.018508287292817727,-0.01246397,-0.03547225729281772,-0.039972257292817726,14,pump_0_25,tdec_30_70,fund_pos,crowd_ge5,btc_up,0.06678045658203535,0.4955397029823257,0.00116446,0.2180233175476225
OMNIUSDT,2024-04-17,e2324,105570,short,1,0.14103537877273645,0.0017000000000000001,0.13823537877273645,0.13373537877273645,17,pump_le0,tdec_ge70,fund_flat,crowd_24,btc_up,-0.21646933533796897,1.3894416782595886,0.0001,0.02377867245427323
OMNIUSDT,2024-04-17,e2324,105570,long,1,-0.14103537877273645,-0.0017000000000000001,-0.14723537877273646,-0.15173537877273646,17,pump_le0,tdec_ge70,fund_flat,crowd_24,btc_up,-0.21646933533796897,1.3894416782595886,0.0001,0.02377867245427323
OMNIUSDT,2024-04-17,e2324,105570,short,2,0.15335513613617568,0.0014,0.1502551361361757,0.1457551361361757,14,pump_le0,tdec_ge70,fund_flat,crowd_24,btc_down,-0.21646933533796897,0.8854617980481213,0.0001,-0.06006882779050993
OMNIUSDT,2024-04-17,e2324,105570,long,2,-0.15335513613617568,-0.0014,-0.1592551361361757,-0.1637551361361757,14,pump_le0,tdec_ge70,fund_flat,crowd_24,btc_down,-0.21646933533796897,0.8854617980481213,0.0001,-0.06006882779050993
OMUSDT,2024-03-18,e2324,105566,short,1,-0.030898010132902484,0.00479381,-0.030604200132902486,-0.03510420013290248,17,pump_0_25,tdec_ge70,fund_flat,crowd_ge5,btc_up,0.07302122563464186,0.8050191587431152,0.0001,0.187764614786037
OMUSDT,2024-03-18,e2324,105566,long,1,0.030898010132902484,-0.00479381,0.021604200132902485,0.017104200132902488,17,pump_0_25,tdec_ge70,fund_flat,crowd_ge5,btc_up,0.07302122563464186,0.8050191587431152,0.0001,0.187764614786037
OMUSDT,2024-03-18,e2324,105566,short,2,-0.0102029068930782,0.00449381,-0.010209096893078199,-0.0147090968930782,14,pump_0_25,tdec_lt30,fund_flat,crowd_ge5,btc_up,0.07302122563464186,0.29278738493455025,0.0001,0.30947854767644056
OMUSDT,2024-03-18,e2324,105566,long,2,0.0102029068930782,-0.00449381,0.0012090968930781997,-0.0032909031069218,14,pump_0_25,tdec_lt30,fund_flat,crowd_ge5,btc_up,0.07302122563464186,0.29278738493455025,0.0001,0.30947854767644056
ONDOUSDT,2024-01-23,e2324,105558,short,1,0.06609642301710726,0.00255801,0.06415443301710726,0.05965443301710726,17,pump_0_25,tdec_ge70,fund_flat,crowd_ge5,btc_down,0.21378008494572898,0.7496828938609164,0.0001,-0.0810262360186923
ONDOUSDT,2024-01-23,e2324,105558,long,1,-0.06609642301710726,-0.00255801,-0.07315443301710726,-0.07765443301710725,17,pump_0_25,tdec_ge70,fund_flat,crowd_ge5,btc_down,0.21378008494572898,0.7496828938609164,0.0001,-0.0810262360186923
ONDOUSDT,2024-01-23,e2324,105558,short,2,-0.07327971403038426,0.0019557100000000003,-0.07582400403038426,-0.08032400403038426,14,pump_0_25,tdec_30_70,fund_flat,crowd_ge5,btc_down,0.21378008494572898,0.6791708096037837,0.00032552,-0.06105470953186687
ONDOUSDT,2024-01-23,e2324,105558,long,2,0.07327971403038426,-0.0019557100000000003,0.06682400403038426,0.06232400403038426,14,pump_0_25,tdec_30_70,fund_flat,crowd_ge5,btc_down,0.21378008494572898,0.6791708096037837,0.00032552,-0.06105470953186687
ONDSUSDT,2026-06-09,e2526,105682,short,1,-0.0032502708559045894,0.0028517900000000003,-0.004898480855904589,-0.009398480855904588,17,pump_le0,tdec_ge70,fund_flat,crowd_ge5,btc_down,-0.1333333333333333,0.9579014049487118,0.0,-0.24753304169655255
ONDSUSDT,2026-06-09,e2526,105682,long,1,0.0032502708559045894,-0.0028517900000000003,-0.004101519144095411,-0.008601519144095411,17,pump_le0,tdec_ge70,fund_flat,crowd_ge5,btc_down,-0.1333333333333333,0.9579014049487118,0.0,-0.24753304169655255
ONDSUSDT,2026-06-09,e2526,105682,short,2,0.08407517309594457,0.0028517900000000003,0.08242696309594458,0.07792696309594459,14,pump_le0,tdec_30_70,fund_flat,crowd_ge5,btc_down,-0.1333333333333333,0.6233587797205224,0.0,-0.2095431507411155
ONDSUSDT,2026-06-09,e2526,105682,long,2,-0.08407517309594457,-0.0028517900000000003,-0.09142696309594459,-0.09592696309594458,14,pump_le0,tdec_30_70,fund_flat,crowd_ge5,btc_down,-0.1333333333333333,0.6233587797205224,0.0,-0.2095431507411155
ONEUSDT,2021-10-25,e2122,105441,short,1,0.16185388391568,0.01685231,0.17420619391568,0.16970619391568,17,pump_0_25,tdec_ge70,fund_pos,crowd_ge5,btc_up,0.11440064360418334,2.2116007823155104,0.00245949,0.3970951040689392
ONEUSDT,2021-10-25,e2122,105441,long,1,-0.16185388391568,-0.01685231,-0.18320619391568002,-0.18770619391568003,17,pump_0_25,tdec_ge70,fund_pos,crowd_ge5,btc_up,0.11440064360418334,2.2116007823155104,0.00245949,0.3970951040689392
ONEUSDT,2021-10-25,e2122,105441,short,2,0.0680687108685182,0.01053172,0.0741004308685182,0.0696004308685182,14,pump_0_25,tdec_ge70,fund_pos,crowd_ge5,btc_up,0.11440064360418334,2.0963275770744,0.00090235,0.38680341474982205
ONEUSDT,2021-10-25,e2122,105441,long,2,-0.0680687108685182,-0.01053172,-0.0831004308685182,-0.0876004308685182,14,pump_0_25,tdec_ge70,fund_pos,crowd_ge5,btc_up,0.11440064360418334,2.0963275770744,0.00090235,0.38680341474982205
ONGUSDT,2023-11-28,e2324,105550,short,1,0.044535387578237884,0.00508894,0.04512432757823789,0.04062432757823788,17,pump_le0,tdec_30_70,fund_flat,crowd_ge5,btc_up,-0.1254736842105263,0.6476864035733544,0.0001,0.0972998353699539
ONGUSDT,2023-11-28,e2324,105550,long,1,-0.044535387578237884,-0.00508894,-0.05412432757823788,-0.058624327578237885,17,pump_le0,tdec_30_70,fund_flat,crowd_ge5,btc_up,-0.1254736842105263,0.6476864035733544,0.0001,0.0972998353699539
ONGUSDT,2023-11-28,e2324,105550,short,2,-0.029571984435797574,0.0042771300000000005,-0.029794854435797574,-0.03429485443579757,14,pump_le0,tdec_30_70,fund_flat,crowd_ge5,btc_up,-0.1254736842105263,0.48557971561663527,0.0004555,0.08827678115562021
ONGUSDT,2023-11-28,e2324,105550,long,2,0.029571984435797574,-0.0042771300000000005,0.020794854435797573,0.016294854435797576,14,pump_le0,tdec_30_70,fund_flat,crowd_ge5,btc_up,-0.1254736842105263,0.48557971561663527,0.0004555,0.08827678115562021
ONTUSDT,2022-06-06,e2122,105473,short,1,0.26511781183061456,-0.00031362999999999996,0.26030418183061454,0.25580418183061454,17,pump_le0,tdec_ge70,fund_neg,crowd_24,btc_down,-0.04725274725274731,2.005818758006509,-0.00051114,-0.0858444134283406
ONTUSDT,2022-06-06,e2122,105473,long,1,-0.26511781183061456,0.00031362999999999996,-0.26930418183061455,-0.27380418183061456,17,pump_le0,tdec_ge70,fund_neg,crowd_24,btc_down,-0.04725274725274731,2.005818758006509,-0.00051114,-0.0858444134283406
ONTUSDT,2022-06-06,e2122,105473,short,2,0.24890535533849778,-0.00031434999999999997,0.24409100533849779,0.23959100533849778,14,pump_le0,tdec_30_70,fund_flat,crowd_24,btc_up,-0.04725274725274731,0.6684995958441182,0.0001,0.004274286094433366
ONTUSDT,2022-06-06,e2122,105473,long,2,-0.24890535533849778,0.00031434999999999997,-0.25309100533849777,-0.25759100533849777,14,pump_le0,tdec_30_70,fund_flat,crowd_24,btc_up,-0.04725274725274731,0.6684995958441182,0.0001,0.004274286094433366
OPENUSDT,2025-09-08,e2526,105643,short,1,0.22626951372689752,-0.01771608,0.20405343372689752,0.19955343372689752,35,pump_0_25,tdec_30_70,fund_neg,crowd_24,btc_down,0.014563990533406068,0.37271242245071695,-0.00214918,-0.065160415119081
OPENUSDT,2025-09-08,e2526,105643,long,1,-0.22626951372689752,0.01771608,-0.21305343372689753,-0.21755343372689753,35,pump_0_25,tdec_30_70,fund_neg,crowd_24,btc_down,0.014563990533406068,0.37271242245071695,-0.00214918,-0.065160415119081
OPENUSDT,2025-09-08,e2526,105643,short,2,0.16973139501299692,-0.0006117,0.16461969501299692,0.16011969501299692,29,pump_0_25,tdec_30_70,fund_neg,crowd_24,btc_down,0.014563990533406068,0.5765198589706033,-0.00092436,-0.040354164841016726
OPENUSDT,2025-09-08,e2526,105643,long,2,-0.16973139501299692,0.0006117,-0.17361969501299693,-0.17811969501299693,29,pump_0_25,tdec_30_70,fund_neg,crowd_24,btc_down,0.014563990533406068,0.5765198589706033,-0.00092436,-0.040354164841016726
OPGUSDT,2026-04-23,e2526,105675,short,1,0.1654026724449259,-0.00378203,0.1571206424449259,0.1526206424449259,35,pump_le0,tdec_30_70,fund_flat,crowd_24,btc_up,-0.14537037037037048,0.320406436124268,0.0001,0.08555725250791313
OPGUSDT,2026-04-23,e2526,105675,long,1,-0.1654026724449259,0.00378203,-0.16612064244492591,-0.17062064244492592,35,pump_le0,tdec_30_70,fund_flat,crowd_24,btc_up,-0.14537037037037048,0.320406436124268,0.0001,0.08555725250791313
OPGUSDT,2026-04-23,e2526,105675,short,2,0.16930265995686558,-0.00305661,0.1617460499568656,0.15724604995686559,29,pump_le0,tdec_lt30,fund_flat,crowd_24,btc_up,-0.14537037037037048,0.1722353499143809,-0.0000848,0.12789017551102289
OPGUSDT,2026-04-23,e2526,105675,long,2,-0.16930265995686558,0.00305661,-0.1707460499568656,-0.1752460499568656,29,pump_le0,tdec_lt30,fund_flat,crowd_24,btc_up,-0.14537037037037048,0.1722353499143809,-0.0000848,0.12789017551102289
OPNUSDT,2026-02-11,e2526,105665,short,1,-0.06452313708451012,0.00175,-0.06727313708451012,-0.07177313708451011,35,pump_le0,tdec_30_70,fund_flat,crowd_24,btc_down,-0.2680871362696773,0.31524841104583534,0.0001,-0.30553362791502203
OPNUSDT,2026-02-11,e2526,105665,long,1,0.06452313708451012,-0.00175,0.05827313708451012,0.05377313708451011,35,pump_le0,tdec_30_70,fund_flat,crowd_24,btc_down,-0.2680871362696773,0.31524841104583534,0.0001,-0.30553362791502203
OPNUSDT,2026-02-11,e2526,105665,short,2,0.0677321156773211,0.0014500000000000001,0.0646821156773211,0.0601821156773211,29,pump_le0,tdec_lt30,fund_flat,crowd_24,btc_down,-0.2680871362696773,0.22345285558140135,0.0001,-0.2897915376676987
OPNUSDT,2026-02-11,e2526,105665,long,2,-0.0677321156773211,-0.0014500000000000001,-0.07368211567732111,-0.0781821156773211,29,pump_le0,tdec_lt30,fund_flat,crowd_24,btc_down,-0.2680871362696773,0.22345285558140135,0.0001,-0.2897915376676987
OPUSDT,2022-06-01,e2122,105472,short,1,0.5272373540856031,-0.0011230300000000001,0.5216143240856032,0.5171143240856031,17,pump_le0,tdec_ge70,fund_flat,crowd_24,btc_down,-0.018771874005726885,2.409242824227835,-0.0002367,-0.1930247657916705
OPUSDT,2022-06-01,e2122,105472,long,1,-0.5272373540856031,0.0011230300000000001,-0.530614324085603,-0.5351143240856031,17,pump_le0,tdec_ge70,fund_flat,crowd_24,btc_down,-0.018771874005726885,2.409242824227835,-0.0002367,-0.1930247657916705
OPUSDT,2022-06-01,e2122,105472,short,2,0.4639705882352942,-0.000030060000000000014,0.4594405282352942,0.4549405282352942,14,pump_le0,tdec_ge70,fund_flat,crowd_24,btc_down,-0.018771874005726885,3.3029516698163364,-0.000167,-0.2521255022483091
OPUSDT,2022-06-01,e2122,105472,long,2,-0.4639705882352942,0.000030060000000000014,-0.4684405282352942,-0.4729405282352942,14,pump_le0,tdec_ge70,fund_flat,crowd_24,btc_down,-0.018771874005726885,3.3029516698163364,-0.000167,-0.2521255022483091
ORBSUSDT,2023-10-13,e2324,105543,short,1,-0.13218085106382965,-0.0749475,-0.21162835106382966,-0.21612835106382966,21,pump_25_100,tdec_ge70,fund_flat,crowd_ge5,btc_up,0.47973238882329805,2.0732256604788613,0.0001,0.012508487363259047
ORBSUSDT,2023-10-13,e2324,105543,long,1,0.13218085106382965,0.0749475,0.20262835106382965,0.19812835106382964,21,pump_25_100,tdec_ge70,fund_flat,crowd_ge5,btc_up,0.47973238882329805,2.0732256604788613,0.0001,0.012508487363259047
ORBSUSDT,2023-10-13,e2324,105543,short,2,-0.1223306090166095,-0.07426662,-0.2010972290166095,-0.2055972290166095,18,pump_25_100,tdec_ge70,fund_flat,crowd_ge5,btc_up,0.47973238882329805,2.4508023029749944,0.0001,0.020700367446566004
ORBSUSDT,2023-10-13,e2324,105543,long,2,0.1223306090166095,0.07426662,0.1920972290166095,0.1875972290166095,18,pump_25_100,tdec_ge70,fund_flat,crowd_ge5,btc_up,0.47973238882329805,2.4508023029749944,0.0001,0.020700367446566004
ORCAUSDT,2024-04-01,e2324,105568,short,1,0.07914240338803598,-0.01150264,0.06313976338803598,0.05863976338803598,17,pump_le0,tdec_30_70,fund_flat,crowd_ge5,btc_up,-0.10325183954426775,0.4047984806859743,0.0001,0.036482001168107736
ORCAUSDT,2024-04-01,e2324,105568,long,1,-0.07914240338803598,0.01150264,-0.07213976338803599,-0.07663976338803598,17,pump_le0,tdec_30_70,fund_flat,crowd_ge5,btc_up,-0.10325183954426775,0.4047984806859743,0.0001,0.036482001168107736
ORCAUSDT,2024-04-01,e2324,105568,short,2,0.09377442042198486,-0.0037823199999999996,0.08549210042198485,0.08099210042198486,14,pump_le0,tdec_30_70,fund_neg,crowd_ge5,btc_down,-0.10325183954426775,0.48883610270481337,-0.00543867,-0.03494002340550029
ORCAUSDT,2024-04-01,e2324,105568,long,2,-0.09377442042198486,0.0037823199999999996,-0.09449210042198486,-0.09899210042198485,14,pump_le0,tdec_30_70,fund_neg,crowd_ge5,btc_down,-0.10325183954426775,0.48883610270481337,-0.00543867,-0.03494002340550029
ORCLUSDT,2026-05-06,e2526,105677,short,1,-0.0037378257436167833,0.00088422,-0.007353605743616783,-0.011853605743616782,17,pump_0_25,tdec_30_70,fund_flat,crowd_24,btc_up,0.017080745341614856,0.387429356211456,0.0,0.11239787132830537
ORCLUSDT,2026-05-06,e2526,105677,long,1,0.0037378257436167833,-0.00088422,-0.0016463942563832165,-0.006146394256383216,17,pump_0_25,tdec_30_70,fund_flat,crowd_24,btc_up,0.017080745341614856,0.387429356211456,0.0,0.11239787132830537
ORCLUSDT,2026-05-06,e2526,105677,short,2,0.024307865513535643,0.00047116000000000004,0.020279025513535644,0.015779025513535647,14,pump_0_25,tdec_30_70,fund_flat,crowd_24,btc_up,0.017080745341614856,0.3600052031037229,0.0,0.12845964985387126
ORCLUSDT,2026-05-06,e2526,105677,long,2,-0.024307865513535643,-0.00047116000000000004,-0.029279025513535645,-0.03377902551353564,14,pump_0_25,tdec_30_70,fund_flat,crowd_24,btc_up,0.017080745341614856,0.3600052031037229,0.0,0.12845964985387126
ORDERUSDT,2024-08-27,e2324,105589,short,1,-0.0068322981366459,-0.0379957,-0.049327998136645894,-0.0538279981366459,17,pump_le0,tdec_30_70,fund_neg,crowd_ge5,btc_down,-0.20019870839542975,0.6552836495356475,-0.00409423,-0.11601058754271043
ORDERUSDT,2024-08-27,e2324,105589,long,1,0.0068322981366459,0.0379957,0.0403279981366459,0.035827998136645896,17,pump_le0,tdec_30_70,fund_neg,crowd_ge5,btc_down,-0.20019870839542975,0.6552836495356475,-0.00409423,-0.11601058754271043
ORDERUSDT,2024-08-27,e2324,105589,short,2,0.08158640226628894,-0.02981339,0.047273012266288945,0.04277301226628894,14,pump_le0,tdec_ge70,fund_neg,crowd_ge5,btc_down,-0.20019870839542975,1.3474380022002155,-0.00321432,-0.10358470606014802
ORDERUSDT,2024-08-27,e2324,105589,long,2,-0.08158640226628894,0.02981339,-0.05627301226628894,-0.060773012266288944,14,pump_le0,tdec_ge70,fund_neg,crowd_ge5,btc_down,-0.20019870839542975,1.3474380022002155,-0.00321432,-0.10358470606014802
ORDIUSDT,2023-05-22,e2324,105523,short,1,0.015081206496519606,0.0016020000000000001,0.012183206496519605,0.007683206496519606,17,pump_le0,tdec_ge70,fund_flat,crowd_01,btc_down,-0.07002746174970575,0.7028943655016313,0.0001,-0.013161521499448603
ORDIUSDT,2023-05-22,e2324,105523,long,1,-0.015081206496519606,-0.0016020000000000001,-0.021183206496519606,-0.025683206496519603,17,pump_le0,tdec_ge70,fund_flat,crowd_01,btc_down,-0.07002746174970575,0.7028943655016313,0.0001,-0.013161521499448603
ORDIUSDT,2023-05-22,e2324,105523,short,2,-0.23352265222559776,0.001302,-0.23672065222559777,-0.24122065222559777,14,pump_le0,tdec_ge70,fund_flat,crowd_01,btc_down,-0.07002746174970575,0.8237168411393135,0.0001,-0.042996242693621234
ORDIUSDT,2023-05-22,e2324,105523,long,2,0.23352265222559776,-0.001302,0.22772065222559776,0.22322065222559775,14,pump_le0,tdec_ge70,fund_flat,crowd_01,btc_down,-0.07002746174970575,0.8237168411393135,0.0001,-0.042996242693621234
ORNUSDT,2024-03-11,e2324,105565,short,1,-0.22552060256978285,0.01154673,-0.21847387256978285,-0.22297387256978285,17,pump_0_25,tdec_lt30,fund_pos,crowd_24,btc_up,0.04009216589861753,0.25415263418216133,0.00057863,0.4797065913487901
ORNUSDT,2024-03-11,e2324,105565,long,1,0.22552060256978285,-0.01154673,0.20947387256978284,0.20497387256978283,17,pump_0_25,tdec_lt30,fund_pos,crowd_24,btc_up,0.04009216589861753,0.25415263418216133,0.00057863,0.4797065913487901
ORNUSDT,2024-03-11,e2324,105565,short,2,-0.1294405879951001,0.00876342,-0.12517716799510012,-0.12967716799510012,14,pump_0_25,tdec_lt30,fund_pos,crowd_24,btc_up,0.04009216589861753,0.20424805300749613,0.00074591,0.46380469527170254
ORNUSDT,2024-03-11,e2324,105565,long,2,0.1294405879951001,-0.00876342,0.11617716799510011,0.11167716799510012,14,pump_0_25,tdec_lt30,fund_pos,crowd_24,btc_up,0.04009216589861753,0.20424805300749613,0.00074591,0.46380469527170254
OSMOUSDT,2024-05-30,e2324,105576,short,1,0.0085592011412268,0.00366194,0.007721141141226799,0.0032211411412267996,17,pump_le0,tdec_lt30,fund_flat,crowd_24,btc_up,-0.031433506044905135,0.08375935205170924,0.0001,0.1587913925744231
OSMOUSDT,2024-05-30,e2324,105576,long,1,-0.0085592011412268,-0.00366194,-0.0167211411412268,-0.0212211411412268,17,pump_le0,tdec_lt30,fund_flat,crowd_24,btc_up,-0.031433506044905135,0.08375935205170924,0.0001,0.1587913925744231
OSMOUSDT,2024-05-30,e2324,105576,short,2,0.002272999162579271,0.00336194,0.0011349391625792718,-0.003365060837420728,14,pump_le0,tdec_lt30,fund_flat,crowd_24,btc_up,-0.031433506044905135,0.05821398092048895,0.0001,0.14843877053179377
OSMOUSDT,2024-05-30,e2324,105576,long,2,-0.002272999162579271,-0.00336194,-0.010134939162579272,-0.01463493916257927,14,pump_le0,tdec_lt30,fund_flat,crowd_24,btc_up,-0.031433506044905135,0.05821398092048895,0.0001,0.14843877053179377
OUSDT,2026-06-23,e2526,105684,short,1,0.37362229102167177,-0.01652855,0.3525937410216718,0.3480937410216718,35,pump_25_100,tdec_ge70,fund_flat,crowd_ge5,btc_down,0.30494505494505497,7.939908929617553,0.0001,-0.21237052037706794
OUSDT,2026-06-23,e2526,105684,long,1,-0.37362229102167177,0.01652855,-0.3615937410216718,-0.3660937410216718,35,pump_25_100,tdec_ge70,fund_flat,crowd_ge5,btc_down,0.30494505494505497,7.939908929617553,0.0001,-0.21237052037706794
OUSDT,2026-06-23,e2526,105684,short,2,0.3762486126526081,-0.01563612,0.35611249265260814,0.35161249265260813,29,pump_25_100,tdec_lt30,fund_neg,crowd_ge5,btc_down,0.30494505494505497,0.050063271530431504,-0.00077802,-0.1958868156221425
OUSDT,2026-06-23,e2526,105684,long,2,-0.3762486126526081,0.01563612,-0.36511249265260814,-0.36961249265260815,29,pump_25_100,tdec_lt30,fund_neg,crowd_ge5,btc_down,0.30494505494505497,0.050063271530431504,-0.00077802,-0.1958868156221425
OXTUSDT,2023-08-10,e2324,105534,short,1,0.3627450980392158,-0.018554730000000002,0.33969036803921576,0.33519036803921576,17,pump_0_25,tdec_ge70,fund_flat,crowd_24,btc_down,0.0036900369003691758,0.8460889338005915,0.00003107,-0.0314115609296689
OXTUSDT,2023-08-10,e2324,105534,long,1,-0.3627450980392158,0.018554730000000002,-0.34869036803921577,-0.3531903680392158,17,pump_0_25,tdec_ge70,fund_flat,crowd_24,btc_down,0.0036900369003691758,0.8460889338005915,0.00003107,-0.0314115609296689
OXTUSDT,2023-08-10,e2324,105534,short,2,0.32291666666666663,-0.0021439,0.31627276666666665,0.31177276666666665,14,pump_0_25,tdec_30_70,fund_neg,crowd_24,btc_down,0.0036900369003691758,0.6120684644532356,-0.00506071,-0.06423897726585936
OXTUSDT,2023-08-10,e2324,105534,long,2,-0.32291666666666663,0.0021439,-0.32527276666666666,-0.32977276666666666,14,pump_0_25,tdec_30_70,fund_neg,crowd_24,btc_down,0.0036900369003691758,0.6120684644532356,-0.00506071,-0.06423897726585936
PARTIUSDT,2025-03-25,e2526,105619,short,1,0.3791593695271454,-0.00502807,0.3696312995271454,0.3651312995271454,35,pump_0_25,tdec_30_70,fund_neg,crowd_ge5,btc_down,0.02790279027902809,0.633442960336254,-0.0019563,-0.05047541381443876
PARTIUSDT,2025-03-25,e2526,105619,long,1,-0.3791593695271454,0.00502807,-0.3786312995271454,-0.3831312995271454,35,pump_0_25,tdec_30_70,fund_neg,crowd_ge5,btc_down,0.02790279027902809,0.633442960336254,-0.0019563,-0.05047541381443876
PARTIUSDT,2025-03-25,e2526,105619,short,2,0.3775241439859526,-0.00422203,0.3688021139859526,0.3643021139859526,29,pump_0_25,tdec_lt30,fund_flat,crowd_ge5,btc_down,0.02790279027902809,0.28202227741953295,0.0001,-0.016732588735390297
PARTIUSDT,2025-03-25,e2526,105619,long,2,-0.3775241439859526,0.00422203,-0.3778021139859526,-0.3823021139859526,29,pump_0_25,tdec_lt30,fund_flat,crowd_ge5,btc_down,0.02790279027902809,0.28202227741953295,0.0001,-0.016732588735390297
PAXGUSDT,2022-03-15,e2122,105461,short,1,0.002077922077922078,0.00275676,0.0003346820779220787,-0.004165317922077921,17,pump_le0,tdec_ge70,fund_flat,crowd_24,btc_down,-0.0051679586563307955,0.9043130211333874,0.0001,-0.03319502074688796
PAXGUSDT,2022-03-15,e2122,105461,long,1,-0.002077922077922078,-0.00275676,-0.009334682077922079,-0.013834682077922078,17,pump_le0,tdec_ge70,fund_flat,crowd_24,btc_down,-0.0051679586563307955,0.9043130211333874,0.0001,-0.03319502074688796
PAXGUSDT,2022-03-15,e2122,105461,short,2,0.015376729882111738,0.00245676,0.013333489882111738,0.00883348988211174,14,pump_le0,tdec_ge70,fund_flat,crowd_24,btc_down,-0.0051679586563307955,1.5119798826375022,0.0001,-0.08162921537580436
PAXGUSDT,2022-03-15,e2122,105461,long,2,-0.015376729882111738,-0.00245676,-0.02233348988211174,-0.02683348988211174,14,pump_le0,tdec_ge70,fund_flat,crowd_24,btc_down,-0.0051679586563307955,1.5119798826375022,0.0001,-0.08162921537580436
PEAQUSDT,2024-11-19,e2324,105601,short,1,-0.3539518900343643,-0.00234795,-0.36079984003436427,-0.3652998400343643,17,pump_le0,tdec_30_70,fund_flat,crowd_ge5,btc_up,-0.24695009242144184,0.570559113700737,0.0001,0.39999940624717034
PEAQUSDT,2024-11-19,e2324,105601,long,1,0.3539518900343643,0.00234795,0.35179984003436426,0.34729984003436426,17,pump_le0,tdec_30_70,fund_flat,crowd_ge5,btc_up,-0.24695009242144184,0.570559113700737,0.0001,0.39999940624717034
PEAQUSDT,2024-11-19,e2324,105601,short,2,-0.30155733836715426,-0.00250755,-0.3085648883671543,-0.3130648883671543,14,pump_le0,tdec_30_70,fund_flat,crowd_ge5,btc_up,-0.24695009242144184,0.5737206706455271,0.0001,0.45948123039037525
PEAQUSDT,2024-11-19,e2324,105601,long,2,0.30155733836715426,0.00250755,0.2995648883671543,0.2950648883671543,14,pump_le0,tdec_30_70,fund_flat,crowd_ge5,btc_up,-0.24695009242144184,0.5737206706455271,0.0001,0.45948123039037525
PENDLEUSDT,2023-07-05,e2324,105529,short,1,0.08785111547797937,0.0017000000000000001,0.08505111547797936,0.08055111547797937,17,pump_0_25,tdec_ge70,fund_flat,crowd_24,btc_up,0.012760477639897072,1.1687845239289802,0.0001,0.09766725821089084
PENDLEUSDT,2023-07-05,e2324,105529,long,1,-0.08785111547797937,-0.0017000000000000001,-0.09405111547797937,-0.09855111547797936,17,pump_0_25,tdec_ge70,fund_flat,crowd_24,btc_up,0.012760477639897072,1.1687845239289802,0.0001,0.09766725821089084
PENDLEUSDT,2023-07-05,e2324,105529,short,2,0.13759562841530054,0.0014,0.13449562841530055,0.12999562841530055,14,pump_0_25,tdec_ge70,fund_flat,crowd_24,btc_up,0.012760477639897072,1.200477461306308,0.0001,0.1522637653190697
PENDLEUSDT,2023-07-05,e2324,105529,long,2,-0.13759562841530054,-0.0014,-0.14349562841530056,-0.14799562841530056,14,pump_0_25,tdec_ge70,fund_flat,crowd_24,btc_up,0.012760477639897072,1.200477461306308,0.0001,0.1522637653190697
PENGUSDT,2024-05-27,e2324,105576,short,1,0.22431549861843755,0.00841498,0.22823047861843754,0.22373047861843753,17,pump_25_100,tdec_ge70,fund_pos,crowd_ge5,btc_up,0.8124288641019803,0.9134061582792306,0.00264751,0.08480840920041599
PENGUSDT,2024-05-27,e2324,105576,long,1,-0.22431549861843755,-0.00841498,-0.23723047861843755,-0.24173047861843755,17,pump_25_100,tdec_ge70,fund_pos,crowd_ge5,btc_up,0.8124288641019803,0.9134061582792306,0.00264751,0.08480840920041599
PENGUSDT,2024-05-27,e2324,105576,short,2,0.03394337556702635,0.0044497700000000005,0.03389314556702635,0.029393145567026345,14,pump_25_100,tdec_30_70,fund_pos,crowd_ge5,btc_up,0.8124288641019803,0.4886397856609531,0.00059779,0.060288682535380334
PENGUSDT,2024-05-27,e2324,105576,long,2,-0.03394337556702635,-0.0044497700000000005,-0.04289314556702634,-0.04739314556702635,14,pump_25_100,tdec_30_70,fund_pos,crowd_ge5,btc_up,0.8124288641019803,0.4886397856609531,0.00059779,0.060288682535380334
PENGUUSDT,2024-12-17,e2324,105605,short,1,-0.008991289688114664,0.00175,-0.011741289688114664,-0.01624128968811466,35,pump_le0,tdec_30_70,fund_flat,crowd_ge5,btc_up,-0.2903290129611167,0.6210988089993208,0.0001,0.10618655768487328
PENGUUSDT,2024-12-17,e2324,105605,long,1,0.008991289688114664,-0.00175,0.0027412896881146643,-0.0017587103118853354,35,pump_le0,tdec_30_70,fund_flat,crowd_ge5,btc_up,-0.2903290129611167,0.6210988089993208,0.0001,0.10618655768487328
PENGUUSDT,2024-12-17,e2324,105605,short,2,-0.2534031413612565,0.0014500000000000001,-0.2564531413612565,-0.2609531413612565,29,pump_le0,tdec_30_70,fund_flat,crowd_ge5,btc_up,-0.2903290129611167,0.34901181893201727,0.0001,0.05477499799656482
PENGUUSDT,2024-12-17,e2324,105605,long,2,0.2534031413612565,-0.0014500000000000001,0.2474531413612565,0.2429531413612565,29,pump_le0,tdec_30_70,fund_flat,crowd_ge5,btc_up,-0.2903290129611167,0.34901181893201727,0.0001,0.05477499799656482
PEOPLEUSDT,2021-12-29,e2122,105450,short,1,0.18601848131779833,0.001853,0.18337148131779832,0.17887148131779831,17,pump_0_25,tdec_ge70,fund_flat,crowd_24,btc_down,0.0032245062474809405,2.2918970445314053,0.0001,-0.1729486324216144
PEOPLEUSDT,2021-12-29,e2122,105450,long,1,-0.18601848131779833,-0.001853,-0.19237148131779833,-0.19687148131779833,17,pump_0_25,tdec_ge70,fund_flat,crowd_24,btc_down,0.0032245062474809405,2.2918970445314053,0.0001,-0.1729486324216144
PEOPLEUSDT,2021-12-29,e2122,105450,short,2,0.1407972858354538,0.0015530000000000001,0.1378502858354538,0.1333502858354538,14,pump_0_25,tdec_ge70,fund_flat,crowd_24,btc_down,0.0032245062474809405,2.9562809743299936,0.0001,-0.19265181301878553
PEOPLEUSDT,2021-12-29,e2122,105450,long,2,-0.1407972858354538,-0.0015530000000000001,-0.14685028583545381,-0.15135028583545382,14,pump_0_25,tdec_ge70,fund_flat,crowd_24,btc_down,0.0032245062474809405,2.9562809743299936,0.0001,-0.19265181301878553
PERPUSDT,2023-09-06,e2324,105538,short,1,0.46186947578597676,-0.05227092,0.40509855578597675,0.40059855578597675,17,pump_25_100,tdec_ge70,fund_neg,crowd_24,btc_down,0.5428218610579987,9.327669284528989,-0.00158899,-0.11795961028529556
PERPUSDT,2023-09-06,e2324,105538,long,1,-0.46186947578597676,0.05227092,-0.41409855578597676,-0.41859855578597677,17,pump_25_100,tdec_ge70,fund_neg,crowd_24,btc_down,0.5428218610579987,9.327669284528989,-0.00158899,-0.11795961028529556
PERPUSDT,2023-09-06,e2324,105538,short,2,0.46010844975564263,-0.05094233,0.40466611975564265,0.40016611975564265,14,pump_25_100,tdec_ge70,fund_neg,crowd_24,btc_down,0.5428218610579987,7.1679528799891665,-0.00066565,-0.12409270170264286
PERPUSDT,2023-09-06,e2324,105538,long,2,-0.46010844975564263,0.05094233,-0.41366611975564266,-0.41816611975564266,14,pump_25_100,tdec_ge70,fund_neg,crowd_24,btc_down,0.5428218610579987,7.1679528799891665,-0.00066565,-0.12409270170264286
PHAROSUSDT,2026-05-14,e2526,105678,short,1,0.07096592509152351,-0.00196604,0.0644998850915235,0.05999988509152351,35,pump_le0,tdec_ge70,fund_neg,crowd_ge5,btc_up,-0.06528033693077118,1.0286595549683966,-0.00241886,0.057385631927979075
PHAROSUSDT,2026-05-14,e2526,105678,long,1,-0.07096592509152351,0.00196604,-0.07349988509152351,-0.0779998850915235,35,pump_le0,tdec_ge70,fund_neg,crowd_ge5,btc_up,-0.06528033693077118,1.0286595549683966,-0.00241886,0.057385631927979075
PHAROSUSDT,2026-05-14,e2526,105678,short,2,0.137516339869281,-0.003442,0.129574339869281,0.125074339869281,29,pump_le0,tdec_ge70,fund_pos,crowd_ge5,btc_up,-0.06528033693077118,1.8433728526813078,0.00101412,0.039955742314820686
PHAROSUSDT,2026-05-14,e2526,105678,long,2,-0.137516339869281,0.003442,-0.138574339869281,-0.143074339869281,29,pump_le0,tdec_ge70,fund_pos,crowd_ge5,btc_up,-0.06528033693077118,1.8433728526813078,0.00101412,0.039955742314820686
PHAUSDT,2024-05-31,e2324,105576,short,1,-0.011417548615817723,0.00210251,-0.013815038615817721,-0.018315038615817722,17,pump_0_25,tdec_30_70,fund_flat,crowd_ge5,btc_up,0.0000521376433786358,0.3516392590434847,0.0001,0.14843877053179377
PHAUSDT,2024-05-31,e2324,105576,long,1,0.011417548615817723,-0.00210251,0.004815038615817723,0.00031503861581772333,17,pump_0_25,tdec_30_70,fund_flat,crowd_ge5,btc_up,0.0000521376433786358,0.3516392590434847,0.0001,0.14843877053179377
PHAUSDT,2024-05-31,e2324,105576,short,2,-0.05206073752711495,0.00180251,-0.05475822752711495,-0.05925822752711495,14,pump_0_25,tdec_30_70,fund_flat,crowd_ge5,btc_up,0.0000521376433786358,0.31127280004155156,0.0001,0.07848996796814967
PHAUSDT,2024-05-31,e2324,105576,long,2,0.05206073752711495,-0.00180251,0.045758227527114954,0.04125822752711495,14,pump_0_25,tdec_30_70,fund_flat,crowd_ge5,btc_up,0.0000521376433786358,0.31127280004155156,0.0001,0.07848996796814967
PHBUSDT,2023-05-18,e2324,105522,short,1,0.058577405857740635,0.0017000000000000001,0.05577740585774064,0.051277405857740634,17,pump_le0,tdec_ge70,fund_flat,crowd_01,btc_down,-0.12755527743012096,0.9386787864528381,0.0001,-0.06696160377260207
PHBUSDT,2023-05-18,e2324,105522,long,1,-0.058577405857740635,-0.0017000000000000001,-0.06477740585774064,-0.06927740585774063,17,pump_le0,tdec_ge70,fund_flat,crowd_01,btc_down,-0.12755527743012096,0.9386787864528381,0.0001,-0.06696160377260207
PHBUSDT,2023-05-18,e2324,105522,short,2,0.01191969887076545,0.0014,0.00881969887076545,0.004319698870765451,14,pump_le0,tdec_ge70,fund_flat,crowd_01,btc_down,-0.12755527743012096,1.1262026489255803,0.0001,-0.04060476844834182
PHBUSDT,2023-05-18,e2324,105522,long,2,-0.01191969887076545,-0.0014,-0.01781969887076545,-0.02231969887076545,14,pump_le0,tdec_ge70,fund_flat,crowd_01,btc_down,-0.12755527743012096,1.1262026489255803,0.0001,-0.04060476844834182
PIEVERSEUSDT,2025-11-14,e2526,105652,short,1,-0.09643599815157125,-0.00257121,-0.10350720815157126,-0.10800720815157125,35,pump_gt100,tdec_ge70,fund_flat,crowd_24,btc_down,1.548318245381615,7.0661994355598265,0.0001,-0.11632102742981643
PIEVERSEUSDT,2025-11-14,e2526,105652,long,1,0.09643599815157125,0.00257121,0.09450720815157125,0.09000720815157126,35,pump_gt100,tdec_ge70,fund_flat,crowd_24,btc_down,1.548318245381615,7.0661994355598265,0.0001,-0.11632102742981643
PIEVERSEUSDT,2025-11-14,e2526,105652,short,2,-0.20709062003179657,-0.00259145,-0.21418207003179657,-0.21868207003179657,29,pump_gt100,tdec_ge70,fund_flat,crowd_24,btc_down,1.548318245381615,7.595877983787048,0.0000206,-0.11421751221741083
PIEVERSEUSDT,2025-11-14,e2526,105652,long,2,0.20709062003179657,0.00259145,0.20518207003179656,0.20068207003179656,29,pump_gt100,tdec_ge70,fund_flat,crowd_24,btc_down,1.548318245381615,7.595877983787048,0.0000206,-0.11421751221741083
PIGGYUSDT,2025-10-29,e2526,105650,short,1,0.2452099769686873,-0.07805101,0.16265896696868729,0.15815896696868728,35,pump_le0,tdec_ge70,fund_neg,crowd_ge5,btc_down,-0.02410214719525594,0.7343859309318642,-0.00178794,-0.05045091032839888
PIGGYUSDT,2025-10-29,e2526,105650,long,1,-0.2452099769686873,0.07805101,-0.1716589669686873,-0.1761589669686873,35,pump_le0,tdec_ge70,fund_neg,crowd_ge5,btc_down,-0.02410214719525594,0.7343859309318642,-0.00178794,-0.05045091032839888
PIGGYUSDT,2025-10-29,e2526,105650,short,2,0.1225861577898035,-0.04628374,0.07180241778980351,0.06730241778980352,29,pump_le0,tdec_30_70,fund_neg,crowd_ge5,btc_down,-0.02410214719525594,0.6147182681561579,-0.01319382,-0.07598725996453981
PIGGYUSDT,2025-10-29,e2526,105650,long,2,-0.1225861577898035,0.04628374,-0.08080241778980352,-0.0853024177898035,29,pump_le0,tdec_30_70,fund_neg,crowd_ge5,btc_down,-0.02410214719525594,0.6147182681561579,-0.01319382,-0.07598725996453981
PIPPINUSDT,2025-01-17,e2526,105609,short,1,0.1913437995102982,0.00298355,0.1898273495102982,0.1853273495102982,17,pump_le0,tdec_ge70,fund_flat,crowd_ge5,btc_up,-0.2331989618421778,1.1629841117101047,0.0001,0.0731072265332231
PIPPINUSDT,2025-01-17,e2526,105609,long,1,-0.1913437995102982,-0.00298355,-0.1988273495102982,-0.2033273495102982,17,pump_le0,tdec_ge70,fund_flat,crowd_ge5,btc_up,-0.2331989618421778,1.1629841117101047,0.0001,0.0731072265332231
PIPPINUSDT,2025-01-17,e2526,105609,short,2,-0.28228845495032556,0.00198616,-0.28480229495032555,-0.28930229495032556,14,pump_le0,tdec_ge70,fund_pos,crowd_ge5,btc_up,-0.2331989618421778,0.9369337566895232,0.00079739,0.036349203588887935
PIPPINUSDT,2025-01-17,e2526,105609,long,2,0.28228845495032556,-0.00198616,0.27580229495032554,0.27130229495032554,14,pump_le0,tdec_ge70,fund_pos,crowd_ge5,btc_up,-0.2331989618421778,0.9369337566895232,0.00079739,0.036349203588887935
PIRATEUSDT,2024-07-22,e2324,105584,short,1,0.22490432734765978,0.0008846,0.2212889273476598,0.21678892734765978,17,pump_0_25,tdec_lt30,fund_flat,crowd_ge5,btc_up,0.015242080095636545,0.19810058012930093,0.0001,0.04340304432264075
PIRATEUSDT,2024-07-22,e2324,105584,long,1,-0.22490432734765978,-0.0008846,-0.2302889273476598,-0.2347889273476598,17,pump_0_25,tdec_lt30,fund_flat,crowd_ge5,btc_up,0.015242080095636545,0.19810058012930093,0.0001,0.04340304432264075
PIRATEUSDT,2024-07-22,e2324,105584,short,2,0.23236151603498553,0.0014,0.22926151603498554,0.22476151603498554,14,pump_0_25,tdec_lt30,fund_flat,crowd_ge5,btc_up,0.015242080095636545,0.06371972223270754,-0.0002091,0.08476179570540232
PIRATEUSDT,2024-07-22,e2324,105584,long,2,-0.23236151603498553,-0.0014,-0.23826151603498555,-0.24276151603498555,14,pump_0_25,tdec_lt30,fund_flat,crowd_ge5,btc_up,0.015242080095636545,0.06371972223270754,-0.0002091,0.08476179570540232
PIXELUSDT,2024-02-20,e2324,105562,short,1,-0.08222607356056244,0.01482866,-0.07189741356056245,-0.07639741356056244,17,pump_le0,tdec_30_70,fund_pos,crowd_24,btc_up,-0.09765421372719374,0.35260331900740033,0.00125107,0.311327551296408
PIXELUSDT,2024-02-20,e2324,105562,long,1,0.08222607356056244,-0.01482866,0.06289741356056244,0.058397413560562446,17,pump_le0,tdec_30_70,fund_pos,crowd_24,btc_up,-0.09765421372719374,0.35260331900740033,0.00125107,0.311327551296408
PIXELUSDT,2024-02-20,e2324,105562,short,2,-0.07108824089956164,0.01152485,-0.06406339089956165,-0.06856339089956164,14,pump_le0,tdec_30_70,fund_pos,crowd_24,btc_up,-0.09765421372719374,0.5112369000994694,0.00141451,0.28582885757178556
PIXELUSDT,2024-02-20,e2324,105562,long,2,0.07108824089956164,-0.01152485,0.055063390899561644,0.05056339089956164,14,pump_le0,tdec_30_70,fund_pos,crowd_24,btc_up,-0.09765421372719374,0.5112369000994694,0.00141451,0.28582885757178556
PIXFIUSDT,2024-08-08,e2324,105586,short,1,0.40555280118988596,0.00135104,0.402403841189886,0.397903841189886,17,pump_0_25,tdec_30_70,fund_flat,crowd_24,btc_up,0.013058764439979997,0.3776238846517186,0.0001,0.053732382896291675
PIXFIUSDT,2024-08-08,e2324,105586,long,1,-0.40555280118988596,-0.00135104,-0.411403841189886,-0.415903841189886,17,pump_0_25,tdec_30_70,fund_flat,crowd_24,btc_up,0.013058764439979997,0.3776238846517186,0.0001,0.053732382896291675
PIXFIUSDT,2024-08-08,e2324,105586,short,2,0.3577932512051419,0.00119646,0.3544897112051419,0.3499897112051419,14,pump_0_25,tdec_lt30,fund_flat,crowd_24,btc_up,0.013058764439979997,0.16198684880354453,0.0001,0.06249291161901227
PIXFIUSDT,2024-08-08,e2324,105586,long,2,-0.3577932512051419,-0.00119646,-0.3634897112051419,-0.3679897112051419,14,pump_0_25,tdec_lt30,fund_flat,crowd_24,btc_up,0.013058764439979997,0.16198684880354453,0.0001,0.06249291161901227
PLAYSOUTUSDT,2026-01-20,e2526,105662,short,1,0.06155827430779128,-0.00188276,0.05517551430779129,0.05067551430779128,35,pump_le0,tdec_30_70,fund_flat,crowd_24,btc_up,-0.036480952971832736,0.40240356775684083,0.0001,0.009390561796738028
PLAYSOUTUSDT,2026-01-20,e2526,105662,long,1,-0.06155827430779128,0.00188276,-0.06417551430779128,-0.06867551430779129,35,pump_le0,tdec_30_70,fund_flat,crowd_24,btc_up,-0.036480952971832736,0.40240356775684083,0.0001,0.009390561796738028
PLAYSOUTUSDT,2026-01-20,e2526,105662,short,2,0.011798209926769674,-0.0015957200000000001,0.005702489926769674,0.0012024899267696742,29,pump_le0,tdec_lt30,fund_flat,crowd_24,btc_up,-0.036480952971832736,0.258910882076246,0.0001,0.02364599057682626
PLAYSOUTUSDT,2026-01-20,e2526,105662,long,2,-0.011798209926769674,0.0015957200000000001,-0.014702489926769674,-0.01920248992676967,29,pump_le0,tdec_lt30,fund_flat,crowd_24,btc_up,-0.036480952971832736,0.258910882076246,0.0001,0.02364599057682626
PLTRUSDT,2026-04-29,e2526,105676,short,1,0.05311614730878187,0.00825904,0.056875187308781876,0.05237518730878187,17,pump_0_25,tdec_ge70,fund_flat,crowd_ge5,btc_up,0.0004959965988804438,2.179862639136606,0.0,0.11805183120715768
PLTRUSDT,2026-04-29,e2526,105676,long,1,-0.05311614730878187,-0.00825904,-0.06587518730878188,-0.07037518730878187,17,pump_0_25,tdec_ge70,fund_flat,crowd_ge5,btc_up,0.0004959965988804438,2.179862639136606,0.0,0.11805183120715768
PLTRUSDT,2026-04-29,e2526,105676,short,2,0.07506053268765148,0.00825904,0.07881957268765147,0.07431957268765148,14,pump_0_25,tdec_ge70,fund_flat,crowd_ge5,btc_up,0.0004959965988804438,1.1787684163212337,0.0,0.14839027112769143
PLTRUSDT,2026-04-29,e2526,105676,long,2,-0.07506053268765148,-0.00825904,-0.08781957268765148,-0.09231957268765147,14,pump_0_25,tdec_ge70,fund_flat,crowd_ge5,btc_up,0.0004959965988804438,1.1787684163212337,0.0,0.14839027112769143
PLUMEUSDT,2025-01-24,e2526,105610,short,1,-0.20387390808963163,-0.00576712,-0.21414102808963162,-0.21864102808963162,35,pump_le0,tdec_ge70,fund_flat,crowd_ge5,btc_up,-0.004160363086233132,0.8048782601012655,0.0001,0.09364842620676983
PLUMEUSDT,2025-01-24,e2526,105610,long,1,0.20387390808963163,0.00576712,0.2051410280896316,0.2006410280896316,35,pump_le0,tdec_ge70,fund_flat,crowd_ge5,btc_up,-0.004160363086233132,0.8048782601012655,0.0001,0.09364842620676983
PLUMEUSDT,2025-01-24,e2526,105610,short,2,-0.3231758223409584,-0.00606712,-0.33374294234095836,-0.33824294234095836,29,pump_le0,tdec_30_70,fund_flat,crowd_ge5,btc_up,-0.004160363086233132,0.5408653102945199,0.0001,0.08809137303582992
PLUMEUSDT,2025-01-24,e2526,105610,long,2,0.3231758223409584,0.00606712,0.32474294234095835,0.32024294234095835,29,pump_le0,tdec_30_70,fund_flat,crowd_ge5,btc_up,-0.004160363086233132,0.5408653102945199,0.0001,0.08809137303582992
PNUTUSDT,2024-11-11,e2324,105600,short,1,-2.6150892252089455,0.01167656,-2.6079126652089455,-2.612412665208945,17,pump_0_25,tdec_ge70,fund_pos,crowd_24,btc_up,0.16224730900498807,0.704603477488802,0.00064096,0.399901652962267
PNUTUSDT,2024-11-11,e2324,105600,long,1,2.6150892252089455,-0.01167656,2.598912665208945,2.5944126652089454,17,pump_0_25,tdec_ge70,fund_pos,crowd_24,btc_up,0.16224730900498807,0.704603477488802,0.00064096,0.399901652962267
PNUTUSDT,2024-11-11,e2324,105600,short,2,0.054639966920668685,0.00990623,0.06004619692066868,0.05554619692066868,14,pump_0_25,tdec_ge70,fund_flat,crowd_24,btc_up,0.16224730900498807,7.553582567279515,0.00037769,0.3682061619156143
PNUTUSDT,2024-11-11,e2324,105600,long,2,-0.054639966920668685,-0.00990623,-0.06904619692066868,-0.07354619692066867,14,pump_0_25,tdec_ge70,fund_flat,crowd_24,btc_up,0.16224730900498807,7.553582567279515,0.00037769,0.3682061619156143
POLUSDT,2024-09-05,e2324,105590,short,1,-0.03413435281267055,0.0017000000000000001,-0.036934352812670546,-0.04143435281267055,17,pump_le0,tdec_30_70,fund_flat,crowd_24,btc_down,-0.025545502927088903,0.5573579614224822,0.0001,-0.021330260662862144
POLUSDT,2024-09-05,e2324,105590,long,1,0.03413435281267055,-0.0017000000000000001,0.027934352812670548,0.023434352812670547,17,pump_le0,tdec_30_70,fund_flat,crowd_24,btc_down,-0.025545502927088903,0.5573579614224822,0.0001,-0.021330260662862144
POLUSDT,2024-09-05,e2324,105590,short,2,-0.023513513513513475,0.0014,-0.026613513513513477,-0.031113513513513477,14,pump_le0,tdec_lt30,fund_flat,crowd_24,btc_down,-0.025545502927088903,0.18320726859458478,0.0001,-0.12211246274537779
POLUSDT,2024-09-05,e2324,105590,long,2,0.023513513513513475,-0.0014,0.017613513513513476,0.013113513513513477,14,pump_le0,tdec_lt30,fund_flat,crowd_24,btc_down,-0.025545502927088903,0.18320726859458478,0.0001,-0.12211246274537779
POLYXUSDT,2023-10-24,e2324,105545,short,1,-0.1717123935666982,-0.03386235,-0.2100747435666982,-0.2145747435666982,17,pump_le0,tdec_ge70,fund_flat,crowd_24,btc_up,-0.08643042350907515,2.4872550849474817,-0.00024374,0.31260104612458384
POLYXUSDT,2023-10-24,e2324,105545,long,1,0.1717123935666982,0.03386235,0.2010747435666982,0.19657474356669818,17,pump_le0,tdec_ge70,fund_flat,crowd_24,btc_up,-0.08643042350907515,2.4872550849474817,-0.00024374,0.31260104612458384
POLYXUSDT,2023-10-24,e2324,105545,short,2,0.05530129672006097,-0.034249339999999996,0.016551956720060972,0.012051956720060973,14,pump_le0,tdec_ge70,fund_pos,crowd_24,btc_up,-0.08643042350907515,1.1395751069836584,0.000764,0.3036814029625219
POLYXUSDT,2023-10-24,e2324,105545,long,2,-0.05530129672006097,0.034249339999999996,-0.025551956720060973,-0.030051956720060974,14,pump_le0,tdec_ge70,fund_pos,crowd_24,btc_up,-0.08643042350907515,1.1395751069836584,0.000764,0.3036814029625219
PONKEUSDT,2024-06-07,e2324,105577,short,1,0.014428360966255896,0.0017235100000000001,0.011651870966255896,0.007151870966255898,17,pump_0_25,tdec_30_70,fund_flat,crowd_ge5,btc_up,0.059460396898149304,0.40313415416150084,0.0001,0.09979297380047747
PONKEUSDT,2024-06-07,e2324,105577,long,1,-0.014428360966255896,-0.0017235100000000001,-0.020651870966255897,-0.025151870966255895,17,pump_0_25,tdec_30_70,fund_flat,crowd_ge5,btc_up,0.059460396898149304,0.40313415416150084,0.0001,0.09979297380047747
PONKEUSDT,2024-06-07,e2324,105577,short,2,0.1112001518378709,0.00142351,0.1081236618378709,0.1036236618378709,14,pump_0_25,tdec_lt30,fund_flat,crowd_ge5,btc_up,0.059460396898149304,0.22607672197270295,0.0001,0.1456379515406545
PONKEUSDT,2024-06-07,e2324,105577,long,2,-0.1112001518378709,-0.00142351,-0.1171236618378709,-0.12162366183787089,14,pump_0_25,tdec_lt30,fund_flat,crowd_ge5,btc_up,0.059460396898149304,0.22607672197270295,0.0001,0.1456379515406545
POPCATUSDT,2024-03-28,e2324,105567,short,1,0.21846153846153848,0.02400932,0.23797085846153848,0.23347085846153848,17,pump_0_25,tdec_30_70,fund_pos,crowd_24,btc_up,0.01689612015018782,0.3980474270911976,0.0016847,0.11867179010340223
POPCATUSDT,2024-03-28,e2324,105567,long,1,-0.21846153846153848,-0.02400932,-0.2469708584615385,-0.2514708584615385,17,pump_0_25,tdec_30_70,fund_pos,crowd_24,btc_up,0.01689612015018782,0.3980474270911976,0.0016847,0.11867179010340223
POPCATUSDT,2024-03-28,e2324,105567,short,2,0.054003724394785894,0.01609293,0.06559665439478589,0.06109665439478589,14,pump_0_25,tdec_30_70,fund_pos,crowd_24,btc_up,0.01689612015018782,0.5767674443264955,0.00314842,0.1381829592982491
POPCATUSDT,2024-03-28,e2324,105567,long,2,-0.054003724394785894,-0.01609293,-0.0745966543947859,-0.07909665439478589,14,pump_0_25,tdec_30_70,fund_pos,crowd_24,btc_up,0.01689612015018782,0.5767674443264955,0.00314842,0.1381829592982491
PORTALUSDT,2024-03-01,e2324,105563,short,1,-0.028835489833641304,0.01981071,-0.013524779833641306,-0.018024779833641306,17,pump_le0,tdec_30_70,fund_pos,crowd_01,btc_up,-0.08028390496833693,0.5462405223648584,0.00175417,0.440995620532874
PORTALUSDT,2024-03-01,e2324,105563,long,1,0.028835489833641304,-0.01981071,0.004524779833641306,0.000024779833641306107,17,pump_le0,tdec_30_70,fund_pos,crowd_01,btc_up,-0.08028390496833693,0.5462405223648584,0.00175417,0.440995620532874
PORTALUSDT,2024-03-01,e2324,105563,short,2,0.06248947279770932,0.01521635,0.07320582279770932,0.06870582279770933,14,pump_le0,tdec_30_70,fund_pos,crowd_01,btc_up,-0.08028390496833693,0.6392168490265503,0.00178312,0.46322093839237954
PORTALUSDT,2024-03-01,e2324,105563,long,2,-0.06248947279770932,-0.01521635,-0.08220582279770933,-0.08670582279770932,14,pump_le0,tdec_30_70,fund_pos,crowd_01,btc_up,-0.08028390496833693,0.6392168490265503,0.00178312,0.46322093839237954
POWERUSDT,2025-12-29,e2526,105659,short,1,0.2227854211923727,0.0022087200000000004,0.2204941411923727,0.2159941411923727,35,pump_0_25,tdec_30_70,fund_flat,crowd_01,btc_down,0.004850836769342726,0.43061835404353005,0.0001,-0.020491957576576403
POWERUSDT,2025-12-29,e2526,105659,long,1,-0.2227854211923727,-0.0022087200000000004,-0.2294941411923727,-0.23399414119237272,35,pump_0_25,tdec_30_70,fund_flat,crowd_01,btc_down,0.004850836769342726,0.43061835404353005,0.0001,-0.020491957576576403
POWERUSDT,2025-12-29,e2526,105659,short,2,0.26601322087987234,0.00210886,0.2636220808798723,0.2591220808798723,29,pump_0_25,tdec_30_70,fund_flat,crowd_01,btc_up,0.004850836769342726,0.5653109344820594,0.0001,0.01566252068257401
POWERUSDT,2025-12-29,e2526,105659,long,2,-0.26601322087987234,-0.00210886,-0.27262208087987233,-0.27712208087987233,29,pump_0_25,tdec_30_70,fund_flat,crowd_01,btc_up,0.004850836769342726,0.5653109344820594,0.0001,0.01566252068257401
POWRUSDT,2023-10-24,e2324,105545,short,1,0.34522151016996383,-0.0022599,0.33846161016996384,0.33396161016996384,17,pump_25_100,tdec_ge70,fund_flat,crowd_24,btc_up,0.3112897332846183,2.5940182891574075,0.0001,0.31260104612458384
POWRUSDT,2023-10-24,e2324,105545,long,1,-0.34522151016996383,0.0022599,-0.34746161016996385,-0.35196161016996386,17,pump_25_100,tdec_ge70,fund_flat,crowd_24,btc_up,0.3112897332846183,2.5940182891574075,0.0001,0.31260104612458384
POWRUSDT,2023-10-24,e2324,105545,short,2,0.08950019372336307,-0.00021286,0.08478733372336307,0.08028733372336308,14,pump_25_100,tdec_ge70,fund_neg,crowd_24,btc_up,0.3112897332846183,3.010473485109497,-0.00162412,0.3036814029625219
POWRUSDT,2023-10-24,e2324,105545,long,2,-0.08950019372336307,0.00021286,-0.09378733372336308,-0.09828733372336307,14,pump_25_100,tdec_ge70,fund_neg,crowd_24,btc_up,0.3112897332846183,3.010473485109497,-0.00162412,0.3036814029625219
PRAIUSDT,2025-05-19,e2526,105627,short,1,0.1167141618139016,0.00175,0.1139641618139016,0.1094641618139016,35,pump_0_25,tdec_lt30,fund_flat,crowd_24,btc_up,0.0018619662363454914,0.2751367003125678,0.0001,0.2544197873052598
PRAIUSDT,2025-05-19,e2526,105627,long,1,-0.1167141618139016,-0.00175,-0.1229641618139016,-0.1274641618139016,35,pump_0_25,tdec_lt30,fund_flat,crowd_24,btc_up,0.0018619662363454914,0.2751367003125678,0.0001,0.2544197873052598
PRAIUSDT,2025-05-19,e2526,105627,short,2,0.09793749209161073,0.0014500000000000001,0.09488749209161074,0.09038749209161075,29,pump_0_25,tdec_lt30,fund_flat,crowd_24,btc_up,0.0018619662363454914,0.13969210208491809,0.0001,0.25308473312899915
PRAIUSDT,2025-05-19,e2526,105627,long,2,-0.09793749209161073,-0.0014500000000000001,-0.10388749209161074,-0.10838749209161073,29,pump_0_25,tdec_lt30,fund_flat,crowd_24,btc_up,0.0018619662363454914,0.13969210208491809,0.0001,0.25308473312899915
PRCLUSDT,2024-07-17,e2324,105583,short,1,0.17399691358024683,0.00114522,0.17064213358024682,0.16614213358024682,17,pump_le0,tdec_lt30,fund_flat,crowd_24,btc_down,-0.0026933435936900008,0.2502316254865929,0.0001,-0.018108417182810976
PRCLUSDT,2024-07-17,e2324,105583,long,1,-0.17399691358024683,-0.00114522,-0.17964213358024683,-0.18414213358024684,17,pump_le0,tdec_lt30,fund_flat,crowd_24,btc_down,-0.0026933435936900008,0.2502316254865929,0.0001,-0.018108417182810976
PRCLUSDT,2024-07-17,e2324,105583,short,2,0.1796934865900383,0.00084522,0.1760387065900383,0.1715387065900383,14,pump_le0,tdec_lt30,fund_flat,crowd_24,btc_up,-0.0026933435936900008,0.13457191164913912,0.0001,0.02605011995651374
PRCLUSDT,2024-07-17,e2324,105583,long,2,-0.1796934865900383,-0.00084522,-0.18503870659003832,-0.18953870659003832,14,pump_le0,tdec_lt30,fund_flat,crowd_24,btc_up,-0.0026933435936900008,0.13457191164913912,0.0001,0.02605011995651374
PRIMEUSDT,2024-09-30,e2324,105594,short,1,0.1102711896437683,0.0017000000000000001,0.10747118964376828,0.1029711896437683,17,pump_0_25,tdec_ge70,fund_flat,crowd_24,btc_up,0.022413293401603696,1.5822649718272048,0.0001,0.061535533238687545
PRIMEUSDT,2024-09-30,e2324,105594,long,1,-0.1102711896437683,-0.0017000000000000001,-0.11647118964376829,-0.12097118964376828,17,pump_0_25,tdec_ge70,fund_flat,crowd_24,btc_up,0.022413293401603696,1.5822649718272048,0.0001,0.061535533238687545
PRIMEUSDT,2024-09-30,e2324,105594,short,2,0.06956521739130424,0.0014,0.06646521739130423,0.061965217391304235,14,pump_0_25,tdec_30_70,fund_flat,crowd_24,btc_up,0.022413293401603696,0.4432208001997832,0.0001,0.025387073365055857
PRIMEUSDT,2024-09-30,e2324,105594,long,2,-0.06956521739130424,-0.0014,-0.07546521739130424,-0.07996521739130423,14,pump_0_25,tdec_30_70,fund_flat,crowd_24,btc_up,0.022413293401603696,0.4432208001997832,0.0001,0.025387073365055857
PRLUSDT,2026-03-27,e2526,105671,short,1,0.17542857142857132,-0.01070364,0.1602249314285713,0.1557249314285713,35,pump_le0,tdec_ge70,fund_flat,crowd_24,btc_down,-0.040043883708173356,1.150291138066615,0.0001,-0.016340116386819425
PRLUSDT,2026-03-27,e2526,105671,long,1,-0.17542857142857132,0.01070364,-0.1692249314285713,-0.17372493142857132,35,pump_le0,tdec_ge70,fund_flat,crowd_24,btc_down,-0.040043883708173356,1.150291138066615,0.0001,-0.016340116386819425
PRLUSDT,2026-03-27,e2526,105671,short,2,0.22998932764140873,-0.010667379999999999,0.21482194764140872,0.2103219476414087,29,pump_le0,tdec_ge70,fund_neg,crowd_24,btc_up,-0.040043883708173356,2.174265742704145,-0.00057252,0.002389364668997862
PRLUSDT,2026-03-27,e2526,105671,long,2,-0.22998932764140873,0.010667379999999999,-0.22382194764140873,-0.22832194764140873,29,pump_le0,tdec_ge70,fund_neg,crowd_24,btc_up,-0.040043883708173356,2.174265742704145,-0.00057252,0.002389364668997862
PROMPTUSDT,2025-04-10,e2526,105621,short,1,0.35782747603833864,-0.031023389999999998,0.32230408603833866,0.31780408603833865,35,pump_gt100,tdec_ge70,fund_neg,crowd_01,btc_down,1.2298251915708813,2.262304954045282,-0.00075912,-0.003193070165056877
PROMPTUSDT,2025-04-10,e2526,105621,long,1,-0.35782747603833864,0.031023389999999998,-0.33130408603833866,-0.33580408603833867,35,pump_gt100,tdec_ge70,fund_neg,crowd_01,btc_down,1.2298251915708813,2.262304954045282,-0.00075912,-0.003193070165056877
PROMPTUSDT,2025-04-10,e2526,105621,short,2,0.5010013768932281,-0.00564408,0.4908572968932281,0.4863572968932281,29,pump_gt100,tdec_ge70,fund_neg,crowd_01,btc_up,1.2298251915708813,3.616257835289214,-0.00170404,0.05138746526248772
PROMPTUSDT,2025-04-10,e2526,105621,long,2,-0.5010013768932281,0.00564408,-0.4998572968932281,-0.5043572968932281,29,pump_gt100,tdec_ge70,fund_neg,crowd_01,btc_up,1.2298251915708813,3.616257835289214,-0.00170404,0.05138746526248772
PROMUSDT,2023-09-05,e2324,105538,short,1,0.06629318394024278,0.0017000000000000001,0.06349318394024278,0.058993183940242784,17,pump_0_25,tdec_30_70,fund_flat,crowd_24,btc_down,0.01959114139693341,0.3424761627406311,0.0001,-0.11816780821917805
PROMUSDT,2023-09-05,e2324,105538,long,1,-0.06629318394024278,-0.0017000000000000001,-0.07249318394024279,-0.07699318394024278,17,pump_0_25,tdec_30_70,fund_flat,crowd_24,btc_down,0.01959114139693341,0.3424761627406311,0.0001,-0.11816780821917805
PROMUSDT,2023-09-05,e2324,105538,short,2,0.05775000619901309,0.0014,0.05465000619901309,0.05015000619901309,14,pump_0_25,tdec_lt30,fund_flat,crowd_24,btc_down,0.01959114139693341,0.19809899950791066,0.0001,-0.11795961028529556
PROMUSDT,2023-09-05,e2324,105538,long,2,-0.05775000619901309,-0.0014,-0.06365000619901309,-0.06815000619901308,14,pump_0_25,tdec_lt30,fund_flat,crowd_24,btc_down,0.01959114139693341,0.19809899950791066,0.0001,-0.11795961028529556
PROSUSDT,2024-11-15,e2324,105600,short,1,0.01087394281111558,0.00200349,0.008377432811115582,0.003877432811115581,17,pump_le0,tdec_30_70,fund_flat,crowd_ge5,btc_up,-0.18563463430632987,0.3938925870285266,0.0001,0.34478204610745755
PROSUSDT,2024-11-15,e2324,105600,long,1,-0.01087394281111558,-0.00200349,-0.01737743281111558,-0.02187743281111558,17,pump_le0,tdec_30_70,fund_flat,crowd_ge5,btc_up,-0.18563463430632987,0.3938925870285266,0.0001,0.34478204610745755
PROSUSDT,2024-11-15,e2324,105600,short,2,-0.01208791208791213,0.00170349,-0.01488442208791213,-0.019384422087912127,14,pump_le0,tdec_lt30,fund_flat,crowd_ge5,btc_up,-0.18563463430632987,0.23786128129850043,0.0001,0.314281370244319
PROSUSDT,2024-11-15,e2324,105600,long,2,0.01208791208791213,-0.00170349,0.00588442208791213,0.0013844220879121304,14,pump_le0,tdec_lt30,fund_flat,crowd_ge5,btc_up,-0.18563463430632987,0.23786128129850043,0.0001,0.314281370244319
PROVEUSDT,2025-08-05,e2526,105638,short,1,-0.4000366166239473,-0.00347796,-0.4080145766239473,-0.4125145766239473,35,pump_25_100,tdec_ge70,fund_neg,crowd_24,btc_up,0.8396766588076794,1.78989143633885,-0.0008527,0.06231977818853984
PROVEUSDT,2025-08-05,e2526,105638,long,1,0.4000366166239473,0.00347796,0.3990145766239473,0.3945145766239473,35,pump_25_100,tdec_ge70,fund_neg,crowd_24,btc_up,0.8396766588076794,1.78989143633885,-0.0008527,0.06231977818853984
PROVEUSDT,2025-08-05,e2526,105638,short,2,-0.5289413176047187,0.0001509500000000001,-0.5332903676047187,-0.5377903676047188,29,pump_25_100,tdec_30_70,fund_neg,crowd_24,btc_up,0.8396766588076794,0.41651760878941296,-0.00052168,0.07823155180062069
PROVEUSDT,2025-08-05,e2526,105638,long,2,0.5289413176047187,-0.0001509500000000001,0.5242903676047188,0.5197903676047188,29,pump_25_100,tdec_30_70,fund_neg,crowd_24,btc_up,0.8396766588076794,0.41651760878941296,-0.00052168,0.07823155180062069
PTBUSDT,2025-09-03,e2526,105642,short,1,-0.10658914728682169,-0.0623649,-0.17345404728682168,-0.17795404728682168,35,pump_25_100,tdec_ge70,fund_neg,crowd_ge5,btc_down,0.2594142259414225,2.116686639525862,-0.00410382,-0.029752032791138916
PTBUSDT,2025-09-03,e2526,105642,long,1,0.10658914728682169,0.0623649,0.16445404728682167,0.15995404728682167,35,pump_25_100,tdec_ge70,fund_neg,crowd_ge5,btc_down,0.2594142259414225,2.116686639525862,-0.00410382,-0.029752032791138916
PTBUSDT,2025-09-03,e2526,105642,short,2,0.21194794952681392,-0.03149913,0.1759488195268139,0.1714488195268139,29,pump_25_100,tdec_ge70,fund_neg,crowd_ge5,btc_down,0.2594142259414225,7.254477275556888,-0.01089478,-0.037582975909798755
PTBUSDT,2025-09-03,e2526,105642,long,2,-0.21194794952681392,0.03149913,-0.1849488195268139,-0.18944881952681392,29,pump_25_100,tdec_ge70,fund_neg,crowd_ge5,btc_down,0.2594142259414225,7.254477275556888,-0.01089478,-0.037582975909798755
PUFFERUSDT,2024-10-14,e2324,105596,short,1,0.36500956022944553,-0.02616597,0.33434359022944554,0.32984359022944554,17,pump_25_100,tdec_ge70,fund_neg,crowd_24,btc_up,0.7041381557510591,0.8853114479521935,-0.00489897,0.1346199400350585
PUFFERUSDT,2024-10-14,e2324,105596,long,1,-0.36500956022944553,0.02616597,-0.34334359022944555,-0.34784359022944555,17,pump_25_100,tdec_ge70,fund_neg,crowd_24,btc_up,0.7041381557510591,0.8853114479521935,-0.00489897,0.1346199400350585
PUFFERUSDT,2024-10-14,e2324,105596,short,2,0.3075479566305255,-0.01656029,0.2864876666305255,0.2819876666305255,14,pump_25_100,tdec_lt30,fund_neg,crowd_24,btc_up,0.7041381557510591,0.18735322794069414,-0.00347677,0.16172724929105442
PUFFERUSDT,2024-10-14,e2324,105596,long,2,-0.3075479566305255,0.01656029,-0.2954876666305255,-0.2999876666305255,14,pump_25_100,tdec_lt30,fund_neg,crowd_24,btc_up,0.7041381557510591,0.18735322794069414,-0.00347677,0.16172724929105442
PUMPFUNUSDT,2025-07-10,e2526,105634,short,1,0.07959641255605385,0.01158647,0.08668288255605384,0.08218288255605385,35,pump_le0,tdec_30_70,fund_flat,crowd_ge5,btc_up,-0.005204460966542812,0.5486725235256795,0.0001,0.08192256592558222
PUMPFUNUSDT,2025-07-10,e2526,105634,long,1,-0.07959641255605385,-0.01158647,-0.09568288255605385,-0.10018288255605384,35,pump_le0,tdec_30_70,fund_flat,crowd_ge5,btc_up,-0.005204460966542812,0.5486725235256795,0.0001,0.08192256592558222
PUMPFUNUSDT,2025-07-10,e2526,105634,short,2,0.2926479035037335,0.01128647,0.2994343735037335,0.29493437350373347,29,pump_le0,tdec_ge70,fund_flat,crowd_ge5,btc_up,-0.005204460966542812,3.7352507296040884,0.0001,0.11144791379618924
PUMPFUNUSDT,2025-07-10,e2526,105634,long,2,-0.2926479035037335,-0.01128647,-0.3084343735037335,-0.3129343735037335,29,pump_le0,tdec_ge70,fund_flat,crowd_ge5,btc_up,-0.005204460966542812,3.7352507296040884,0.0001,0.11144791379618924
PUMPUSDT,2025-04-11,e2526,105621,short,1,-0.33018092105263164,0.0017320200000000001,-0.33294890105263164,-0.33744890105263164,35,pump_gt100,tdec_ge70,fund_flat,crowd_24,btc_up,1.5850340136054424,7.059963728953798,0.0001,0.05138746526248772
PUMPUSDT,2025-04-11,e2526,105621,long,1,0.33018092105263164,-0.0017320200000000001,0.32394890105263163,0.31944890105263163,35,pump_gt100,tdec_ge70,fund_flat,crowd_24,btc_up,1.5850340136054424,7.059963728953798,0.0001,0.05138746526248772
PUMPUSDT,2025-04-11,e2526,105621,short,2,-0.5754358624719977,0.00143202,-0.5785038424719977,-0.5830038424719978,29,pump_gt100,tdec_ge70,fund_flat,crowd_24,btc_down,1.5850340136054424,5.717087763143654,0.0001,-0.0027576496486527713
PUMPUSDT,2025-04-11,e2526,105621,long,2,0.5754358624719977,-0.00143202,0.5695038424719978,0.5650038424719978,29,pump_gt100,tdec_ge70,fund_flat,crowd_24,btc_down,1.5850340136054424,5.717087763143654,0.0001,-0.0027576496486527713
PUNDIXUSDT,2025-04-30,e2526,105624,short,1,-0.015491329479768749,-0.04382475,-0.06381607947976875,-0.06831607947976875,35,pump_le0,tdec_ge70,fund_neg,crowd_ge5,btc_up,-0.17993932499051946,1.0182806296847624,-0.0013361,0.1327420842118865
PUNDIXUSDT,2025-04-30,e2526,105624,long,1,0.015491329479768749,0.04382475,0.054816079479768756,0.05031607947976875,35,pump_le0,tdec_ge70,fund_neg,crowd_ge5,btc_up,-0.17993932499051946,1.0182806296847624,-0.0013361,0.1327420842118865
PUNDIXUSDT,2025-04-30,e2526,105624,short,2,0.25685279187817256,-0.03629414,0.21605865187817255,0.21155865187817255,29,pump_le0,tdec_ge70,fund_neg,crowd_ge5,btc_up,-0.17993932499051946,4.612460677687814,-0.00085132,0.17419341539334599
PUNDIXUSDT,2025-04-30,e2526,105624,long,2,-0.25685279187817256,0.03629414,-0.22505865187817256,-0.22955865187817256,29,pump_le0,tdec_ge70,fund_neg,crowd_ge5,btc_up,-0.17993932499051946,4.612460677687814,-0.00085132,0.17419341539334599
PUNDUUSDT,2024-03-28,e2324,105567,short,1,0.3805732484076433,0.01489356,0.39096680840764325,0.38646680840764325,17,pump_le0,tdec_30_70,fund_pos,crowd_24,btc_up,-0.07031828275351593,0.3570858211316122,0.00124001,0.11867179010340223
PUNDUUSDT,2024-03-28,e2324,105567,long,1,-0.3805732484076433,-0.01489356,-0.39996680840764326,-0.40446680840764326,17,pump_le0,tdec_30_70,fund_pos,crowd_24,btc_up,-0.07031828275351593,0.3570858211316122,0.00124001,0.11867179010340223
PUNDUUSDT,2024-03-28,e2324,105567,short,2,0.3518467092474313,0.00967456,0.35702126924743127,0.35252126924743127,14,pump_le0,tdec_lt30,fund_pos,crowd_24,btc_up,-0.07031828275351593,0.2077489100375953,0.00153835,0.1381829592982491
PUNDUUSDT,2024-03-28,e2324,105567,long,2,-0.3518467092474313,-0.00967456,-0.3660212692474313,-0.3705212692474313,14,pump_le0,tdec_lt30,fund_pos,crowd_24,btc_up,-0.07031828275351593,0.2077489100375953,0.00153835,0.1381829592982491
PYRUSDT,2024-10-07,e2324,105595,short,1,-0.06245210727969359,0.0017000000000000001,-0.06525210727969359,-0.06975210727969358,17,pump_le0,tdec_30_70,fund_flat,crowd_24,btc_up,-0.05297532656023218,0.3711765887939169,0.0001,0.1325560619872379
PYRUSDT,2024-10-07,e2324,105595,long,1,0.06245210727969359,-0.0017000000000000001,0.05625210727969359,0.051752107279693586,17,pump_le0,tdec_30_70,fund_flat,crowd_24,btc_up,-0.05297532656023218,0.3711765887939169,0.0001,0.1325560619872379
PYRUSDT,2024-10-07,e2324,105595,short,2,-0.0739736638264912,0.0014,-0.07707366382649121,-0.0815736638264912,14,pump_le0,tdec_lt30,fund_flat,crowd_24,btc_up,-0.05297532656023218,0.24041464717716965,0.0001,0.0630225644353628
PYRUSDT,2024-10-07,e2324,105595,long,2,0.0739736638264912,-0.0014,0.0680736638264912,0.06357366382649121,14,pump_le0,tdec_lt30,fund_flat,crowd_24,btc_up,-0.05297532656023218,0.24041464717716965,0.0001,0.0630225644353628
PYTHUSDT,2023-11-21,e2324,105549,short,1,0.003310475289666617,0.00645638,0.005266855289666617,0.0007668552896666174,17,pump_0_25,tdec_ge70,fund_flat,crowd_24,btc_up,0.13408420488066497,2.3213564044438946,0.00021144,0.1308770159158006
PYTHUSDT,2023-11-21,e2324,105549,long,1,-0.003310475289666617,-0.00645638,-0.014266855289666616,-0.018766855289666616,17,pump_0_25,tdec_ge70,fund_flat,crowd_24,btc_up,0.13408420488066497,2.3213564044438946,0.00021144,0.1308770159158006
PYTHUSDT,2023-11-21,e2324,105549,short,2,0.15547986375475858,0.00563517,0.15661503375475858,0.15211503375475857,14,pump_0_25,tdec_ge70,fund_flat,crowd_24,btc_up,0.13408420488066497,3.1479331051793498,0.00031931,0.09906647257468504
PYTHUSDT,2023-11-21,e2324,105549,long,2,-0.15547986375475858,-0.00563517,-0.16561503375475858,-0.1701150337547586,14,pump_0_25,tdec_ge70,fund_flat,crowd_24,btc_up,0.13408420488066497,3.1479331051793498,0.00031931,0.09906647257468504
QCOMUSDT,2026-05-26,e2526,105680,short,1,-0.03183172806979659,0.00198207,-0.03434965806979659,-0.03884965806979659,17,pump_le0,tdec_ge70,fund_flat,crowd_ge5,btc_down,-0.05721149930776126,1.8829618546946911,0.00039103,-0.037713035393068806
QCOMUSDT,2026-05-26,e2526,105680,long,1,0.03183172806979659,-0.00198207,0.02534965806979659,0.020849658069796592,17,pump_le0,tdec_ge70,fund_flat,crowd_ge5,btc_down,-0.05721149930776126,1.8829618546946911,0.00039103,-0.037713035393068806
QCOMUSDT,2026-05-26,e2526,105680,short,2,0.026090501426824318,0.00145759,0.023048091426824315,0.018548091426824315,14,pump_le0,tdec_30_70,fund_flat,crowd_ge5,btc_down,-0.05721149930776126,0.6713893587356756,0.0,-0.035418086500655255
QCOMUSDT,2026-05-26,e2526,105680,long,2,-0.026090501426824318,-0.00145759,-0.03204809142682431,-0.03654809142682432,14,pump_le0,tdec_30_70,fund_flat,crowd_ge5,btc_down,-0.05721149930776126,0.6713893587356756,0.0,-0.035418086500655255
QIUSDT,2023-12-12,e2324,105552,short,1,0.0729984301412873,0.00358751,0.0720859401412873,0.06758594014128731,17,pump_le0,tdec_30_70,fund_flat,crowd_24,btc_up,-0.16595744680851066,0.6253982996098642,0.0001,0.17573427033427258
QIUSDT,2023-12-12,e2324,105552,long,1,-0.0729984301412873,-0.00358751,-0.08108594014128731,-0.0855859401412873,17,pump_le0,tdec_30_70,fund_flat,crowd_24,btc_up,-0.16595744680851066,0.6253982996098642,0.0001,0.17573427033427258
QIUSDT,2023-12-12,e2324,105552,short,2,0.18915207689667013,0.00328751,0.18793958689667012,0.18343958689667011,14,pump_le0,tdec_ge70,fund_flat,crowd_24,btc_up,-0.16595744680851066,0.7255768138381525,0.0001,0.21061289914371284
QIUSDT,2023-12-12,e2324,105552,long,2,-0.18915207689667013,-0.00328751,-0.19693958689667013,-0.20143958689667013,14,pump_le0,tdec_ge70,fund_flat,crowd_24,btc_up,-0.16595744680851066,0.7255768138381525,0.0001,0.21061289914371284
QNTUSDT,2023-06-19,e2324,105527,short,1,-0.06304500350806862,0.0017000000000000001,-0.06584500350806861,-0.07034500350806862,17,pump_le0,tdec_ge70,fund_flat,crowd_01,btc_up,-0.003794308537194313,0.9899718585452552,0.0001,0.05804154213875057
QNTUSDT,2023-06-19,e2324,105527,long,1,0.06304500350806862,-0.0017000000000000001,0.05684500350806862,0.052345003508068616,17,pump_le0,tdec_ge70,fund_flat,crowd_01,btc_up,-0.003794308537194313,0.9899718585452552,0.0001,0.05804154213875057
QNTUSDT,2023-06-19,e2324,105527,short,2,-0.011443829868395984,0.0014,-0.014543829868395985,-0.019043829868395985,14,pump_le0,tdec_ge70,fund_flat,crowd_01,btc_up,-0.003794308537194313,2.0105001426873734,0.0001,0.11742259089909712
QNTUSDT,2023-06-19,e2324,105527,long,2,0.011443829868395984,-0.0014,0.005543829868395985,0.001043829868395985,14,pump_le0,tdec_ge70,fund_flat,crowd_01,btc_up,-0.003794308537194313,2.0105001426873734,0.0001,0.11742259089909712
QNTXUSDT,2026-06-09,e2526,105682,short,1,-0.07095387021110248,0.00368951,-0.0717643602111025,-0.07626436021110249,17,pump_le0,tdec_30_70,fund_flat,crowd_ge5,btc_down,-0.15255921815471263,0.4106975656538079,0.0,-0.24753304169655255
QNTXUSDT,2026-06-09,e2526,105682,long,1,0.07095387021110248,-0.00368951,0.06276436021110249,0.05826436021110249,17,pump_le0,tdec_30_70,fund_flat,crowd_ge5,btc_down,-0.15255921815471263,0.4106975656538079,0.0,-0.24753304169655255
QNTXUSDT,2026-06-09,e2526,105682,short,2,0.034367289390200964,0.00371379,0.03358107939020097,0.029081079390200965,14,pump_le0,tdec_30_70,fund_flat,crowd_ge5,btc_down,-0.15255921815471263,0.44361041737767165,0.0,-0.2095431507411155
QNTXUSDT,2026-06-09,e2526,105682,long,2,-0.034367289390200964,-0.00371379,-0.04258107939020096,-0.04708107939020097,14,pump_le0,tdec_30_70,fund_flat,crowd_ge5,btc_down,-0.15255921815471263,0.44361041737767165,0.0,-0.2095431507411155
QQQUSDT,2026-05-07,e2526,105677,short,1,-0.009406149094482726,0.00079951,-0.013106639094482727,-0.017606639094482728,17,pump_0_25,tdec_30_70,fund_flat,crowd_ge5,btc_up,0.021848594832656554,0.45639946381836605,0.0,0.12845964985387126
QQQUSDT,2026-05-07,e2526,105677,long,1,0.009406149094482726,-0.00079951,0.004106639094482727,-0.00039336090551727286,17,pump_0_25,tdec_30_70,fund_flat,crowd_ge5,btc_up,0.021848594832656554,0.45639946381836605,0.0,0.12845964985387126
QQQUSDT,2026-05-07,e2526,105677,short,2,-0.009066157689392928,0.00077841,-0.012787747689392927,-0.017287747689392927,14,pump_0_25,tdec_lt30,fund_flat,crowd_ge5,btc_up,0.021848594832656554,0.05989695218252522,0.0,0.12365688802174057
QQQUSDT,2026-05-07,e2526,105677,long,2,0.009066157689392928,-0.00077841,0.0037877476893929283,-0.0007122523106070713,14,pump_0_25,tdec_lt30,fund_flat,crowd_ge5,btc_up,0.021848594832656554,0.05989695218252522,0.0,0.12365688802174057
QTUMUSDT,2021-12-13,e2122,105448,short,1,0.02981029810298107,0.0017000000000000001,0.027010298102981074,0.022510298102981073,17,pump_le0,tdec_30_70,fund_flat,crowd_ge5,btc_down,-0.03251179863660203,0.680272116994394,0.0001,-0.2620728069037609
QTUMUSDT,2021-12-13,e2122,105448,long,1,-0.02981029810298107,-0.0017000000000000001,-0.03601029810298107,-0.040510298102981075,17,pump_le0,tdec_30_70,fund_flat,crowd_ge5,btc_down,-0.03251179863660203,0.680272116994394,0.0001,-0.2620728069037609
QTUMUSDT,2021-12-13,e2122,105448,short,2,0.08346134152585778,0.0014,0.08036134152585778,0.07586134152585779,14,pump_le0,tdec_ge70,fund_flat,crowd_ge5,btc_down,-0.03251179863660203,0.82586193791248,0.0001,-0.23274691285336346
QTUMUSDT,2021-12-13,e2122,105448,long,2,-0.08346134152585778,-0.0014,-0.08936134152585778,-0.09386134152585777,14,pump_le0,tdec_ge70,fund_flat,crowd_ge5,btc_down,-0.03251179863660203,0.82586193791248,0.0001,-0.23274691285336346
QUICKUSDT,2024-09-10,e2324,105591,short,1,-0.10233719083276606,-0.01352904,-0.12036623083276607,-0.12486623083276606,17,pump_0_25,tdec_ge70,fund_flat,crowd_24,btc_down,0.0657799274486095,1.49194160556249,-3.68e-6,-0.03381375377005569
QUICKUSDT,2024-09-10,e2324,105591,long,1,0.10233719083276606,0.01352904,0.11136623083276606,0.10686623083276607,17,pump_0_25,tdec_ge70,fund_flat,crowd_24,btc_down,0.0657799274486095,1.49194160556249,-3.68e-6,-0.03381375377005569
QUICKUSDT,2024-09-10,e2324,105591,short,2,-0.09562471808750565,-0.01097619,-0.11110090808750565,-0.11560090808750564,14,pump_0_25,tdec_30_70,fund_neg,crowd_24,btc_down,0.0657799274486095,0.6670862970176508,-0.00173343,-0.040522599523108105
QUICKUSDT,2024-09-10,e2324,105591,long,2,0.09562471808750565,0.01097619,0.10210090808750565,0.09760090808750566,14,pump_0_25,tdec_30_70,fund_neg,crowd_24,btc_down,0.0657799274486095,0.6670862970176508,-0.00173343,-0.040522599523108105
QUSDT,2025-09-12,e2526,105643,short,1,-0.34837081828859795,0.0062632700000000005,-0.34660754828859797,-0.35110754828859797,35,pump_25_100,tdec_ge70,fund_pos,crowd_ge5,btc_down,0.5227212506624273,1.7712495032638347,0.001738,-0.02030019424930718
QUSDT,2025-09-12,e2526,105643,long,1,0.34837081828859795,-0.0062632700000000005,0.33760754828859796,0.33310754828859795,35,pump_25_100,tdec_ge70,fund_pos,crowd_ge5,btc_down,0.5227212506624273,1.7712495032638347,0.001738,-0.02030019424930718
QUSDT,2025-09-12,e2526,105643,short,2,-0.38562296034690874,0.00177856,-0.38834440034690876,-0.39284440034690876,29,pump_25_100,tdec_ge70,fund_flat,crowd_ge5,btc_down,0.5227212506624273,13.7674745595376,0.0001,-0.01761925225612382
QUSDT,2025-09-12,e2526,105643,long,2,0.38562296034690874,-0.00177856,0.37934440034690875,0.37484440034690875,29,pump_25_100,tdec_ge70,fund_flat,crowd_ge5,btc_down,0.5227212506624273,13.7674745595376,0.0001,-0.01761925225612382
RADUSDT,2023-06-08,e2324,105525,short,1,0.055813953488372016,0.0011532900000000002,0.05246724348837202,0.047967243488372016,17,pump_le0,tdec_ge70,fund_flat,crowd_24,btc_down,-0.07626208378088084,1.1572059893090956,0.0001,-0.0402650005620564
RADUSDT,2023-06-08,e2324,105525,long,1,-0.055813953488372016,-0.0011532900000000002,-0.061467243488372014,-0.06596724348837202,17,pump_le0,tdec_ge70,fund_flat,crowd_24,btc_down,-0.07626208378088084,1.1572059893090956,0.0001,-0.0402650005620564
RADUSDT,2023-06-08,e2324,105525,short,2,-0.08338892595063375,0.0009745200000000001,-0.08691440595063375,-0.09141440595063374,14,pump_le0,tdec_ge70,fund_flat,crowd_24,btc_down,-0.07626208378088084,1.1595075113937372,0.0001,-0.041884467132379366
RADUSDT,2023-06-08,e2324,105525,long,2,0.08338892595063375,-0.0009745200000000001,0.07791440595063374,0.07341440595063375,14,pump_le0,tdec_ge70,fund_flat,crowd_24,btc_down,-0.07626208378088084,1.1595075113937372,0.0001,-0.041884467132379366
RAREUSDT,2023-11-27,e2324,105550,short,1,-0.3380614657210401,0.0017000000000000001,-0.34086146572104015,-0.34536146572104015,17,pump_0_25,tdec_ge70,fund_flat,crowd_ge5,btc_up,0.21435406698564607,1.0321445689907232,0.0001,0.0950955240648832
RAREUSDT,2023-11-27,e2324,105550,long,1,0.3380614657210401,-0.0017000000000000001,0.33186146572104014,0.32736146572104013,17,pump_0_25,tdec_ge70,fund_flat,crowd_ge5,btc_up,0.21435406698564607,1.0321445689907232,0.0001,0.0950955240648832
RAREUSDT,2023-11-27,e2324,105550,short,2,-0.4650560828300259,0.0014,-0.4681560828300259,-0.4726560828300259,14,pump_0_25,tdec_ge70,fund_flat,crowd_ge5,btc_up,0.21435406698564607,1.2748869276137818,0.0001,0.0972998353699539
RAREUSDT,2023-11-27,e2324,105550,long,2,0.4650560828300259,-0.0014,0.4591560828300259,0.4546560828300259,14,pump_0_25,tdec_ge70,fund_flat,crowd_ge5,btc_up,0.21435406698564607,1.2748869276137818,0.0001,0.0972998353699539
RAVEUSDT,2025-12-15,e2526,105657,short,1,-0.5433903985804883,-0.00048112999999999997,-0.5483715285804883,-0.5528715285804884,35,pump_le0,tdec_30_70,fund_flat,crowd_24,btc_down,-0.0388466032909075,0.3691509778130222,0.0001,-0.06787177111294374
RAVEUSDT,2025-12-15,e2526,105657,long,1,0.5433903985804883,0.00048112999999999997,0.5393715285804884,0.5348715285804884,35,pump_le0,tdec_30_70,fund_flat,crowd_24,btc_down,-0.0388466032909075,0.3691509778130222,0.0001,-0.06787177111294374
RAVEUSDT,2025-12-15,e2526,105657,short,2,-0.21050461316426997,-0.00033293999999999994,-0.21533755316426997,-0.21983755316426998,29,pump_le0,tdec_30_70,fund_flat,crowd_24,btc_down,-0.0388466032909075,0.6556871839335775,-4.66e-6,-0.06481511618571478
RAVEUSDT,2025-12-15,e2526,105657,long,2,0.21050461316426997,0.00033293999999999994,0.20633755316426997,0.20183755316426996,29,pump_le0,tdec_30_70,fund_flat,crowd_24,btc_down,-0.0388466032909075,0.6556871839335775,-4.66e-6,-0.06481511618571478
RAYDIUMUSDT,2024-06-04,e2324,105577,short,1,0.18979749064494827,0.00197991,0.18727740064494827,0.18277740064494827,17,pump_0_25,tdec_lt30,fund_flat,crowd_ge5,btc_up,0.056450206383349855,0.27690436432197335,0.0001,0.12654613748687638
RAYDIUMUSDT,2024-06-04,e2324,105577,long,1,-0.18979749064494827,-0.00197991,-0.19627740064494828,-0.20077740064494828,17,pump_0_25,tdec_lt30,fund_flat,crowd_ge5,btc_up,0.056450206383349855,0.27690436432197335,0.0001,0.12654613748687638
RAYDIUMUSDT,2024-06-04,e2324,105577,short,2,0.20780199085283835,0.0014,0.20470199085283836,0.20020199085283835,14,pump_0_25,tdec_lt30,fund_flat,crowd_ge5,btc_up,0.056450206383349855,0.21447755808537206,0.0001,0.136746664099046
RAYDIUMUSDT,2024-06-04,e2324,105577,long,2,-0.20780199085283835,-0.0014,-0.21370199085283836,-0.21820199085283837,14,pump_0_25,tdec_lt30,fund_flat,crowd_ge5,btc_up,0.056450206383349855,0.21447755808537206,0.0001,0.136746664099046
RAYUSDT,2022-02-15,e2122,105457,short,1,0.2648865153538051,-0.01074089,0.24964562535380508,0.24514562535380507,17,pump_0_25,tdec_ge70,fund_flat,crowd_24,btc_up,0.006720430107526765,0.8669590239802324,-0.00039193,0.03979857819905219
RAYUSDT,2022-02-15,e2122,105457,long,1,-0.2648865153538051,0.01074089,-0.2586456253538051,-0.2631456253538051,17,pump_0_25,tdec_ge70,fund_flat,crowd_24,btc_up,0.006720430107526765,0.8669590239802324,-0.00039193,0.03979857819905219
RAYUSDT,2022-02-15,e2122,105457,short,2,0.18742621015348282,-0.00792069,0.1750055201534828,0.1705055201534828,14,pump_0_25,tdec_ge70,fund_neg,crowd_24,btc_down,0.006720430107526765,0.7650515433171244,-0.00112474,-0.04293391602196894
RAYUSDT,2022-02-15,e2122,105457,long,2,-0.18742621015348282,0.00792069,-0.18400552015348282,-0.18850552015348282,14,pump_0_25,tdec_ge70,fund_neg,crowd_24,btc_down,0.006720430107526765,0.7650515433171244,-0.00112474,-0.04293391602196894
RDNTUSDT,2023-04-17,e2324,105518,short,1,0.15456545654565465,0.00160721,0.15167266654565464,0.14717266654565464,17,pump_0_25,tdec_ge70,fund_flat,crowd_01,btc_up,0.04470750488449604,1.5440737023846982,0.0001,0.08656002231592064
RDNTUSDT,2023-04-17,e2324,105518,long,1,-0.15456545654565465,-0.00160721,-0.16067266654565465,-0.16517266654565466,17,pump_0_25,tdec_ge70,fund_flat,crowd_01,btc_up,0.04470750488449604,1.5440737023846982,0.0001,0.08656002231592064
RDNTUSDT,2023-04-17,e2324,105518,short,2,0.09257291297673872,0.00130721,0.08938012297673872,0.08488012297673873,14,pump_0_25,tdec_ge70,fund_flat,crowd_01,btc_up,0.04470750488449604,1.5560154396558437,0.0001,0.03947140443841235
RDNTUSDT,2023-04-17,e2324,105518,long,2,-0.09257291297673872,-0.00130721,-0.09838012297673873,-0.10288012297673872,14,pump_0_25,tdec_ge70,fund_flat,crowd_01,btc_up,0.04470750488449604,1.5560154396558437,0.0001,0.03947140443841235
RECALLUSDT,2025-10-15,e2526,105648,short,1,-0.1525993883792049,-0.0009529699999999999,-0.1580523583792049,-0.1625523583792049,35,pump_le0,tdec_30_70,fund_flat,crowd_ge5,btc_down,-0.35106171859495927,0.41134248819530117,0.0001,-0.07375744011292606
RECALLUSDT,2025-10-15,e2526,105648,long,1,0.1525993883792049,0.0009529699999999999,0.14905235837920489,0.14455235837920488,35,pump_le0,tdec_30_70,fund_flat,crowd_ge5,btc_down,-0.35106171859495927,0.41134248819530117,0.0001,-0.07375744011292606
RECALLUSDT,2025-10-15,e2526,105648,short,2,-0.18076441102756902,-0.00037018999999999995,-0.185634601027569,-0.19013460102756902,29,pump_le0,tdec_lt30,fund_flat,crowd_ge5,btc_down,-0.35106171859495927,0.2822501878529187,-0.00028162,-0.08621634670730804
RECALLUSDT,2025-10-15,e2526,105648,long,2,0.18076441102756902,0.00037018999999999995,0.176634601027569,0.172134601027569,29,pump_le0,tdec_lt30,fund_flat,crowd_ge5,btc_down,-0.35106171859495927,0.2822501878529187,-0.00028162,-0.08621634670730804
REDUSDT,2025-02-26,e2526,105615,short,1,0.3114241001564945,0.00175,0.3086741001564945,0.3041741001564945,35,pump_25_100,tdec_lt30,fund_flat,crowd_24,btc_down,0.2792792792792793,0.23267851293606173,0.0001,-0.16382629988743858
REDUSDT,2025-02-26,e2526,105615,long,1,-0.3114241001564945,-0.00175,-0.3176741001564945,-0.3221741001564945,35,pump_25_100,tdec_lt30,fund_flat,crowd_24,btc_down,0.2792792792792793,0.23267851293606173,0.0001,-0.16382629988743858
REDUSDT,2025-02-26,e2526,105615,short,2,0.30241775663892195,0.0014500000000000001,0.29936775663892196,0.29486775663892195,29,pump_25_100,tdec_30_70,fund_flat,crowd_24,btc_down,0.2792792792792793,0.489054466095287,0.0001,-0.18700482160077136
REDUSDT,2025-02-26,e2526,105615,long,2,-0.30241775663892195,-0.0014500000000000001,-0.30836775663892196,-0.31286775663892197,29,pump_25_100,tdec_30_70,fund_flat,crowd_24,btc_down,0.2792792792792793,0.489054466095287,0.0001,-0.18700482160077136
REEFUSDT,2022-02-15,e2122,105457,short,1,0.17895608947804476,-0.00938283,0.16507325947804474,0.16057325947804474,17,pump_0_25,tdec_30_70,fund_flat,crowd_24,btc_up,0.00919732441471588,0.4261963322483598,-0.00046787,0.03979857819905219
REEFUSDT,2022-02-15,e2122,105457,long,1,-0.17895608947804476,0.00938283,-0.17407325947804475,-0.17857325947804475,17,pump_0_25,tdec_30_70,fund_flat,crowd_24,btc_up,0.00919732441471588,0.4261963322483598,-0.00046787,0.03979857819905219
REEFUSDT,2022-02-15,e2122,105457,short,2,0.09040844424047725,-0.00813965,0.07776879424047725,0.07326879424047726,14,pump_0_25,tdec_30_70,fund_neg,crowd_24,btc_down,0.00919732441471588,0.3713776008748792,-0.00051552,-0.04293391602196894
REEFUSDT,2022-02-15,e2122,105457,long,2,-0.09040844424047725,0.00813965,-0.08676879424047726,-0.09126879424047725,14,pump_0_25,tdec_30_70,fund_neg,crowd_24,btc_down,0.00919732441471588,0.3713776008748792,-0.00051552,-0.04293391602196894
RENDERUSDT,2024-07-26,e2324,105584,short,1,0.23728551553563149,0.0017000000000000001,0.2344855155356315,0.22998551553563149,17,pump_le0,tdec_30_70,fund_flat,crowd_ge5,btc_up,-0.005534204458109038,0.403964515447753,0.0001,0.10124149563327633
RENDERUSDT,2024-07-26,e2324,105584,long,1,-0.23728551553563149,-0.0017000000000000001,-0.2434855155356315,-0.2479855155356315,17,pump_le0,tdec_30_70,fund_flat,crowd_ge5,btc_up,-0.005534204458109038,0.403964515447753,0.0001,0.10124149563327633
RENDERUSDT,2024-07-26,e2324,105584,short,2,0.21232439335887612,0.0014,0.20922439335887613,0.20472439335887613,14,pump_le0,tdec_lt30,fund_flat,crowd_ge5,btc_up,-0.005534204458109038,0.20431527049367865,0.0001,0.12970213273162812
RENDERUSDT,2024-07-26,e2324,105584,long,2,-0.21232439335887612,-0.0014,-0.21822439335887614,-0.22272439335887614,14,pump_le0,tdec_lt30,fund_flat,crowd_ge5,btc_up,-0.005534204458109038,0.20431527049367865,0.0001,0.12970213273162812
RENUSDT,2021-12-24,e2122,105449,short,1,0.18131101813110181,0.0017000000000000001,0.17851101813110182,0.1740110181311018,17,pump_le0,tdec_ge70,fund_flat,crowd_01,btc_down,-0.05353476092695797,0.8030798049979033,0.0001,-0.1447477815294297
RENUSDT,2021-12-24,e2122,105449,long,1,-0.18131101813110181,-0.0017000000000000001,-0.18751101813110183,-0.19201101813110183,17,pump_le0,tdec_ge70,fund_flat,crowd_01,btc_down,-0.05353476092695797,0.8030798049979033,0.0001,-0.1447477815294297
RENUSDT,2021-12-24,e2122,105449,short,2,0.1765897755610972,0.0014,0.1734897755610972,0.1689897755610972,14,pump_le0,tdec_ge70,fund_flat,crowd_01,btc_down,-0.05353476092695797,1.2759966408716465,0.0001,-0.056458583098670134
RENUSDT,2021-12-24,e2122,105449,long,2,-0.1765897755610972,-0.0014,-0.18248977556109722,-0.18698977556109722,14,pump_le0,tdec_ge70,fund_flat,crowd_01,btc_down,-0.05353476092695797,1.2759966408716465,0.0001,-0.056458583098670134
REQUSDT,2021-12-06,e2122,105447,short,1,0.2351387054161163,0.0017911000000000001,0.2324298054161163,0.2279298054161163,17,pump_0_25,tdec_ge70,fund_flat,crowd_ge5,btc_down,0.012612268297343965,0.769035306963202,0.0001,-0.20048526808295397
REQUSDT,2021-12-06,e2122,105447,long,1,-0.2351387054161163,-0.0017911000000000001,-0.2414298054161163,-0.2459298054161163,17,pump_0_25,tdec_ge70,fund_flat,crowd_ge5,btc_down,0.012612268297343965,0.769035306963202,0.0001,-0.20048526808295397
REQUSDT,2021-12-06,e2122,105447,short,2,0.1979022362952701,0.0014,0.1948022362952701,0.1903022362952701,14,pump_0_25,tdec_ge70,fund_flat,crowd_ge5,btc_down,0.012612268297343965,1.097695641066219,0.0001,-0.25371467453608176
REQUSDT,2021-12-06,e2122,105447,long,2,-0.1979022362952701,-0.0014,-0.2038022362952701,-0.20830223629527012,14,pump_0_25,tdec_ge70,fund_flat,crowd_ge5,btc_down,0.012612268297343965,1.097695641066219,0.0001,-0.25371467453608176
RESOLVUSDT,2025-06-10,e2526,105630,short,1,0.33703920421299005,-0.01163961,0.32089959421299,0.31639959421299,35,pump_25_100,tdec_30_70,fund_neg,crowd_24,btc_up,0.6560077519379846,0.6746187897444295,-0.00509734,0.05708348743503411
RESOLVUSDT,2025-06-10,e2526,105630,long,1,-0.33703920421299005,0.01163961,-0.32989959421299003,-0.33439959421299004,35,pump_25_100,tdec_30_70,fund_neg,crowd_24,btc_up,0.6560077519379846,0.6746187897444295,-0.00509734,0.05708348743503411
RESOLVUSDT,2025-06-10,e2526,105630,short,2,0.1538461538461538,-0.01152169,0.1378244638461538,0.1333244638461538,29,pump_25_100,tdec_lt30,fund_neg,crowd_24,btc_up,0.6560077519379846,0.25630075788986834,-0.0006537,0.014704441023689618
RESOLVUSDT,2025-06-10,e2526,105630,long,2,-0.1538461538461538,0.01152169,-0.1468244638461538,-0.1513244638461538,29,pump_25_100,tdec_lt30,fund_neg,crowd_24,btc_up,0.6560077519379846,0.25630075788986834,-0.0006537,0.014704441023689618
REUSDT,2026-06-18,e2526,105683,short,1,0.26387952348842436,-0.06504199,0.19433753348842436,0.18983753348842436,35,pump_gt100,tdec_ge70,fund_neg,crowd_24,btc_down,1.0995752713544125,2.0792352603634106,-0.00677456,-0.18073011871943478
REUSDT,2026-06-18,e2526,105683,long,1,-0.26387952348842436,0.06504199,-0.20333753348842437,-0.20783753348842438,35,pump_gt100,tdec_ge70,fund_neg,crowd_24,btc_down,1.0995752713544125,2.0792352603634106,-0.00677456,-0.18073011871943478
REUSDT,2026-06-18,e2526,105683,short,2,0.34741456610541,-0.05578897,0.28712559610541,0.28262559610541,29,pump_gt100,tdec_ge70,fund_neg,crowd_24,btc_down,1.0995752713544125,1.9227449101062712,-0.002298,-0.17171381288955556
REUSDT,2026-06-18,e2526,105683,long,2,-0.34741456610541,0.05578897,-0.29612559610541,-0.30062559610541,29,pump_gt100,tdec_ge70,fund_neg,crowd_24,btc_down,1.0995752713544125,1.9227449101062712,-0.002298,-0.17171381288955556
REXUSDT,2025-01-09,e2526,105608,short,1,0.11931818181818181,0.0017000000000000001,0.1165181818181818,0.11201818181818181,17,pump_le0,tdec_lt30,fund_flat,crowd_ge5,btc_down,-0.09469254150105222,0.21539519107397476,0.0001,-0.06372202439870944
REXUSDT,2025-01-09,e2526,105608,long,1,-0.11931818181818181,-0.0017000000000000001,-0.1255181818181818,-0.1300181818181818,17,pump_le0,tdec_lt30,fund_flat,crowd_ge5,btc_down,-0.09469254150105222,0.21539519107397476,0.0001,-0.06372202439870944
REXUSDT,2025-01-09,e2526,105608,short,2,0.023482245131729706,0.0014,0.020382245131729704,0.015882245131729707,14,pump_le0,tdec_lt30,fund_flat,crowd_ge5,btc_down,-0.09469254150105222,0.09001913975162237,0.0001,-0.054140474583052045
REXUSDT,2025-01-09,e2526,105608,long,2,-0.023482245131729706,-0.0014,-0.029382245131729705,-0.0338822451317297,14,pump_le0,tdec_lt30,fund_flat,crowd_ge5,btc_down,-0.09469254150105222,0.09001913975162237,0.0001,-0.054140474583052045
REZUSDT,2024-05-08,e2324,105573,short,1,0.22941970310391366,0.00167921,0.22659891310391364,0.22209891310391364,17,pump_0_25,tdec_lt30,fund_flat,crowd_01,btc_down,0.030598052851182,0.2826010402847369,0.0001,-0.08891121164380589
REZUSDT,2024-05-08,e2324,105573,long,1,-0.22941970310391366,-0.00167921,-0.23559891310391365,-0.24009891310391365,17,pump_0_25,tdec_lt30,fund_flat,crowd_01,btc_down,0.030598052851182,0.2826010402847369,0.0001,-0.08891121164380589
REZUSDT,2024-05-08,e2324,105573,short,2,0.18834399431414356,0.00137921,0.18522320431414355,0.18072320431414354,14,pump_0_25,tdec_30_70,fund_flat,crowd_01,btc_down,0.030598052851182,0.31996703719093494,0.0001,-0.13964458685628078
REZUSDT,2024-05-08,e2324,105573,long,2,-0.18834399431414356,-0.00137921,-0.19422320431414355,-0.19872320431414356,14,pump_0_25,tdec_30_70,fund_flat,crowd_01,btc_down,0.030598052851182,0.31996703719093494,0.0001,-0.13964458685628078
RFCUSDT,2025-04-14,e2526,105622,short,1,0.7592790102389079,-0.0035548,0.751224210238908,0.7467242102389079,35,pump_le0,tdec_30_70,fund_flat,crowd_ge5,btc_up,-0.18611111111111112,0.6209874085598084,0.0001,0.013028226612624705
RFCUSDT,2025-04-14,e2526,105622,long,1,-0.7592790102389079,0.0035548,-0.7602242102389078,-0.7647242102389079,35,pump_le0,tdec_30_70,fund_flat,crowd_ge5,btc_up,-0.18611111111111112,0.6209874085598084,0.0001,0.013028226612624705
RFCUSDT,2025-04-14,e2526,105622,short,2,0.7478775692582664,-0.00320066,0.7401769092582665,0.7356769092582665,29,pump_le0,tdec_30_70,fund_flat,crowd_ge5,btc_up,-0.18611111111111112,0.58871829586785,0.0001,0.0003680538764172514
RFCUSDT,2025-04-14,e2526,105622,long,2,-0.7478775692582664,0.00320066,-0.7491769092582664,-0.7536769092582665,29,pump_le0,tdec_30_70,fund_flat,crowd_ge5,btc_up,-0.18611111111111112,0.58871829586785,0.0001,0.0003680538764172514
RHEAUSDT,2025-08-06,e2526,105638,short,1,0.16465079984393294,-0.00030391,0.15984688984393294,0.15534688984393294,35,pump_0_25,tdec_lt30,fund_neg,crowd_ge5,btc_up,0.010513865159679225,0.240580066810973,-0.0008154,0.07823155180062069
RHEAUSDT,2025-08-06,e2526,105638,long,1,-0.16465079984393294,0.00030391,-0.16884688984393295,-0.17334688984393296,35,pump_0_25,tdec_lt30,fund_neg,crowd_ge5,btc_up,0.010513865159679225,0.240580066810973,-0.0008154,0.07823155180062069
RHEAUSDT,2025-08-06,e2526,105638,short,2,0.26928327645051203,0.00055152,0.26533479645051206,0.26083479645051205,29,pump_0_25,tdec_lt30,fund_flat,crowd_ge5,btc_up,0.010513865159679225,0.28871881818485035,0.0001,0.048695392578165464
RHEAUSDT,2025-08-06,e2526,105638,long,2,-0.26928327645051203,-0.00055152,-0.27433479645051206,-0.27883479645051207,29,pump_0_25,tdec_lt30,fund_flat,crowd_ge5,btc_up,0.010513865159679225,0.28871881818485035,0.0001,0.048695392578165464
RIFSOLUSDT,2024-11-18,e2324,105601,short,1,0.37840579710144934,0.01038181,0.3842876071014493,0.3797876071014493,17,pump_le0,tdec_ge70,fund_pos,crowd_ge5,btc_up,-0.33532414988922066,0.713130501857314,0.00188365,0.33762204131297624
RIFSOLUSDT,2024-11-18,e2324,105601,long,1,-0.37840579710144934,-0.01038181,-0.39328760710144933,-0.39778760710144934,17,pump_le0,tdec_ge70,fund_pos,crowd_ge5,btc_up,-0.33532414988922066,0.713130501857314,0.00188365,0.33762204131297624
RIFSOLUSDT,2024-11-18,e2324,105601,short,2,0.1735234608343771,0.00864447,0.1776679308343771,0.1731679308343771,14,pump_le0,tdec_30_70,fund_pos,crowd_ge5,btc_up,-0.33532414988922066,0.6860546002522129,0.00053127,0.39999940624717034
RIFSOLUSDT,2024-11-18,e2324,105601,long,2,-0.1735234608343771,-0.00864447,-0.1866679308343771,-0.1911679308343771,14,pump_le0,tdec_30_70,fund_pos,crowd_ge5,btc_up,-0.33532414988922066,0.6860546002522129,0.00053127,0.39999940624717034
RIFUSDT,2023-10-23,e2324,105545,short,1,0.046568627450980365,-0.0008409299999999999,0.04122769745098037,0.03672769745098037,17,pump_0_25,tdec_ge70,fund_flat,crowd_24,btc_up,0.10171017101710156,0.8799190902312468,0.0001,0.29363509181219016
RIFUSDT,2023-10-23,e2324,105545,long,1,-0.046568627450980365,0.0008409299999999999,-0.050227697450980366,-0.05472769745098037,17,pump_0_25,tdec_ge70,fund_flat,crowd_24,btc_up,0.10171017101710156,0.8799190902312468,0.0001,0.29363509181219016
RIFUSDT,2023-10-23,e2324,105545,short,2,0.016849199663016023,0.0003693700000000001,0.012718569663016023,0.008218569663016024,14,pump_0_25,tdec_30_70,fund_neg,crowd_24,btc_up,0.10171017101710156,0.37262801141868274,-0.00061614,0.31260104612458384
RIFUSDT,2023-10-23,e2324,105545,long,2,-0.016849199663016023,-0.0003693700000000001,-0.021718569663016024,-0.02621856966301602,14,pump_0_25,tdec_30_70,fund_neg,crowd_24,btc_up,0.10171017101710156,0.37262801141868274,-0.00061614,0.31260104612458384
RIVERUSDT,2025-10-22,e2526,105649,short,1,0.14929839042509296,0.0022896400000000003,0.14708803042509297,0.14258803042509297,35,pump_25_100,tdec_ge70,fund_flat,crowd_ge5,btc_down,0.34201052340072,1.1328073790426987,0.00032934,-0.017174762702400925
RIVERUSDT,2025-10-22,e2526,105649,long,1,-0.14929839042509296,-0.0022896400000000003,-0.15608803042509298,-0.16058803042509298,35,pump_25_100,tdec_ge70,fund_flat,crowd_ge5,btc_down,0.34201052340072,1.1328073790426987,0.00032934,-0.017174762702400925
RIVERUSDT,2025-10-22,e2526,105649,short,2,-0.22821391330254717,0.00197281,-0.23074110330254718,-0.2352411033025472,29,pump_25_100,tdec_ge70,fund_flat,crowd_ge5,btc_down,0.34201052340072,0.8382289899146791,0.0001,-0.020226832250972437
RIVERUSDT,2025-10-22,e2526,105649,long,2,0.22821391330254717,-0.00197281,0.22174110330254718,0.21724110330254717,29,pump_25_100,tdec_ge70,fund_flat,crowd_ge5,btc_down,0.34201052340072,0.8382289899146791,0.0001,-0.020226832250972437
RKLBUSDT,2026-05-20,e2526,105679,short,1,-0.17497039084090008,0.00511453,-0.17435586084090007,-0.17885586084090008,17,pump_0_25,tdec_30_70,fund_flat,crowd_ge5,btc_up,0.009163346613545897,0.6290115458432908,0.00019867,0.01695528397741386
RKLBUSDT,2026-05-20,e2526,105679,long,1,0.17497039084090008,-0.00511453,0.16535586084090007,0.16085586084090006,17,pump_0_25,tdec_30_70,fund_flat,crowd_ge5,btc_up,0.009163346613545897,0.6290115458432908,0.00019867,0.01695528397741386
RKLBUSDT,2026-05-20,e2526,105679,short,2,-0.10804169769173484,0.00511453,-0.10742716769173484,-0.11192716769173483,14,pump_0_25,tdec_ge70,fund_flat,crowd_ge5,btc_down,0.009163346613545897,1.312379615062512,0.0,-0.0336564733585446
RKLBUSDT,2026-05-20,e2526,105679,long,2,0.10804169769173484,-0.00511453,0.09842716769173483,0.09392716769173484,14,pump_0_25,tdec_ge70,fund_flat,crowd_ge5,btc_down,0.009163346613545897,1.312379615062512,0.0,-0.0336564733585446
RLCUSDT,2023-03-22,e2324,105514,short,1,0.18922018348623856,-0.00236002,0.18236016348623857,0.17786016348623856,17,pump_0_25,tdec_30_70,fund_neg,crowd_24,btc_up,0.10687991876110692,0.3591566725143866,-0.00077338,0.15630430782441573
RLCUSDT,2023-03-22,e2324,105514,long,1,-0.18922018348623856,0.00236002,-0.19136016348623858,-0.19586016348623858,17,pump_0_25,tdec_30_70,fund_neg,crowd_24,btc_up,0.10687991876110692,0.3591566725143866,-0.00077338,0.15630430782441573
RLCUSDT,2023-03-22,e2324,105514,short,2,0.16940789473684212,0.00056882,0.1654767147368421,0.1609767147368421,14,pump_0_25,tdec_30_70,fund_neg,crowd_24,btc_up,0.10687991876110692,0.34394240625680556,-0.00077227,0.13469698348235326
RLCUSDT,2023-03-22,e2324,105514,long,2,-0.16940789473684212,-0.00056882,-0.17447671473684212,-0.17897671473684212,14,pump_0_25,tdec_30_70,fund_neg,crowd_24,btc_up,0.10687991876110692,0.34394240625680556,-0.00077227,0.13469698348235326
RLSUSDT,2025-12-02,e2526,105655,short,1,0.35490899769289924,-0.00888811,0.34152088769289923,0.33702088769289923,35,pump_le0,tdec_30_70,fund_neg,crowd_01,btc_down,-0.21215793193981625,0.49831766429007907,-0.00063806,-0.12339726140549134
RLSUSDT,2025-12-02,e2526,105655,long,1,-0.35490899769289924,0.00888811,-0.35052088769289924,-0.35502088769289925,35,pump_le0,tdec_30_70,fund_neg,crowd_01,btc_down,-0.21215793193981625,0.49831766429007907,-0.00063806,-0.12339726140549134
RLSUSDT,2025-12-02,e2526,105655,short,2,0.24550269838097138,-0.00557418,0.23542851838097137,0.23092851838097136,29,pump_le0,tdec_30_70,fund_flat,crowd_01,btc_down,-0.21215793193981625,0.4622603432623551,0.0001,-0.09276344390237157
RLSUSDT,2025-12-02,e2526,105655,long,2,-0.24550269838097138,0.00557418,-0.24442851838097138,-0.24892851838097138,29,pump_le0,tdec_30_70,fund_flat,crowd_01,btc_down,-0.21215793193981625,0.4622603432623551,0.0001,-0.09276344390237157
RLUSDUSDT,2025-09-26,e2526,105645,short,1,-0.0012022843402464472,-0.00025498,-0.005957264340246447,-0.010457264340246446,35,pump_le0,tdec_lt30,fund_flat,crowd_ge5,btc_down,-0.003195845400978836,0.11274440552323746,-0.0002693,-0.026004475990877296
RLUSDUSDT,2025-09-26,e2526,105645,long,1,0.0012022843402464472,0.00025498,-0.0030427356597535525,-0.007542735659753552,35,pump_le0,tdec_lt30,fund_flat,crowd_ge5,btc_down,-0.003195845400978836,0.11274440552323746,-0.0002693,-0.026004475990877296
RLUSDUSDT,2025-09-26,e2526,105645,short,2,-0.0004004404845329422,-0.00036654,-0.005266980484532942,-0.009766980484532941,29,pump_le0,tdec_lt30,fund_flat,crowd_ge5,btc_up,-0.003195845400978836,0.04616350579000145,0.0001,0.03486862202402641
RLUSDUSDT,2025-09-26,e2526,105645,long,2,0.0004004404845329422,0.00036654,-0.0037330195154670577,-0.008233019515467057,29,pump_le0,tdec_lt30,fund_flat,crowd_ge5,btc_up,-0.003195845400978836,0.04616350579000145,0.0001,0.03486862202402641
RNDRUSDT,2021-12-01,e2122,105446,short,1,0.23201438848920866,0.00528263,0.23279701848920867,0.22829701848920866,17,pump_0_25,tdec_ge70,fund_pos,crowd_ge5,btc_down,0.035381750465549144,0.9709467171610616,0.00182645,-0.10680862499604793
RNDRUSDT,2021-12-01,e2122,105446,long,1,-0.23201438848920866,-0.00528263,-0.24179701848920868,-0.24629701848920868,17,pump_0_25,tdec_ge70,fund_pos,crowd_ge5,btc_down,0.035381750465549144,0.9709467171610616,0.00182645,-0.10680862499604793
RNDRUSDT,2021-12-01,e2122,105446,short,2,0.1692607003891051,0.00313721,0.1678979103891051,0.1633979103891051,14,pump_0_25,tdec_ge70,fund_pos,crowd_ge5,btc_down,0.035381750465549144,4.1638153083336755,0.00053417,-0.14826520969163692
RNDRUSDT,2021-12-01,e2122,105446,long,2,-0.1692607003891051,-0.00313721,-0.1768979103891051,-0.1813979103891051,14,pump_0_25,tdec_ge70,fund_pos,crowd_ge5,btc_down,0.035381750465549144,4.1638153083336755,0.00053417,-0.14826520969163692
ROAMUSDT,2025-03-07,e2526,105616,short,1,0.4978134110787171,-0.02190685,0.47140656107871715,0.46690656107871714,35,pump_le0,tdec_ge70,fund_flat,crowd_24,btc_down,-0.2424075096631696,1.1161755953870582,0.0001,-0.10686839378238344
ROAMUSDT,2025-03-07,e2526,105616,long,1,-0.4978134110787171,0.02190685,-0.48040656107871715,-0.48490656107871716,35,pump_le0,tdec_ge70,fund_flat,crowd_24,btc_down,-0.2424075096631696,1.1161755953870582,0.0001,-0.10686839378238344
ROAMUSDT,2025-03-07,e2526,105616,short,2,0.4060344827586207,-0.02063607,0.3808984127586207,0.3763984127586207,29,pump_le0,tdec_30_70,fund_flat,crowd_24,btc_down,-0.2424075096631696,0.4862229550770772,0.0001,-0.16329533412276576
ROAMUSDT,2025-03-07,e2526,105616,long,2,-0.4060344827586207,0.02063607,-0.3898984127586207,-0.3943984127586207,29,pump_le0,tdec_30_70,fund_flat,crowd_24,btc_down,-0.2424075096631696,0.4862229550770772,0.0001,-0.16329533412276576
ROBOUSDT,2026-02-25,e2526,105667,short,1,-0.12513484358144547,-0.01735322,-0.14698806358144548,-0.15148806358144548,35,pump_0_25,tdec_30_70,fund_flat,crowd_01,btc_down,0.08452763966071952,0.6919245823223734,0.0001,-0.24388160394967395
ROBOUSDT,2026-02-25,e2526,105667,long,1,0.12513484358144547,0.01735322,0.13798806358144547,0.13348806358144547,35,pump_0_25,tdec_30_70,fund_flat,crowd_01,btc_down,0.08452763966071952,0.6919245823223734,0.0001,-0.24388160394967395
ROBOUSDT,2026-02-25,e2526,105667,short,2,-0.03652173913043476,-0.01839688,-0.05941861913043476,-0.06391861913043476,29,pump_0_25,tdec_ge70,fund_flat,crowd_01,btc_down,0.08452763966071952,7.187377961952929,0.00014188,-0.26246755327312843
ROBOUSDT,2026-02-25,e2526,105667,long,2,0.03652173913043476,0.01839688,0.050418619130434765,0.04591861913043476,29,pump_0_25,tdec_ge70,fund_flat,crowd_01,btc_down,0.08452763966071952,7.187377961952929,0.00014188,-0.26246755327312843
RONINUSDT,2025-02-13,e2526,105613,short,1,0.0028569161177684687,-0.02813711,-0.02978019388223153,-0.03428019388223153,35,pump_0_25,tdec_lt30,fund_neg,crowd_ge5,btc_down,0.027395026498165498,0.1899782167566321,-0.00487874,-0.030009456029462922
RONINUSDT,2025-02-13,e2526,105613,long,1,-0.0028569161177684687,0.02813711,0.02078019388223153,0.01628019388223153,35,pump_0_25,tdec_lt30,fund_neg,crowd_ge5,btc_down,0.027395026498165498,0.1899782167566321,-0.00487874,-0.030009456029462922
RONINUSDT,2025-02-13,e2526,105613,short,2,-0.0053608577372379,-0.02167252,-0.0315333777372379,-0.0360333777372379,29,pump_0_25,tdec_lt30,fund_neg,crowd_ge5,btc_down,0.027395026498165498,0.09939109925681056,-0.0033133,-0.024132079587136368
RONINUSDT,2025-02-13,e2526,105613,long,2,0.0053608577372379,0.02167252,0.0225333777372379,0.0180333777372379,29,pump_0_25,tdec_lt30,fund_neg,crowd_ge5,btc_down,0.027395026498165498,0.09939109925681056,-0.0033133,-0.024132079587136368
RONUSDT,2024-02-20,e2324,105562,short,1,0.034615384615384645,0.0052902999999999995,0.035405684615384646,0.030905684615384642,17,pump_le0,tdec_30_70,fund_flat,crowd_24,btc_up,-0.05022831050228316,0.4332491425313237,0.000294,0.311327551296408
RONUSDT,2024-02-20,e2324,105562,long,1,-0.034615384615384645,-0.0052902999999999995,-0.04440568461538464,-0.048905684615384644,17,pump_le0,tdec_30_70,fund_flat,crowd_24,btc_up,-0.05022831050228316,0.4332491425313237,0.000294,0.311327551296408
RONUSDT,2024-02-20,e2324,105562,short,2,-0.03611971104231165,0.00382149,-0.03679822104231165,-0.04129822104231166,14,pump_le0,tdec_lt30,fund_pos,crowd_24,btc_up,-0.05022831050228316,0.27715211333884643,0.00060027,0.28582885757178556
RONUSDT,2024-02-20,e2324,105562,long,2,0.03611971104231165,-0.00382149,0.027798221042311656,0.023298221042311655,14,pump_le0,tdec_lt30,fund_pos,crowd_24,btc_up,-0.05022831050228316,0.27715211333884643,0.00060027,0.28582885757178556
ROSEUSDT,2022-01-14,e2122,105452,short,1,0.3499381734675853,0.00194499,0.3473831634675853,0.3428831634675853,17,pump_0_25,tdec_ge70,fund_neg,crowd_24,btc_down,0.1482758620689657,1.2943988457893112,-0.00051904,-0.09605337697488514
ROSEUSDT,2022-01-14,e2122,105452,long,1,-0.3499381734675853,-0.00194499,-0.3563831634675853,-0.3608831634675853,17,pump_0_25,tdec_ge70,fund_neg,crowd_24,btc_down,0.1482758620689657,1.2943988457893112,-0.00051904,-0.09605337697488514
ROSEUSDT,2022-01-14,e2122,105452,short,2,0.296501624928312,0.00164499,0.293646614928312,0.289146614928312,14,pump_0_25,tdec_ge70,fund_flat,crowd_24,btc_down,0.1482758620689657,0.8298155073633412,0.0001,-0.06715059588299022
ROSEUSDT,2022-01-14,e2122,105452,long,2,-0.296501624928312,-0.00164499,-0.302646614928312,-0.307146614928312,14,pump_0_25,tdec_ge70,fund_flat,crowd_24,btc_down,0.1482758620689657,0.8298155073633412,0.0001,-0.06715059588299022
RPLUSDT,2023-03-01,e2324,105511,short,1,0.15962761126248867,0.0017000000000000001,0.15682761126248868,0.15232761126248867,17,pump_le0,tdec_ge70,fund_flat,crowd_24,btc_up,-0.08564310183743384,0.9654644470447299,0.0001,0.014375270211846036
RPLUSDT,2023-03-01,e2324,105511,long,1,-0.15962761126248867,-0.0017000000000000001,-0.16582761126248868,-0.1703276112624887,17,pump_le0,tdec_ge70,fund_flat,crowd_24,btc_up,-0.08564310183743384,0.9654644470447299,0.0001,0.014375270211846036
RPLUSDT,2023-03-01,e2324,105511,short,2,0.0995133819951339,0.0014,0.0964133819951339,0.09191338199513391,14,pump_le0,tdec_ge70,fund_flat,crowd_24,btc_down,-0.08564310183743384,0.9005582311841891,0.0001,-0.05831138456351803
RPLUSDT,2023-03-01,e2324,105511,long,2,-0.0995133819951339,-0.0014,-0.1054133819951339,-0.1099133819951339,14,pump_le0,tdec_ge70,fund_flat,crowd_24,btc_down,-0.08564310183743384,0.9005582311841891,0.0001,-0.05831138456351803
RSRUSDT,2021-12-01,e2122,105446,short,1,0.2717497556207234,0.0024355,0.2696852556207234,0.26518525562072337,17,pump_0_25,tdec_ge70,fund_flat,crowd_ge5,btc_down,0.04494382022471921,2.6387652233355863,0.00032616,-0.10680862499604793
RSRUSDT,2021-12-01,e2122,105446,long,1,-0.2717497556207234,-0.0024355,-0.2786852556207234,-0.2831852556207234,17,pump_0_25,tdec_ge70,fund_flat,crowd_ge5,btc_down,0.04494382022471921,2.6387652233355863,0.00032616,-0.10680862499604793
RSRUSDT,2021-12-01,e2122,105446,short,2,0.16386083052749723,0.0014,0.16076083052749723,0.15626083052749723,14,pump_0_25,tdec_ge70,fund_pos,crowd_ge5,btc_down,0.04494382022471921,1.2421448112978504,0.00062655,-0.14826520969163692
RSRUSDT,2021-12-01,e2122,105446,long,2,-0.16386083052749723,-0.0014,-0.16976083052749724,-0.17426083052749725,14,pump_0_25,tdec_ge70,fund_pos,crowd_ge5,btc_down,0.04494382022471921,1.2421448112978504,0.00062655,-0.14826520969163692
RSS3USDT,2022-02-23,e2122,105458,short,1,0.08103309120258276,0.0017000000000000001,0.07823309120258276,0.07373309120258277,17,pump_le0,tdec_ge70,fund_flat,crowd_24,btc_up,-0.1765253223448091,0.8658784480368615,0.0001,0.037373942470389165
RSS3USDT,2022-02-23,e2122,105458,long,1,-0.08103309120258276,-0.0017000000000000001,-0.08723309120258277,-0.09173309120258276,17,pump_le0,tdec_ge70,fund_flat,crowd_24,btc_up,-0.1765253223448091,0.8658784480368615,0.0001,0.037373942470389165
RSS3USDT,2022-02-23,e2122,105458,short,2,0.16732485008044456,0.0014,0.16422485008044457,0.15972485008044457,14,pump_le0,tdec_30_70,fund_flat,crowd_24,btc_up,-0.1765253223448091,0.44887211707060504,0.0001,0.0653929834103888
RSS3USDT,2022-02-23,e2122,105458,long,2,-0.16732485008044456,-0.0014,-0.17322485008044458,-0.17772485008044459,14,pump_le0,tdec_30_70,fund_flat,crowd_24,btc_up,-0.1765253223448091,0.44887211707060504,0.0001,0.0653929834103888
RUNEUSDT,2021-11-29,e2122,105446,short,1,0.32432432432432434,0.00475728,0.3245816043243243,0.3200816043243243,17,pump_0_25,tdec_ge70,fund_flat,crowd_ge5,btc_down,0.04976744186046522,2.1475701167930907,0.0001,-0.07134239786103236
RUNEUSDT,2021-11-29,e2122,105446,long,1,-0.32432432432432434,-0.00475728,-0.3335816043243243,-0.3380816043243243,17,pump_0_25,tdec_ge70,fund_flat,crowd_ge5,btc_down,0.04976744186046522,2.1475701167930907,0.0001,-0.07134239786103236
RUNEUSDT,2021-11-29,e2122,105446,short,2,0.29704065640269195,0.00321814,0.2957587964026919,0.2912587964026919,14,pump_0_25,tdec_ge70,fund_pos,crowd_ge5,btc_down,0.04976744186046522,2.3438807167370914,0.00082451,-0.061107966431225846
RUNEUSDT,2021-11-29,e2122,105446,long,2,-0.29704065640269195,-0.00321814,-0.30475879640269193,-0.30925879640269194,14,pump_0_25,tdec_ge70,fund_pos,crowd_ge5,btc_down,0.04976744186046522,2.3438807167370914,0.00082451,-0.061107966431225846
RVNUSDT,2022-01-06,e2122,105451,short,1,0.12280701754385959,0.0017000000000000001,0.12000701754385959,0.1155070175438596,17,pump_le0,tdec_30_70,fund_flat,crowd_24,btc_down,-0.06476683937823835,0.5267531024342558,0.0001,-0.17634758134049533
RVNUSDT,2022-01-06,e2122,105451,long,1,-0.12280701754385959,-0.0017000000000000001,-0.1290070175438596,-0.1335070175438596,17,pump_le0,tdec_30_70,fund_flat,crowd_24,btc_down,-0.06476683937823835,0.5267531024342558,0.0001,-0.17634758134049533
RVNUSDT,2022-01-06,e2122,105451,short,2,0.006276150627615097,0.0014,0.003176150627615098,-0.0013238493723849018,14,pump_le0,tdec_ge70,fund_flat,crowd_24,btc_down,-0.06476683937823835,0.7987156826441116,0.0001,-0.12306090468327668
RVNUSDT,2022-01-06,e2122,105451,long,2,-0.006276150627615097,-0.0014,-0.012176150627615097,-0.016676150627615096,14,pump_le0,tdec_ge70,fund_flat,crowd_24,btc_down,-0.06476683937823835,0.7987156826441116,0.0001,-0.12306090468327668
SAFEUSDT,2024-04-29,e2324,105572,short,1,0.049811448190465485,-0.00605975,0.039251698190465485,0.03475169819046548,17,pump_le0,tdec_30_70,fund_flat,crowd_24,btc_down,-0.09490575649516053,0.3560149654490277,0.0001,-0.15021575275294907
SAFEUSDT,2024-04-29,e2324,105572,long,1,-0.049811448190465485,0.00605975,-0.04825169819046548,-0.05275169819046548,17,pump_le0,tdec_30_70,fund_flat,crowd_24,btc_down,-0.09490575649516053,0.3560149654490277,0.0001,-0.15021575275294907
SAFEUSDT,2024-04-29,e2324,105572,short,2,0.10832937199598587,0.00115178,0.10498115199598587,0.10048115199598588,14,pump_le0,tdec_lt30,fund_flat,crowd_24,btc_down,-0.09490575649516053,0.22790050463183611,0.0001,-0.16366122099995983
SAFEUSDT,2024-04-29,e2324,105572,long,2,-0.10832937199598587,-0.00115178,-0.11398115199598588,-0.11848115199598587,14,pump_le0,tdec_lt30,fund_flat,crowd_24,btc_down,-0.09490575649516053,0.22790050463183611,0.0001,-0.16366122099995983
SAGAUSDT,2024-04-09,e2324,105569,short,1,0.34406724334911043,0.0028458100000000003,0.34241305334911043,0.3379130533491104,17,pump_le0,tdec_30_70,fund_flat,crowd_24,btc_down,-0.08642233024185131,0.6405625971239721,0.00015742,-0.02074220677344052
SAGAUSDT,2024-04-09,e2324,105569,long,1,-0.34406724334911043,-0.0028458100000000003,-0.35141305334911044,-0.35591305334911044,17,pump_le0,tdec_30_70,fund_flat,crowd_24,btc_down,-0.08642233024185131,0.6405625971239721,0.00015742,-0.02074220677344052
SAGAUSDT,2024-04-09,e2324,105569,short,2,0.21415302790324775,0.00197444,0.21162746790324774,0.20712746790324774,14,pump_le0,tdec_30_70,fund_flat,crowd_24,btc_down,-0.08642233024185131,0.5871084568032962,0.00018157,-0.02060493343774472
SAGAUSDT,2024-04-09,e2324,105569,long,2,-0.21415302790324775,-0.00197444,-0.22062746790324775,-0.22512746790324775,14,pump_le0,tdec_30_70,fund_flat,crowd_24,btc_down,-0.08642233024185131,0.5871084568032962,0.00018157,-0.02060493343774472
SAHARAUSDT,2025-06-20,e2526,105631,short,1,0.2528837622005324,-0.10340042,0.14498334220053238,0.14048334220053238,59,pump_0_25,tdec_lt30,fund_flat,crowd_24,btc_down,0.015315315315315159,0.22086301360925403,0.0001,-0.08565069213992382
SAHARAUSDT,2025-06-20,e2526,105631,long,1,-0.2528837622005324,0.10340042,-0.1539833422005324,-0.1584833422005324,59,pump_0_25,tdec_lt30,fund_flat,crowd_24,btc_down,0.015315315315315159,0.22086301360925403,0.0001,-0.08565069213992382
SAHARAUSDT,2025-06-20,e2526,105631,short,2,0.16962524654832353,-0.10370042,0.061424826548323534,0.05692482654832353,53,pump_0_25,tdec_lt30,fund_flat,crowd_24,btc_down,0.015315315315315159,0.2867732058449781,0.0001,-0.05939451451817224
SAHARAUSDT,2025-06-20,e2526,105631,long,2,-0.16962524654832353,0.10370042,-0.07042482654832354,-0.07492482654832353,53,pump_0_25,tdec_lt30,fund_flat,crowd_24,btc_down,0.015315315315315159,0.2867732058449781,0.0001,-0.05939451451817224
SAMSUNGUSDT,2026-06-04,e2526,105681,short,1,-0.10135479270652951,0.01285306,-0.09300173270652952,-0.09750173270652951,17,pump_le0,tdec_ge70,fund_pos,crowd_ge5,btc_down,-0.1713164225720677,1.1507113009001786,0.00129563,-0.25023404616053724
SAMSUNGUSDT,2026-06-04,e2526,105681,long,1,0.10135479270652951,-0.01285306,0.08400173270652951,0.07950173270652952,17,pump_le0,tdec_ge70,fund_pos,crowd_ge5,btc_down,-0.1713164225720677,1.1507113009001786,0.00129563,-0.25023404616053724
SAMSUNGUSDT,2026-06-04,e2526,105681,short,2,-0.11931259381955593,0.01285306,-0.11095953381955594,-0.11545953381955593,14,pump_le0,tdec_lt30,fund_flat,crowd_ge5,btc_down,-0.1713164225720677,0.2807920355614489,0.0,-0.23907101433690858
SAMSUNGUSDT,2026-06-04,e2526,105681,long,2,0.11931259381955593,-0.01285306,0.10195953381955593,0.09745953381955594,14,pump_le0,tdec_lt30,fund_flat,crowd_ge5,btc_down,-0.1713164225720677,0.2807920355614489,0.0,-0.23907101433690858
SANDUSDT,2021-11-01,e2122,105442,short,1,0.15969457678000387,0.02789974,0.18309431678000387,0.17859431678000387,17,pump_25_100,tdec_ge70,fund_pos,crowd_01,btc_up,0.7890251021599533,3.768901023603735,0.00166722,0.31307407292088296
SANDUSDT,2021-11-01,e2122,105442,long,1,-0.15969457678000387,-0.02789974,-0.19209431678000388,-0.19659431678000389,17,pump_25_100,tdec_ge70,fund_pos,crowd_01,btc_up,0.7890251021599533,3.768901023603735,0.00166722,0.31307407292088296
SANDUSDT,2021-11-01,e2122,105442,short,2,0.19668091212527686,0.0227348,0.21491571212527685,0.21041571212527685,14,pump_25_100,tdec_ge70,fund_pos,crowd_01,btc_up,0.7890251021599533,4.736567949463848,0.00135209,0.28031681799233366
SANDUSDT,2021-11-01,e2122,105442,long,2,-0.19668091212527686,-0.0227348,-0.22391571212527686,-0.22841571212527687,14,pump_25_100,tdec_ge70,fund_pos,crowd_01,btc_up,0.7890251021599533,4.736567949463848,0.00135209,0.28031681799233366
SAPIENUSDT,2025-08-20,e2526,105640,short,1,0.2095733610822061,0.00068869,0.20576205108220608,0.20126205108220607,35,pump_25_100,tdec_ge70,fund_neg,crowd_24,btc_down,0.38963198611814054,0.8137764284430148,-0.00247722,-0.0631512217227741
SAPIENUSDT,2025-08-20,e2526,105640,long,1,-0.2095733610822061,-0.00068869,-0.21476205108220608,-0.2192620510822061,35,pump_25_100,tdec_ge70,fund_neg,crowd_24,btc_down,0.38963198611814054,0.8137764284430148,-0.00247722,-0.0631512217227741
SAPIENUSDT,2025-08-20,e2526,105640,short,2,0.43000787903800697,0.00220106,0.42770893903800694,0.42320893903800694,29,pump_25_100,tdec_30_70,fund_flat,crowd_24,btc_down,0.38963198611814054,0.40255908245378086,0.00027576,-0.015525915545621882
SAPIENUSDT,2025-08-20,e2526,105640,long,2,-0.43000787903800697,-0.00220106,-0.43670893903800695,-0.44120893903800695,29,pump_25_100,tdec_30_70,fund_flat,crowd_24,btc_down,0.38963198611814054,0.40255908245378086,0.00027576,-0.015525915545621882
SAROSUSDT,2025-05-20,e2526,105627,short,1,-0.21078697831732812,0.00582312,-0.20946385831732814,-0.21396385831732814,35,pump_0_25,tdec_30_70,fund_flat,crowd_24,btc_up,0.08848859378081642,0.6635210465304342,0.0001,0.25308473312899915
SAROSUSDT,2025-05-20,e2526,105627,long,1,0.21078697831732812,-0.00582312,0.20046385831732813,0.19596385831732813,35,pump_0_25,tdec_30_70,fund_flat,crowd_24,btc_up,0.08848859378081642,0.6635210465304342,0.0001,0.25308473312899915
SAROSUSDT,2025-05-20,e2526,105627,short,2,-0.23601948332202977,0.00487583,-0.23564365332202977,-0.24014365332202978,29,pump_0_25,tdec_lt30,fund_flat,crowd_24,btc_up,0.08848859378081642,0.164960244082652,0.0001,0.19535867237687365
SAROSUSDT,2025-05-20,e2526,105627,long,2,0.23601948332202977,-0.00487583,0.22664365332202976,0.22214365332202976,29,pump_0_25,tdec_lt30,fund_flat,crowd_24,btc_up,0.08848859378081642,0.164960244082652,0.0001,0.19535867237687365
SCAUSDT,2024-03-13,e2324,105565,short,1,0.11171662125340599,-0.00313073,0.10408589125340599,0.099585891253406,17,pump_0_25,tdec_30_70,fund_flat,crowd_24,btc_up,0.0045620437956204185,0.3079660035159729,0.0001,0.4377896778138981
SCAUSDT,2024-03-13,e2324,105565,long,1,-0.11171662125340599,0.00313073,-0.113085891253406,-0.11758589125340599,17,pump_0_25,tdec_30_70,fund_flat,crowd_24,btc_up,0.0045620437956204185,0.3079660035159729,0.0001,0.4377896778138981
SCAUSDT,2024-03-13,e2324,105565,short,2,0.10684931506849314,-0.00343073,0.09891858506849313,0.09441858506849314,14,pump_0_25,tdec_lt30,fund_flat,crowd_24,btc_up,0.0045620437956204185,0.20234078978960646,0.0001,0.341593692229911
SCAUSDT,2024-03-13,e2324,105565,long,2,-0.10684931506849314,0.00343073,-0.10791858506849314,-0.11241858506849313,14,pump_0_25,tdec_lt30,fund_flat,crowd_24,btc_up,0.0045620437956204185,0.20234078978960646,0.0001,0.341593692229911
SCRTUSDT,2022-03-30,e2122,105463,short,1,-0.07339798440768192,0.00462596,-0.07327202440768192,-0.07777202440768191,17,pump_le0,tdec_30_70,fund_pos,crowd_ge5,btc_up,-0.027371925282041687,0.5888838388243458,0.00126574,0.02526498383626752
SCRTUSDT,2022-03-30,e2122,105463,long,1,0.07339798440768192,-0.00462596,0.06427202440768191,0.059772024407681916,17,pump_le0,tdec_30_70,fund_pos,crowd_ge5,btc_up,-0.027371925282041687,0.5888838388243458,0.00126574,0.02526498383626752
SCRTUSDT,2022-03-30,e2122,105463,short,2,0.05412198391420918,0.00431714,0.05393912391420918,0.049439123914209175,14,pump_le0,tdec_ge70,fund_flat,crowd_ge5,btc_up,-0.027371925282041687,0.7011893879564495,0.0001,0.05423354255185853
SCRTUSDT,2022-03-30,e2122,105463,long,2,-0.05412198391420918,-0.00431714,-0.06293912391420918,-0.06743912391420917,14,pump_le0,tdec_ge70,fund_flat,crowd_ge5,btc_up,-0.027371925282041687,0.7011893879564495,0.0001,0.05423354255185853
SCRUSDT,2024-10-10,e2324,105595,short,1,-0.16624895572263979,0.0017000000000000001,-0.16904895572263978,-0.17354895572263979,17,pump_le0,tdec_ge70,fund_flat,crowd_24,btc_up,-0.2424050632911392,25.682745640403738,0.0001,0.09054552053379483
SCRUSDT,2024-10-10,e2324,105595,long,1,0.16624895572263979,-0.0017000000000000001,0.16004895572263977,0.15554895572263977,17,pump_le0,tdec_ge70,fund_flat,crowd_24,btc_up,-0.2424050632911392,25.682745640403738,0.0001,0.09054552053379483
SCRUSDT,2024-10-10,e2324,105595,short,2,-0.1368078175895765,0.0014,-0.1399078175895765,-0.1444078175895765,14,pump_le0,tdec_ge70,fund_flat,crowd_24,btc_up,-0.2424050632911392,11.526370485015157,0.0001,0.0873025980641875
SCRUSDT,2024-10-10,e2324,105595,long,2,0.1368078175895765,-0.0014,0.13090781758957648,0.12640781758957648,14,pump_le0,tdec_ge70,fund_flat,crowd_24,btc_up,-0.2424050632911392,11.526370485015157,0.0001,0.0873025980641875
SCUSDT,2021-12-01,e2122,105446,short,1,0.2434565849605318,0.00236004,0.2413166249605318,0.2368166249605318,17,pump_0_25,tdec_ge70,fund_pos,crowd_ge5,btc_down,0.05385288966725055,1.5066332130991493,0.00068392,-0.10680862499604793
SCUSDT,2021-12-01,e2122,105446,long,1,-0.2434565849605318,-0.00236004,-0.2503166249605318,-0.2548166249605318,17,pump_0_25,tdec_ge70,fund_pos,crowd_ge5,btc_down,0.05385288966725055,1.5066332130991493,0.00068392,-0.10680862499604793
SCUSDT,2021-12-01,e2122,105446,short,2,0.13696682464454976,0.00069076,0.13315758464454977,0.12865758464454977,14,pump_0_25,tdec_ge70,fund_pos,crowd_ge5,btc_down,0.05385288966725055,0.9747273944592715,0.00059267,-0.14826520969163692
SCUSDT,2021-12-01,e2122,105446,long,2,-0.13696682464454976,-0.00069076,-0.14215758464454978,-0.14665758464454978,14,pump_0_25,tdec_ge70,fund_pos,crowd_ge5,btc_down,0.05385288966725055,0.9747273944592715,0.00059267,-0.14826520969163692
SDUSDT,2024-11-14,e2324,105600,short,1,-0.4016913319238901,-0.008169260000000001,-0.41436059192389013,-0.41886059192389014,17,pump_le0,tdec_30_70,fund_flat,crowd_ge5,btc_up,-0.055762576523822105,0.3771654612160958,0.0001,0.34810363473091965
SDUSDT,2024-11-14,e2324,105600,long,1,0.4016913319238901,0.008169260000000001,0.4053605919238901,0.4008605919238901,17,pump_le0,tdec_30_70,fund_flat,crowd_ge5,btc_up,-0.055762576523822105,0.3771654612160958,0.0001,0.34810363473091965
SDUSDT,2024-11-14,e2324,105600,short,2,-0.22054491899852735,-0.00631426,-0.23135917899852734,-0.23585917899852735,14,pump_le0,tdec_ge70,fund_neg,crowd_ge5,btc_up,-0.055762576523822105,0.9046699289032907,-0.002055,0.34478204610745755
SDUSDT,2024-11-14,e2324,105600,long,2,0.22054491899852735,0.00631426,0.22235917899852733,0.21785917899852733,14,pump_le0,tdec_ge70,fund_neg,crowd_ge5,btc_up,-0.055762576523822105,0.9046699289032907,-0.002055,0.34478204610745755
SEIUSDT,2023-08-16,e2324,105535,short,1,0.11435042685405664,-0.02337951,0.08647091685405664,0.08197091685405665,17,pump_le0,tdec_30_70,fund_neg,crowd_ge5,btc_down,-0.21035494817940015,0.6065396764912306,-0.00371279,-0.10856922716156914
SEIUSDT,2023-08-16,e2324,105535,long,1,-0.11435042685405664,0.02337951,-0.09547091685405665,-0.09997091685405664,17,pump_le0,tdec_30_70,fund_neg,crowd_ge5,btc_down,-0.21035494817940015,0.6065396764912306,-0.00371279,-0.10856922716156914
SEIUSDT,2023-08-16,e2324,105535,short,2,0.08441402497598473,-0.01114296,0.06877106497598473,0.06427106497598474,14,pump_le0,tdec_30_70,fund_neg,crowd_ge5,btc_down,-0.21035494817940015,0.3389175524438085,-0.00252128,-0.1287539145097829
SEIUSDT,2023-08-16,e2324,105535,long,2,-0.08441402497598473,0.01114296,-0.07777106497598474,-0.08227106497598473,14,pump_le0,tdec_30_70,fund_neg,crowd_ge5,btc_down,-0.21035494817940015,0.3389175524438085,-0.00252128,-0.1287539145097829
SENDUSDT,2024-12-13,e2324,105604,short,1,0.15509829017754584,-0.033143320000000004,0.11745497017754583,0.11295497017754584,17,pump_0_25,tdec_30_70,fund_flat,crowd_ge5,btc_up,0.12901552484345458,0.48749112405326017,0.0001,0.16084507590368458
SENDUSDT,2024-12-13,e2324,105604,long,1,-0.15509829017754584,0.033143320000000004,-0.12645497017754584,-0.13095497017754584,17,pump_0_25,tdec_30_70,fund_flat,crowd_ge5,btc_up,0.12901552484345458,0.48749112405326017,0.0001,0.16084507590368458
SENDUSDT,2024-12-13,e2324,105604,short,2,0.17274509173869732,-0.03344332,0.1348017717386973,0.1303017717386973,14,pump_0_25,tdec_lt30,fund_flat,crowd_ge5,btc_up,0.12901552484345458,0.15683073658784444,0.0001,0.14694508215071145
SENDUSDT,2024-12-13,e2324,105604,long,2,-0.17274509173869732,0.03344332,-0.14380177173869732,-0.14830177173869732,14,pump_0_25,tdec_lt30,fund_flat,crowd_ge5,btc_up,0.12901552484345458,0.15683073658784444,0.0001,0.14694508215071145
SENTUSDT,2025-11-15,e2526,105652,short,1,0.48352151357949347,0.00175,0.48077151357949344,0.47627151357949343,35,pump_le0,tdec_30_70,fund_flat,crowd_24,btc_down,-0.12613333333333332,0.4346635787395119,0.0001,-0.11421751221741083
SENTUSDT,2025-11-15,e2526,105652,long,1,-0.48352151357949347,-0.00175,-0.48977151357949344,-0.49427151357949345,35,pump_le0,tdec_30_70,fund_flat,crowd_24,btc_down,-0.12613333333333332,0.4346635787395119,0.0001,-0.11421751221741083
SENTUSDT,2025-11-15,e2526,105652,short,2,0.501546164040642,0.0014500000000000001,0.49849616404064195,0.49399616404064195,29,pump_le0,tdec_30_70,fund_flat,crowd_24,btc_down,-0.12613333333333332,0.5096485057725507,0.0001,-0.13956770865422852
SENTUSDT,2025-11-15,e2526,105652,long,2,-0.501546164040642,-0.0014500000000000001,-0.5074961640406419,-0.511996164040642,29,pump_le0,tdec_30_70,fund_flat,crowd_24,btc_down,-0.12613333333333332,0.5096485057725507,0.0001,-0.13956770865422852
SERAPHUSDT,2025-03-11,e2526,105617,short,1,-0.4704231433506046,0.00175,-0.4731731433506046,-0.4776731433506046,35,pump_le0,tdec_lt30,fund_flat,crowd_24,btc_down,-0.044160132067684765,0.20745516207661344,0.0001,-0.14103211814647554
SERAPHUSDT,2025-03-11,e2526,105617,long,1,0.4704231433506046,-0.00175,0.4641731433506046,0.4596731433506046,35,pump_le0,tdec_lt30,fund_flat,crowd_24,btc_down,-0.044160132067684765,0.20745516207661344,0.0001,-0.14103211814647554
SERAPHUSDT,2025-03-11,e2526,105617,short,2,-0.2397160538769568,0.0014500000000000001,-0.2427660538769568,-0.2472660538769568,29,pump_le0,tdec_30_70,fund_flat,crowd_24,btc_down,-0.044160132067684765,0.3172318846876135,0.0001,-0.15327952575807902
SERAPHUSDT,2025-03-11,e2526,105617,long,2,0.2397160538769568,-0.0014500000000000001,0.2337660538769568,0.22926605387695678,29,pump_le0,tdec_30_70,fund_flat,crowd_24,btc_down,-0.044160132067684765,0.3172318846876135,0.0001,-0.15327952575807902
SFPUSDT,2021-11-26,e2122,105445,short,1,0.026635514018691558,0.00441219,0.026547704018691557,0.022047704018691557,17,pump_0_25,tdec_lt30,fund_flat,crowd_ge5,btc_down,0.07564714752450374,0.27116779304814204,0.00024977,-0.09723378132287386
SFPUSDT,2021-11-26,e2122,105445,long,1,-0.026635514018691558,-0.00441219,-0.035547704018691555,-0.04004770401869156,17,pump_0_25,tdec_lt30,fund_flat,crowd_ge5,btc_down,0.07564714752450374,0.27116779304814204,0.00024977,-0.09723378132287386
SFPUSDT,2021-11-26,e2122,105445,short,2,-0.028388052332757395,0.00392702,-0.028961032332757396,-0.03346103233275739,14,pump_0_25,tdec_lt30,fund_flat,crowd_ge5,btc_down,0.07564714752450374,0.1531510012459222,0.0001,-0.0802728731942215
SFPUSDT,2021-11-26,e2122,105445,long,2,0.028388052332757395,-0.00392702,0.019961032332757395,0.015461032332757396,14,pump_0_25,tdec_lt30,fund_flat,crowd_ge5,btc_down,0.07564714752450374,0.1531510012459222,0.0001,-0.0802728731942215
SHELLUSDT,2025-02-17,e2526,105614,short,1,-0.010672358591248557,0.00247233,-0.012700028591248556,-0.017200028591248556,35,pump_le0,tdec_30_70,fund_neg,crowd_ge5,btc_down,-0.1965357571600067,0.5993145510403444,-0.001561,-0.05618261447211392
SHELLUSDT,2025-02-17,e2526,105614,long,1,0.010672358591248557,-0.00247233,0.0037000285912485572,-0.0007999714087514424,35,pump_le0,tdec_30_70,fund_neg,crowd_ge5,btc_down,-0.1965357571600067,0.5993145510403444,-0.001561,-0.05618261447211392
SHELLUSDT,2025-02-17,e2526,105614,short,2,-0.14427259545674231,0.00397531,-0.1447972854567423,-0.1492972854567423,29,pump_le0,tdec_30_70,fund_flat,crowd_ge5,btc_down,-0.1965357571600067,0.43688446931783215,0.0001,-0.05517672334970036
SHELLUSDT,2025-02-17,e2526,105614,long,2,0.14427259545674231,-0.00397531,0.1357972854567423,0.1312972854567423,29,pump_le0,tdec_30_70,fund_flat,crowd_ge5,btc_down,-0.1965357571600067,0.43688446931783215,0.0001,-0.05517672334970036
SHIB1000USDT,2021-10-20,e2122,105440,short,1,-1.8723868387565898,0.0190655,-1.8578213387565898,-1.8623213387565898,17,pump_le0,tdec_ge70,fund_pos,crowd_01,btc_up,-0.018729932215483358,1.3162856703788475,0.003153,0.5284656656312539
SHIB1000USDT,2021-10-20,e2122,105440,long,1,1.8723868387565898,-0.0190655,1.84882133875659,1.84432133875659,17,pump_le0,tdec_ge70,fund_pos,crowd_01,btc_up,-0.018729932215483358,1.3162856703788475,0.003153,0.5284656656312539
SHIB1000USDT,2021-10-20,e2122,105440,short,2,-1.824128686327078,0.01217797,-1.816450716327078,-1.820950716327078,14,pump_le0,tdec_ge70,fund_pos,crowd_01,btc_up,-0.018729932215483358,1.3007920639566017,0.0019534,0.3958510418341794
SHIB1000USDT,2021-10-20,e2122,105440,long,2,1.824128686327078,-0.01217797,1.807450716327078,1.8029507163270782,14,pump_le0,tdec_ge70,fund_pos,crowd_01,btc_up,-0.018729932215483358,1.3007920639566017,0.0019534,0.3958510418341794
SIGNUSDT,2025-04-28,e2526,105624,short,1,0.2170381376919267,-0.07119431,0.14134382769192672,0.1368438276919267,143,pump_25_100,tdec_ge70,fund_neg,crowd_ge5,btc_up,0.30443209717017705,4.222738476177645,-0.0038592,0.14392716754161317
SIGNUSDT,2025-04-28,e2526,105624,long,1,-0.2170381376919267,0.07119431,-0.15034382769192672,-0.15484382769192673,143,pump_25_100,tdec_ge70,fund_neg,crowd_ge5,btc_up,0.30443209717017705,4.222738476177645,-0.0038592,0.14392716754161317
SIGNUSDT,2025-04-28,e2526,105624,short,2,0.17157530657163816,-0.05731689,0.10975841657163815,0.10525841657163816,119,pump_25_100,tdec_ge70,fund_neg,crowd_ge5,btc_up,0.30443209717017705,1.5353312472462315,-0.00198608,0.14076340170948476
SIGNUSDT,2025-04-28,e2526,105624,long,2,-0.17157530657163816,0.05731689,-0.11875841657163816,-0.12325841657163815,119,pump_25_100,tdec_ge70,fund_neg,crowd_ge5,btc_up,0.30443209717017705,1.5353312472462315,-0.00198608,0.14076340170948476
SILLYUSDT,2023-12-27,e2324,105554,short,1,0.3448844884488449,0.02641175,0.3667962384488449,0.3622962384488449,17,pump_le0,tdec_lt30,fund_pos,crowd_24,btc_up,-0.06983883346124331,0.24917992407806008,0.00091088,0.12657324167107342
SILLYUSDT,2023-12-27,e2324,105554,long,1,-0.3448844884488449,-0.02641175,-0.3757962384488449,-0.3802962384488449,17,pump_le0,tdec_lt30,fund_pos,crowd_24,btc_up,-0.06983883346124331,0.24917992407806008,0.00091088,0.12657324167107342
SILLYUSDT,2023-12-27,e2324,105554,short,2,0.4320457796852647,0.024720139999999998,0.4522659196852647,0.4477659196852647,14,pump_le0,tdec_30_70,fund_pos,crowd_24,btc_up,-0.06983883346124331,0.30146651646167255,0.00055904,0.1119085227662937
SILLYUSDT,2023-12-27,e2324,105554,long,2,-0.4320457796852647,-0.024720139999999998,-0.4612659196852647,-0.4657659196852647,14,pump_le0,tdec_30_70,fund_pos,crowd_24,btc_up,-0.06983883346124331,0.30146651646167255,0.00055904,0.1119085227662937
SIRENUSDT,2025-03-22,e2526,105618,short,1,0.38751526251526247,-0.03218575,0.35082951251526245,0.34632951251526245,35,pump_le0,tdec_30_70,fund_flat,crowd_ge5,btc_down,-0.22580645161290325,0.3317520494037912,0.0001,-0.1056212993147494
SIRENUSDT,2025-03-22,e2526,105618,long,1,-0.38751526251526247,0.03218575,-0.35982951251526246,-0.36432951251526247,35,pump_le0,tdec_30_70,fund_flat,crowd_ge5,btc_down,-0.22580645161290325,0.3317520494037912,0.0001,-0.1056212993147494
SIRENUSDT,2025-03-22,e2526,105618,short,2,0.4610529143164115,-0.0325868,0.42396611431641146,0.41946611431641145,29,pump_le0,tdec_30_70,fund_flat,crowd_ge5,btc_down,-0.22580645161290325,0.4957456656376438,0.0001,-0.09419042529392763
SIRENUSDT,2025-03-22,e2526,105618,long,2,-0.4610529143164115,0.0325868,-0.43296611431641147,-0.43746611431641147,29,pump_le0,tdec_30_70,fund_flat,crowd_ge5,btc_down,-0.22580645161290325,0.4957456656376438,0.0001,-0.09419042529392763
SKATEUSDT,2025-06-09,e2526,105630,short,1,0.07343071456770617,-0.0162536,0.05267711456770617,0.04817711456770617,35,pump_le0,tdec_30_70,fund_flat,crowd_24,btc_up,-0.36188436830835125,0.4709810814731446,0.0001,0.05906514219830905
SKATEUSDT,2025-06-09,e2526,105630,long,1,-0.07343071456770617,0.0162536,-0.061677114567706165,-0.06617711456770617,35,pump_le0,tdec_30_70,fund_flat,crowd_24,btc_up,-0.36188436830835125,0.4709810814731446,0.0001,0.05906514219830905
SKATEUSDT,2025-06-09,e2526,105630,short,2,0.10162679425837312,-0.016553599999999998,0.08057319425837312,0.07607319425837313,29,pump_le0,tdec_lt30,fund_flat,crowd_24,btc_up,-0.36188436830835125,0.2670452742305293,0.0001,0.05708348743503411
SKATEUSDT,2025-06-09,e2526,105630,long,2,-0.10162679425837312,0.016553599999999998,-0.08957319425837312,-0.09407319425837311,29,pump_le0,tdec_lt30,fund_flat,crowd_24,btc_up,-0.36188436830835125,0.2670452742305293,0.0001,0.05708348743503411
SKHYNIXUSDT,2026-06-04,e2526,105681,short,1,-0.23472616632860036,0.0130318,-0.22619436632860035,-0.23069436632860035,17,pump_le0,tdec_ge70,fund_flat,crowd_ge5,btc_down,-0.132030028591952,1.7910190391549135,0.0,-0.25023404616053724
SKHYNIXUSDT,2026-06-04,e2526,105681,long,1,0.23472616632860036,-0.0130318,0.21719436632860034,0.21269436632860034,17,pump_le0,tdec_ge70,fund_flat,crowd_ge5,btc_down,-0.132030028591952,1.7910190391549135,0.0,-0.25023404616053724
SKHYNIXUSDT,2026-06-04,e2526,105681,short,2,-0.25220110260840944,0.01437097,-0.24233013260840944,-0.24683013260840944,14,pump_le0,tdec_30_70,fund_flat,crowd_ge5,btc_down,-0.132030028591952,0.6948172768981126,-1.13e-6,-0.23907101433690858
SKHYNIXUSDT,2026-06-04,e2526,105681,long,2,0.25220110260840944,-0.01437097,0.23333013260840943,0.22883013260840943,14,pump_le0,tdec_30_70,fund_flat,crowd_ge5,btc_down,-0.132030028591952,0.6948172768981126,-1.13e-6,-0.23907101433690858
SKLUSDT,2022-03-23,e2122,105462,short,1,-0.5542757417102967,0.0009978,-0.5577779417102966,-0.5622779417102967,17,pump_0_25,tdec_30_70,fund_flat,crowd_ge5,btc_up,0.0372918175235335,0.5150405027186308,0.0001,0.15062345444791903
SKLUSDT,2022-03-23,e2122,105462,long,1,0.5542757417102967,-0.0009978,0.5487779417102967,0.5442779417102966,17,pump_0_25,tdec_30_70,fund_flat,crowd_ge5,btc_up,0.0372918175235335,0.5150405027186308,0.0001,0.15062345444791903
SKLUSDT,2022-03-23,e2122,105462,short,2,-0.5892219842969306,0.00067528,-0.5930467042969306,-0.5975467042969307,14,pump_0_25,tdec_30_70,fund_flat,crowd_ge5,btc_up,0.0372918175235335,0.5554661148821367,0.0001,0.18923091380166723
SKLUSDT,2022-03-23,e2122,105462,long,2,0.5892219842969306,-0.00067528,0.5840467042969307,0.5795467042969307,14,pump_0_25,tdec_30_70,fund_flat,crowd_ge5,btc_up,0.0372918175235335,0.5554661148821367,0.0001,0.18923091380166723
SKRUSDT,2026-01-20,e2526,105662,short,1,-0.20660562772637925,-0.04715822,-0.2582638477263793,-0.2627638477263793,35,pump_25_100,tdec_ge70,fund_neg,crowd_24,btc_up,0.8964545454545456,10.077217480921204,-0.00718194,0.009390561796738028
SKRUSDT,2026-01-20,e2526,105662,long,1,0.20660562772637925,0.04715822,0.24926384772637927,0.24476384772637927,35,pump_25_100,tdec_ge70,fund_neg,crowd_24,btc_up,0.8964545454545456,10.077217480921204,-0.00718194,0.009390561796738028
SKRUSDT,2026-01-20,e2526,105662,short,2,0.4101560669259971,-0.02182644,0.3838296269259971,0.3793296269259971,29,pump_25_100,tdec_ge70,fund_neg,crowd_24,btc_up,0.8964545454545456,53.39755788462307,-0.00215454,0.02364599057682626
SKRUSDT,2026-01-20,e2526,105662,long,2,-0.4101560669259971,0.02182644,-0.3928296269259971,-0.3973296269259971,29,pump_25_100,tdec_ge70,fund_neg,crowd_24,btc_up,0.8964545454545456,53.39755788462307,-0.00215454,0.02364599057682626
SKYAI1USDT,2026-05-25,e2526,105680,short,1,0.0964204802899865,0.00976572,0.1016862002899865,0.09718620028998651,35,pump_le0,tdec_ge70,fund_pos,crowd_ge5,btc_down,-0.269326270485019,2.431219609648732,0.00112712,-0.034655650256098625
SKYAI1USDT,2026-05-25,e2526,105680,long,1,-0.0964204802899865,-0.00976572,-0.1106862002899865,-0.1151862002899865,35,pump_le0,tdec_ge70,fund_pos,crowd_ge5,btc_down,-0.269326270485019,2.431219609648732,0.00112712,-0.034655650256098625
SKYAI1USDT,2026-05-25,e2526,105680,short,2,-0.034336099585062174,0.00726539,-0.031570709585062175,-0.03607070958506217,29,pump_le0,tdec_ge70,fund_pos,crowd_ge5,btc_down,-0.269326270485019,3.6793094552216545,0.00174446,-0.037713035393068806
SKYAI1USDT,2026-05-25,e2526,105680,long,2,0.034336099585062174,-0.00726539,0.022570709585062174,0.018070709585062177,29,pump_le0,tdec_ge70,fund_pos,crowd_ge5,btc_down,-0.269326270485019,3.6793094552216545,0.00174446,-0.037713035393068806
SKYAIUSDT,2025-05-13,e2526,105626,short,1,0.16415261756876667,0.0018294300000000002,0.16148204756876666,0.15698204756876666,35,pump_25_100,tdec_ge70,fund_flat,crowd_24,btc_up,0.31068283768067784,2.515330739551155,0.00010086,0.22351485675490923
SKYAIUSDT,2025-05-13,e2526,105626,long,1,-0.16415261756876667,-0.0018294300000000002,-0.17048204756876667,-0.17498204756876667,35,pump_25_100,tdec_ge70,fund_flat,crowd_24,btc_up,0.31068283768067784,2.515330739551155,0.00010086,0.22351485675490923
SKYAIUSDT,2025-05-13,e2526,105626,short,2,0.07452631578947362,0.0014502100000000002,0.07147652578947361,0.06697652578947362,29,pump_25_100,tdec_30_70,fund_flat,crowd_24,btc_up,0.31068283768067784,0.6299248173838974,0.0001,0.24049533692886804
SKYAIUSDT,2025-05-13,e2526,105626,long,2,-0.07452631578947362,-0.0014502100000000002,-0.08047652578947362,-0.08497652578947361,29,pump_25_100,tdec_30_70,fund_flat,crowd_24,btc_up,0.31068283768067784,0.6299248173838974,0.0001,0.24049533692886804
SKYUSDT,2025-08-11,e2526,105639,short,1,0.14592069006828795,0.00415778,0.14557847006828795,0.14107847006828794,35,pump_le0,tdec_30_70,fund_flat,crowd_ge5,btc_up,-0.030996052937079077,0.3546477873299692,0.0001,0.008738330552993556
SKYUSDT,2025-08-11,e2526,105639,long,1,-0.14592069006828795,-0.00415778,-0.15457847006828795,-0.15907847006828796,35,pump_le0,tdec_30_70,fund_flat,crowd_ge5,btc_up,-0.030996052937079077,0.3546477873299692,0.0001,0.008738330552993556
SKYUSDT,2025-08-11,e2526,105639,short,2,0.1274173806609546,0.00382245,0.1267398306609546,0.1222398306609546,29,pump_le0,tdec_lt30,fund_flat,crowd_ge5,btc_up,-0.030996052937079077,0.2694595306558937,0.0001,0.02925862138022195
SKYUSDT,2025-08-11,e2526,105639,long,2,-0.1274173806609546,-0.00382245,-0.1357398306609546,-0.1402398306609546,29,pump_le0,tdec_lt30,fund_flat,crowd_ge5,btc_up,-0.030996052937079077,0.2694595306558937,0.0001,0.02925862138022195
SLERFUSDT,2024-03-18,e2324,105566,short,1,0.1912390488110138,0.01341508,0.2001541288110138,0.1956541288110138,17,pump_25_100,tdec_ge70,fund_pos,crowd_ge5,btc_up,0.4799036858677532,1.7621225418400024,0.00082635,0.187764614786037
SLERFUSDT,2024-03-18,e2324,105566,long,1,-0.1912390488110138,-0.01341508,-0.2091541288110138,-0.2136541288110138,17,pump_25_100,tdec_ge70,fund_pos,crowd_ge5,btc_up,0.4799036858677532,1.7621225418400024,0.00082635,0.187764614786037
SLERFUSDT,2024-03-18,e2324,105566,short,2,0.2569851672990687,0.01159403,0.26407919729906865,0.25957919729906864,14,pump_25_100,tdec_30_70,fund_pos,crowd_ge5,btc_up,0.4799036858677532,0.4893638869115365,0.00075983,0.30947854767644056
SLERFUSDT,2024-03-18,e2324,105566,long,2,-0.2569851672990687,-0.01159403,-0.27307919729906865,-0.27757919729906866,14,pump_25_100,tdec_30_70,fund_pos,crowd_ge5,btc_up,0.4799036858677532,0.4893638869115365,0.00075983,0.30947854767644056
SLFUSDT,2024-09-03,e2324,105590,short,1,0.13497793822703563,-0.02421891,0.10625902822703563,0.10175902822703564,17,pump_le0,tdec_30_70,fund_flat,crowd_01,btc_up,-0.15791251477790913,0.45242944986962125,-0.00010541,0.07315672684030972
SLFUSDT,2024-09-03,e2324,105590,long,1,-0.13497793822703563,0.02421891,-0.11525902822703564,-0.11975902822703563,17,pump_le0,tdec_30_70,fund_flat,crowd_01,btc_up,-0.15791251477790913,0.45242944986962125,-0.00010541,0.07315672684030972
SLFUSDT,2024-09-03,e2324,105590,short,2,0.05499561787905337,-0.017311,0.03318461787905337,0.028684617879053367,14,pump_le0,tdec_lt30,fund_neg,crowd_01,btc_up,-0.15791251477790913,0.2567597335353985,-0.00485866,0.0028701656373124607
SLFUSDT,2024-09-03,e2324,105590,long,2,-0.05499561787905337,0.017311,-0.042184617879053365,-0.04668461787905337,14,pump_le0,tdec_lt30,fund_neg,crowd_01,btc_up,-0.15791251477790913,0.2567597335353985,-0.00485866,0.0028701656373124607
SLPUSDT,2021-11-18,e2122,105444,short,1,0.006643515023403231,0.00652955,0.008673065023403231,0.004173065023403233,17,pump_0_25,tdec_ge70,fund_flat,crowd_24,btc_down,0.012381534698868712,0.9341947379478708,0.0001,-0.12049806979032629
SLPUSDT,2021-11-18,e2122,105444,long,1,-0.006643515023403231,-0.00652955,-0.017673065023403232,-0.02217306502340323,17,pump_0_25,tdec_ge70,fund_flat,crowd_24,btc_down,0.012381534698868712,0.9341947379478708,0.0001,-0.12049806979032629
SLPUSDT,2021-11-18,e2122,105444,short,2,0.017766497461928883,0.00509148,0.01835797746192888,0.013857977461928883,14,pump_0_25,tdec_ge70,fund_pos,crowd_24,btc_down,0.012381534698868712,1.2367125580840543,0.00123807,-0.04040420267969025
SLPUSDT,2021-11-18,e2122,105444,long,2,-0.017766497461928883,-0.00509148,-0.027357977461928883,-0.03185797746192888,14,pump_0_25,tdec_ge70,fund_pos,crowd_24,btc_down,0.012381534698868712,1.2367125580840543,0.00123807,-0.04040420267969025
SLXUSDT,2026-06-01,e2526,105681,short,1,0.390429747028345,-0.056370870000000003,0.32955887702834497,0.32505887702834496,35,pump_le0,tdec_ge70,fund_neg,crowd_ge5,btc_down,-0.2263617071445413,1.187432090425721,-0.00730838,-0.15032108789136367
SLXUSDT,2026-06-01,e2526,105681,long,1,-0.390429747028345,0.056370870000000003,-0.338558877028345,-0.343058877028345,35,pump_le0,tdec_ge70,fund_neg,crowd_ge5,btc_down,-0.2263617071445413,1.187432090425721,-0.00730838,-0.15032108789136367
SLXUSDT,2026-06-01,e2526,105681,short,2,0.23954372623574144,-0.0004435300000000001,0.23460019623574144,0.23010019623574143,29,pump_le0,tdec_ge70,fund_flat,crowd_ge5,btc_down,-0.2263617071445413,1.3578488864643408,-0.0001665,-0.1967416238509927
SLXUSDT,2026-06-01,e2526,105681,long,2,-0.23954372623574144,0.0004435300000000001,-0.24360019623574145,-0.24810019623574145,29,pump_le0,tdec_ge70,fund_flat,crowd_ge5,btc_down,-0.2263617071445413,1.3578488864643408,-0.0001665,-0.1967416238509927
SMCIUSDT,2026-06-24,e2526,105684,short,1,0.16977777777777778,0.00016129,0.16543906777777778,0.16093906777777778,17,pump_0_25,tdec_lt30,fund_flat,crowd_ge5,btc_down,0.004464285714285587,0.00003357956314786625,0.0,-0.1958868156221425
SMCIUSDT,2026-06-24,e2526,105684,long,1,-0.16977777777777778,-0.00016129,-0.1744390677777778,-0.1789390677777778,17,pump_0_25,tdec_lt30,fund_flat,crowd_ge5,btc_down,0.004464285714285587,0.00003357956314786625,0.0,-0.1958868156221425
SMCIUSDT,2026-06-24,e2526,105684,short,2,0.08670143415906129,0.00016129,0.08236272415906128,0.07786272415906129,14,pump_0_25,tdec_lt30,fund_flat,crowd_ge5,btc_down,0.004464285714285587,0.23382417232965572,0.0,-0.19269637856056243
SMCIUSDT,2026-06-24,e2526,105684,long,2,-0.08670143415906129,-0.00016129,-0.09136272415906128,-0.09586272415906127,14,pump_0_25,tdec_lt30,fund_flat,crowd_ge5,btc_down,0.004464285714285587,0.23382417232965572,0.0,-0.19269637856056243
SNDKUSDT,2026-04-28,e2526,105676,short,1,-0.3325196290966063,0.02099369,-0.3160259390966063,-0.3205259390966063,17,pump_0_25,tdec_ge70,fund_pos,crowd_ge5,btc_up,0.03501395278678632,0.9013978558458956,0.00064574,0.13453741577089384
SNDKUSDT,2026-04-28,e2526,105676,long,1,0.3325196290966063,-0.02099369,0.3070259390966063,0.3025259390966063,17,pump_0_25,tdec_ge70,fund_pos,crowd_ge5,btc_up,0.03501395278678632,0.9013978558458956,0.00064574,0.13453741577089384
SNDKUSDT,2026-04-28,e2526,105676,short,2,-0.4146110332156843,0.01610693,-0.4030041032156843,-0.4075041032156843,14,pump_0_25,tdec_ge70,fund_pos,crowd_ge5,btc_up,0.03501395278678632,2.197830601498394,0.00250005,0.11805183120715768
SNDKUSDT,2026-04-28,e2526,105676,long,2,0.4146110332156843,-0.01610693,0.3940041032156843,0.3895041032156843,14,pump_0_25,tdec_ge70,fund_pos,crowd_ge5,btc_up,0.03501395278678632,2.197830601498394,0.00250005,0.11805183120715768
SNTUSDT,2023-11-02,e2324,105546,short,1,0.17046474071415757,0.0023713700000000002,0.16833611071415758,0.16383611071415757,17,pump_0_25,tdec_30_70,fund_flat,crowd_01,btc_up,0.0203222262907361,0.6121351299639279,0.00009547,0.2505123412102417
SNTUSDT,2023-11-02,e2324,105546,long,1,-0.17046474071415757,-0.0023713700000000002,-0.17733611071415759,-0.1818361107141576,17,pump_0_25,tdec_30_70,fund_flat,crowd_01,btc_up,0.0203222262907361,0.6121351299639279,0.00009547,0.2505123412102417
SNTUSDT,2023-11-02,e2324,105546,short,2,0.22171717171717173,0.00207137,0.21928854171717171,0.2147885417171717,14,pump_0_25,tdec_ge70,fund_flat,crowd_01,btc_up,0.0203222262907361,0.7754579054626408,0.0001,0.28023564365831666
SNTUSDT,2023-11-02,e2324,105546,long,2,-0.22171717171717173,-0.00207137,-0.22828854171717172,-0.23278854171717173,14,pump_0_25,tdec_ge70,fund_flat,crowd_01,btc_up,0.0203222262907361,0.7754579054626408,0.0001,0.28023564365831666
SNXUSDT,2021-12-13,e2122,105448,short,1,-0.0069047149339120425,0.0017000000000000001,-0.009704714933912041,-0.014204714933912042,17,pump_le0,tdec_30_70,fund_flat,crowd_ge5,btc_down,-0.03557838660578394,0.4454671005897748,0.00006411,-0.2620728069037609
SNXUSDT,2021-12-13,e2122,105448,long,1,0.0069047149339120425,-0.0017000000000000001,0.0007047149339120427,-0.003795285066087957,17,pump_le0,tdec_30_70,fund_flat,crowd_ge5,btc_down,-0.03557838660578394,0.4454671005897748,0.00006411,-0.2620728069037609
SNXUSDT,2021-12-13,e2122,105448,short,2,0.020533486854730415,0.0014,0.017433486854730413,0.012933486854730414,14,pump_le0,tdec_30_70,fund_flat,crowd_ge5,btc_down,-0.03557838660578394,0.4891250379893594,0.0001,-0.23274691285336346
SNXUSDT,2021-12-13,e2122,105448,long,2,-0.020533486854730415,-0.0014,-0.026433486854730414,-0.030933486854730415,14,pump_le0,tdec_30_70,fund_flat,crowd_ge5,btc_down,-0.03557838660578394,0.4891250379893594,0.0001,-0.23274691285336346
SOLAYERUSDT,2025-02-11,e2526,105613,short,1,0.3641177069544852,-0.05177094,0.3078467669544852,0.3033467669544852,115,pump_le0,tdec_ge70,fund_neg,crowd_ge5,btc_up,-0.03809990205680702,1.5021460351085183,-0.02023568,0.03512816877265679
SOLAYERUSDT,2025-02-11,e2526,105613,long,1,-0.3641177069544852,0.05177094,-0.3168467669544852,-0.3213467669544852,115,pump_le0,tdec_ge70,fund_neg,crowd_ge5,btc_up,-0.03809990205680702,1.5021460351085183,-0.02023568,0.03512816877265679
SOLAYERUSDT,2025-02-11,e2526,105613,short,2,0.2500300228173411,-0.01722165,0.2283083728173411,0.2238083728173411,91,pump_le0,tdec_30_70,fund_neg,crowd_ge5,btc_up,-0.03809990205680702,0.3099194828025707,-0.00624616,0.0004910731398533041
SOLAYERUSDT,2025-02-11,e2526,105613,long,2,-0.2500300228173411,0.01722165,-0.2373083728173411,-0.2418083728173411,91,pump_le0,tdec_30_70,fund_neg,crowd_ge5,btc_up,-0.03809990205680702,0.3099194828025707,-0.00624616,0.0004910731398533041
SOLOUSDT,2024-12-26,e2324,105606,short,1,-0.19039963252181896,-0.01219486,-0.20709449252181897,-0.21159449252181897,17,pump_0_25,tdec_lt30,fund_flat,crowd_ge5,btc_down,0.10144194282823182,0.18500349441677696,0.0001,-0.01728414627661512
SOLOUSDT,2024-12-26,e2324,105606,long,1,0.19039963252181896,0.01219486,0.19809449252181896,0.19359449252181896,17,pump_0_25,tdec_lt30,fund_flat,crowd_ge5,btc_down,0.10144194282823182,0.18500349441677696,0.0001,-0.01728414627661512
SOLOUSDT,2024-12-26,e2324,105606,short,2,-0.23258026159334128,-0.01235932,-0.2494395815933413,-0.2539395815933413,14,pump_0_25,tdec_lt30,fund_flat,crowd_ge5,btc_down,0.10144194282823182,0.049685226334916725,0.0001,-0.004670709738900047
SOLOUSDT,2024-12-26,e2324,105606,long,2,0.23258026159334128,0.01235932,0.24043958159334128,0.23593958159334127,14,pump_0_25,tdec_lt30,fund_flat,crowd_ge5,btc_down,0.10144194282823182,0.049685226334916725,0.0001,-0.004670709738900047
SOLUSDT,2021-10-15,e2122,105439,short,1,-0.24502282525995442,0.01233911,-0.2371837152599544,-0.2416837152599544,17,pump_0_25,tdec_30_70,fund_pos,crowd_ge5,btc_up,0.050276353466071955,0.3839607373795813,0.00100888,0.27521668132144206
SOLUSDT,2021-10-15,e2122,105439,long,1,0.24502282525995442,-0.01233911,0.2281837152599544,0.2236837152599544,17,pump_0_25,tdec_30_70,fund_pos,crowd_ge5,btc_up,0.050276353466071955,0.3839607373795813,0.00100888,0.27521668132144206
SOLUSDT,2021-10-15,e2122,105439,short,2,-0.22563430390412886,0.00853635,-0.22159795390412887,-0.22609795390412887,14,pump_0_25,tdec_30_70,fund_pos,crowd_ge5,btc_up,0.050276353466071955,0.6366289590304015,0.00121937,0.3018021829257975
SOLUSDT,2021-10-15,e2122,105439,long,2,0.22563430390412886,-0.00853635,0.21259795390412886,0.20809795390412886,14,pump_0_25,tdec_30_70,fund_pos,crowd_ge5,btc_up,0.050276353466071955,0.6366289590304015,0.00121937,0.3018021829257975
SOLVUSDT,2025-01-17,e2526,105609,short,1,0.409608574983252,0.00175,0.40685857498325195,0.40235857498325195,35,pump_le0,tdec_30_70,fund_flat,crowd_ge5,btc_up,-0.2861729744500615,0.4880076462101601,0.0001,0.0731072265332231
SOLVUSDT,2025-01-17,e2526,105609,long,1,-0.409608574983252,-0.00175,-0.41585857498325196,-0.42035857498325196,35,pump_le0,tdec_30_70,fund_flat,crowd_ge5,btc_up,-0.2861729744500615,0.4880076462101601,0.0001,0.0731072265332231
SOLVUSDT,2025-01-17,e2526,105609,short,2,0.22118419391490973,0.0014500000000000001,0.21813419391490974,0.21363419391490973,29,pump_le0,tdec_30_70,fund_flat,crowd_ge5,btc_up,-0.2861729744500615,0.39627028951585563,0.0001,0.036349203588887935
SOLVUSDT,2025-01-17,e2526,105609,long,2,-0.22118419391490973,-0.0014500000000000001,-0.22713419391490974,-0.23163419391490975,29,pump_le0,tdec_30_70,fund_flat,crowd_ge5,btc_up,-0.2861729744500615,0.39627028951585563,0.0001,0.036349203588887935
SOMIUSDT,2025-09-02,e2526,105642,short,1,-1.5476349100599602,-0.02734113,-1.5794760400599601,-1.58397604005996,35,pump_0_25,tdec_ge70,fund_flat,crowd_ge5,btc_down,0.05407303370786498,0.7100502485065981,0.0001,-0.029078482861763733
SOMIUSDT,2025-09-02,e2526,105642,long,1,1.5476349100599602,0.02734113,1.5704760400599602,1.5659760400599603,35,pump_0_25,tdec_ge70,fund_flat,crowd_ge5,btc_down,0.05407303370786498,0.7100502485065981,0.0001,-0.029078482861763733
SOMIUSDT,2025-09-02,e2526,105642,short,2,-1.217240046385775,-0.021837890000000002,-1.243577936385775,-1.248077936385775,29,pump_0_25,tdec_ge70,fund_neg,crowd_ge5,btc_down,0.05407303370786498,0.8291696777759372,-0.00065384,-0.029752032791138916
SOMIUSDT,2025-09-02,e2526,105642,long,2,1.217240046385775,0.021837890000000002,1.2345779363857752,1.2300779363857752,29,pump_0_25,tdec_ge70,fund_neg,crowd_ge5,btc_down,0.05407303370786498,0.8291696777759372,-0.00065384,-0.029752032791138916
SONICUSDT,2025-01-07,e2526,105608,short,1,0.1637492941840767,-0.01365273,0.14559656418407668,0.14109656418407668,143,pump_0_25,tdec_ge70,fund_flat,crowd_24,btc_down,0.10150516233362361,0.7453645821814183,0.0001,-0.023701055183963704
SONICUSDT,2025-01-07,e2526,105608,long,1,-0.1637492941840767,0.01365273,-0.1545965641840767,-0.1590965641840767,143,pump_0_25,tdec_ge70,fund_flat,crowd_24,btc_down,0.10150516233362361,0.7453645821814183,0.0001,-0.023701055183963704
SONICUSDT,2025-01-07,e2526,105608,short,2,0.022958173901570088,-0.0121089,0.006349273901570088,0.001849273901570088,119,pump_0_25,tdec_lt30,fund_flat,crowd_24,btc_down,0.10150516233362361,0.27998431353647885,0.0001,-0.041895211739069294
SONICUSDT,2025-01-07,e2526,105608,long,2,-0.022958173901570088,0.0121089,-0.015349273901570086,-0.019849273901570087,119,pump_0_25,tdec_lt30,fund_flat,crowd_24,btc_down,0.10150516233362361,0.27998431353647885,0.0001,-0.041895211739069294
SOONUSDT,2025-05-23,e2526,105627,short,1,0.2648459032823854,-0.00834403,0.2520018732823854,0.24750187328238538,35,pump_le0,tdec_30_70,fund_flat,crowd_ge5,btc_up,-0.2632453387483846,0.45449069755951105,-0.00031264,0.1465796658701055
SOONUSDT,2025-05-23,e2526,105627,long,1,-0.2648459032823854,0.00834403,-0.2610018732823854,-0.2655018732823854,35,pump_le0,tdec_30_70,fund_flat,crowd_ge5,btc_up,-0.2632453387483846,0.45449069755951105,-0.00031264,0.1465796658701055
SOONUSDT,2025-05-23,e2526,105627,short,2,0.25038323965252945,-0.00499925,0.24088398965252944,0.23638398965252944,29,pump_le0,tdec_lt30,fund_flat,crowd_ge5,btc_up,-0.2632453387483846,0.23458744428780676,0.0001,0.152014562952846
SOONUSDT,2025-05-23,e2526,105627,long,2,-0.25038323965252945,0.00499925,-0.24988398965252945,-0.25438398965252945,29,pump_le0,tdec_lt30,fund_flat,crowd_ge5,btc_up,-0.2632453387483846,0.23458744428780676,0.0001,0.152014562952846
SOPHUSDT,2025-05-28,e2526,105628,short,1,0.023292747485441943,-0.06344084,-0.044648092514558056,-0.04914809251455806,143,pump_le0,tdec_lt30,fund_neg,crowd_ge5,btc_up,-0.22220697227559705,0.23030367388849596,-0.00870224,0.12048832271762211
SOPHUSDT,2025-05-28,e2526,105628,long,1,-0.023292747485441943,0.06344084,0.03564809251455806,0.031148092514558058,143,pump_le0,tdec_lt30,fund_neg,crowd_ge5,btc_up,-0.22220697227559705,0.23030367388849596,-0.00870224,0.12048832271762211
SOPHUSDT,2025-05-28,e2526,105628,short,2,0.07456946998829625,-0.03534045,0.03472901998829625,0.030229019988296246,119,pump_le0,tdec_lt30,fund_neg,crowd_ge5,btc_up,-0.22220697227559705,0.2955695897812805,-0.01180784,0.10474723219787929
SOPHUSDT,2025-05-28,e2526,105628,long,2,-0.07456946998829625,0.03534045,-0.043729019988296244,-0.04822901998829625,119,pump_le0,tdec_lt30,fund_neg,crowd_ge5,btc_up,-0.22220697227559705,0.2955695897812805,-0.01180784,0.10474723219787929
SOSOUSDT,2025-06-26,e2526,105632,short,1,-0.09205671004078461,-0.0062348099999999995,-0.10279152004078461,-0.1072915200407846,35,pump_0_25,tdec_lt30,fund_neg,crowd_24,btc_down,0.02733439744612931,0.23989216300417834,-0.00195882,-0.006861959793537764
SOSOUSDT,2025-06-26,e2526,105632,long,1,0.09205671004078461,0.0062348099999999995,0.0937915200407846,0.08929152004078461,35,pump_0_25,tdec_lt30,fund_neg,crowd_24,btc_down,0.02733439744612931,0.23989216300417834,-0.00195882,-0.006861959793537764
SOSOUSDT,2025-06-26,e2526,105632,short,2,-0.02366648461678502,-0.0003369499999999999,-0.02850343461678502,-0.03300343461678502,29,pump_0_25,tdec_30_70,fund_flat,crowd_24,btc_up,0.02733439744612931,0.3401203155017748,-0.00048908,0.016020843202273705
SOSOUSDT,2025-06-26,e2526,105632,long,2,0.02366648461678502,0.0003369499999999999,0.01950343461678502,0.01500343461678502,29,pump_0_25,tdec_30_70,fund_flat,crowd_24,btc_up,0.02733439744612931,0.3401203155017748,-0.00048908,0.016020843202273705
SOXLUSDT,2026-05-19,e2526,105679,short,1,-0.3609848261203282,0.0111469,-0.35433792612032816,-0.35883792612032817,17,pump_0_25,tdec_ge70,fund_flat,crowd_ge5,btc_up,0.17008635578583764,0.896809510472967,-0.00025668,0.022823862534322004
SOXLUSDT,2026-05-19,e2526,105679,long,1,0.3609848261203282,-0.0111469,0.34533792612032815,0.34083792612032815,17,pump_0_25,tdec_ge70,fund_flat,crowd_ge5,btc_up,0.17008635578583764,0.896809510472967,-0.00025668,0.022823862534322004
SOXLUSDT,2026-05-19,e2526,105679,short,2,-0.28353471796870644,0.01198528,-0.27604943796870646,-0.28054943796870646,14,pump_0_25,tdec_ge70,fund_neg,crowd_ge5,btc_up,0.17008635578583764,1.045405687956035,-0.00123151,0.01695528397741386
SOXLUSDT,2026-05-19,e2526,105679,long,2,0.28353471796870644,-0.01198528,0.26704943796870645,0.26254943796870645,14,pump_0_25,tdec_ge70,fund_neg,crowd_ge5,btc_up,0.17008635578583764,1.045405687956035,-0.00123151,0.01695528397741386
SPACEUSDT,2026-01-23,e2526,105662,short,1,0.5040442972694208,0.00074176,0.5002860572694209,0.4957860572694208,35,pump_le0,tdec_30_70,fund_pos,crowd_ge5,btc_up,-0.0412719891745601,0.6902939438757794,0.00074946,0.022930070740243336
SPACEUSDT,2026-01-23,e2526,105662,long,1,-0.5040442972694208,-0.00074176,-0.5092860572694208,-0.5137860572694208,35,pump_le0,tdec_30_70,fund_pos,crowd_ge5,btc_up,-0.0412719891745601,0.6902939438757794,0.00074946,0.022930070740243336
SPACEUSDT,2026-01-23,e2526,105662,short,2,0.4548926014319809,-0.00032592,0.4500666814319809,0.4455666814319809,29,pump_le0,tdec_30_70,fund_flat,crowd_ge5,btc_down,-0.0412719891745601,0.5619654007865172,0.0001,-0.008052326380300623
SPACEUSDT,2026-01-23,e2526,105662,long,2,-0.4548926014319809,0.00032592,-0.4590666814319809,-0.46356668143198093,29,pump_le0,tdec_30_70,fund_flat,crowd_ge5,btc_down,-0.0412719891745601,0.5619654007865172,0.0001,-0.008052326380300623
SPCXUSDT,2026-06-15,e2526,105683,short,1,0.23803056027164682,0.0058939199999999995,0.2394244802716468,0.2349244802716468,17,pump_0_25,tdec_ge70,fund_flat,crowd_ge5,btc_down,0.19882530821121192,5.370786389248105,0.0,-0.15211763915656107
SPCXUSDT,2026-06-15,e2526,105683,long,1,-0.23803056027164682,-0.0058939199999999995,-0.24842448027164682,-0.2529244802716468,17,pump_0_25,tdec_ge70,fund_flat,crowd_ge5,btc_down,0.19882530821121192,5.370786389248105,0.0,-0.15211763915656107
SPCXUSDT,2026-06-15,e2526,105683,short,2,0.1960693996622139,0.00535156,0.1969209596622139,0.1924209596622139,14,pump_0_25,tdec_ge70,fund_flat,crowd_ge5,btc_down,0.19882530821121192,4.074866509635031,0.00005309,-0.1622487945647244
SPCXUSDT,2026-06-15,e2526,105683,long,2,-0.1960693996622139,-0.00535156,-0.2059209596622139,-0.2104209596622139,14,pump_0_25,tdec_ge70,fund_flat,crowd_ge5,btc_down,0.19882530821121192,4.074866509635031,0.00005309,-0.1622487945647244
SPECUSDT,2024-05-27,e2324,105576,short,1,-0.18556290335431444,0.0018193,-0.18824360335431445,-0.19274360335431445,17,pump_0_25,tdec_30_70,fund_flat,crowd_ge5,btc_up,0.24575682382134012,0.48043927656509644,0.0001,0.08480840920041599
SPECUSDT,2024-05-27,e2324,105576,long,1,0.18556290335431444,-0.0018193,0.17924360335431444,0.17474360335431444,17,pump_0_25,tdec_30_70,fund_flat,crowd_ge5,btc_up,0.24575682382134012,0.48043927656509644,0.0001,0.08480840920041599
SPECUSDT,2024-05-27,e2324,105576,short,2,-0.22995536452306164,0.0015193000000000001,-0.23293606452306165,-0.23743606452306165,14,pump_0_25,tdec_30_70,fund_flat,crowd_ge5,btc_up,0.24575682382134012,0.4531198558406526,0.0001,0.060288682535380334
SPECUSDT,2024-05-27,e2324,105576,long,2,0.22995536452306164,-0.0015193000000000001,0.22393606452306164,0.21943606452306164,14,pump_0_25,tdec_30_70,fund_flat,crowd_ge5,btc_up,0.24575682382134012,0.4531198558406526,0.0001,0.060288682535380334
SPELLUSDT,2021-12-13,e2122,105448,short,1,-0.6099732858414958,-0.00112985,-0.6156031358414957,-0.6201031358414958,17,pump_le0,tdec_ge70,fund_flat,crowd_ge5,btc_down,-0.15500376222723844,1.6595575811900565,0.0001,-0.2620728069037609
SPELLUSDT,2021-12-13,e2122,105448,long,1,0.6099732858414958,0.00112985,0.6066031358414958,0.6021031358414958,17,pump_le0,tdec_ge70,fund_flat,crowd_ge5,btc_down,-0.15500376222723844,1.6595575811900565,0.0001,-0.2620728069037609
SPELLUSDT,2021-12-13,e2122,105448,short,2,-0.2538141470180304,-0.00098344,-0.2592975870180304,-0.2637975870180304,14,pump_le0,tdec_ge70,fund_flat,crowd_ge5,btc_down,-0.15500376222723844,13.291749866975694,-0.00028978,-0.23274691285336346
SPELLUSDT,2021-12-13,e2122,105448,long,2,0.2538141470180304,0.00098344,0.2502975870180304,0.2457975870180304,14,pump_le0,tdec_ge70,fund_flat,crowd_ge5,btc_down,-0.15500376222723844,13.291749866975694,-0.00028978,-0.23274691285336346
SPKUSDT,2025-06-17,e2526,105631,short,1,0.17928685897435898,-0.0028380099999999998,0.17194884897435897,0.16744884897435897,35,pump_le0,tdec_30_70,fund_neg,crowd_24,btc_down,-0.15159755268524822,0.4237872142824736,-0.00227208,-0.006544562148230959
SPKUSDT,2025-06-17,e2526,105631,long,1,-0.17928685897435898,0.0028380099999999998,-0.18094884897435898,-0.18544884897435898,35,pump_le0,tdec_30_70,fund_neg,crowd_24,btc_down,-0.15159755268524822,0.4237872142824736,-0.00227208,-0.006544562148230959
SPKUSDT,2025-06-17,e2526,105631,short,2,0.036906440996709027,0.00084506,0.03325150099670903,0.028751500996709027,29,pump_le0,tdec_lt30,fund_flat,crowd_24,btc_down,-0.15159755268524822,0.23831023438017984,-0.00035384,-0.020635119775447963
SPKUSDT,2025-06-17,e2526,105631,long,2,-0.036906440996709027,-0.00084506,-0.042251500996709025,-0.04675150099670903,29,pump_le0,tdec_lt30,fund_flat,crowd_24,btc_down,-0.15159755268524822,0.23831023438017984,-0.00035384,-0.020635119775447963
SPORTFUNUSDT,2026-01-19,e2526,105662,short,1,0.08838690115221348,0.01086806,0.09475496115221348,0.09025496115221349,35,pump_le0,tdec_30_70,fund_flat,crowd_01,btc_down,-0.19374159638186028,0.6218787081336812,0.0001,-0.002810592469733475
SPORTFUNUSDT,2026-01-19,e2526,105662,long,1,-0.08838690115221348,-0.01086806,-0.10375496115221348,-0.10825496115221347,35,pump_le0,tdec_30_70,fund_flat,crowd_01,btc_down,-0.19374159638186028,0.6218787081336812,0.0001,-0.002810592469733475
SPORTFUNUSDT,2026-01-19,e2526,105662,short,2,0.10011972463334333,0.01067743,0.10629715463334333,0.10179715463334334,29,pump_le0,tdec_30_70,fund_flat,crowd_01,btc_up,-0.19374159638186028,0.6771387728022944,0.0001,0.009390561796738028
SPORTFUNUSDT,2026-01-19,e2526,105662,long,2,-0.10011972463334333,-0.01067743,-0.11529715463334334,-0.11979715463334333,29,pump_le0,tdec_30_70,fund_flat,crowd_01,btc_up,-0.19374159638186028,0.6771387728022944,0.0001,0.009390561796738028
SPXUSDT,2024-10-29,e2324,105598,short,1,0.1963075484926385,-0.023710989999999998,0.16809655849263852,0.16359655849263852,17,pump_le0,tdec_30_70,fund_neg,crowd_24,btc_up,-0.10509254418069647,0.5866173722975727,-0.00201983,0.14396271619298062
SPXUSDT,2024-10-29,e2324,105598,long,1,-0.1963075484926385,0.023710989999999998,-0.17709655849263853,-0.18159655849263853,17,pump_le0,tdec_30_70,fund_neg,crowd_24,btc_up,-0.10509254418069647,0.5866173722975727,-0.00201983,0.14396271619298062
SPXUSDT,2024-10-29,e2324,105598,short,2,0.11354555999484478,-0.01902864,0.09001691999484478,0.08551691999484479,14,pump_le0,tdec_30_70,fund_neg,crowd_24,btc_up,-0.10509254418069647,0.45331082922152116,-0.00053505,0.15697154137193614
SPXUSDT,2024-10-29,e2324,105598,long,2,-0.11354555999484478,0.01902864,-0.09901691999484478,-0.10351691999484477,14,pump_le0,tdec_30_70,fund_neg,crowd_24,btc_up,-0.10509254418069647,0.45331082922152116,-0.00053505,0.15697154137193614
SPYUSDT,2026-05-14,e2526,105678,short,1,-0.008201832872403975,-1.5e-6,-0.012703332872403973,-0.017203332872403974,17,pump_le0,tdec_lt30,fund_flat,crowd_ge5,btc_up,-0.012768007708985785,0.2357162403821767,0.0,0.057385631927979075
SPYUSDT,2026-05-14,e2526,105678,long,1,0.008201832872403975,1.5e-6,0.0037033328724039747,-0.0007966671275960249,17,pump_le0,tdec_lt30,fund_flat,crowd_ge5,btc_up,-0.012768007708985785,0.2357162403821767,0.0,0.057385631927979075
SPYUSDT,2026-05-14,e2526,105678,short,2,-0.010160144523980954,-1.5e-6,-0.014661644523980954,-0.019161644523980954,14,pump_le0,tdec_lt30,fund_flat,crowd_ge5,btc_up,-0.012768007708985785,0.057373227069583387,0.0,0.039955742314820686
SPYUSDT,2026-05-14,e2526,105678,long,2,0.010160144523980954,1.5e-6,0.005661644523980954,0.001161644523980954,14,pump_le0,tdec_lt30,fund_flat,crowd_ge5,btc_up,-0.012768007708985785,0.057373227069583387,0.0,0.039955742314820686
SQDUSDT,2025-06-11,e2526,105630,short,1,0.21131186174391198,-0.08770755,0.11910431174391198,0.11460431174391199,35,pump_0_25,tdec_30_70,fund_neg,crowd_ge5,btc_up,0.06795302013422821,0.3817704781545282,-0.01038696,0.014704441023689618
SQDUSDT,2025-06-11,e2526,105630,long,1,-0.21131186174391198,0.08770755,-0.12810431174391199,-0.132604311743912,35,pump_0_25,tdec_30_70,fund_neg,crowd_ge5,btc_up,0.06795302013422821,0.3817704781545282,-0.01038696,0.014704441023689618
SQDUSDT,2025-06-11,e2526,105630,short,2,0.13560051657339647,-0.07251388,0.058586636573396474,0.05408663657339647,29,pump_0_25,tdec_lt30,fund_neg,crowd_ge5,btc_up,0.06795302013422821,0.18974704137294898,-0.00607682,0.024922422543380618
SQDUSDT,2025-06-11,e2526,105630,long,2,-0.13560051657339647,0.07251388,-0.06758663657339647,-0.07208663657339646,29,pump_0_25,tdec_lt30,fund_neg,crowd_ge5,btc_up,0.06795302013422821,0.18974704137294898,-0.00607682,0.024922422543380618
SQQQUSDT,2026-06-30,e2526,105685,short,1,-0.06917411888479735,-0.00171761,-0.07539172888479735,-0.07989172888479734,17,pump_0_25,tdec_30_70,fund_flat,crowd_ge5,btc_down,0.00026308866087876304,0.6027165583329533,0.0,-0.15956145916939457
SQQQUSDT,2026-06-30,e2526,105685,long,1,0.06917411888479735,0.00171761,0.06639172888479734,0.061891728884797347,17,pump_0_25,tdec_30_70,fund_flat,crowd_ge5,btc_down,0.00026308866087876304,0.6027165583329533,0.0,-0.15956145916939457
SQQQUSDT,2026-06-30,e2526,105685,short,2,-0.024445564516129004,-0.00058159,-0.029527154516129004,-0.034027154516129005,14,pump_0_25,tdec_ge70,fund_neg,crowd_ge5,btc_down,0.00026308866087876304,1.4653846512704622,-0.00073322,-0.07781917476455669
SQQQUSDT,2026-06-30,e2526,105685,long,2,0.024445564516129004,0.00058159,0.020527154516129003,0.016027154516129002,14,pump_0_25,tdec_ge70,fund_neg,crowd_ge5,btc_down,0.00026308866087876304,1.4653846512704622,-0.00073322,-0.07781917476455669
SRMUSDT,2021-10-11,e2122,105439,short,1,0.06464942681951472,0.01705021,0.07719963681951471,0.07269963681951472,17,pump_le0,tdec_ge70,fund_flat,crowd_24,btc_up,-0.0197308245132628,0.8026301018962725,0.0001,0.21679430775080122
SRMUSDT,2021-10-11,e2122,105439,long,1,-0.06464942681951472,-0.01705021,-0.08619963681951472,-0.0906996368195147,17,pump_le0,tdec_ge70,fund_flat,crowd_24,btc_up,-0.0197308245132628,0.8026301018962725,0.0001,0.21679430775080122
SRMUSDT,2021-10-11,e2122,105439,short,2,0.07329635499207603,0.0165696,0.08536595499207603,0.08086595499207604,14,pump_le0,tdec_ge70,fund_flat,crowd_24,btc_up,-0.0197308245132628,0.7919520478858123,0.00028061,0.2761539317094872
SRMUSDT,2021-10-11,e2122,105439,long,2,-0.07329635499207603,-0.0165696,-0.09436595499207603,-0.09886595499207602,14,pump_le0,tdec_ge70,fund_flat,crowd_24,btc_up,-0.0197308245132628,0.7919520478858123,0.00028061,0.2761539317094872
SSVUSDT,2023-03-01,e2324,105511,short,1,0.08144355035357222,0.0012581600000000001,0.0782017103535722,0.07370171035357222,17,pump_le0,tdec_30_70,fund_flat,crowd_24,btc_up,-0.07687113111986488,0.6686394579663519,0.0001,0.014375270211846036
SSVUSDT,2023-03-01,e2324,105511,long,1,-0.08144355035357222,-0.0012581600000000001,-0.08720171035357221,-0.0917017103535722,17,pump_le0,tdec_30_70,fund_flat,crowd_24,btc_up,-0.07687113111986488,0.6686394579663519,0.0001,0.014375270211846036
SSVUSDT,2023-03-01,e2324,105511,short,2,0.05184998741505148,0.0009581600000000001,0.04830814741505148,0.04380814741505148,14,pump_le0,tdec_ge70,fund_flat,crowd_24,btc_down,-0.07687113111986488,2.877523725793078,0.0001,-0.05831138456351803
SSVUSDT,2023-03-01,e2324,105511,long,2,-0.05184998741505148,-0.0009581600000000001,-0.057308147415051476,-0.06180814741505148,14,pump_le0,tdec_ge70,fund_flat,crowd_24,btc_down,-0.07687113111986488,2.877523725793078,0.0001,-0.05831138456351803
STABLEUSDT,2025-11-06,e2526,105651,short,1,0.20322939866369702,0.00175,0.20047939866369702,0.195979398663697,35,pump_le0,tdec_30_70,fund_flat,crowd_01,btc_down,-0.022141560798548232,0.5346789161966436,0.0001,-0.16183010630019967
STABLEUSDT,2025-11-06,e2526,105651,long,1,-0.20322939866369702,-0.00175,-0.20947939866369703,-0.21397939866369703,35,pump_le0,tdec_30_70,fund_flat,crowd_01,btc_down,-0.022141560798548232,0.5346789161966436,0.0001,-0.16183010630019967
STABLEUSDT,2025-11-06,e2526,105651,short,2,0.22298642533936647,0.0014500000000000001,0.21993642533936647,0.21543642533936647,29,pump_le0,tdec_30_70,fund_flat,crowd_01,btc_down,-0.022141560798548232,0.6021112004529285,0.0001,-0.15899607739940624
STABLEUSDT,2025-11-06,e2526,105651,long,2,-0.22298642533936647,-0.0014500000000000001,-0.22893642533936648,-0.23343642533936648,29,pump_le0,tdec_30_70,fund_flat,crowd_01,btc_down,-0.022141560798548232,0.6021112004529285,0.0001,-0.15899607739940624
STBLUSDT,2025-09-17,e2526,105644,short,1,-1.4850592816205102,0.04857446,-1.4409848216205101,-1.44548482162051,35,pump_25_100,tdec_ge70,fund_pos,crowd_ge5,btc_up,0.4032168948370065,1.1321767599859618,0.00603304,0.037206062094008674
STBLUSDT,2025-09-17,e2526,105644,long,1,1.4850592816205102,-0.04857446,1.4319848216205102,1.4274848216205103,35,pump_25_100,tdec_ge70,fund_pos,crowd_ge5,btc_up,0.4032168948370065,1.1321767599859618,0.00603304,0.037206062094008674
STBLUSDT,2025-09-17,e2526,105644,short,2,-1.5455319530339697,0.04196209,-1.5080698630339697,-1.5125698630339697,29,pump_25_100,tdec_ge70,fund_pos,crowd_ge5,btc_up,0.4032168948370065,2.1269453446250703,0.00105676,0.011867718928989746
STBLUSDT,2025-09-17,e2526,105644,long,2,1.5455319530339697,-0.04196209,1.4990698630339698,1.4945698630339699,29,pump_25_100,tdec_ge70,fund_pos,crowd_ge5,btc_up,0.4032168948370065,2.1269453446250703,0.00105676,0.011867718928989746
STEEMUSDT,2023-10-25,e2324,105545,short,1,-0.05499075785582252,0.00900243,-0.05048832785582252,-0.05498832785582252,17,pump_le0,tdec_30_70,fund_flat,crowd_ge5,btc_up,-0.25095188646590505,0.32147556848696157,0.0001,0.3036814029625219
STEEMUSDT,2023-10-25,e2324,105545,long,1,0.05499075785582252,-0.00900243,0.04148832785582252,0.03698832785582252,17,pump_le0,tdec_30_70,fund_flat,crowd_ge5,btc_up,-0.25095188646590505,0.32147556848696157,0.0001,0.3036814029625219
STEEMUSDT,2023-10-25,e2324,105545,short,2,-0.11040856031128403,0.00870243,-0.10620613031128404,-0.11070613031128403,14,pump_le0,tdec_lt30,fund_flat,crowd_ge5,btc_up,-0.25095188646590505,0.152568876830809,0.0001,0.2864811548018742
STEEMUSDT,2023-10-25,e2324,105545,long,2,0.11040856031128403,-0.00870243,0.09720613031128403,0.09270613031128404,14,pump_le0,tdec_lt30,fund_flat,crowd_ge5,btc_up,-0.25095188646590505,0.152568876830809,0.0001,0.2864811548018742
STGUSDT,2022-08-26,e2122,105484,short,1,0.1787287602265576,-0.023484500000000002,0.1507442602265576,0.1462442602265576,17,pump_le0,tdec_ge70,fund_flat,crowd_01,btc_down,-0.2256335282651073,1.0622025582378865,-0.00041784,-0.15988506229288146
STGUSDT,2022-08-26,e2122,105484,long,1,-0.1787287602265576,0.023484500000000002,-0.1597442602265576,-0.1642442602265576,17,pump_le0,tdec_ge70,fund_flat,crowd_01,btc_down,-0.2256335282651073,1.0622025582378865,-0.00041784,-0.15988506229288146
STGUSDT,2022-08-26,e2122,105484,short,2,0.18488444722048722,-0.0220897,0.15829474722048723,0.15379474722048722,14,pump_le0,tdec_ge70,fund_neg,crowd_01,btc_down,-0.2256335282651073,0.9380985414431845,-0.00153029,-0.17742851732626397
STGUSDT,2022-08-26,e2122,105484,long,2,-0.18488444722048722,0.0220897,-0.16729474722048723,-0.17179474722048724,14,pump_le0,tdec_ge70,fund_neg,crowd_01,btc_down,-0.2256335282651073,0.9380985414431845,-0.00153029,-0.17742851732626397
STMXUSDT,2022-03-28,e2122,105463,short,1,-0.10825642304814159,0.00327048,-0.10948594304814159,-0.11398594304814158,17,pump_le0,tdec_ge70,fund_flat,crowd_ge5,btc_up,-0.08197847492557819,0.7029589445128809,0.0001,0.2589406610911986
STMXUSDT,2022-03-28,e2122,105463,long,1,0.10825642304814159,-0.00327048,0.10048594304814158,0.09598594304814159,17,pump_le0,tdec_ge70,fund_flat,crowd_ge5,btc_up,-0.08197847492557819,0.7029589445128809,0.0001,0.2589406610911986
STMXUSDT,2022-03-28,e2122,105463,short,2,-0.04442877291960498,0.00297048,-0.04595829291960498,-0.050458292919604984,14,pump_le0,tdec_ge70,fund_flat,crowd_ge5,btc_up,-0.08197847492557819,0.9579321906233613,0.0001,0.08976721011344013
STMXUSDT,2022-03-28,e2122,105463,long,2,0.04442877291960498,-0.00297048,0.036958292919604986,0.03245829291960498,14,pump_le0,tdec_ge70,fund_flat,crowd_ge5,btc_up,-0.08197847492557819,0.9579321906233613,0.0001,0.08976721011344013
STORJUSDT,2021-11-22,e2122,105445,short,1,-0.45302508607968534,0.01068995,-0.44683513607968534,-0.45133513607968534,17,pump_0_25,tdec_30_70,fund_flat,crowd_24,btc_down,0.06971849513285977,0.3939821983988976,0.00043847,-0.054432156843427504
STORJUSDT,2021-11-22,e2122,105445,long,1,0.45302508607968534,-0.01068995,0.4378351360796853,0.4333351360796853,17,pump_0_25,tdec_30_70,fund_flat,crowd_24,btc_down,0.06971849513285977,0.3939821983988976,0.00043847,-0.054432156843427504
STORJUSDT,2021-11-22,e2122,105445,short,2,-0.32347670250896055,0.00914003,-0.31883667250896053,-0.32333667250896053,14,pump_0_25,tdec_30_70,fund_pos,crowd_24,btc_down,0.06971849513285977,0.6104040416349713,0.00062551,-0.0938470558407809
STORJUSDT,2021-11-22,e2122,105445,long,2,0.32347670250896055,-0.00914003,0.3098366725089605,0.3053366725089605,14,pump_0_25,tdec_30_70,fund_pos,crowd_24,btc_down,0.06971849513285977,0.6104040416349713,0.00062551,-0.0938470558407809
STOUSDT,2025-04-16,e2526,105622,short,1,-0.16815491120698317,0.0043638,-0.16829111120698317,-0.17279111120698318,35,pump_le0,tdec_ge70,fund_flat,crowd_ge5,btc_up,-0.02408694800744149,0.8186777800127323,0.0001,0.026982535376174566
STOUSDT,2025-04-16,e2526,105622,long,1,0.16815491120698317,-0.0043638,0.15929111120698317,0.15479111120698316,35,pump_le0,tdec_ge70,fund_flat,crowd_ge5,btc_up,-0.02408694800744149,0.8186777800127323,0.0001,0.026982535376174566
STOUSDT,2025-04-16,e2526,105622,short,2,-0.3013300547669611,0.0040638,-0.3017662547669611,-0.3062662547669611,29,pump_le0,tdec_30_70,fund_flat,crowd_ge5,btc_down,-0.02408694800744149,0.5866356971445218,0.0001,-0.02733767857286873
STOUSDT,2025-04-16,e2526,105622,long,2,0.3013300547669611,-0.0040638,0.2927662547669611,0.2882662547669611,29,pump_le0,tdec_30_70,fund_flat,crowd_ge5,btc_down,-0.02408694800744149,0.5866356971445218,0.0001,-0.02733767857286873
STPTUSDT,2023-10-04,e2324,105542,short,1,0.10768774996296843,-0.00597156,0.09721618996296842,0.09271618996296843,17,pump_25_100,tdec_ge70,fund_neg,crowd_24,btc_up,0.2642322097378276,3.116900730777747,-0.00111205,0.06265635969420402
STPTUSDT,2023-10-04,e2324,105542,long,1,-0.10768774996296843,0.00597156,-0.10621618996296843,-0.11071618996296842,17,pump_25_100,tdec_ge70,fund_neg,crowd_24,btc_up,0.2642322097378276,3.116900730777747,-0.00111205,0.06265635969420402
STPTUSDT,2023-10-04,e2324,105542,short,2,0.07351584127960617,0.00023327000000000008,0.06924911127960616,0.06474911127960617,14,pump_25_100,tdec_ge70,fund_neg,crowd_24,btc_up,0.2642322097378276,1.9066310135695226,-0.00069999,0.08400163109963299
STPTUSDT,2023-10-04,e2324,105542,long,2,-0.07351584127960617,-0.00023327000000000008,-0.07824911127960617,-0.08274911127960616,14,pump_25_100,tdec_ge70,fund_neg,crowd_24,btc_up,0.2642322097378276,1.9066310135695226,-0.00069999,0.08400163109963299
STRAXUSDT,2023-10-09,e2324,105543,short,1,-0.4119947848761407,-0.06487803,-0.48137281487614075,-0.48587281487614076,17,pump_25_100,tdec_ge70,fund_neg,crowd_24,btc_up,0.3339130434782609,1.55670113037638,-0.00201291,0.06007805965988289
STRAXUSDT,2023-10-09,e2324,105543,long,1,0.4119947848761407,0.06487803,0.47237281487614075,0.46787281487614074,17,pump_25_100,tdec_ge70,fund_neg,crowd_24,btc_up,0.3339130434782609,1.55670113037638,-0.00201291,0.06007805965988289
STRAXUSDT,2023-10-09,e2324,105543,short,2,-0.4754768392370572,-0.05732302,-0.5372998592370571,-0.5417998592370572,14,pump_25_100,tdec_30_70,fund_neg,crowd_24,btc_up,0.3339130434782609,0.6003575839156601,-0.00129385,0.06801114702222644
STRAXUSDT,2023-10-09,e2324,105543,long,2,0.4754768392370572,0.05732302,0.5282998592370572,0.5237998592370572,14,pump_25_100,tdec_30_70,fund_neg,crowd_24,btc_up,0.3339130434782609,0.6003575839156601,-0.00129385,0.06801114702222644
STRKUSDT,2024-02-20,e2324,105562,short,1,-0.010548523206751065,0.01425943,-0.0007890932067510644,-0.005289093206751064,17,pump_le0,tdec_30_70,fund_flat,crowd_24,btc_up,-0.29385474860335203,0.5858408087003546,0.0001,0.311327551296408
STRKUSDT,2024-02-20,e2324,105562,long,1,0.010548523206751065,-0.01425943,-0.008210906793248936,-0.012710906793248935,17,pump_le0,tdec_30_70,fund_flat,crowd_24,btc_up,-0.29385474860335203,0.5858408087003546,0.0001,0.311327551296408
STRKUSDT,2024-02-20,e2324,105562,short,2,0.007253886010362701,0.01123733,0.013991216010362701,0.009491216010362702,14,pump_le0,tdec_30_70,fund_pos,crowd_24,btc_up,-0.29385474860335203,0.4250332802942521,0.00133797,0.28582885757178556
STRKUSDT,2024-02-20,e2324,105562,long,2,-0.007253886010362701,-0.01123733,-0.022991216010362702,-0.027491216010362703,14,pump_le0,tdec_30_70,fund_pos,crowd_24,btc_up,-0.29385474860335203,0.4250332802942521,0.00133797,0.28582885757178556
STXUSDT,2021-12-03,e2122,105446,short,1,0.122093023255814,0.00721292,0.12480594325581401,0.12030594325581402,17,pump_le0,tdec_ge70,fund_pos,crowd_ge5,btc_down,-0.0969305331179321,1.0591765220089278,0.00126042,-0.2004378219578291
STXUSDT,2021-12-03,e2122,105446,long,1,-0.122093023255814,-0.00721292,-0.13380594325581402,-0.13830594325581402,17,pump_le0,tdec_ge70,fund_pos,crowd_ge5,btc_down,-0.0969305331179321,1.0591765220089278,0.00126042,-0.2004378219578291
STXUSDT,2021-12-03,e2122,105446,short,2,0.056249999999999994,0.0036761800000000002,0.05542618,0.050926179999999995,14,pump_le0,tdec_ge70,fund_pos,crowd_ge5,btc_down,-0.0969305331179321,1.1361148931979643,0.00082954,-0.1914489311163895
STXUSDT,2021-12-03,e2122,105446,long,2,-0.056249999999999994,-0.0036761800000000002,-0.06442618,-0.06892617999999999,14,pump_le0,tdec_ge70,fund_pos,crowd_ge5,btc_down,-0.0969305331179321,1.1361148931979643,0.00082954,-0.1914489311163895
STXXUSDT,2026-06-25,e2526,105684,short,1,0.07826686843510774,-0.0016885300000000002,0.07207833843510775,0.06757833843510776,17,pump_le0,tdec_30_70,fund_flat,crowd_ge5,btc_down,-0.16083550426249105,0.5815583399035308,0.0,-0.19269637856056243
STXXUSDT,2026-06-25,e2526,105684,long,1,-0.07826686843510774,0.0016885300000000002,-0.08107833843510776,-0.08557833843510775,17,pump_le0,tdec_30_70,fund_flat,crowd_ge5,btc_down,-0.16083550426249105,0.5815583399035308,0.0,-0.19269637856056243
STXXUSDT,2026-06-25,e2526,105684,short,2,0.08742591490955562,-0.00166843,0.08125748490955562,0.07675748490955563,14,pump_le0,tdec_lt30,fund_flat,crowd_ge5,btc_down,-0.16083550426249105,0.0317361188973017,-0.0000201,-0.18481988543104666
STXXUSDT,2026-06-25,e2526,105684,long,2,-0.08742591490955562,0.00166843,-0.09025748490955562,-0.09475748490955561,14,pump_le0,tdec_lt30,fund_flat,crowd_ge5,btc_down,-0.16083550426249105,0.0317361188973017,-0.0000201,-0.18481988543104666
SUIUSDT,2023-05-03,e2324,105520,short,1,0.11308157258884019,-0.0017313300000000001,0.10685024258884018,0.10235024258884019,17,pump_0_25,tdec_30_70,fund_flat,crowd_01,btc_up,0.0561920132291327,0.5777079655805987,0.0001,0.023772899888808707
SUIUSDT,2023-05-03,e2324,105520,long,1,-0.11308157258884019,0.0017313300000000001,-0.11585024258884019,-0.12035024258884018,17,pump_0_25,tdec_30_70,fund_flat,crowd_01,btc_up,0.0561920132291327,0.5777079655805987,0.0001,0.023772899888808707
SUIUSDT,2023-05-03,e2324,105520,short,2,0.09749764470690955,-0.00203133,0.09096631470690955,0.08646631470690956,14,pump_0_25,tdec_30_70,fund_flat,crowd_01,btc_up,0.0561920132291327,0.3654755349618842,0.0001,0.04761194400934832
SUIUSDT,2023-05-03,e2324,105520,long,2,-0.09749764470690955,0.00203133,-0.09996631470690956,-0.10446631470690955,14,pump_0_25,tdec_30_70,fund_flat,crowd_01,btc_up,0.0561920132291327,0.3654755349618842,0.0001,0.04761194400934832
SUNDOGUSDT,2024-08-26,e2324,105589,short,1,0.041146216017634046,0.00669028,0.04333649601763405,0.038836496017634045,17,pump_0_25,tdec_30_70,fund_flat,crowd_ge5,btc_down,0.06619663141402254,0.4007391244652157,0.00046491,-0.13004224739122727
SUNDOGUSDT,2024-08-26,e2324,105589,long,1,-0.041146216017634046,-0.00669028,-0.05233649601763404,-0.05683649601763405,17,pump_0_25,tdec_30_70,fund_flat,crowd_ge5,btc_down,0.06619663141402254,0.4007391244652157,0.00046491,-0.13004224739122727
SUNDOGUSDT,2024-08-26,e2324,105589,short,2,-0.03942652329749112,0.00541271,-0.038513813297491116,-0.04301381329749112,14,pump_0_25,tdec_lt30,fund_flat,crowd_ge5,btc_down,0.06619663141402254,0.22725749180748864,0.00015817,-0.11601058754271043
SUNDOGUSDT,2024-08-26,e2324,105589,long,2,0.03942652329749112,-0.00541271,0.02951381329749112,0.025013813297491118,14,pump_0_25,tdec_lt30,fund_flat,crowd_ge5,btc_down,0.06619663141402254,0.22725749180748864,0.00015817,-0.11601058754271043
SUNUSDT,2022-02-25,e2122,105458,short,1,0.04488255033557053,0.0017000000000000001,0.04208255033557053,0.03758255033557053,17,pump_0_25,tdec_lt30,fund_flat,crowd_ge5,btc_up,0.028029322984044924,0.2820682950796873,0.0001,0.05261103108466503
SUNUSDT,2022-02-25,e2122,105458,long,1,-0.04488255033557053,-0.0017000000000000001,-0.05108255033557053,-0.05558255033557053,17,pump_0_25,tdec_lt30,fund_flat,crowd_ge5,btc_up,0.028029322984044924,0.2820682950796873,0.0001,0.05261103108466503
SUNUSDT,2022-02-25,e2122,105458,short,2,-0.011101243339254007,0.0014,-0.014201243339254006,-0.018701243339254006,14,pump_0_25,tdec_30_70,fund_flat,crowd_ge5,btc_down,0.028029322984044924,0.49302511929887616,0.0001,-0.0007560985315770985
SUNUSDT,2022-02-25,e2122,105458,long,2,0.011101243339254007,-0.0014,0.005201243339254007,0.0007012433392540075,14,pump_0_25,tdec_30_70,fund_flat,crowd_ge5,btc_down,0.028029322984044924,0.49302511929887616,0.0001,-0.0007560985315770985
SUPERUSDT,2023-11-23,e2324,105549,short,1,-0.5822616407982262,-0.04750646,-0.6342681007982262,-0.6387681007982262,17,pump_0_25,tdec_30_70,fund_flat,crowd_ge5,btc_up,0.07432110528823244,0.6465985000759554,0.0001,0.09331980872337353
SUPERUSDT,2023-11-23,e2324,105549,long,1,0.5822616407982262,0.04750646,0.6252681007982263,0.6207681007982262,17,pump_0_25,tdec_30_70,fund_flat,crowd_ge5,btc_up,0.07432110528823244,0.6465985000759554,0.0001,0.09331980872337353
SUPERUSDT,2023-11-23,e2324,105549,short,2,0.041117979037892986,-0.03714132,-0.0005233409621070119,-0.0050233409621070115,14,pump_0_25,tdec_ge70,fund_neg,crowd_ge5,btc_up,0.07432110528823244,8.550195488943602,-0.00609909,0.10609639379384839
SUPERUSDT,2023-11-23,e2324,105549,long,2,-0.041117979037892986,0.03714132,-0.008476659037892988,-0.012976659037892987,14,pump_0_25,tdec_ge70,fund_neg,crowd_ge5,btc_up,0.07432110528823244,8.550195488943602,-0.00609909,0.10609639379384839
SUSDT,2025-01-15,e2526,105609,short,1,0.24095152832843075,0.00170393,0.23815545832843074,0.23365545832843074,17,pump_0_25,tdec_30_70,fund_flat,crowd_24,btc_down,0.07982322883579629,0.6741426526603495,0.0001,-0.057867023111742966
SUSDT,2025-01-15,e2526,105609,long,1,-0.24095152832843075,-0.00170393,-0.24715545832843075,-0.2516554583284307,17,pump_0_25,tdec_30_70,fund_flat,crowd_24,btc_down,0.07982322883579629,0.6741426526603495,0.0001,-0.057867023111742966
SUSDT,2025-01-15,e2526,105609,short,2,0.23997951082084773,0.00140393,0.23688344082084772,0.23238344082084772,14,pump_0_25,tdec_30_70,fund_flat,crowd_24,btc_up,0.07982322883579629,0.35069774156330763,0.0001,0.0389441290242698
SUSDT,2025-01-15,e2526,105609,long,2,-0.23997951082084773,-0.00140393,-0.24588344082084773,-0.25038344082084774,14,pump_0_25,tdec_30_70,fund_flat,crowd_24,btc_up,0.07982322883579629,0.35069774156330763,0.0001,0.0389441290242698
SUSHIUSDT,2021-11-30,e2122,105446,short,1,0.22496697490092474,0.00302605,0.22349302490092474,0.21899302490092473,17,pump_0_25,tdec_ge70,fund_flat,crowd_ge5,btc_down,0.013929815162068149,1.0630843326757364,0.0001227,-0.061107966431225846
SUSHIUSDT,2021-11-30,e2122,105446,long,1,-0.22496697490092474,-0.00302605,-0.23249302490092474,-0.23699302490092475,17,pump_0_25,tdec_ge70,fund_flat,crowd_ge5,btc_down,0.013929815162068149,1.0630843326757364,0.0001227,-0.061107966431225846
SUSHIUSDT,2021-11-30,e2122,105446,short,2,0.20512125728221112,0.00205789,0.20267914728221112,0.19817914728221112,14,pump_0_25,tdec_ge70,fund_flat,crowd_ge5,btc_down,0.013929815162068149,0.8691743200447887,0.00035691,-0.10680862499604793
SUSHIUSDT,2021-11-30,e2122,105446,long,2,-0.20512125728221112,-0.00205789,-0.21167914728221113,-0.21617914728221113,14,pump_0_25,tdec_ge70,fund_flat,crowd_ge5,btc_down,0.013929815162068149,0.8691743200447887,0.00035691,-0.10680862499604793
SWARMSUSDT,2025-01-06,e2526,105608,short,1,0.5684114836581963,0.0033842900000000003,0.5672957736581963,0.5627957736581962,17,pump_25_100,tdec_ge70,fund_flat,crowd_24,btc_down,0.40541343554089804,1.5670507239484301,0.0004945,-0.04228515972439095
SWARMSUSDT,2025-01-06,e2526,105608,long,1,-0.5684114836581963,-0.0033842900000000003,-0.5762957736581962,-0.5807957736581962,17,pump_25_100,tdec_ge70,fund_flat,crowd_24,btc_down,0.40541343554089804,1.5670507239484301,0.0004945,-0.04228515972439095
SWARMSUSDT,2025-01-06,e2526,105608,short,2,0.3467618072443364,0.0014,0.3436618072443364,0.3391618072443364,14,pump_25_100,tdec_ge70,fund_flat,crowd_24,btc_down,0.40541343554089804,1.0643222345829253,0.0003858,-0.023701055183963704
SWARMSUSDT,2025-01-06,e2526,105608,long,2,-0.3467618072443364,-0.0014,-0.35266180724433643,-0.35716180724433644,14,pump_25_100,tdec_ge70,fund_flat,crowd_24,btc_down,0.40541343554089804,1.0643222345829253,0.0003858,-0.023701055183963704
SWEATUSDT,2022-11-04,e2122,105494,short,1,0.39909576654336215,0.001831,0.3964267665433622,0.39192676654336217,17,pump_0_25,tdec_30_70,fund_pos,crowd_01,btc_up,0.15198863636363646,0.4868966558343352,0.00055206,0.06695231652008315
SWEATUSDT,2022-11-04,e2122,105494,long,1,-0.39909576654336215,-0.001831,-0.4054267665433622,-0.4099267665433622,17,pump_0_25,tdec_30_70,fund_pos,crowd_01,btc_up,0.15198863636363646,0.4868966558343352,0.00055206,0.06695231652008315
SWEATUSDT,2022-11-04,e2122,105494,short,2,0.3243992606284658,0.00096497,0.3208642306284658,0.3163642306284658,14,pump_0_25,tdec_lt30,fund_flat,crowd_01,btc_up,0.15198863636363646,0.2762047381773029,0.0001775,0.07103881132317147
SWEATUSDT,2022-11-04,e2122,105494,long,2,-0.3243992606284658,-0.00096497,-0.3298642306284658,-0.3343642306284658,14,pump_0_25,tdec_lt30,fund_flat,crowd_01,btc_up,0.15198863636363646,0.2762047381773029,0.0001775,0.07103881132317147
SWELLUSDT,2024-11-07,e2324,105599,short,1,0.3432593394694099,-0.02029462,0.3184647194694099,0.3139647194694099,17,pump_25_100,tdec_ge70,fund_neg,crowd_24,btc_up,0.6515648286140088,1.1934288239331263,-0.00191461,0.2624501507234229
SWELLUSDT,2024-11-07,e2324,105599,long,1,-0.3432593394694099,0.02029462,-0.3274647194694099,-0.3319647194694099,17,pump_25_100,tdec_ge70,fund_neg,crowd_24,btc_up,0.6515648286140088,1.1934288239331263,-0.00191461,0.2624501507234229
SWELLUSDT,2024-11-07,e2324,105599,short,2,0.40963659961064247,-0.01448324,0.39065335961064246,0.38615335961064245,14,pump_25_100,tdec_ge70,fund_neg,crowd_24,btc_up,0.6515648286140088,1.0612945899548718,-0.00064844,0.27209448118934043
SWELLUSDT,2024-11-07,e2324,105599,long,2,-0.40963659961064247,0.01448324,-0.39965335961064247,-0.40415335961064247,14,pump_25_100,tdec_ge70,fund_neg,crowd_24,btc_up,0.6515648286140088,1.0612945899548718,-0.00064844,0.27209448118934043
SXPUSDT,2021-12-08,e2122,105447,short,1,0.033537568526281876,0.00167014,0.030707708526281876,0.026207708526281875,17,pump_le0,tdec_30_70,fund_flat,crowd_ge5,btc_down,-0.06285886974916899,0.6765705403643777,0.0001,-0.2901764051570327
SXPUSDT,2021-12-08,e2122,105447,long,1,-0.033537568526281876,-0.00167014,-0.039707708526281874,-0.04420770852628188,17,pump_le0,tdec_30_70,fund_flat,crowd_ge5,btc_down,-0.06285886974916899,0.6765705403643777,0.0001,-0.2901764051570327
SXPUSDT,2021-12-08,e2122,105447,short,2,-0.005704697986577149,0.0013701400000000002,-0.00883455798657715,-0.013334557986577148,14,pump_le0,tdec_ge70,fund_flat,crowd_ge5,btc_down,-0.06285886974916899,0.7371943421102924,0.0001,-0.27294721351136864
SXPUSDT,2021-12-08,e2122,105447,long,2,0.005704697986577149,-0.0013701400000000002,-0.00016544201342285052,-0.00466544201342285,14,pump_le0,tdec_ge70,fund_flat,crowd_ge5,btc_down,-0.06285886974916899,0.7371943421102924,0.0001,-0.27294721351136864
SXTUSDT,2025-05-03,e2526,105624,short,1,0.5030075187969925,0.0015464300000000001,0.5000539487969925,0.49555394879699244,35,pump_le0,tdec_30_70,fund_flat,crowd_ge5,btc_up,-0.21764705882352942,0.5018813066659883,0.0001,0.12355998716941263
SXTUSDT,2025-05-03,e2526,105624,long,1,-0.5030075187969925,-0.0015464300000000001,-0.5090539487969924,-0.5135539487969925,35,pump_le0,tdec_30_70,fund_flat,crowd_ge5,btc_up,-0.21764705882352942,0.5018813066659883,0.0001,0.12355998716941263
SXTUSDT,2025-05-03,e2526,105624,short,2,0.5593333333333332,0.00124643,0.5560797633333333,0.5515797633333333,29,pump_le0,tdec_ge70,fund_flat,crowd_ge5,btc_up,-0.21764705882352942,1.2023263633419001,0.0001,0.13416099079364807
SXTUSDT,2025-05-03,e2526,105624,long,2,-0.5593333333333332,-0.00124643,-0.5650797633333332,-0.5695797633333333,29,pump_le0,tdec_ge70,fund_flat,crowd_ge5,btc_up,-0.21764705882352942,1.2023263633419001,0.0001,0.13416099079364807
SYNUSDT,2024-08-20,e2324,105588,short,1,0.07388193202146691,0.0017000000000000001,0.0710819320214669,0.06658193202146691,17,pump_le0,tdec_ge70,fund_flat,crowd_24,btc_down,-0.0499660095173351,0.7392884533109,0.0001,-0.09442376758685278
SYNUSDT,2024-08-20,e2324,105588,long,1,-0.07388193202146691,-0.0017000000000000001,-0.0800819320214669,-0.0845819320214669,17,pump_le0,tdec_ge70,fund_flat,crowd_24,btc_down,-0.0499660095173351,0.7392884533109,0.0001,-0.09442376758685278
SYNUSDT,2024-08-20,e2324,105588,short,2,0.09175438596491212,0.0014,0.08865438596491211,0.08415438596491212,14,pump_le0,tdec_30_70,fund_flat,crowd_24,btc_down,-0.0499660095173351,0.5259667784684724,0.0001,-0.08444512538283822
SYNUSDT,2024-08-20,e2324,105588,long,2,-0.09175438596491212,-0.0014,-0.09765438596491212,-0.10215438596491211,14,pump_le0,tdec_30_70,fund_flat,crowd_24,btc_down,-0.0499660095173351,0.5259667784684724,0.0001,-0.08444512538283822
SYRUPUSDT,2025-05-19,e2526,105627,short,1,-0.1616718145643765,0.00083208,-0.16533973456437648,-0.16983973456437648,35,pump_0_25,tdec_ge70,fund_flat,crowd_24,btc_up,0.09457236842105265,2.1978875987005337,0.0001,0.2544197873052598
SYRUPUSDT,2025-05-19,e2526,105627,long,1,0.1616718145643765,-0.00083208,0.15633973456437647,0.15183973456437647,35,pump_0_25,tdec_ge70,fund_flat,crowd_24,btc_up,0.09457236842105265,2.1978875987005337,0.0001,0.2544197873052598
SYRUPUSDT,2025-05-19,e2526,105627,short,2,-0.22489877354615337,0.00053208,-0.22886669354615338,-0.2333666935461534,29,pump_0_25,tdec_ge70,fund_flat,crowd_24,btc_up,0.09457236842105265,0.9243643149409561,0.0001,0.25308473312899915
SYRUPUSDT,2025-05-19,e2526,105627,long,2,0.22489877354615337,-0.00053208,0.21986669354615337,0.21536669354615337,29,pump_0_25,tdec_ge70,fund_flat,crowd_24,btc_up,0.09457236842105265,0.9243643149409561,0.0001,0.25308473312899915
SYSUSDT,2024-08-20,e2324,105588,short,1,0.1886422976501306,0.0017000000000000001,0.1858422976501306,0.1813422976501306,17,pump_le0,tdec_30_70,fund_flat,crowd_24,btc_down,-0.020460358056266004,0.6355210594057303,0.0001,-0.09442376758685278
SYSUSDT,2024-08-20,e2324,105588,long,1,-0.1886422976501306,-0.0017000000000000001,-0.1948422976501306,-0.19934229765013062,17,pump_le0,tdec_30_70,fund_flat,crowd_24,btc_down,-0.020460358056266004,0.6355210594057303,0.0001,-0.09442376758685278
SYSUSDT,2024-08-20,e2324,105588,short,2,0.12464788732394362,0.0014,0.12154788732394362,0.11704788732394363,14,pump_le0,tdec_30_70,fund_flat,crowd_24,btc_down,-0.020460358056266004,0.4465017815172557,0.0001,-0.08444512538283822
SYSUSDT,2024-08-20,e2324,105588,long,2,-0.12464788732394362,-0.0014,-0.13054788732394362,-0.13504788732394363,14,pump_le0,tdec_30_70,fund_flat,crowd_24,btc_down,-0.020460358056266004,0.4465017815172557,0.0001,-0.08444512538283822
TACUSDT,2025-07-15,e2526,105635,short,1,0.15477707006369415,0.00344065,0.15371772006369414,0.14921772006369413,35,pump_le0,tdec_30_70,fund_flat,crowd_ge5,btc_up,-0.3659127625201939,0.5483434733347317,0.0001,0.11126068273983991
TACUSDT,2025-07-15,e2526,105635,long,1,-0.15477707006369415,-0.00344065,-0.16271772006369414,-0.16721772006369415,35,pump_le0,tdec_30_70,fund_flat,crowd_ge5,btc_up,-0.3659127625201939,0.5483434733347317,0.0001,0.11126068273983991
TACUSDT,2025-07-15,e2526,105635,short,2,0.09972862957937578,0.00280937,0.09803799957937578,0.0935379995793758,29,pump_le0,tdec_lt30,fund_flat,crowd_ge5,btc_up,-0.3659127625201939,0.24476141753317826,0.0001,0.14071017206521308
TACUSDT,2025-07-15,e2526,105635,long,2,-0.09972862957937578,-0.00280937,-0.10703799957937579,-0.11153799957937578,29,pump_le0,tdec_lt30,fund_flat,crowd_ge5,btc_up,-0.3659127625201939,0.24476141753317826,0.0001,0.14071017206521308
TAIKOUSDT,2024-06-05,e2324,105577,short,1,0.21679384041708383,0.0017000000000000001,0.21399384041708383,0.20949384041708383,17,pump_25_100,tdec_ge70,fund_flat,crowd_ge5,btc_up,0.29983843461089665,2.0094809970195633,-0.00031535,0.136746664099046
TAIKOUSDT,2024-06-05,e2324,105577,long,1,-0.21679384041708383,-0.0017000000000000001,-0.22299384041708384,-0.22749384041708384,17,pump_25_100,tdec_ge70,fund_flat,crowd_ge5,btc_up,0.29983843461089665,2.0094809970195633,-0.00031535,0.136746664099046
TAIKOUSDT,2024-06-05,e2324,105577,short,2,0.1098029981948041,0.0014,0.1067029981948041,0.1022029981948041,14,pump_25_100,tdec_ge70,fund_flat,crowd_ge5,btc_up,0.29983843461089665,0.7768024957980089,0.0001,0.13448924203779988
TAIKOUSDT,2024-06-05,e2324,105577,long,2,-0.1098029981948041,-0.0014,-0.1157029981948041,-0.1202029981948041,14,pump_25_100,tdec_ge70,fund_flat,crowd_ge5,btc_up,0.29983843461089665,0.7768024957980089,0.0001,0.13448924203779988
TAIUSDT,2024-11-14,e2324,105600,short,1,-0.013383297644539627,0.00401018,-0.013873117644539627,-0.018373117644539624,17,pump_0_25,tdec_ge70,fund_flat,crowd_ge5,btc_up,0.047215647190731236,0.9108053604333393,0.00048352,0.34810363473091965
TAIUSDT,2024-11-14,e2324,105600,long,1,0.013383297644539627,-0.00401018,0.004873117644539627,0.00037311764453962747,17,pump_0_25,tdec_ge70,fund_flat,crowd_ge5,btc_up,0.047215647190731236,0.9108053604333393,0.00048352,0.34810363473091965
TAIUSDT,2024-11-14,e2324,105600,short,2,0.018662519440124377,0.00266192,0.016824439440124375,0.012324439440124376,14,pump_0_25,tdec_30_70,fund_pos,crowd_ge5,btc_up,0.047215647190731236,0.39206226842913705,0.00068301,0.34478204610745755
TAIUSDT,2024-11-14,e2324,105600,long,2,-0.018662519440124377,-0.00266192,-0.025824439440124376,-0.030324439440124376,14,pump_0_25,tdec_30_70,fund_pos,crowd_ge5,btc_up,0.047215647190731236,0.39206226842913705,0.00068301,0.34478204610745755
TANSSIUSDT,2025-07-09,e2526,105634,short,1,-0.17375132837406998,0.00289488,-0.17535644837407,-0.17985644837407,35,pump_0_25,tdec_ge70,fund_flat,crowd_24,btc_up,0.18863157894736848,0.9665484687143693,0.0001,0.05227914993989713
TANSSIUSDT,2025-07-09,e2526,105634,long,1,0.17375132837406998,-0.00289488,0.16635644837407,0.16185644837406998,35,pump_0_25,tdec_ge70,fund_flat,crowd_24,btc_up,0.18863157894736848,0.9665484687143693,0.0001,0.05227914993989713
TANSSIUSDT,2025-07-09,e2526,105634,short,2,-0.07528800908648384,0.0023169,-0.07747110908648384,-0.08197110908648383,29,pump_0_25,tdec_30_70,fund_flat,crowd_24,btc_up,0.18863157894736848,0.6154507946057868,0.0001,0.08192256592558222
TANSSIUSDT,2025-07-09,e2526,105634,long,2,0.07528800908648384,-0.0023169,0.06847110908648384,0.06397110908648385,29,pump_0_25,tdec_30_70,fund_flat,crowd_24,btc_up,0.18863157894736848,0.6154507946057868,0.0001,0.08192256592558222
TAOUSDT,2024-01-30,e2324,105559,short,1,-0.04657405829214252,0.00824003,-0.042834028292142515,-0.04733402829214252,17,pump_0_25,tdec_30_70,fund_flat,crowd_01,btc_down,0.14055209953343706,0.3662727553464435,0.00015352,-0.03804184422014001
TAOUSDT,2024-01-30,e2324,105559,long,1,0.04657405829214252,-0.00824003,0.03383402829214252,0.029334028292142517,17,pump_0_25,tdec_30_70,fund_flat,crowd_01,btc_down,0.14055209953343706,0.3662727553464435,0.00015352,-0.03804184422014001
TAOUSDT,2024-01-30,e2324,105559,short,2,-0.0939093642133393,0.00583215,-0.09257721421333931,-0.0970772142133393,14,pump_0_25,tdec_lt30,fund_pos,crowd_01,btc_down,0.14055209953343706,0.22441616408797171,0.00083696,-0.042774900531241
TAOUSDT,2024-01-30,e2324,105559,long,2,0.0939093642133393,-0.00583215,0.0835772142133393,0.07907721421333931,14,pump_0_25,tdec_lt30,fund_pos,crowd_01,btc_down,0.14055209953343706,0.22441616408797171,0.00083696,-0.042774900531241
TAUSDT,2025-07-21,e2526,105636,short,1,0.30673076923076925,0.00175,0.3039807692307692,0.2994807692307692,35,pump_le0,tdec_30_70,fund_pos,crowd_ge5,btc_up,-0.27475592747559274,0.5061369857745034,0.00204334,0.18967774415956518
TAUSDT,2025-07-21,e2526,105636,long,1,-0.30673076923076925,-0.00175,-0.31298076923076923,-0.31748076923076923,35,pump_le0,tdec_30_70,fund_pos,crowd_ge5,btc_up,-0.27475592747559274,0.5061369857745034,0.00204334,0.18967774415956518
TAUSDT,2025-07-21,e2526,105636,short,2,0.29521016617790813,0.0014500000000000001,0.29216016617790813,0.2876601661779081,29,pump_le0,tdec_30_70,fund_flat,crowd_ge5,btc_up,-0.27475592747559274,0.3645001416597109,0.0001,0.12784434408050638
TAUSDT,2025-07-21,e2526,105636,long,2,-0.29521016617790813,-0.0014500000000000001,-0.30116016617790814,-0.30566016617790814,29,pump_le0,tdec_30_70,fund_flat,crowd_ge5,btc_up,-0.27475592747559274,0.3645001416597109,0.0001,0.12784434408050638
THETAUSDT,2021-08-31,e2122,105433,short,1,0.01587524585557747,0.03379796,0.04517320585557747,0.04067320585557747,17,pump_0_25,tdec_ge70,fund_pos,crowd_24,btc_up,0.0592261904761906,1.1380879520826992,0.0008323,0.24669985956849239
THETAUSDT,2021-08-31,e2122,105433,long,1,-0.01587524585557747,-0.03379796,-0.054173205855577465,-0.05867320585557747,17,pump_0_25,tdec_ge70,fund_pos,crowd_24,btc_up,0.0592261904761906,1.1380879520826992,0.0008323,0.24669985956849239
THETAUSDT,2021-08-31,e2122,105433,short,2,0.003556187766714133,0.0289987,0.028054887766714134,0.023554887766714133,14,pump_0_25,tdec_ge70,fund_pos,crowd_24,btc_up,0.0592261904761906,1.37147367484608,0.00203061,0.2908645981915019
THETAUSDT,2021-08-31,e2122,105433,long,2,-0.003556187766714133,-0.0289987,-0.03705488776671413,-0.041554887766714135,14,pump_0_25,tdec_ge70,fund_pos,crowd_24,btc_up,0.0592261904761906,1.37147367484608,0.00203061,0.2908645981915019
THEUSDT,2024-11-27,e2324,105602,short,1,0.2720659849038227,0.00942572,0.27699170490382274,0.27249170490382274,17,pump_25_100,tdec_30_70,fund_flat,crowd_ge5,btc_up,0.9464454976303318,0.4453239751086515,0.00027884,0.3153668006734702
THEUSDT,2024-11-27,e2324,105602,long,1,-0.2720659849038227,-0.00942572,-0.28599170490382275,-0.29049170490382276,17,pump_25_100,tdec_30_70,fund_flat,crowd_ge5,btc_up,0.9464454976303318,0.4453239751086515,0.00027884,0.3153668006734702
THEUSDT,2024-11-27,e2324,105602,short,2,0.20239445074368037,0.00794488,0.20583933074368035,0.20133933074368035,14,pump_25_100,tdec_lt30,fund_pos,crowd_ge5,btc_up,0.9464454976303318,0.1978685516190024,0.00055955,0.3473088139606526
THEUSDT,2024-11-27,e2324,105602,long,2,-0.20239445074368037,-0.00794488,-0.21483933074368036,-0.21933933074368037,14,pump_25_100,tdec_lt30,fund_pos,crowd_ge5,btc_up,0.9464454976303318,0.1978685516190024,0.00055955,0.3473088139606526
TIAUSDT,2023-10-31,e2324,105546,short,1,0.08292185907986528,0.00325978,0.08168163907986528,0.07718163907986529,17,pump_0_25,tdec_30_70,fund_flat,crowd_01,btc_up,0.18870824987189638,0.5144207400666341,0.00043221,0.28956014568423205
TIAUSDT,2023-10-31,e2324,105546,long,1,-0.08292185907986528,-0.00325978,-0.09068163907986529,-0.09518163907986528,17,pump_0_25,tdec_30_70,fund_flat,crowd_01,btc_up,0.18870824987189638,0.5144207400666341,0.00043221,0.28956014568423205
TIAUSDT,2023-10-31,e2324,105546,short,2,0.024184805270619746,0.00295978,0.022644585270619744,0.018144585270619747,14,pump_0_25,tdec_30_70,fund_flat,crowd_01,btc_up,0.18870824987189638,0.4026068158514273,0.0001,0.27524331344024033
TIAUSDT,2023-10-31,e2324,105546,long,2,-0.024184805270619746,-0.00295978,-0.031644585270619745,-0.03614458527061974,14,pump_0_25,tdec_30_70,fund_flat,crowd_01,btc_up,0.18870824987189638,0.4026068158514273,0.0001,0.27524331344024033
TLMUSDT,2021-11-22,e2122,105445,short,1,0.015292897874546296,0.01232286,0.023115757874546294,0.018615757874546293,17,pump_0_25,tdec_ge70,fund_pos,crowd_24,btc_down,0.14277251184834117,1.2978349894674333,0.00142242,-0.054432156843427504
TLMUSDT,2021-11-22,e2122,105445,long,1,-0.015292897874546296,-0.01232286,-0.03211575787454629,-0.036615757874546295,17,pump_0_25,tdec_ge70,fund_pos,crowd_24,btc_down,0.14277251184834117,1.2978349894674333,0.00142242,-0.054432156843427504
TLMUSDT,2021-11-22,e2122,105445,short,2,0.15969918159699178,0.00862661,0.1638257915969918,0.15932579159699178,14,pump_0_25,tdec_ge70,fund_pos,crowd_24,btc_down,0.14277251184834117,2.1600326593584414,0.00067599,-0.0938470558407809
TLMUSDT,2021-11-22,e2122,105445,long,2,-0.15969918159699178,-0.00862661,-0.1728257915969918,-0.1773257915969918,14,pump_0_25,tdec_ge70,fund_pos,crowd_24,btc_down,0.14277251184834117,2.1600326593584414,0.00067599,-0.0938470558407809
TNSRUSDT,2024-04-09,e2324,105569,short,1,0.4716658524670249,0.00228661,0.46945246246702493,0.46495246246702493,17,pump_le0,tdec_30_70,fund_flat,crowd_24,btc_down,-0.13537486800422383,0.6097371087273061,0.0001,-0.02074220677344052
TNSRUSDT,2024-04-09,e2324,105569,long,1,-0.4716658524670249,-0.00228661,-0.47845246246702494,-0.48295246246702495,17,pump_le0,tdec_30_70,fund_flat,crowd_24,btc_down,-0.13537486800422383,0.6097371087273061,0.0001,-0.02074220677344052
TNSRUSDT,2024-04-09,e2324,105569,short,2,0.38367288787576576,0.0015716200000000001,0.38074450787576575,0.37624450787576574,14,pump_le0,tdec_30_70,fund_flat,crowd_24,btc_down,-0.13537486800422383,0.6211991262444236,0.00030008,-0.02060493343774472
TNSRUSDT,2024-04-09,e2324,105569,long,2,-0.38367288787576576,-0.0015716200000000001,-0.38974450787576576,-0.39424450787576576,14,pump_le0,tdec_30_70,fund_flat,crowd_24,btc_down,-0.13537486800422383,0.6211991262444236,0.00030008,-0.02060493343774472
TOKENUSDT,2023-11-03,e2324,105546,short,1,0.2853784673248707,0.01525407,0.2961325373248707,0.2916325373248707,17,pump_le0,tdec_30_70,fund_pos,crowd_24,btc_up,-0.038644067796610115,0.35775158429839454,0.00188006,0.28023564365831666
TOKENUSDT,2023-11-03,e2324,105546,long,1,-0.2853784673248707,-0.01525407,-0.3051325373248707,-0.3096325373248707,17,pump_le0,tdec_30_70,fund_pos,crowd_24,btc_up,-0.038644067796610115,0.35775158429839454,0.00188006,0.28023564365831666
TOKENUSDT,2023-11-03,e2324,105546,short,2,0.10902696365767872,0.0110058,0.11553276365767871,0.11103276365767872,14,pump_le0,tdec_lt30,fund_pos,crowd_24,btc_up,-0.038644067796610115,0.26970413650001707,0.00097362,0.2552010747872817
TOKENUSDT,2023-11-03,e2324,105546,long,2,-0.10902696365767872,-0.0110058,-0.12453276365767872,-0.1290327636576787,14,pump_le0,tdec_lt30,fund_pos,crowd_24,btc_up,-0.038644067796610115,0.26970413650001707,0.00097362,0.2552010747872817
TOMIUSDT,2023-10-10,e2324,105543,short,1,0.1682551319648094,-0.01207623,0.1516789019648094,0.1471789019648094,17,pump_0_25,tdec_ge70,fund_neg,crowd_24,btc_up,0.1613452532992763,0.7913020903104531,-0.00070552,0.06801114702222644
TOMIUSDT,2023-10-10,e2324,105543,long,1,-0.1682551319648094,0.01207623,-0.1606789019648094,-0.16517890196480942,17,pump_0_25,tdec_ge70,fund_neg,crowd_24,btc_up,0.1613452532992763,0.7913020903104531,-0.00070552,0.06801114702222644
TOMIUSDT,2023-10-10,e2324,105543,short,2,0.09745425616547322,-0.00912204,0.08383221616547322,0.07933221616547323,14,pump_0_25,tdec_30_70,fund_neg,crowd_24,btc_up,0.1613452532992763,0.43132812384924085,-0.00056496,0.035678606001936064
TOMIUSDT,2023-10-10,e2324,105543,long,2,-0.09745425616547322,0.00912204,-0.09283221616547323,-0.09733221616547322,14,pump_0_25,tdec_30_70,fund_neg,crowd_24,btc_up,0.1613452532992763,0.43132812384924085,-0.00056496,0.035678606001936064
TOMOUSDT,2022-04-28,e2122,105467,short,1,0.11938435940099831,-0.00009640999999999995,0.1147879494009983,0.11028794940099831,17,pump_le0,tdec_ge70,fund_flat,crowd_24,btc_down,-0.08697303456133687,1.411630044124971,-0.00001295,-0.17973800612453217
TOMOUSDT,2022-04-28,e2122,105467,long,1,-0.11938435940099831,0.00009640999999999995,-0.12378794940099831,-0.1282879494009983,17,pump_le0,tdec_ge70,fund_flat,crowd_24,btc_down,-0.08697303456133687,1.411630044124971,-0.00001295,-0.17973800612453217
TOMOUSDT,2022-04-28,e2122,105467,short,2,0.16058683584456773,4.520000000000031e-6,0.15609135584456774,0.15159135584456773,14,pump_le0,tdec_ge70,fund_flat,crowd_24,btc_down,-0.08697303456133687,1.771373649260729,-0.00001696,-0.17357342181011182
TOMOUSDT,2022-04-28,e2122,105467,long,2,-0.16058683584456773,-4.520000000000031e-6,-0.16509135584456774,-0.16959135584456775,14,pump_le0,tdec_ge70,fund_flat,crowd_24,btc_down,-0.08697303456133687,1.771373649260729,-0.00001696,-0.17357342181011182
TONUSDT,2023-08-31,e2324,105537,short,1,0.07081290322580644,0.0017000000000000001,0.06801290322580644,0.06351290322580645,17,pump_0_25,tdec_ge70,fund_flat,crowd_24,btc_down,0.13816601069141754,5.563061089887263,0.0001,-0.11573956626373849
TONUSDT,2023-08-31,e2324,105537,long,1,-0.07081290322580644,-0.0017000000000000001,-0.07701290322580645,-0.08151290322580644,17,pump_0_25,tdec_ge70,fund_flat,crowd_24,btc_down,0.13816601069141754,5.563061089887263,0.0001,-0.11573956626373849
TONUSDT,2023-08-31,e2324,105537,short,2,0.030115289300721937,0.0014,0.027015289300721935,0.022515289300721934,14,pump_0_25,tdec_ge70,fund_flat,crowd_24,btc_down,0.13816601069141754,4.063935189816464,0.0001,-0.11378249067778012
TONUSDT,2023-08-31,e2324,105537,long,2,-0.030115289300721937,-0.0014,-0.03601528930072193,-0.040515289300721936,14,pump_0_25,tdec_ge70,fund_flat,crowd_24,btc_down,0.13816601069141754,4.063935189816464,0.0001,-0.11378249067778012
TOWNSUSDT,2025-08-05,e2526,105638,short,1,-0.0009230769230769922,-0.00932586,-0.01474893692307699,-0.01924893692307699,35,pump_le0,tdec_30_70,fund_neg,crowd_24,btc_up,-0.1560633601661906,0.4890842833042309,-0.00242228,0.06231977818853984
TOWNSUSDT,2025-08-05,e2526,105638,long,1,0.0009230769230769922,0.00932586,0.005748936923076992,0.0012489369230769924,35,pump_le0,tdec_30_70,fund_neg,crowd_24,btc_up,-0.1560633601661906,0.4890842833042309,-0.00242228,0.06231977818853984
TOWNSUSDT,2025-08-05,e2526,105638,short,2,-0.008682170542635734,-0.0003589499999999999,-0.013541120542635735,-0.018041120542635736,29,pump_le0,tdec_30_70,fund_flat,crowd_24,btc_up,-0.1560633601661906,0.38717542912769914,0.0001,0.07823155180062069
TOWNSUSDT,2025-08-05,e2526,105638,long,2,0.008682170542635734,0.0003589499999999999,0.004541120542635735,0.00004112054263573535,29,pump_le0,tdec_30_70,fund_flat,crowd_24,btc_up,-0.1560633601661906,0.38717542912769914,0.0001,0.07823155180062069
TQQQUSDT,2026-06-24,e2526,105684,short,1,0.00012891581797074778,-0.0007966100000000001,-0.0051676941820292515,-0.009667694182029252,17,pump_0_25,tdec_lt30,fund_flat,crowd_ge5,btc_down,0.027689454160042315,5.292288871921415e-6,0.0,-0.1958868156221425
TQQQUSDT,2026-06-24,e2526,105684,long,1,-0.00012891581797074778,0.0007966100000000001,-0.0038323058179707474,-0.008332305817970747,17,pump_0_25,tdec_lt30,fund_flat,crowd_ge5,btc_down,0.027689454160042315,5.292288871921415e-6,0.0,-0.1958868156221425
TQQQUSDT,2026-06-24,e2526,105684,short,2,-0.07827054080355894,-0.00110728,-0.08387782080355895,-0.08837782080355894,14,pump_0_25,tdec_ge70,fund_flat,crowd_ge5,btc_down,0.027689454160042315,0.9289699621335838,0.0,-0.19269637856056243
TQQQUSDT,2026-06-24,e2526,105684,long,2,0.07827054080355894,0.00110728,0.07487782080355894,0.07037782080355895,14,pump_0_25,tdec_ge70,fund_flat,crowd_ge5,btc_down,0.027689454160042315,0.9289699621335838,0.0,-0.19269637856056243
TRBUSDT,2022-06-10,e2122,105473,short,1,0.3217149907464529,0.0017000000000000001,0.31891499074645285,0.31441499074645285,17,pump_25_100,tdec_30_70,fund_flat,crowd_24,btc_down,0.26492391728443243,0.5415123622574344,0.0001,-0.020101368823914778
TRBUSDT,2022-06-10,e2122,105473,long,1,-0.3217149907464529,-0.0017000000000000001,-0.32791499074645286,-0.33241499074645287,17,pump_25_100,tdec_30_70,fund_flat,crowd_24,btc_down,0.26492391728443243,0.5415123622574344,0.0001,-0.020101368823914778
TRBUSDT,2022-06-10,e2122,105473,short,2,0.1002454991816695,0.0014,0.0971454991816695,0.0926454991816695,14,pump_25_100,tdec_30_70,fund_flat,crowd_24,btc_down,0.26492391728443243,0.5475124827258829,0.0001,-0.09228351299178295
TRBUSDT,2022-06-10,e2122,105473,long,2,-0.1002454991816695,-0.0014,-0.1061454991816695,-0.1106454991816695,14,pump_25_100,tdec_30_70,fund_flat,crowd_24,btc_down,0.26492391728443243,0.5475124827258829,0.0001,-0.09228351299178295
TREEUSDT,2025-07-29,e2526,105637,short,1,0.19760941176470592,-0.00928496,0.1838244517647059,0.1793244517647059,35,pump_le0,tdec_30_70,fund_flat,crowd_ge5,btc_up,-0.3603482113830927,0.5588962046002857,0.0001,0.09992790517850003
TREEUSDT,2025-07-29,e2526,105637,long,1,-0.19760941176470592,0.00928496,-0.19282445176470592,-0.19732445176470592,35,pump_le0,tdec_30_70,fund_flat,crowd_ge5,btc_up,-0.3603482113830927,0.5588962046002857,0.0001,0.09992790517850003
TREEUSDT,2025-07-29,e2526,105637,short,2,0.1358282482210554,-0.00946789,0.1218603582210554,0.11736035822105541,29,pump_le0,tdec_30_70,fund_flat,crowd_ge5,btc_up,-0.3603482113830927,0.3710607559270404,0.0001,0.09509460897355804
TREEUSDT,2025-07-29,e2526,105637,long,2,-0.1358282482210554,0.00946789,-0.1308603582210554,-0.1353603582210554,29,pump_le0,tdec_30_70,fund_flat,crowd_ge5,btc_up,-0.3603482113830927,0.3710607559270404,0.0001,0.09509460897355804
TRIAUSDT,2026-02-05,e2526,105664,short,1,0.3033185284505154,-0.00021908,0.2985994484505154,0.2940994484505154,35,pump_0_25,tdec_30_70,fund_flat,crowd_01,btc_down,0.08476887414208445,0.5018118265080533,0.0001,-0.22773726623746327
TRIAUSDT,2026-02-05,e2526,105664,long,1,-0.3033185284505154,0.00021908,-0.3075994484505154,-0.3120994484505154,35,pump_0_25,tdec_30_70,fund_flat,crowd_01,btc_down,0.08476887414208445,0.5018118265080533,0.0001,-0.22773726623746327
TRIAUSDT,2026-02-05,e2526,105664,short,2,0.11891261724338931,-0.00048604,0.11392657724338931,0.10942657724338932,29,pump_0_25,tdec_30_70,fund_flat,crowd_01,btc_down,0.08476887414208445,0.36036858910324526,-0.00033104,-0.2395480436933558
TRIAUSDT,2026-02-05,e2526,105664,long,2,-0.11891261724338931,0.00048604,-0.12292657724338932,-0.12742657724338932,29,pump_0_25,tdec_30_70,fund_flat,crowd_01,btc_down,0.08476887414208445,0.36036858910324526,-0.00033104,-0.2395480436933558
TROYUSDT,2024-11-13,e2324,105600,short,1,0.11303095752339805,0.0047980900000000005,0.11332904752339805,0.10882904752339806,17,pump_le0,tdec_30_70,fund_flat,crowd_ge5,btc_up,-0.11622481442205723,0.3094587144309409,0.00037364,0.30287335924148584
TROYUSDT,2024-11-13,e2324,105600,long,1,-0.11303095752339805,-0.0047980900000000005,-0.12232904752339806,-0.12682904752339805,17,pump_le0,tdec_30_70,fund_flat,crowd_ge5,btc_up,-0.11622481442205723,0.3094587144309409,0.00037364,0.30287335924148584
TROYUSDT,2024-11-13,e2324,105600,short,2,0.09875640087783458,0.00390887,0.09816527087783457,0.09366527087783458,14,pump_le0,tdec_lt30,fund_pos,crowd_ge5,btc_up,-0.11622481442205723,0.23884734733475999,0.00060812,0.34810363473091965
TROYUSDT,2024-11-13,e2324,105600,long,2,-0.09875640087783458,-0.00390887,-0.10716527087783458,-0.11166527087783457,14,pump_le0,tdec_lt30,fund_pos,crowd_ge5,btc_up,-0.11622481442205723,0.23884734733475999,0.00060812,0.34810363473091965
TRUMPUSDT,2025-01-18,e2526,105609,short,1,0.38124223069998714,0.0048788,0.38162103069998715,0.37712103069998715,35,pump_25_100,tdec_ge70,fund_pos,crowd_ge5,btc_up,0.9280165289256199,3.2464923975018145,0.00168632,0.036349203588887935
TRUMPUSDT,2025-01-18,e2526,105609,long,1,-0.38124223069998714,-0.0048788,-0.39062103069998716,-0.39512103069998716,35,pump_25_100,tdec_ge70,fund_pos,crowd_ge5,btc_up,0.9280165289256199,3.2464923975018145,0.00168632,0.036349203588887935
TRUMPUSDT,2025-01-18,e2526,105609,short,2,0.21018794626979992,0.00166831,0.20735625626979992,0.20285625626979992,29,pump_25_100,tdec_ge70,fund_flat,crowd_ge5,btc_up,0.9280165289256199,1.809478369533622,0.0001,0.05150658562442856
TRUMPUSDT,2025-01-18,e2526,105609,long,2,-0.21018794626979992,-0.00166831,-0.21635625626979993,-0.22085625626979993,29,pump_25_100,tdec_ge70,fund_flat,crowd_ge5,btc_up,0.9280165289256199,1.809478369533622,0.0001,0.05150658562442856
TRUSTUSDT,2025-11-14,e2526,105652,short,1,-1.7672904800650935,-0.09337912,-1.8651696000650935,-1.8696696000650934,41,pump_le0,tdec_30_70,fund_neg,crowd_24,btc_down,-0.0020668782756330106,0.3337732074977535,-0.0005037,-0.11632102742981643
TRUSTUSDT,2025-11-14,e2526,105652,long,1,1.7672904800650935,0.09337912,1.8561696000650936,1.8516696000650936,41,pump_le0,tdec_30_70,fund_neg,crowd_24,btc_down,-0.0020668782756330106,0.3337732074977535,-0.0005037,-0.11632102742981643
TRUSTUSDT,2025-11-14,e2526,105652,short,2,-1.9838092199712876,-0.09206499,-2.080374209971288,-2.0848742099712876,35,pump_le0,tdec_30_70,fund_flat,crowd_24,btc_down,-0.0020668782756330106,0.3570168526702914,-0.00027886,-0.11421751221741083
TRUSTUSDT,2025-11-14,e2526,105652,long,2,1.9838092199712876,0.09206499,2.0713742099712875,2.066874209971288,35,pump_le0,tdec_30_70,fund_flat,crowd_24,btc_down,-0.0020668782756330106,0.3570168526702914,-0.00027886,-0.11421751221741083
TRUTHUSDT,2025-10-01,e2526,105646,short,1,-0.038362395754359326,0.00562763,-0.03723476575435932,-0.041734765754359325,35,pump_0_25,tdec_ge70,fund_flat,crowd_ge5,btc_up,0.03475327528045824,1.2601144342024742,-0.00037378,0.08331677421849215
TRUTHUSDT,2025-10-01,e2526,105646,long,1,0.038362395754359326,-0.00562763,0.028234765754359323,0.023734765754359323,35,pump_0_25,tdec_ge70,fund_flat,crowd_ge5,btc_up,0.03475327528045824,1.2601144342024742,-0.00037378,0.08331677421849215
TRUTHUSDT,2025-10-01,e2526,105646,short,2,0.0803733297522326,0.00510973,0.0809830597522326,0.07648305975223262,29,pump_0_25,tdec_30_70,fund_flat,crowd_ge5,btc_up,0.03475327528045824,0.6589771634010378,0.0001,0.09419873224325581
TRUTHUSDT,2025-10-01,e2526,105646,long,2,-0.0803733297522326,-0.00510973,-0.08998305975223261,-0.0944830597522326,29,pump_0_25,tdec_30_70,fund_flat,crowd_ge5,btc_up,0.03475327528045824,0.6589771634010378,0.0001,0.09419873224325581
TRUUSDT,2023-03-09,e2324,105512,short,1,0.05975903614457829,-0.01369574,0.04156329614457829,0.03706329614457829,17,pump_le0,tdec_ge70,fund_flat,crowd_01,btc_down,-0.06362815884476536,1.119806180010177,0.0001,-0.12272311511825418
TRUUSDT,2023-03-09,e2324,105512,long,1,-0.05975903614457829,0.01369574,-0.05056329614457829,-0.05506329614457829,17,pump_le0,tdec_ge70,fund_flat,crowd_01,btc_down,-0.06362815884476536,1.119806180010177,0.0001,-0.12272311511825418
TRUUSDT,2023-03-09,e2324,105512,short,2,0.08145009416195861,-0.00661726,0.07033283416195861,0.06583283416195862,14,pump_le0,tdec_ge70,fund_neg,crowd_01,btc_down,-0.06362815884476536,13.292948013424075,-0.00407212,-0.06200807265388508
TRUUSDT,2023-03-09,e2324,105512,long,2,-0.08145009416195861,0.00661726,-0.07933283416195862,-0.08383283416195861,14,pump_le0,tdec_ge70,fund_neg,crowd_01,btc_down,-0.06362815884476536,13.292948013424075,-0.00407212,-0.06200807265388508
TRXUSDT,2021-08-31,e2122,105433,short,1,0.10477091214796126,0.02972464,0.12999555214796127,0.12549555214796126,17,pump_0_25,tdec_ge70,fund_flat,crowd_24,btc_up,0.07017543859649122,2.497012724538865,0.0004335,0.24669985956849239
TRXUSDT,2021-08-31,e2122,105433,long,1,-0.10477091214796126,-0.02972464,-0.13899555214796128,-0.14349555214796128,17,pump_0_25,tdec_ge70,fund_flat,crowd_24,btc_up,0.07017543859649122,2.497012724538865,0.0004335,0.24669985956849239
TRXUSDT,2021-08-31,e2122,105433,short,2,0.1454508977831277,0.0255859,0.1665367977831277,0.16203679778312768,14,pump_0_25,tdec_ge70,fund_pos,crowd_24,btc_up,0.07017543859649122,5.75788234666928,0.00187664,0.2908645981915019
TRXUSDT,2021-08-31,e2122,105433,long,2,-0.1454508977831277,-0.0255859,-0.1755367977831277,-0.1800367977831277,14,pump_0_25,tdec_ge70,fund_pos,crowd_24,btc_up,0.07017543859649122,5.75788234666928,0.00187664,0.2908645981915019
TSLAUSDT,2026-04-21,e2526,105675,short,1,0.02190518111908024,0.0006280999999999999,0.01803328111908024,0.013533281119080242,17,pump_le0,tdec_30_70,fund_flat,crowd_24,btc_up,-0.018900038104915584,0.6336734374638674,0.0,0.1026529316305651
TSLAUSDT,2026-04-21,e2526,105675,long,1,-0.02190518111908024,-0.0006280999999999999,-0.02703328111908024,-0.03153328111908024,17,pump_le0,tdec_30_70,fund_flat,crowd_24,btc_up,-0.018900038104915584,0.6336734374638674,0.0,0.1026529316305651
TSLAUSDT,2026-04-21,e2526,105675,short,2,-0.012788889484690818,0.0006280999999999999,-0.016660789484690817,-0.021160789484690818,14,pump_le0,tdec_30_70,fund_flat,crowd_24,btc_up,-0.018900038104915584,0.6804001506718134,0.0,0.10913479196180287
TSLAUSDT,2026-04-21,e2526,105675,long,2,0.012788889484690818,-0.0006280999999999999,0.007660789484690819,0.0031607894846908194,14,pump_le0,tdec_30_70,fund_flat,crowd_24,btc_up,-0.018900038104915584,0.6804001506718134,0.0,0.10913479196180287
TSMUSDT,2026-04-22,e2526,105675,short,1,-0.038667847099260404,0.01918831,-0.023979537099260404,-0.028479537099260405,17,pump_0_25,tdec_lt30,fund_flat,crowd_ge5,btc_up,0.037497298465528406,0.25999040124681716,0.0,0.10913479196180287
TSMUSDT,2026-04-22,e2526,105675,long,1,0.038667847099260404,-0.01918831,0.014979537099260403,0.010479537099260404,17,pump_0_25,tdec_lt30,fund_flat,crowd_ge5,btc_up,0.037497298465528406,0.25999040124681716,0.0,0.10913479196180287
TSMUSDT,2026-04-22,e2526,105675,short,2,0.010370407125313239,0.0191151,0.02498550712531324,0.02048550712531324,14,pump_0_25,tdec_30_70,fund_flat,crowd_ge5,btc_up,0.037497298465528406,0.5133857959444399,0.0,0.08555725250791313
TSMUSDT,2026-04-22,e2526,105675,long,2,-0.010370407125313239,-0.0191151,-0.03398550712531324,-0.03848550712531324,14,pump_0_25,tdec_30_70,fund_flat,crowd_ge5,btc_up,0.037497298465528406,0.5133857959444399,0.0,0.08555725250791313
TSTBSCUSDT,2025-02-09,e2526,105613,short,1,0.40945498343872333,0.00175,0.4067049834387233,0.4022049834387233,35,pump_le0,tdec_30_70,fund_flat,crowd_24,btc_up,-0.6203009238086528,0.5443192749095086,0.0001,0.029764384674112465
TSTBSCUSDT,2025-02-09,e2526,105613,long,1,-0.40945498343872333,-0.00175,-0.4157049834387233,-0.4202049834387233,35,pump_le0,tdec_30_70,fund_flat,crowd_24,btc_up,-0.6203009238086528,0.5443192749095086,0.0001,0.029764384674112465
TSTBSCUSDT,2025-02-09,e2526,105613,short,2,0.42912033533213023,0.0014500000000000001,0.42607033533213023,0.42157033533213023,29,pump_le0,tdec_30_70,fund_flat,crowd_24,btc_up,-0.6203009238086528,0.457776310516154,0.0001,0.013105491482382936
TSTBSCUSDT,2025-02-09,e2526,105613,long,2,-0.42912033533213023,-0.0014500000000000001,-0.43507033533213024,-0.43957033533213025,29,pump_le0,tdec_30_70,fund_flat,crowd_24,btc_up,-0.6203009238086528,0.457776310516154,0.0001,0.013105491482382936
TURTLEUSDT,2025-10-22,e2526,105649,short,1,0.23242630385487534,0.00108008,0.22900638385487534,0.22450638385487534,140,pump_le0,tdec_ge70,fund_neg,crowd_ge5,btc_down,-0.1527377521613833,0.9080040504296868,-0.04,-0.017174762702400925
TURTLEUSDT,2025-10-22,e2526,105649,long,1,-0.23242630385487534,-0.00108008,-0.23800638385487535,-0.24250638385487536,140,pump_le0,tdec_ge70,fund_neg,crowd_ge5,btc_down,-0.1527377521613833,0.9080040504296868,-0.04,-0.017174762702400925
TURTLEUSDT,2025-10-22,e2526,105649,short,2,0.2448410485220301,0.00147949,0.2418205385220301,0.23732053852203008,119,pump_le0,tdec_30_70,fund_flat,crowd_ge5,btc_down,-0.1527377521613833,0.3826919618184251,0.0001,-0.020226832250972437
TURTLEUSDT,2025-10-22,e2526,105649,long,2,-0.2448410485220301,-0.00147949,-0.25082053852203007,-0.25532053852203007,119,pump_le0,tdec_30_70,fund_flat,crowd_ge5,btc_down,-0.1527377521613833,0.3826919618184251,0.0001,-0.020226832250972437
TUSDT,2023-03-06,e2324,105512,short,1,0.043353355967615435,-0.00028659,0.038566765967615435,0.03406676596761543,17,pump_le0,tdec_ge70,fund_flat,crowd_24,btc_down,-0.0744500846023689,0.8915364336262498,0.0001,-0.032488881137176184
TUSDT,2023-03-06,e2324,105512,long,1,-0.043353355967615435,0.00028659,-0.04756676596761543,-0.05206676596761543,17,pump_le0,tdec_ge70,fund_flat,crowd_24,btc_down,-0.0744500846023689,0.8915364336262498,0.0001,-0.032488881137176184
TUSDT,2023-03-06,e2324,105512,short,2,-0.07640317367029108,-0.00044685,-0.08135002367029108,-0.08585002367029107,14,pump_le0,tdec_ge70,fund_flat,crowd_24,btc_down,-0.0744500846023689,1.0050468300312425,-0.00003974,-0.046631669119423624
TUSDT,2023-03-06,e2324,105512,long,2,0.07640317367029108,0.00044685,0.07235002367029107,0.06785002367029108,14,pump_le0,tdec_ge70,fund_flat,crowd_24,btc_down,-0.0744500846023689,1.0050468300312425,-0.00003974,-0.046631669119423624
TUTUSDT,2025-03-19,e2526,105618,short,1,0.5613247263541958,0.0022231,0.5590478263541959,0.5545478263541959,35,pump_25_100,tdec_ge70,fund_flat,crowd_ge5,btc_down,0.40774397471355206,2.0069184452764937,0.0001,-0.11974528021686126
TUTUSDT,2025-03-19,e2526,105618,long,1,-0.5613247263541958,-0.0022231,-0.5680478263541958,-0.5725478263541959,35,pump_25_100,tdec_ge70,fund_flat,crowd_ge5,btc_down,0.40774397471355206,2.0069184452764937,0.0001,-0.11974528021686126
TUTUSDT,2025-03-19,e2526,105618,short,2,0.46509240246406564,0.0016502700000000001,0.46224267246406564,0.45774267246406564,29,pump_25_100,tdec_30_70,fund_flat,crowd_ge5,btc_down,0.40774397471355206,0.6118864010723343,0.0001,-0.13001726414977155
TUTUSDT,2025-03-19,e2526,105618,long,2,-0.46509240246406564,-0.0016502700000000001,-0.47124267246406565,-0.47574267246406565,29,pump_25_100,tdec_30_70,fund_flat,crowd_ge5,btc_down,0.40774397471355206,0.6118864010723343,0.0001,-0.13001726414977155
TWTUSDT,2022-11-18,e2122,105496,short,1,0.03831153934388617,0.00208013,0.03589166934388617,0.03139166934388617,17,pump_le0,tdec_ge70,fund_pos,crowd_01,btc_down,-0.0120126926563916,0.9562082003562506,0.00055839,-0.12359845600399133
TWTUSDT,2022-11-18,e2122,105496,long,1,-0.03831153934388617,-0.00208013,-0.044891669343886165,-0.04939166934388617,17,pump_le0,tdec_ge70,fund_pos,crowd_01,btc_down,-0.0120126926563916,0.9562082003562506,0.00055839,-0.12359845600399133
TWTUSDT,2022-11-18,e2122,105496,short,2,-0.07791205965543851,-0.00025751000000000024,-0.08266956965543852,-0.08716956965543851,14,pump_le0,tdec_ge70,fund_pos,crowd_01,btc_down,-0.0120126926563916,0.8413292772723963,0.00060871,-0.1503419829791678
TWTUSDT,2022-11-18,e2122,105496,long,2,0.07791205965543851,0.00025751000000000024,0.07366956965543851,0.06916956965543852,14,pump_le0,tdec_ge70,fund_pos,crowd_01,btc_down,-0.0120126926563916,0.8413292772723963,0.00060871,-0.1503419829791678
UAIUSDT,2025-11-17,e2526,105653,short,1,0.3703085904920768,0.0018385300000000001,0.3676471204920768,0.3631471204920768,35,pump_0_25,tdec_ge70,fund_flat,crowd_ge5,btc_down,0.01029866117404743,0.8473468318226894,0.00032948,-0.14431574265658542
UAIUSDT,2025-11-17,e2526,105653,long,1,-0.3703085904920768,-0.0018385300000000001,-0.3766471204920768,-0.38114712049207683,35,pump_0_25,tdec_ge70,fund_flat,crowd_ge5,btc_down,0.01029866117404743,0.8473468318226894,0.00032948,-0.14431574265658542
UAIUSDT,2025-11-17,e2526,105653,short,2,0.32729432729432734,0.00201447,0.3248087972943273,0.3203087972943273,29,pump_0_25,tdec_ge70,fund_neg,crowd_ge5,btc_down,0.01029866117404743,1.1392382055520665,-0.00222928,-0.171789302199294
UAIUSDT,2025-11-17,e2526,105653,long,2,-0.32729432729432734,-0.00201447,-0.33380879729432733,-0.33830879729432733,29,pump_0_25,tdec_ge70,fund_neg,crowd_ge5,btc_down,0.01029866117404743,1.1392382055520665,-0.00222928,-0.171789302199294
UBUSDT,2025-09-12,e2526,105643,short,1,-0.08155735826573168,0.00251021,-0.08354714826573169,-0.08804714826573168,35,pump_gt100,tdec_ge70,fund_pos,crowd_ge5,btc_down,1.508363510950164,1.7504739120701736,0.00057422,-0.02030019424930718
UBUSDT,2025-09-12,e2526,105643,long,1,0.08155735826573168,-0.00251021,0.07454714826573168,0.07004714826573169,35,pump_gt100,tdec_ge70,fund_pos,crowd_ge5,btc_down,1.508363510950164,1.7504739120701736,0.00057422,-0.02030019424930718
UBUSDT,2025-09-12,e2526,105643,short,2,-0.20705352804276123,0.00162791,-0.20992561804276122,-0.21442561804276122,29,pump_gt100,tdec_ge70,fund_flat,crowd_ge5,btc_down,1.508363510950164,0.7897784724438812,0.0001,-0.01761925225612382
UBUSDT,2025-09-12,e2526,105643,long,2,0.20705352804276123,-0.00162791,0.2009256180427612,0.1964256180427612,29,pump_gt100,tdec_ge70,fund_flat,crowd_ge5,btc_down,1.508363510950164,0.7897784724438812,0.0001,-0.01761925225612382
UMAUSDT,2023-06-08,e2324,105525,short,1,0.14533873769542566,0.0016139400000000001,0.14245267769542566,0.13795267769542566,17,pump_le0,tdec_ge70,fund_flat,crowd_24,btc_down,-0.025395033860045158,1.4741316109311933,0.0001,-0.0402650005620564
UMAUSDT,2023-06-08,e2324,105525,long,1,-0.14533873769542566,-0.0016139400000000001,-0.15145267769542567,-0.15595267769542567,17,pump_le0,tdec_ge70,fund_flat,crowd_24,btc_down,-0.025395033860045158,1.4741316109311933,0.0001,-0.0402650005620564
UMAUSDT,2023-06-08,e2324,105525,short,2,0.030223390275952722,0.0014,0.02712339027595272,0.02262339027595272,14,pump_le0,tdec_ge70,fund_flat,crowd_24,btc_down,-0.025395033860045158,3.3050197562418457,0.0001,-0.041884467132379366
UMAUSDT,2023-06-08,e2324,105525,long,2,-0.030223390275952722,-0.0014,-0.03612339027595272,-0.04062339027595272,14,pump_le0,tdec_ge70,fund_flat,crowd_24,btc_down,-0.025395033860045158,3.3050197562418457,0.0001,-0.041884467132379366
UNFIUSDT,2022-05-30,e2122,105472,short,1,-0.10968475788105295,-0.00181499,-0.11599974788105295,-0.12049974788105294,17,pump_le0,tdec_30_70,fund_flat,crowd_01,btc_down,-0.02208803432385198,0.5353576093861414,0.0001,-0.17337078797809946
UNFIUSDT,2022-05-30,e2122,105472,long,1,0.10968475788105295,0.00181499,0.10699974788105295,0.10249974788105295,17,pump_le0,tdec_30_70,fund_flat,crowd_01,btc_down,-0.02208803432385198,0.5353576093861414,0.0001,-0.17337078797809946
UNFIUSDT,2022-05-30,e2122,105472,short,2,-0.3196135265700483,-0.00192234,-0.32603586657004835,-0.33053586657004835,14,pump_le0,tdec_30_70,fund_flat,crowd_01,btc_down,-0.02208803432385198,0.4079438948466654,-0.00009265,-0.22682205149501666
UNFIUSDT,2022-05-30,e2122,105472,long,2,0.3196135265700483,0.00192234,0.31703586657004834,0.31253586657004834,14,pump_le0,tdec_30_70,fund_flat,crowd_01,btc_down,-0.02208803432385198,0.4079438948466654,-0.00009265,-0.22682205149501666
UNIUSDT,2021-11-30,e2122,105446,short,1,0.18265471536187658,0.0017000000000000001,0.17985471536187658,0.17535471536187658,17,pump_0_25,tdec_ge70,fund_flat,crowd_ge5,btc_down,0.03488429466620624,0.8951628433380069,0.0001,-0.061107966431225846
UNIUSDT,2021-11-30,e2122,105446,long,1,-0.18265471536187658,-0.0017000000000000001,-0.1888547153618766,-0.1933547153618766,17,pump_0_25,tdec_ge70,fund_flat,crowd_ge5,btc_down,0.03488429466620624,0.8951628433380069,0.0001,-0.061107966431225846
UNIUSDT,2021-11-30,e2122,105446,short,2,0.23663000400765907,0.0014,0.23353000400765908,0.22903000400765908,14,pump_0_25,tdec_ge70,fund_flat,crowd_ge5,btc_down,0.03488429466620624,3.2786396895511443,0.0001,-0.10680862499604793
UNIUSDT,2021-11-30,e2122,105446,long,2,-0.23663000400765907,-0.0014,-0.2425300040076591,-0.2470300040076591,14,pump_0_25,tdec_ge70,fund_flat,crowd_ge5,btc_down,0.03488429466620624,3.2786396895511443,0.0001,-0.10680862499604793
UROUSDT,2024-12-13,e2324,105604,short,1,0.2676671732522796,0.0019737400000000003,0.2651409132522796,0.2606409132522796,17,pump_le0,tdec_ge70,fund_flat,crowd_ge5,btc_up,-0.32295819935691317,2.576087244664271,0.0001,0.16084507590368458
UROUSDT,2024-12-13,e2324,105604,long,1,-0.2676671732522796,-0.0019737400000000003,-0.2741409132522796,-0.27864091325227963,17,pump_le0,tdec_ge70,fund_flat,crowd_ge5,btc_up,-0.32295819935691317,2.576087244664271,0.0001,0.16084507590368458
UROUSDT,2024-12-13,e2324,105604,short,2,0.23099940155595453,0.0014,0.22789940155595453,0.22339940155595453,14,pump_le0,tdec_ge70,fund_flat,crowd_ge5,btc_up,-0.32295819935691317,1.5710786846111988,0.00014482,0.14694508215071145
UROUSDT,2024-12-13,e2324,105604,long,2,-0.23099940155595453,-0.0014,-0.23689940155595454,-0.24139940155595455,14,pump_le0,tdec_ge70,fund_flat,crowd_ge5,btc_up,-0.32295819935691317,1.5710786846111988,0.00014482,0.14694508215071145
USARUSDT,2026-06-23,e2526,105684,short,1,0.005952380952380907,0.0,0.0014523809523809073,-0.0030476190476190924,17,pump_le0,tdec_30_70,fund_flat,crowd_ge5,btc_down,-0.034482758620689724,0.3737623000894376,0.0,-0.21237052037706794
USARUSDT,2026-06-23,e2526,105684,long,1,-0.005952380952380907,-0.0,-0.010452380952380907,-0.014952380952380906,17,pump_le0,tdec_30_70,fund_flat,crowd_ge5,btc_down,-0.034482758620689724,0.3737623000894376,0.0,-0.21237052037706794
USARUSDT,2026-06-23,e2526,105684,short,2,0.013630168105406664,0.0,0.009130168105406664,0.004630168105406665,14,pump_le0,tdec_lt30,fund_flat,crowd_ge5,btc_down,-0.034482758620689724,0.00010501957109673058,0.0,-0.1958868156221425
USARUSDT,2026-06-23,e2526,105684,long,2,-0.013630168105406664,-0.0,-0.018130168105406665,-0.02263016810540666,14,pump_le0,tdec_lt30,fund_flat,crowd_ge5,btc_down,-0.034482758620689724,0.00010501957109673058,0.0,-0.1958868156221425
USD1USDT,2025-07-16,e2526,105635,short,1,-0.00020014009806873712,-0.0007684299999999999,-0.005468570098068736,-0.009968570098068737,35,pump_0_25,tdec_30_70,fund_flat,crowd_ge5,btc_up,0.01051673576701373,0.32433812938298406,-0.00002416,0.14071017206521308
USD1USDT,2025-07-16,e2526,105635,long,1,0.00020014009806873712,0.0007684299999999999,-0.0035314299019312627,-0.008031429901931262,35,pump_0_25,tdec_30_70,fund_flat,crowd_ge5,btc_up,0.01051673576701373,0.32433812938298406,-0.00002416,0.14071017206521308
USD1USDT,2025-07-16,e2526,105635,short,2,-0.0007008410092110872,-0.0009447799999999999,-0.006145621009211087,-0.010645621009211086,29,pump_0_25,tdec_30_70,fund_flat,crowd_ge5,btc_up,0.01051673576701373,0.44328728538189516,-0.00006694,0.12477956037017646
USD1USDT,2025-07-16,e2526,105635,long,2,0.0007008410092110872,0.0009447799999999999,-0.0028543789907889126,-0.007354378990788913,29,pump_0_25,tdec_30_70,fund_flat,crowd_ge5,btc_up,0.01051673576701373,0.44328728538189516,-0.00006694,0.12477956037017646
USDCUSDT,2022-06-28,e2122,105476,short,1,0.000199860097931426,0.00078938,-0.003510759902068574,-0.008010759902068574,17,pump_0_25,tdec_30_70,fund_flat,crowd_01,btc_down,0.0017017017017015856,0.5416131133019307,0.0001,-0.36641822794384127
USDCUSDT,2022-06-28,e2122,105476,long,1,-0.000199860097931426,-0.00078938,-0.005489240097931425,-0.009989240097931425,17,pump_0_25,tdec_30_70,fund_flat,crowd_01,btc_down,0.0017017017017015856,0.5416131133019307,0.0001,-0.36641822794384127
USDCUSDT,2022-06-28,e2122,105476,short,2,-0.0001999400179945796,0.00056577,-0.004134170017994579,-0.008634170017994578,14,pump_0_25,tdec_30_70,fund_flat,crowd_01,btc_down,0.0017017017017015856,0.5095084771286749,0.00003877,-0.37303734935968036
USDCUSDT,2022-06-28,e2122,105476,long,2,0.0001999400179945796,-0.00056577,-0.00486582998200542,-0.00936582998200542,14,pump_0_25,tdec_30_70,fund_flat,crowd_01,btc_down,0.0017017017017015856,0.5095084771286749,0.00003877,-0.37303734935968036
USDEUSDT,2024-08-07,e2324,105586,short,1,0.002000200020002002,-0.00032921,-0.0028290099799979976,-0.007329009979997997,17,pump_le0,tdec_30_70,fund_flat,crowd_24,btc_up,-0.01078353779184793,0.3902228295293729,-0.00010937,0.06273145395735646
USDEUSDT,2024-08-07,e2324,105586,long,1,-0.002000200020002002,0.00032921,-0.006170990020002001,-0.010670990020002002,17,pump_le0,tdec_30_70,fund_flat,crowd_24,btc_up,-0.01078353779184793,0.3902228295293729,-0.00010937,0.06273145395735646
USDEUSDT,2024-08-07,e2324,105586,short,2,0.002000200020002002,0.00008708000000000003,-0.0024127199799979975,-0.006912719979997997,14,pump_le0,tdec_30_70,fund_flat,crowd_24,btc_up,-0.01078353779184793,0.30973369260857625,-0.00031725,0.053732382896291675
USDEUSDT,2024-08-07,e2324,105586,long,2,-0.002000200020002002,-0.00008708000000000003,-0.006587280020002002,-0.011087280020002001,14,pump_le0,tdec_30_70,fund_flat,crowd_24,btc_up,-0.01078353779184793,0.30973369260857625,-0.00031725,0.053732382896291675
USELESSUSDT,2025-07-10,e2526,105634,short,1,-0.23470611755297893,0.02687048,-0.21233563755297893,-0.21683563755297894,35,pump_le0,tdec_ge70,fund_flat,crowd_ge5,btc_up,-0.16242464835900872,0.9683079411937489,0.0001,0.08192256592558222
USELESSUSDT,2025-07-10,e2526,105634,long,1,0.23470611755297893,-0.02687048,0.20333563755297893,0.19883563755297892,35,pump_le0,tdec_ge70,fund_flat,crowd_ge5,btc_up,-0.16242464835900872,0.9683079411937489,0.0001,0.08192256592558222
USELESSUSDT,2025-07-10,e2526,105634,short,2,-0.08123249299719887,0.02195225,-0.06378024299719887,-0.06828024299719887,29,pump_le0,tdec_ge70,fund_pos,crowd_ge5,btc_up,-0.16242464835900872,1.1284034453146385,0.0039651,0.11144791379618924
USELESSUSDT,2025-07-10,e2526,105634,long,2,0.08123249299719887,-0.02195225,0.05478024299719887,0.05028024299719887,29,pump_le0,tdec_ge70,fund_pos,crowd_ge5,btc_up,-0.16242464835900872,1.1284034453146385,0.0039651,0.11144791379618924
USTCUSDT,2023-11-27,e2324,105550,short,1,-0.3745557924662404,-0.0007409499999999999,-0.3797967424662404,-0.3842967424662404,17,pump_le0,tdec_30_70,fund_flat,crowd_ge5,btc_up,-0.3400562851782365,0.535044862953662,-0.00007711,0.0950955240648832
USTCUSDT,2023-11-27,e2324,105550,long,1,0.3745557924662404,0.0007409499999999999,0.3707967424662404,0.3662967424662404,17,pump_le0,tdec_30_70,fund_flat,crowd_ge5,btc_up,-0.3400562851782365,0.535044862953662,-0.00007711,0.0950955240648832
USTCUSDT,2023-11-27,e2324,105550,short,2,-0.12289529707760792,0.00161654,-0.1257787570776079,-0.13027875707760792,14,pump_le0,tdec_30_70,fund_flat,crowd_ge5,btc_up,-0.3400562851782365,0.6103973010401179,0.0001,0.0972998353699539
USTCUSDT,2023-11-27,e2324,105550,long,2,0.12289529707760792,-0.00161654,0.11677875707760792,0.11227875707760793,14,pump_le0,tdec_30_70,fund_flat,crowd_ge5,btc_up,-0.3400562851782365,0.6103973010401179,0.0001,0.0972998353699539
USUALUSDT,2024-11-19,e2324,105601,short,1,-0.059664895790764096,0.0017000000000000001,-0.06246489579076409,-0.06696489579076409,17,pump_le0,tdec_30_70,fund_flat,crowd_ge5,btc_up,-0.5201960784313726,0.352641096548512,0.0001,0.39999940624717034
USUALUSDT,2024-11-19,e2324,105601,long,1,0.059664895790764096,-0.0017000000000000001,0.0534648957907641,0.048964895790764094,17,pump_le0,tdec_30_70,fund_flat,crowd_ge5,btc_up,-0.5201960784313726,0.352641096548512,0.0001,0.39999940624717034
USUALUSDT,2024-11-19,e2324,105601,short,2,-0.07237386269644329,0.0014,-0.0754738626964433,-0.07997386269644328,14,pump_le0,tdec_lt30,fund_flat,crowd_ge5,btc_up,-0.5201960784313726,0.25914798151532514,0.0001,0.45948123039037525
USUALUSDT,2024-11-19,e2324,105601,long,2,0.07237386269644329,-0.0014,0.06647386269644329,0.06197386269644329,14,pump_le0,tdec_lt30,fund_flat,crowd_ge5,btc_up,-0.5201960784313726,0.25914798151532514,0.0001,0.45948123039037525
USUSDT,2025-12-12,e2526,105656,short,1,0.17798913043478265,0.00808323,0.18157236043478264,0.17707236043478264,35,pump_le0,tdec_30_70,fund_flat,crowd_24,btc_down,-0.40138267588450594,0.6172925294646225,0.0001,-0.09477762498870812
USUSDT,2025-12-12,e2526,105656,long,1,-0.17798913043478265,-0.00808323,-0.19057236043478265,-0.19507236043478265,35,pump_le0,tdec_30_70,fund_flat,crowd_24,btc_down,-0.40138267588450594,0.6172925294646225,0.0001,-0.09477762498870812
USUSDT,2025-12-12,e2526,105656,short,2,0.07633587786259549,0.00714463,0.07898050786259549,0.0744805078625955,29,pump_le0,tdec_30_70,fund_pos,crowd_24,btc_down,-0.40138267588450594,0.5073229270164471,0.0013772,-0.06788401547391243
USUSDT,2025-12-12,e2526,105656,long,2,-0.07633587786259549,-0.00714463,-0.0879805078625955,-0.09248050786259548,29,pump_le0,tdec_30_70,fund_pos,crowd_24,btc_down,-0.40138267588450594,0.5073229270164471,0.0013772,-0.06788401547391243
UVXYUSDT,2026-06-25,e2526,105684,short,1,0.0881380829966949,0.0001789,0.08381698299669489,0.0793169829966949,17,pump_0_25,tdec_30_70,fund_flat,crowd_ge5,btc_down,0.035361216730038114,0.6579157280561378,0.0,-0.19269637856056243
UVXYUSDT,2026-06-25,e2526,105684,long,1,-0.0881380829966949,-0.0001789,-0.0928169829966949,-0.09731698299669489,17,pump_0_25,tdec_30_70,fund_flat,crowd_ge5,btc_down,0.035361216730038114,0.6579157280561378,0.0,-0.19269637856056243
UVXYUSDT,2026-06-25,e2526,105684,short,2,0.08139104698483177,0.0001789,0.07706994698483176,0.07256994698483177,14,pump_0_25,tdec_lt30,fund_flat,crowd_ge5,btc_down,0.035361216730038114,0.028556377397083485,0.0,-0.18481988543104666
UVXYUSDT,2026-06-25,e2526,105684,long,2,-0.08139104698483177,-0.0001789,-0.08606994698483177,-0.09056994698483176,14,pump_0_25,tdec_lt30,fund_flat,crowd_ge5,btc_down,0.035361216730038114,0.028556377397083485,0.0,-0.18481988543104666
UXLINKUSDT,2024-07-19,e2324,105583,short,1,0.1915184678522571,-0.00596156,0.1810569078522571,0.17655690785225708,17,pump_le0,tdec_ge70,fund_neg,crowd_24,btc_up,-0.12420127795527158,0.9808656541685824,-0.00572453,0.034682571132961915
UXLINKUSDT,2024-07-19,e2324,105583,long,1,-0.1915184678522571,0.00596156,-0.1900569078522571,-0.1945569078522571,17,pump_le0,tdec_ge70,fund_neg,crowd_24,btc_up,-0.12420127795527158,0.9808656541685824,-0.00572453,0.034682571132961915
UXLINKUSDT,2024-07-19,e2324,105583,short,2,0.15289058767319635,-0.00364297,0.14474761767319635,0.14024761767319635,14,pump_le0,tdec_ge70,fund_neg,crowd_24,btc_up,-0.12420127795527158,0.8281653481145624,-0.00100261,0.06304487874424991
UXLINKUSDT,2024-07-19,e2324,105583,long,2,-0.15289058767319635,0.00364297,-0.15374761767319636,-0.15824761767319637,14,pump_le0,tdec_ge70,fund_neg,crowd_24,btc_up,-0.12420127795527158,0.8281653481145624,-0.00100261,0.06304487874424991
VANAUSDT,2024-12-16,e2324,105605,short,1,0.042353338207998206,-0.00155806,0.03629527820799821,0.031795278207998205,35,pump_le0,tdec_ge70,fund_flat,crowd_ge5,btc_up,-0.29718939004625056,0.8896872897568323,0.0001,0.18002892102335943
VANAUSDT,2024-12-16,e2324,105605,long,1,-0.042353338207998206,0.00155806,-0.0452952782079982,-0.04979527820799821,35,pump_le0,tdec_ge70,fund_flat,crowd_ge5,btc_up,-0.29718939004625056,0.8896872897568323,0.0001,0.18002892102335943
VANAUSDT,2024-12-16,e2324,105605,short,2,-0.0508579187754597,-0.0017645,-0.0571224187754597,-0.0616224187754597,29,pump_le0,tdec_30_70,fund_flat,crowd_ge5,btc_up,-0.29718939004625056,0.5533451306176997,0.00002264,0.10618655768487328
VANAUSDT,2024-12-16,e2324,105605,long,2,0.0508579187754597,0.0017645,0.048122418775459704,0.0436224187754597,29,pump_le0,tdec_30_70,fund_flat,crowd_ge5,btc_up,-0.29718939004625056,0.5533451306176997,0.00002264,0.10618655768487328
VANRYUSDT,2024-03-14,e2324,105565,short,1,0.04880511612251753,0.00434196,0.048647076122517535,0.04414707612251753,17,pump_le0,tdec_30_70,fund_flat,crowd_ge5,btc_up,-0.027495908346972242,0.46987982611482126,0.0001,0.341593692229911
VANRYUSDT,2024-03-14,e2324,105565,long,1,-0.04880511612251753,-0.00434196,-0.05764707612251753,-0.06214707612251753,17,pump_le0,tdec_30_70,fund_flat,crowd_ge5,btc_up,-0.027495908346972242,0.46987982611482126,0.0001,0.341593692229911
VANRYUSDT,2024-03-14,e2324,105565,short,2,-0.0902777777777779,0.0035223,-0.0912554777777779,-0.09575547777777789,14,pump_le0,tdec_30_70,fund_flat,crowd_ge5,btc_up,-0.027495908346972242,0.571958713944168,0.00021623,0.25868812157782983
VANRYUSDT,2024-03-14,e2324,105565,long,2,0.0902777777777779,-0.0035223,0.08225547777777789,0.0777554777777779,14,pump_le0,tdec_30_70,fund_flat,crowd_ge5,btc_up,-0.027495908346972242,0.571958713944168,0.00021623,0.25868812157782983
VELODROMEUSDT,2024-12-13,e2324,105604,short,1,0.1630958869649071,0.00245934,0.1610552269649071,0.1565552269649071,17,pump_le0,tdec_30_70,fund_flat,crowd_ge5,btc_up,-0.3119771534067963,0.4330823123862919,0.0001,0.16084507590368458
VELODROMEUSDT,2024-12-13,e2324,105604,long,1,-0.1630958869649071,-0.00245934,-0.1700552269649071,-0.1745552269649071,17,pump_le0,tdec_30_70,fund_flat,crowd_ge5,btc_up,-0.3119771534067963,0.4330823123862919,0.0001,0.16084507590368458
VELODROMEUSDT,2024-12-13,e2324,105604,short,2,0.21161973221691224,0.00213238,0.20925211221691223,0.20475211221691222,14,pump_le0,tdec_lt30,fund_flat,crowd_ge5,btc_up,-0.3119771534067963,0.1773529539470193,0.0001,0.14694508215071145
VELODROMEUSDT,2024-12-13,e2324,105604,long,2,-0.21161973221691224,-0.00213238,-0.21825211221691224,-0.22275211221691224,14,pump_le0,tdec_lt30,fund_flat,crowd_ge5,btc_up,-0.3119771534067963,0.1773529539470193,0.0001,0.14694508215071145
VELOUSDT,2024-05-20,e2324,105575,short,1,0.07867820613689998,0.0018339,0.07601210613689997,0.07151210613689998,17,pump_le0,tdec_30_70,fund_flat,crowd_ge5,btc_up,-0.009970400373890076,0.3883995434896839,0.0001,0.08098639827825527
VELOUSDT,2024-05-20,e2324,105575,long,1,-0.07867820613689998,-0.0018339,-0.08501210613689998,-0.08951210613689997,17,pump_le0,tdec_30_70,fund_flat,crowd_ge5,btc_up,-0.009970400373890076,0.3883995434896839,0.0001,0.08098639827825527
VELOUSDT,2024-05-20,e2324,105575,short,2,0.059689507494646576,0.0015339000000000002,0.05672340749464658,0.05222340749464657,14,pump_le0,tdec_lt30,fund_flat,crowd_ge5,btc_up,-0.009970400373890076,0.28653686947261625,0.0001,0.036540198261802104
VELOUSDT,2024-05-20,e2324,105575,long,2,-0.059689507494646576,-0.0015339000000000002,-0.06572340749464657,-0.07022340749464658,14,pump_le0,tdec_lt30,fund_flat,crowd_ge5,btc_up,-0.009970400373890076,0.28653686947261625,0.0001,0.036540198261802104
VELVETUSDT,2025-07-15,e2526,105635,short,1,-0.12316764953664695,0.00578035,-0.12188729953664695,-0.12638729953664696,35,pump_le0,tdec_ge70,fund_flat,crowd_ge5,btc_up,-0.26135656502800253,0.9209100248256469,0.0001,0.11126068273983991
VELVETUSDT,2025-07-15,e2526,105635,long,1,0.12316764953664695,-0.00578035,0.11288729953664695,0.10838729953664696,35,pump_le0,tdec_ge70,fund_flat,crowd_ge5,btc_up,-0.26135656502800253,0.9209100248256469,0.0001,0.11126068273983991
VELVETUSDT,2025-07-15,e2526,105635,short,2,0.12496718298766081,0.00546621,0.12593339298766082,0.12143339298766083,29,pump_le0,tdec_30_70,fund_flat,crowd_ge5,btc_up,-0.26135656502800253,0.6542941034654935,0.00012828,0.14071017206521308
VELVETUSDT,2025-07-15,e2526,105635,long,2,-0.12496718298766081,-0.00546621,-0.13493339298766083,-0.13943339298766083,29,pump_le0,tdec_30_70,fund_flat,crowd_ge5,btc_up,-0.26135656502800253,0.6542941034654935,0.00012828,0.14071017206521308
VETUSDT,2021-10-25,e2122,105441,short,1,0.025969405905371855,0.01761763,0.03908703590537186,0.034587035905371856,17,pump_0_25,tdec_ge70,fund_pos,crowd_ge5,btc_up,0.04226918798665191,1.5652008806774045,0.00115648,0.3970951040689392
VETUSDT,2021-10-25,e2122,105441,long,1,-0.025969405905371855,-0.01761763,-0.048087035905371854,-0.05258703590537186,17,pump_0_25,tdec_ge70,fund_pos,crowd_ge5,btc_up,0.04226918798665191,1.5652008806774045,0.00115648,0.3970951040689392
VETUSDT,2021-10-25,e2122,105441,short,2,-0.10269834877164719,0.0120406,-0.09515774877164719,-0.09965774877164718,14,pump_0_25,tdec_ge70,fund_pos,crowd_ge5,btc_up,0.04226918798665191,1.4035602153620956,0.0015829,0.38680341474982205
VETUSDT,2021-10-25,e2122,105441,long,2,0.10269834877164719,-0.0120406,0.08615774877164718,0.08165774877164719,14,pump_0_25,tdec_ge70,fund_pos,crowd_ge5,btc_up,0.04226918798665191,1.4035602153620956,0.0015829,0.38680341474982205
VFYUSDT,2025-09-30,e2526,105646,short,1,-0.5216230646022423,0.00580294,-0.5203201246022422,-0.5248201246022423,35,pump_le0,tdec_30_70,fund_flat,crowd_ge5,btc_up,-0.5212412453351056,0.3270912468860385,0.0001,0.0857536921270643
VFYUSDT,2025-09-30,e2526,105646,long,1,0.5216230646022423,-0.00580294,0.5113201246022423,0.5068201246022422,35,pump_le0,tdec_30_70,fund_flat,crowd_ge5,btc_up,-0.5212412453351056,0.3270912468860385,0.0001,0.0857536921270643
VFYUSDT,2025-09-30,e2526,105646,short,2,-0.41664181330152095,0.00536355,-0.41577826330152096,-0.42027826330152096,29,pump_le0,tdec_lt30,fund_flat,crowd_ge5,btc_up,-0.5212412453351056,0.21725344608599167,0.00037878,0.08331677421849215
VFYUSDT,2025-09-30,e2526,105646,long,2,0.41664181330152095,-0.00536355,0.40677826330152095,0.40227826330152094,29,pump_le0,tdec_lt30,fund_flat,crowd_ge5,btc_up,-0.5212412453351056,0.21725344608599167,0.00037878,0.08331677421849215
VGXUSDT,2023-08-01,e2324,105533,short,1,-0.030272388295519106,0.0017000000000000001,-0.0330723882955191,-0.03757238829551911,17,pump_le0,tdec_ge70,fund_flat,crowd_24,btc_down,-0.08558714748035134,1.0153739404740065,0.0001,-0.06354276688572058
VGXUSDT,2023-08-01,e2324,105533,long,1,0.030272388295519106,-0.0017000000000000001,0.024072388295519106,0.019572388295519105,17,pump_le0,tdec_ge70,fund_flat,crowd_24,btc_down,-0.08558714748035134,1.0153739404740065,0.0001,-0.06354276688572058
VGXUSDT,2023-08-01,e2324,105533,short,2,-0.07440848876293413,0.0014,-0.07750848876293413,-0.08200848876293412,14,pump_le0,tdec_30_70,fund_flat,crowd_24,btc_down,-0.08558714748035134,0.6416069206261497,0.0001,-0.05126145782188396
VGXUSDT,2023-08-01,e2324,105533,long,2,0.07440848876293413,-0.0014,0.06850848876293412,0.06400848876293413,14,pump_le0,tdec_30_70,fund_flat,crowd_24,btc_down,-0.08558714748035134,0.6416069206261497,0.0001,-0.05126145782188396
VICUSDT,2025-03-13,e2526,105617,short,1,0.14760508308895406,-0.01052637,0.13257871308895405,0.12807871308895405,35,pump_le0,tdec_30_70,fund_neg,crowd_24,btc_down,-0.11505190311418678,0.6134885602948829,-0.001093,-0.1418794804355804
VICUSDT,2025-03-13,e2526,105617,long,1,-0.14760508308895406,0.01052637,-0.14157871308895406,-0.14607871308895407,35,pump_le0,tdec_30_70,fund_neg,crowd_24,btc_down,-0.11505190311418678,0.6134885602948829,-0.001093,-0.1418794804355804
VICUSDT,2025-03-13,e2526,105617,short,2,0.10533515731874143,-0.00658552,0.09424963731874143,0.08974963731874144,29,pump_le0,tdec_30_70,fund_neg,crowd_24,btc_down,-0.11505190311418678,0.539193935892993,-0.00110472,-0.12697743725581367
VICUSDT,2025-03-13,e2526,105617,long,2,-0.10533515731874143,0.00658552,-0.10324963731874144,-0.10774963731874143,29,pump_le0,tdec_30_70,fund_neg,crowd_24,btc_down,-0.11505190311418678,0.539193935892993,-0.00110472,-0.12697743725581367
VIDTUSDT,2024-08-26,e2324,105589,short,1,-0.07697339729611874,-0.00021387999999999992,-0.08168727729611874,-0.08618727729611873,17,pump_0_25,tdec_ge70,fund_flat,crowd_ge5,btc_down,0.12844488188976366,0.771815165210261,-0.00029284,-0.13004224739122727
VIDTUSDT,2024-08-26,e2324,105589,long,1,0.07697339729611874,0.00021387999999999992,0.07268727729611874,0.06818727729611875,17,pump_0_25,tdec_ge70,fund_flat,crowd_ge5,btc_down,0.12844488188976366,0.771815165210261,-0.00029284,-0.13004224739122727
VIDTUSDT,2024-08-26,e2324,105589,short,2,-0.11590600994125627,-0.00037383999999999996,-0.12077984994125628,-0.12527984994125627,14,pump_0_25,tdec_ge70,fund_flat,crowd_ge5,btc_down,0.12844488188976366,0.9297351060037975,0.00001658,-0.11601058754271043
VIDTUSDT,2024-08-26,e2324,105589,long,2,0.11590600994125627,0.00037383999999999996,0.11177984994125627,0.10727984994125628,14,pump_0_25,tdec_ge70,fund_flat,crowd_ge5,btc_down,0.12844488188976366,0.9297351060037975,0.00001658,-0.11601058754271043
VINEUSDT,2025-01-23,e2526,105610,short,1,-0.7450049758860906,-0.08359261,-0.8330975858860905,-0.8375975858860906,35,pump_le0,tdec_30_70,fund_flat,crowd_ge5,btc_up,-0.43928402798643607,0.5287049343001791,0.0001,0.05427180871825632
VINEUSDT,2025-01-23,e2526,105610,long,1,0.7450049758860906,0.08359261,0.8240975858860906,0.8195975858860906,35,pump_le0,tdec_30_70,fund_flat,crowd_ge5,btc_up,-0.43928402798643607,0.5287049343001791,0.0001,0.05427180871825632
VINEUSDT,2025-01-23,e2526,105610,short,2,0.4056527520663311,-0.04337892,0.3577738320663311,0.3532738320663311,29,pump_le0,tdec_ge70,fund_neg,crowd_ge5,btc_up,-0.43928402798643607,1.358280164026349,-0.02983036,0.09364842620676983
VINEUSDT,2025-01-23,e2526,105610,long,2,-0.4056527520663311,0.04337892,-0.36677383206633113,-0.37127383206633113,29,pump_le0,tdec_ge70,fund_neg,crowd_ge5,btc_up,-0.43928402798643607,1.358280164026349,-0.02983036,0.09364842620676983
VIRTUALUSDT,2024-11-01,e2324,105598,short,1,0.07903780068728525,-0.02265094,0.05188686068728525,0.047386860687285245,17,pump_0_25,tdec_ge70,fund_neg,crowd_24,btc_up,0.18361417780360245,0.728206109356125,-0.0045453,0.1422407901735503
VIRTUALUSDT,2024-11-01,e2324,105598,long,1,-0.07903780068728525,0.02265094,-0.060886860687285244,-0.06538686068728525,17,pump_0_25,tdec_ge70,fund_neg,crowd_24,btc_up,0.18361417780360245,0.728206109356125,-0.0045453,0.1422407901735503
VIRTUALUSDT,2024-11-01,e2324,105598,short,2,-0.008331093791991378,-0.02123301,-0.034064103791991374,-0.03856410379199138,14,pump_0_25,tdec_lt30,fund_flat,crowd_24,btc_up,0.18361417780360245,0.2077519439589894,-0.00041373,0.10762617238040151
VIRTUALUSDT,2024-11-01,e2324,105598,long,2,0.008331093791991378,0.02123301,0.025064103791991376,0.020564103791991376,14,pump_0_25,tdec_lt30,fund_flat,crowd_24,btc_up,0.18361417780360245,0.2077519439589894,-0.00041373,0.10762617238040151
VOXELUSDT,2024-08-21,e2324,105588,short,1,0.1265756302521009,0.00197253,0.12404816025210089,0.1195481602521009,17,pump_le0,tdec_30_70,fund_flat,crowd_24,btc_down,-0.11811023622047245,0.3433570014001168,0.0001,-0.08444512538283822
VOXELUSDT,2024-08-21,e2324,105588,long,1,-0.1265756302521009,-0.00197253,-0.1330481602521009,-0.1375481602521009,17,pump_le0,tdec_30_70,fund_flat,crowd_24,btc_down,-0.11811023622047245,0.3433570014001168,0.0001,-0.08444512538283822
VOXELUSDT,2024-08-21,e2324,105588,short,2,0.20506692160611853,0.0016725300000000002,0.20223945160611853,0.19773945160611853,14,pump_le0,tdec_30_70,fund_flat,crowd_24,btc_down,-0.11811023622047245,0.5233942664002685,0.0001,-0.02080024967643035
VOXELUSDT,2024-08-21,e2324,105588,long,2,-0.20506692160611853,-0.0016725300000000002,-0.21123945160611854,-0.21573945160611854,14,pump_le0,tdec_30_70,fund_flat,crowd_24,btc_down,-0.11811023622047245,0.5233942664002685,0.0001,-0.02080024967643035
VRAUSDT,2023-10-03,e2324,105542,short,1,0.31567361314939835,0.0017000000000000001,0.3128736131493983,0.3083736131493983,17,pump_0_25,tdec_ge70,fund_flat,crowd_01,btc_up,0.17462506464402683,0.7769544849293863,0.0001,0.07565502733235441
VRAUSDT,2023-10-03,e2324,105542,long,1,-0.31567361314939835,-0.0017000000000000001,-0.32187361314939833,-0.32637361314939833,17,pump_0_25,tdec_ge70,fund_flat,crowd_01,btc_up,0.17462506464402683,0.7769544849293863,0.0001,0.07565502733235441
VRAUSDT,2023-10-03,e2324,105542,short,2,0.1677672675352491,0.0014,0.1646672675352491,0.1601672675352491,14,pump_0_25,tdec_30_70,fund_flat,crowd_01,btc_up,0.17462506464402683,0.46246882974534065,0.0001,0.06265635969420402
VRAUSDT,2023-10-03,e2324,105542,long,2,-0.1677672675352491,-0.0014,-0.1736672675352491,-0.1781672675352491,14,pump_0_25,tdec_30_70,fund_flat,crowd_01,btc_up,0.17462506464402683,0.46246882974534065,0.0001,0.06265635969420402
VRUSDT,2025-01-16,e2526,105609,short,1,0.36182902584493043,-0.0013778,0.35595122584493044,0.35145122584493044,17,pump_le0,tdec_lt30,fund_flat,crowd_24,btc_up,-0.10920897284533648,0.14674919851308746,0.0001,0.0389441290242698
VRUSDT,2025-01-16,e2526,105609,long,1,-0.36182902584493043,0.0013778,-0.36495122584493045,-0.36945122584493045,17,pump_le0,tdec_lt30,fund_flat,crowd_24,btc_up,-0.10920897284533648,0.14674919851308746,0.0001,0.0389441290242698
VRUSDT,2025-01-16,e2526,105609,short,2,0.2202429149797571,-0.00148898,0.2142539349797571,0.20975393497975708,14,pump_le0,tdec_lt30,fund_flat,crowd_24,btc_up,-0.10920897284533648,0.08459678241617989,0.00003014,0.0731072265332231
VRUSDT,2025-01-16,e2526,105609,long,2,-0.2202429149797571,0.00148898,-0.2232539349797571,-0.2277539349797571,14,pump_le0,tdec_lt30,fund_flat,crowd_24,btc_up,-0.10920897284533648,0.08459678241617989,0.00003014,0.0731072265332231
VTHOUSDT,2024-02-19,e2324,105562,short,1,-0.03944410382178632,0.0017000000000000001,-0.04224410382178632,-0.04674410382178632,17,pump_le0,tdec_lt30,fund_flat,crowd_01,btc_up,-0.0486097608399767,0.21564751410373537,0.0001,0.25733667423338846
VTHOUSDT,2024-02-19,e2324,105562,long,1,0.03944410382178632,-0.0017000000000000001,0.033244103821786324,0.02874410382178632,17,pump_le0,tdec_lt30,fund_flat,crowd_01,btc_up,-0.0486097608399767,0.21564751410373537,0.0001,0.25733667423338846
VTHOUSDT,2024-02-19,e2324,105562,short,2,-0.016793282686925204,0.0014,-0.019893282686925202,-0.024393282686925203,14,pump_le0,tdec_lt30,fund_flat,crowd_01,btc_up,-0.0486097608399767,0.1459047165633535,0.0001,0.311327551296408
VTHOUSDT,2024-02-19,e2324,105562,long,2,0.016793282686925204,-0.0014,0.010893282686925205,0.006393282686925204,14,pump_le0,tdec_lt30,fund_flat,crowd_01,btc_up,-0.0486097608399767,0.1459047165633535,0.0001,0.311327551296408
VVVUSDT,2025-01-28,e2526,105611,short,1,0.450728181141703,-0.00543266,0.440795521141703,0.436295521141703,35,pump_le0,tdec_ge70,fund_flat,crowd_ge5,btc_up,-0.44807556911523116,0.7465736754811698,0.0001,0.11818829773353912
VVVUSDT,2025-01-28,e2526,105611,long,1,-0.450728181141703,0.00543266,-0.449795521141703,-0.454295521141703,35,pump_le0,tdec_ge70,fund_flat,crowd_ge5,btc_up,-0.44807556911523116,0.7465736754811698,0.0001,0.11818829773353912
VVVUSDT,2025-01-28,e2526,105611,short,2,0.20897121861604412,-0.00565534,0.1988158786160441,0.1943158786160441,29,pump_le0,tdec_30_70,fund_flat,crowd_ge5,btc_up,-0.44807556911523116,0.4159212201769202,0.0001,0.1192622687907623
VVVUSDT,2025-01-28,e2526,105611,long,2,-0.20897121861604412,0.00565534,-0.20781587861604411,-0.21231587861604412,29,pump_le0,tdec_30_70,fund_flat,crowd_ge5,btc_up,-0.44807556911523116,0.4159212201769202,0.0001,0.1192622687907623
WALUSDT,2025-03-27,e2526,105619,short,1,-0.14342629482071717,-0.0379938,-0.18592009482071717,-0.19042009482071717,143,pump_0_25,tdec_30_70,fund_neg,crowd_24,btc_up,0.2393451143451144,0.5836619233332111,-0.00543936,0.0019760452020338715
WALUSDT,2025-03-27,e2526,105619,long,1,0.14342629482071717,0.0379938,0.17692009482071716,0.17242009482071716,143,pump_0_25,tdec_30_70,fund_neg,crowd_24,btc_up,0.2393451143451144,0.5836619233332111,-0.00543936,0.0019760452020338715
WALUSDT,2025-03-27,e2526,105619,short,2,-0.35815691158156904,-0.02588779,-0.38854470158156906,-0.39304470158156907,119,pump_0_25,tdec_lt30,fund_neg,crowd_24,btc_down,0.2393451143451144,0.18688044349290728,-0.0065756,-0.024586118130505707
WALUSDT,2025-03-27,e2526,105619,long,2,0.35815691158156904,0.02588779,0.37954470158156906,0.37504470158156905,119,pump_0_25,tdec_lt30,fund_neg,crowd_24,btc_down,0.2393451143451144,0.18688044349290728,-0.0065756,-0.024586118130505707
WAVESUSDT,2022-01-05,e2122,105451,short,1,-0.0402116402116401,0.0012083200000000001,-0.0435033202116401,-0.0480033202116401,17,pump_le0,tdec_ge70,fund_flat,crowd_01,btc_down,-0.11406249999999996,0.7808598972074868,0.0001,-0.14768537282154193
WAVESUSDT,2022-01-05,e2122,105451,long,1,0.0402116402116401,-0.0012083200000000001,0.034503320211640105,0.0300033202116401,17,pump_le0,tdec_ge70,fund_flat,crowd_01,btc_down,-0.11406249999999996,0.7808598972074868,0.0001,-0.14768537282154193
WAVESUSDT,2022-01-05,e2122,105451,short,2,-0.07158430232558136,0.00090832,-0.07517598232558136,-0.07967598232558135,14,pump_le0,tdec_ge70,fund_flat,crowd_01,btc_down,-0.11406249999999996,0.9031528207719547,0.0001,-0.17634758134049533
WAVESUSDT,2022-01-05,e2122,105451,long,2,0.07158430232558136,-0.00090832,0.06617598232558135,0.06167598232558135,14,pump_le0,tdec_ge70,fund_flat,crowd_01,btc_down,-0.11406249999999996,0.9031528207719547,0.0001,-0.17634758134049533
WAXPUSDT,2023-10-10,e2324,105543,short,1,-0.2832980972515855,0.0004664800000000001,-0.2873316172515855,-0.2918316172515855,17,pump_0_25,tdec_30_70,fund_flat,crowd_24,btc_up,0.13157894736842124,0.5293957587598103,0.0001,0.06801114702222644
WAXPUSDT,2023-10-10,e2324,105543,long,1,0.2832980972515855,-0.0004664800000000001,0.2783316172515855,0.2738316172515855,17,pump_0_25,tdec_30_70,fund_flat,crowd_24,btc_up,0.13157894736842124,0.5293957587598103,0.0001,0.06801114702222644
WAXPUSDT,2023-10-10,e2324,105543,short,2,-0.3429203539823009,0.0008155,-0.3466048539823009,-0.3511048539823009,14,pump_0_25,tdec_lt30,fund_flat,crowd_24,btc_up,0.13157894736842124,0.1296234984364015,-0.00020155,0.035678606001936064
WAXPUSDT,2023-10-10,e2324,105543,long,2,0.3429203539823009,-0.0008155,0.3376048539823009,0.3331048539823009,14,pump_0_25,tdec_lt30,fund_flat,crowd_24,btc_up,0.13157894736842124,0.1296234984364015,-0.00020155,0.035678606001936064
WCTUSDT,2025-04-15,e2526,105622,short,1,0.039770114942528696,-0.04822294,-0.012952825057471303,-0.017452825057471304,143,pump_25_100,tdec_ge70,fund_neg,crowd_ge5,btc_up,0.3004484304932735,3.883636505671408,-0.0040772,0.0003680538764172514
WCTUSDT,2025-04-15,e2526,105622,long,1,-0.039770114942528696,0.04822294,0.003952825057471303,-0.0005471749425286967,143,pump_25_100,tdec_ge70,fund_neg,crowd_ge5,btc_up,0.3004484304932735,3.883636505671408,-0.0040772,0.0003680538764172514
WCTUSDT,2025-04-15,e2526,105622,short,2,-0.04346739945041226,-0.02336686,-0.07133425945041226,-0.07583425945041225,119,pump_25_100,tdec_ge70,fund_neg,crowd_ge5,btc_up,0.3004484304932735,1.5530473579071844,-0.01316784,0.026982535376174566
WCTUSDT,2025-04-15,e2526,105622,long,2,0.04346739945041226,0.02336686,0.06233425945041226,0.057834259450412255,119,pump_25_100,tdec_ge70,fund_neg,crowd_ge5,btc_up,0.3004484304932735,1.5530473579071844,-0.01316784,0.026982535376174566
WDCUSDT,2026-05-28,e2526,105680,short,1,-0.0714474678760392,0.00298941,-0.0729580578760392,-0.0774580578760392,17,pump_0_25,tdec_30_70,fund_flat,crowd_ge5,btc_down,0.0038888361946316508,0.5095696728640945,0.0,-0.03053069306930689
WDCUSDT,2026-05-28,e2526,105680,long,1,0.0714474678760392,-0.00298941,0.0639580578760392,0.0594580578760392,17,pump_0_25,tdec_30_70,fund_flat,crowd_ge5,btc_down,0.0038888361946316508,0.5095696728640945,0.0,-0.03053069306930689
WDCUSDT,2026-05-28,e2526,105680,short,2,-0.06902337858220214,0.00298941,-0.07053396858220215,-0.07503396858220214,14,pump_0_25,tdec_lt30,fund_flat,crowd_ge5,btc_down,0.0038888361946316508,0.09987358326809782,0.0,-0.03206904234544761
WDCUSDT,2026-05-28,e2526,105680,long,2,0.06902337858220214,-0.00298941,0.06153396858220215,0.057033968582202145,14,pump_0_25,tdec_lt30,fund_flat,crowd_ge5,btc_down,0.0038888361946316508,0.09987358326809782,0.0,-0.03206904234544761
WETUSDT,2025-12-04,e2526,105655,short,1,-0.03390928725701948,-0.00053334,-0.038942627257019476,-0.04344262725701948,35,pump_0_25,tdec_lt30,fund_flat,crowd_01,btc_down,0.06424548902425009,0.07930444049609942,0.0001,-0.14023664422084225
WETUSDT,2025-12-04,e2526,105655,long,1,0.03390928725701948,0.00053334,0.029942627257019478,0.025442627257019478,35,pump_0_25,tdec_lt30,fund_flat,crowd_01,btc_down,0.06424548902425009,0.07930444049609942,0.0001,-0.14023664422084225
WETUSDT,2025-12-04,e2526,105655,short,2,-0.07791038054492243,-0.00083334,-0.08324372054492243,-0.08774372054492242,29,pump_0_25,tdec_lt30,fund_flat,crowd_01,btc_down,0.06424548902425009,0.03712861067741801,0.0001,-0.11955828550330616
WETUSDT,2025-12-04,e2526,105655,long,2,0.07791038054492243,0.00083334,0.07424372054492243,0.06974372054492244,29,pump_0_25,tdec_lt30,fund_flat,crowd_01,btc_down,0.06424548902425009,0.03712861067741801,0.0001,-0.11955828550330616
WHITEWHALEUSDT,2026-01-06,e2526,105660,short,1,-0.022744870305845964,-0.07015648,-0.09740135030584596,-0.10190135030584595,35,pump_0_25,tdec_ge70,fund_neg,crowd_01,btc_up,0.12881022615535875,1.006033034133218,-0.0025269,0.008101724099869756
WHITEWHALEUSDT,2026-01-06,e2526,105660,long,1,0.022744870305845964,0.07015648,0.08840135030584595,0.08390135030584596,35,pump_0_25,tdec_ge70,fund_neg,crowd_01,btc_up,0.12881022615535875,1.006033034133218,-0.0025269,0.008101724099869756
WHITEWHALEUSDT,2026-01-06,e2526,105660,short,2,0.05710716516462928,-0.06649767,-0.013890504835370718,-0.01839050483537072,29,pump_0_25,tdec_ge70,fund_neg,crowd_01,btc_down,0.12881022615535875,1.2397922566475184,-0.00238702,-0.01699337515288324
WHITEWHALEUSDT,2026-01-06,e2526,105660,long,2,-0.05710716516462928,0.06649767,0.004890504835370718,0.00039050483537071863,29,pump_0_25,tdec_ge70,fund_neg,crowd_01,btc_down,0.12881022615535875,1.2397922566475184,-0.00238702,-0.01699337515288324
WIFUSDT,2024-01-11,e2324,105556,short,1,-0.6752767527675279,0.02040127,-0.6593754827675278,-0.6638754827675278,17,pump_le0,tdec_lt30,fund_pos,crowd_01,btc_down,-0.08291032148900168,0.29289665553572314,0.00249599,-0.0023078590760637896
WIFUSDT,2024-01-11,e2324,105556,long,1,0.6752767527675279,-0.02040127,0.6503754827675279,0.6458754827675278,17,pump_le0,tdec_lt30,fund_pos,crowd_01,btc_down,-0.08291032148900168,0.29289665553572314,0.00249599,-0.0023078590760637896
WIFUSDT,2024-01-11,e2324,105556,short,2,-0.31356238698010847,0.0144711,-0.30359128698010845,-0.30809128698010846,14,pump_le0,tdec_lt30,fund_flat,crowd_01,btc_down,-0.08291032148900168,0.21075792544184296,0.0001,-0.0045296167247387276
WIFUSDT,2024-01-11,e2324,105556,long,2,0.31356238698010847,-0.0144711,0.29459128698010845,0.29009128698010844,14,pump_le0,tdec_lt30,fund_flat,crowd_01,btc_down,-0.08291032148900168,0.21075792544184296,0.0001,-0.0045296167247387276
WLDUSDT,2023-07-24,e2324,105532,short,1,-0.026572187776793647,0.0010462800000000001,-0.030025907776793648,-0.034525907776793645,17,pump_le0,tdec_ge70,fund_flat,crowd_01,btc_down,-0.16709701217262996,1.109944113361544,0.0001,-0.040804199592253454
WLDUSDT,2023-07-24,e2324,105532,long,1,0.026572187776793647,-0.0010462800000000001,0.021025907776793647,0.01652590777679365,17,pump_le0,tdec_ge70,fund_flat,crowd_01,btc_down,-0.16709701217262996,1.109944113361544,0.0001,-0.040804199592253454
WLDUSDT,2023-07-24,e2324,105532,short,2,-0.030222222222222248,0.00128858,-0.03343364222222225,-0.037933642222222244,14,pump_le0,tdec_ge70,fund_flat,crowd_01,btc_down,-0.16709701217262996,0.9261063416980888,0.0001,-0.030582707139599874
WLDUSDT,2023-07-24,e2324,105532,long,2,0.030222222222222248,-0.00128858,0.024433642222222246,0.01993364222222225,14,pump_le0,tdec_ge70,fund_flat,crowd_01,btc_down,-0.16709701217262996,0.9261063416980888,0.0001,-0.030582707139599874
WLFIUSDT,2025-08-23,e2526,105640,short,1,-0.2677787532923617,0.00175,-0.27052875329236176,-0.27502875329236176,35,pump_le0,tdec_30_70,fund_flat,crowd_24,btc_down,-0.4158974358974359,0.538920428678626,0.0001,-0.03521195616593953
WLFIUSDT,2025-08-23,e2526,105640,long,1,0.2677787532923617,-0.00175,0.26152875329236175,0.25702875329236174,35,pump_le0,tdec_30_70,fund_flat,crowd_24,btc_down,-0.4158974358974359,0.538920428678626,0.0001,-0.03521195616593953
WLFIUSDT,2025-08-23,e2526,105640,short,2,-0.2310315430520034,0.0014500000000000001,-0.2340815430520034,-0.2385815430520034,29,pump_le0,tdec_lt30,fund_flat,crowd_24,btc_down,-0.4158974358974359,0.2311239001595223,0.0001,-0.06640525603314029
WLFIUSDT,2025-08-23,e2526,105640,long,2,0.2310315430520034,-0.0014500000000000001,0.2250815430520034,0.2205815430520034,29,pump_le0,tdec_lt30,fund_flat,crowd_24,btc_down,-0.4158974358974359,0.2311239001595223,0.0001,-0.06640525603314029
WOOUSDT,2021-11-09,e2122,105443,short,1,-0.1858327053504146,-0.00677258,-0.1971052853504146,-0.2016052853504146,17,pump_0_25,tdec_ge70,fund_pos,crowd_24,btc_up,0.022263307911563057,1.3362519471806455,0.00250209,0.12882800608828004
WOOUSDT,2021-11-09,e2122,105443,long,1,0.1858327053504146,0.00677258,0.1881052853504146,0.1836052853504146,17,pump_0_25,tdec_ge70,fund_pos,crowd_24,btc_up,0.022263307911563057,1.3362519471806455,0.00250209,0.12882800608828004
WOOUSDT,2021-11-09,e2122,105443,short,2,0.042822384428223725,-0.00473844,0.03358394442822373,0.029083944428223728,14,pump_0_25,tdec_ge70,fund_neg,crowd_24,btc_up,0.022263307911563057,4.026427493728244,-0.00293371,0.15757240295682595
WOOUSDT,2021-11-09,e2122,105443,long,2,-0.042822384428223725,0.00473844,-0.042583944428223726,-0.04708394442822373,14,pump_0_25,tdec_ge70,fund_neg,crowd_24,btc_up,0.022263307911563057,4.026427493728244,-0.00293371,0.15757240295682595
WSMUSDT,2023-10-12,e2324,105543,short,1,0.36087591240875916,0.0017000000000000001,0.35807591240875913,0.35357591240875913,17,pump_0_25,tdec_lt30,fund_flat,crowd_ge5,btc_up,0.03693611867998814,0.24788234201984946,0.0001,0.02437823853967136
WSMUSDT,2023-10-12,e2324,105543,long,1,-0.36087591240875916,-0.0017000000000000001,-0.36707591240875914,-0.37157591240875915,17,pump_0_25,tdec_lt30,fund_flat,crowd_ge5,btc_up,0.03693611867998814,0.24788234201984946,0.0001,0.02437823853967136
WSMUSDT,2023-10-12,e2324,105543,short,2,0.3309902200488997,0.0014,0.3278902200488997,0.3233902200488997,14,pump_0_25,tdec_lt30,fund_flat,crowd_ge5,btc_up,0.03693611867998814,0.10732143205188321,0.0001,0.012508487363259047
WSMUSDT,2023-10-12,e2324,105543,long,2,-0.3309902200488997,-0.0014,-0.33689022004889974,-0.34139022004889974,14,pump_0_25,tdec_lt30,fund_flat,crowd_ge5,btc_up,0.03693611867998814,0.10732143205188321,0.0001,0.012508487363259047
WUSDT,2024-04-03,e2324,105568,short,1,0.2211279383071634,0.00596893,0.2225968683071634,0.2180968683071634,17,pump_le0,tdec_30_70,fund_flat,crowd_ge5,btc_up,-0.19661118160782254,0.6860026568579581,0.0001,0.07420066792052094
WUSDT,2024-04-03,e2324,105568,long,1,-0.2211279383071634,-0.00596893,-0.23159686830716342,-0.23609686830716342,17,pump_le0,tdec_30_70,fund_flat,crowd_ge5,btc_up,-0.19661118160782254,0.6860026568579581,0.0001,0.07420066792052094
WUSDT,2024-04-03,e2324,105568,short,2,0.1369298877792649,0.0056034200000000004,0.1380333077792649,0.1335333077792649,14,pump_le0,tdec_30_70,fund_flat,crowd_ge5,btc_up,-0.19661118160782254,0.4466938703581836,0.00013539,0.02564335246564875
WUSDT,2024-04-03,e2324,105568,long,2,-0.1369298877792649,-0.0056034200000000004,-0.1470333077792649,-0.1515333077792649,14,pump_le0,tdec_30_70,fund_flat,crowd_ge5,btc_up,-0.19661118160782254,0.4466938703581836,0.00013539,0.02564335246564875
XAGUSDT,2026-03-09,e2526,105669,short,1,0.08116368575956533,-0.00133504,0.07532864575956533,0.07082864575956534,35,pump_0_25,tdec_ge70,fund_flat,crowd_01,btc_down,0.06781095128732018,3.706353854073455,0.0,-0.005438911477910091
XAGUSDT,2026-03-09,e2526,105669,long,1,-0.08116368575956533,0.00133504,-0.08432864575956533,-0.08882864575956533,35,pump_0_25,tdec_ge70,fund_flat,crowd_01,btc_down,0.06781095128732018,3.706353854073455,0.0,-0.005438911477910091
XAGUSDT,2026-03-09,e2526,105669,short,2,0.040430310911455276,-0.00133504,0.03459527091145528,0.030095270911455273,29,pump_0_25,tdec_ge70,fund_flat,crowd_01,btc_up,0.06781095128732018,3.2836444322324065,0.0,0.0005705255110481922
XAGUSDT,2026-03-09,e2526,105669,long,2,-0.040430310911455276,0.00133504,-0.04359527091145527,-0.048095270911455275,29,pump_0_25,tdec_ge70,fund_flat,crowd_01,btc_up,0.06781095128732018,3.2836444322324065,0.0,0.0005705255110481922
XAIUSDT,2024-01-10,e2324,105556,short,1,-0.7516504243948445,0.0034541700000000003,-0.7526962543948444,-0.7571962543948445,17,pump_0_25,tdec_ge70,fund_flat,crowd_01,btc_up,0.22558273935657858,1.9067702404167457,0.00024275,0.11611279680200348
XAIUSDT,2024-01-10,e2324,105556,long,1,0.7516504243948445,-0.0034541700000000003,0.7436962543948445,0.7391962543948445,17,pump_0_25,tdec_ge70,fund_flat,crowd_01,btc_up,0.22558273935657858,1.9067702404167457,0.00024275,0.11611279680200348
XAIUSDT,2024-01-10,e2324,105556,short,2,-0.9141188594984541,0.00315417,-0.915464689498454,-0.9199646894984541,14,pump_0_25,tdec_30_70,fund_flat,crowd_01,btc_down,0.22558273935657858,0.552173850441269,0.0001,-0.0023078590760637896
XAIUSDT,2024-01-10,e2324,105556,long,2,0.9141188594984541,-0.00315417,0.9064646894984542,0.9019646894984541,14,pump_0_25,tdec_30_70,fund_flat,crowd_01,btc_down,0.22558273935657858,0.552173850441269,0.0001,-0.0023078590760637896
XANUSDT,2025-09-29,e2526,105646,short,1,0.17033786021861547,-0.00397699,0.16186087021861545,0.15736087021861545,35,pump_le0,tdec_30_70,fund_neg,crowd_ge5,btc_up,-0.21190367421523204,0.44450132787432217,-0.00130304,0.05373197781885408
XANUSDT,2025-09-29,e2526,105646,long,1,-0.17033786021861547,0.00397699,-0.17086087021861546,-0.17536087021861546,35,pump_le0,tdec_30_70,fund_neg,crowd_ge5,btc_up,-0.21190367421523204,0.44450132787432217,-0.00130304,0.05373197781885408
XANUSDT,2025-09-29,e2526,105646,short,2,0.12444289085030151,-0.0032796,0.11666329085030151,0.11216329085030152,29,pump_le0,tdec_lt30,fund_flat,crowd_ge5,btc_up,-0.21190367421523204,0.17891360816784338,0.0001,0.0857536921270643
XANUSDT,2025-09-29,e2526,105646,long,2,-0.12444289085030151,0.0032796,-0.1256632908503015,-0.1301632908503015,29,pump_le0,tdec_lt30,fund_flat,crowd_ge5,btc_up,-0.21190367421523204,0.17891360816784338,0.0001,0.0857536921270643
XAUTUSDT,2025-04-03,e2526,105620,short,1,-0.05042595019659243,0.00202213,-0.05290382019659243,-0.05740382019659243,35,pump_le0,tdec_30_70,fund_pos,crowd_24,btc_down,-0.011690035944431854,0.42264260091956896,0.00104926,-0.07404066345875682
XAUTUSDT,2025-04-03,e2526,105620,long,1,0.05042595019659243,-0.00202213,0.04390382019659243,0.03940382019659243,35,pump_le0,tdec_30_70,fund_pos,crowd_24,btc_down,-0.011690035944431854,0.42264260091956896,0.00104926,-0.07404066345875682
XAUTUSDT,2025-04-03,e2526,105620,short,2,-0.048982396440023654,0.00193512,-0.05154727644002365,-0.056047276440023656,29,pump_le0,tdec_lt30,fund_flat,crowd_24,btc_down,-0.011690035944431854,0.21614258710971188,0.0001,-0.07122278630828183
XAUTUSDT,2025-04-03,e2526,105620,long,2,0.048982396440023654,-0.00193512,0.04254727644002366,0.038047276440023654,29,pump_le0,tdec_lt30,fund_flat,crowd_24,btc_down,-0.011690035944431854,0.21614258710971188,0.0001,-0.07122278630828183
XAUUSDT,2026-03-09,e2526,105669,short,1,0.035382083778400096,-0.0013000099999999999,0.029582073778400098,0.025082073778400098,35,pump_0_25,tdec_ge70,fund_flat,crowd_01,btc_down,0.024848763380520777,1.470916413528409,0.0,-0.005438911477910091
XAUUSDT,2026-03-09,e2526,105669,long,1,-0.035382083778400096,0.0013000099999999999,-0.038582073778400096,-0.0430820737784001,35,pump_0_25,tdec_ge70,fund_flat,crowd_01,btc_down,0.024848763380520777,1.470916413528409,0.0,-0.005438911477910091
XAUUSDT,2026-03-09,e2526,105669,short,2,0.023629977538858975,-0.0012628099999999998,0.017867167538858975,0.013367167538858976,29,pump_0_25,tdec_ge70,fund_flat,crowd_01,btc_up,0.024848763380520777,0.8385177574604858,0.0,0.0005705255110481922
XAUUSDT,2026-03-09,e2526,105669,long,2,-0.023629977538858975,0.0012628099999999998,-0.026867167538858976,-0.03136716753885897,29,pump_0_25,tdec_ge70,fund_flat,crowd_01,btc_up,0.024848763380520777,0.8385177574604858,0.0,0.0005705255110481922
XCHUSDT,2024-05-27,e2324,105576,short,1,0.05729960377933564,0.00898361,0.06178321377933565,0.057283213779335644,17,pump_0_25,tdec_30_70,fund_flat,crowd_ge5,btc_up,0.04690491384811746,0.3646549965047634,0.00019304,0.08480840920041599
XCHUSDT,2024-05-27,e2324,105576,long,1,-0.05729960377933564,-0.00898361,-0.07078321377933565,-0.07528321377933564,17,pump_0_25,tdec_30_70,fund_flat,crowd_ge5,btc_up,0.04690491384811746,0.3646549965047634,0.00019304,0.08480840920041599
XCHUSDT,2024-05-27,e2324,105576,short,2,0.02796983029541171,0.00696015,0.030429980295411708,0.025929980295411707,14,pump_0_25,tdec_lt30,fund_flat,crowd_ge5,btc_up,0.04690491384811746,0.20626871056188792,0.00041972,0.060288682535380334
XCHUSDT,2024-05-27,e2324,105576,long,2,-0.02796983029541171,-0.00696015,-0.039429980295411705,-0.04392998029541171,14,pump_0_25,tdec_lt30,fund_flat,crowd_ge5,btc_up,0.04690491384811746,0.20626871056188792,0.00041972,0.060288682535380334
XCNUSDT,2022-04-28,e2122,105467,short,1,0.08002783576896315,-0.023990789999999998,0.051537045768963154,0.04703704576896315,17,pump_le0,tdec_30_70,fund_flat,crowd_24,btc_down,-0.026312817617165418,0.4593269600545136,0.0001,-0.17973800612453217
XCNUSDT,2022-04-28,e2122,105467,long,1,-0.08002783576896315,0.023990789999999998,-0.06053704576896315,-0.06503704576896314,17,pump_le0,tdec_30_70,fund_flat,crowd_24,btc_down,-0.026312817617165418,0.4593269600545136,0.0001,-0.17973800612453217
XCNUSDT,2022-04-28,e2122,105467,short,2,0.050287356321839026,-0.013212699999999999,0.03257465632183903,0.028074656321839024,14,pump_le0,tdec_30_70,fund_neg,crowd_24,btc_down,-0.026312817617165418,0.5674390349016745,-0.00490891,-0.17357342181011182
XCNUSDT,2022-04-28,e2122,105467,long,2,-0.050287356321839026,0.013212699999999999,-0.04157465632183902,-0.046074656321839026,14,pump_le0,tdec_30_70,fund_neg,crowd_24,btc_down,-0.026312817617165418,0.5674390349016745,-0.00490891,-0.17357342181011182
XDCUSDT,2025-02-10,e2526,105613,short,1,-0.03992038040473297,0.00175,-0.04267038040473296,-0.04717038040473297,35,pump_le0,tdec_30_70,fund_flat,crowd_24,btc_up,-0.021320346320346295,0.4614987749086003,0.0001,0.013105491482382936
XDCUSDT,2025-02-10,e2526,105613,long,1,0.03992038040473297,-0.00175,0.03367038040473297,0.029170380404732965,35,pump_le0,tdec_30_70,fund_flat,crowd_24,btc_up,-0.021320346320346295,0.4614987749086003,0.0001,0.013105491482382936
XDCUSDT,2025-02-10,e2526,105613,short,2,-0.004378938374452565,0.0014500000000000001,-0.007428938374452565,-0.011928938374452564,29,pump_le0,tdec_lt30,fund_flat,crowd_24,btc_up,-0.021320346320346295,0.09434637390251507,0.0001,0.03512816877265679
XDCUSDT,2025-02-10,e2526,105613,long,2,0.004378938374452565,-0.0014500000000000001,-0.0015710616255474345,-0.006071061625547434,29,pump_le0,tdec_lt30,fund_flat,crowd_24,btc_up,-0.021320346320346295,0.09434637390251507,0.0001,0.03512816877265679
XEMUSDT,2021-11-30,e2122,105446,short,1,0.1845518867924528,-0.0063923899999999995,0.1736594967924528,0.1691594967924528,17,pump_0_25,tdec_30_70,fund_pos,crowd_ge5,btc_down,0.00414446417998815,0.6664646046914414,0.00051772,-0.061107966431225846
XEMUSDT,2021-11-30,e2122,105446,long,1,-0.1845518867924528,0.0063923899999999995,-0.1826594967924528,-0.1871594967924528,17,pump_0_25,tdec_30_70,fund_pos,crowd_ge5,btc_down,0.00414446417998815,0.6664646046914414,0.00051772,-0.061107966431225846
XEMUSDT,2021-11-30,e2122,105446,short,2,0.1748210023866348,-0.00732496,0.16299604238663482,0.1584960423866348,14,pump_0_25,tdec_ge70,fund_flat,crowd_ge5,btc_down,0.00414446417998815,0.9658098340247202,0.00043587,-0.10680862499604793
XEMUSDT,2021-11-30,e2122,105446,long,2,-0.1748210023866348,0.00732496,-0.17199604238663482,-0.17649604238663483,14,pump_0_25,tdec_ge70,fund_flat,crowd_ge5,btc_down,0.00414446417998815,0.9658098340247202,0.00043587,-0.10680862499604793
XIONUSDT,2024-12-05,e2324,105603,short,1,0.11076280041797286,-0.00387316,0.10238964041797285,0.09788964041797286,17,pump_le0,tdec_30_70,fund_flat,crowd_ge5,btc_up,-0.12642628936558653,0.6972304267872529,-0.00028015,0.3199739682195346
XIONUSDT,2024-12-05,e2324,105603,long,1,-0.11076280041797286,0.00387316,-0.11138964041797286,-0.11588964041797285,17,pump_le0,tdec_30_70,fund_flat,crowd_ge5,btc_up,-0.12642628936558653,0.6972304267872529,-0.00028015,0.3199739682195346
XIONUSDT,2024-12-05,e2324,105603,short,2,0.24288256227758007,-0.00166204,0.23672052227758006,0.23222052227758005,14,pump_le0,tdec_ge70,fund_flat,crowd_ge5,btc_up,-0.12642628936558653,0.728130800606008,-0.00008364,0.3168140146662659
XIONUSDT,2024-12-05,e2324,105603,long,2,-0.24288256227758007,0.00166204,-0.24572052227758007,-0.25022052227758007,14,pump_le0,tdec_ge70,fund_flat,crowd_ge5,btc_up,-0.12642628936558653,0.728130800606008,-0.00008364,0.3168140146662659
XLMUSDT,2021-08-31,e2122,105433,short,1,0.053233549844676736,0.033791009999999996,0.08252455984467673,0.07802455984467674,17,pump_0_25,tdec_ge70,fund_pos,crowd_24,btc_up,0.06320372316469003,1.2927519443385136,0.00114876,0.24669985956849239
XLMUSDT,2021-08-31,e2122,105433,long,1,-0.053233549844676736,-0.033791009999999996,-0.09152455984467674,-0.09602455984467673,17,pump_0_25,tdec_ge70,fund_pos,crowd_24,btc_up,0.06320372316469003,1.2927519443385136,0.00114876,0.24669985956849239
XLMUSDT,2021-08-31,e2122,105433,short,2,0.06797331109257722,0.02864401,0.09211732109257721,0.08761732109257722,14,pump_0_25,tdec_ge70,fund_pos,crowd_24,btc_up,0.06320372316469003,1.752882911336519,0.00192543,0.2908645981915019
XLMUSDT,2021-08-31,e2122,105433,long,2,-0.06797331109257722,-0.02864401,-0.10111732109257722,-0.10561732109257721,14,pump_0_25,tdec_ge70,fund_pos,crowd_24,btc_up,0.06320372316469003,1.752882911336519,0.00192543,0.2908645981915019
XMRUSDT,2022-01-14,e2122,105452,short,1,0.20538178472861088,-0.00147707,0.19940471472861088,0.19490471472861087,17,pump_le0,tdec_ge70,fund_flat,crowd_24,btc_down,-0.0011486331265794236,0.7619080867626947,0.00015146,-0.09605337697488514
XMRUSDT,2022-01-14,e2122,105452,long,1,-0.20538178472861088,0.00147707,-0.20840471472861088,-0.2129047147286109,17,pump_le0,tdec_ge70,fund_flat,crowd_24,btc_down,-0.0011486331265794236,0.7619080867626947,0.00015146,-0.09605337697488514
XMRUSDT,2022-01-14,e2122,105452,short,2,0.22741502683363146,-0.00177707,0.22113795683363147,0.21663795683363146,14,pump_le0,tdec_ge70,fund_flat,crowd_24,btc_down,-0.0011486331265794236,0.8251986743691079,0.0001,-0.06715059588299022
XMRUSDT,2022-01-14,e2122,105452,long,2,-0.22741502683363146,0.00177707,-0.23013795683363147,-0.23463795683363148,14,pump_le0,tdec_ge70,fund_flat,crowd_24,btc_down,-0.0011486331265794236,0.8251986743691079,0.0001,-0.06715059588299022
XNOUSDT,2022-09-02,e2122,105485,short,1,-0.05358156430922922,-0.00448047,-0.06256203430922921,-0.06706203430922922,17,pump_le0,tdec_lt30,fund_flat,crowd_01,btc_down,-0.03091309130913089,0.20664171444044807,0.0001,-0.12303948678243559
XNOUSDT,2022-09-02,e2122,105485,long,1,0.05358156430922922,0.00448047,0.05356203430922922,0.049062034309229216,17,pump_le0,tdec_lt30,fund_flat,crowd_01,btc_down,-0.03091309130913089,0.20664171444044807,0.0001,-0.12303948678243559
XNOUSDT,2022-09-02,e2122,105485,short,2,-0.03651999106544568,0.0004852200000000001,-0.040534771065445674,-0.04503477106544568,14,pump_le0,tdec_lt30,fund_neg,crowd_01,btc_down,-0.03091309130913089,0.13528091518799348,-0.00099951,-0.1421366640913383
XNOUSDT,2022-09-02,e2122,105485,long,2,0.03651999106544568,-0.0004852200000000001,0.03153477106544568,0.027034771065445676,14,pump_le0,tdec_lt30,fund_neg,crowd_01,btc_down,-0.03091309130913089,0.13528091518799348,-0.00099951,-0.1421366640913383
XNYUSDT,2025-08-13,e2526,105639,short,1,0.42808413871517914,0.00248044,0.4260645787151791,0.4215645787151791,35,pump_0_25,tdec_ge70,fund_pos,crowd_ge5,btc_up,0.16397564849126534,0.7895352126717023,0.00130188,0.004283808240980402
XNYUSDT,2025-08-13,e2526,105639,long,1,-0.42808413871517914,-0.00248044,-0.4350645787151791,-0.4395645787151791,35,pump_0_25,tdec_ge70,fund_pos,crowd_ge5,btc_up,0.16397564849126534,0.7895352126717023,0.00130188,0.004283808240980402
XNYUSDT,2025-08-13,e2526,105639,short,2,0.61015307111025,0.00212739,0.60778046111025,0.6032804611102499,29,pump_0_25,tdec_ge70,fund_flat,crowd_ge5,btc_down,0.16397564849126534,4.244770724766311,0.0002061,-0.011342341453792315
XNYUSDT,2025-08-13,e2526,105639,long,2,-0.61015307111025,-0.00212739,-0.6167804611102499,-0.6212804611102499,29,pump_0_25,tdec_ge70,fund_flat,crowd_ge5,btc_down,0.16397564849126534,4.244770724766311,0.0002061,-0.011342341453792315
XPINUSDT,2025-09-12,e2526,105643,short,1,0.14022071201446468,0.00616596,0.14188667201446467,0.13738667201446467,35,pump_le0,tdec_ge70,fund_pos,crowd_ge5,btc_down,-0.036870233591545065,1.15405213657693,0.0019389,-0.02030019424930718
XPINUSDT,2025-09-12,e2526,105643,long,1,-0.14022071201446468,-0.00616596,-0.15088667201446468,-0.15538667201446468,35,pump_le0,tdec_ge70,fund_pos,crowd_ge5,btc_down,-0.036870233591545065,1.15405213657693,0.0019389,-0.02030019424930718
XPINUSDT,2025-09-12,e2526,105643,short,2,0.13395716887521197,0.0015968,0.13105396887521198,0.12655396887521198,29,pump_le0,tdec_ge70,fund_pos,crowd_ge5,btc_down,-0.036870233591545065,5.9080354101922525,0.00064412,-0.01761925225612382
XPINUSDT,2025-09-12,e2526,105643,long,2,-0.13395716887521197,-0.0015968,-0.140053968875212,-0.144553968875212,29,pump_le0,tdec_ge70,fund_pos,crowd_ge5,btc_down,-0.036870233591545065,5.9080354101922525,0.00064412,-0.01761925225612382
XPLUSDT,2025-08-22,e2526,105640,short,1,-0.2783070721876146,0.00175,-0.2810570721876146,-0.2855570721876146,35,pump_0_25,tdec_30_70,fund_flat,crowd_24,btc_down,0.13708333333333322,0.30324610681519654,0.0001,-0.0247042120208234
XPLUSDT,2025-08-22,e2526,105640,long,1,0.2783070721876146,-0.00175,0.2720570721876146,0.2675570721876146,35,pump_0_25,tdec_30_70,fund_flat,crowd_24,btc_down,0.13708333333333322,0.30324610681519654,0.0001,-0.0247042120208234
XPLUSDT,2025-08-22,e2526,105640,short,2,-0.23969438521677333,0.0014500000000000001,-0.24274438521677333,-0.24724438521677333,29,pump_0_25,tdec_lt30,fund_flat,crowd_24,btc_down,0.13708333333333322,0.21231403296927193,0.0001,-0.03521195616593953
XPLUSDT,2025-08-22,e2526,105640,long,2,0.23969438521677333,-0.0014500000000000001,0.23374438521677332,0.22924438521677332,29,pump_0_25,tdec_lt30,fund_flat,crowd_24,btc_down,0.13708333333333322,0.21231403296927193,0.0001,-0.03521195616593953
XRDUSDT,2023-12-12,e2324,105552,short,1,0.132520325203252,0.01725034,0.145270665203252,0.140770665203252,17,pump_0_25,tdec_lt30,fund_pos,crowd_24,btc_up,0.08994240141781118,0.16264150836325386,0.00184132,0.17573427033427258
XRDUSDT,2023-12-12,e2324,105552,long,1,-0.132520325203252,-0.01725034,-0.154270665203252,-0.158770665203252,17,pump_0_25,tdec_lt30,fund_pos,crowd_24,btc_up,0.08994240141781118,0.16264150836325386,0.00184132,0.17573427033427258
XRDUSDT,2023-12-12,e2324,105552,short,2,0.10692613517472267,0.01068647,0.11311260517472267,0.10861260517472268,14,pump_0_25,tdec_lt30,fund_pos,crowd_24,btc_up,0.08994240141781118,0.2032102976859354,0.00248994,0.21061289914371284
XRDUSDT,2023-12-12,e2324,105552,long,2,-0.10692613517472267,-0.01068647,-0.12211260517472268,-0.12661260517472267,14,pump_0_25,tdec_lt30,fund_pos,crowd_24,btc_up,0.08994240141781118,0.2032102976859354,0.00248994,0.21061289914371284
XRPUSDT,2021-05-13,e2122,105417,short,1,0.15821023335474202,0.00350364,0.15721387335474202,0.152713873354742,17,pump_0_25,tdec_ge70,fund_flat,crowd_01,btc_down,0.0763499500729703,1.1254667977653876,0.00023757,-0.20772873921266355
XRPUSDT,2021-05-13,e2122,105417,long,1,-0.15821023335474202,-0.00350364,-0.16621387335474203,-0.17071387335474203,17,pump_0_25,tdec_ge70,fund_flat,crowd_01,btc_down,0.0763499500729703,1.1254667977653876,0.00023757,-0.20772873921266355
XRPUSDT,2021-05-13,e2122,105417,short,2,0.20959528276601447,0.00258746,0.20768274276601448,0.20318274276601447,14,pump_0_25,tdec_ge70,fund_pos,crowd_01,btc_down,0.0763499500729703,3.728505983932299,0.00061419,-0.2601784740390619
XRPUSDT,2021-05-13,e2122,105417,long,2,-0.20959528276601447,-0.00258746,-0.21668274276601449,-0.2211827427660145,14,pump_0_25,tdec_ge70,fund_pos,crowd_01,btc_down,0.0763499500729703,3.728505983932299,0.00061419,-0.2601784740390619
XTERUSDT,2025-03-06,e2526,105616,short,1,0.043013698630136966,0.00138509,0.03989878863013697,0.035398788630136964,35,pump_25_100,tdec_lt30,fund_flat,crowd_01,btc_down,0.27533193570929404,0.2556122124837387,0.0001,-0.10158592087481944
XTERUSDT,2025-03-06,e2526,105616,long,1,-0.043013698630136966,-0.00138509,-0.04889878863013696,-0.053398788630136966,35,pump_25_100,tdec_lt30,fund_flat,crowd_01,btc_down,0.27533193570929404,0.2556122124837387,0.0001,-0.10158592087481944
XTERUSDT,2025-03-06,e2526,105616,short,2,-0.0008595988538682592,0.0010850900000000001,-0.004274508853868259,-0.008774508853868258,29,pump_25_100,tdec_lt30,fund_flat,crowd_01,btc_down,0.27533193570929404,0.0507555639440373,0.0001,-0.10686839378238344
XTERUSDT,2025-03-06,e2526,105616,long,2,0.0008595988538682592,-0.0010850900000000001,-0.0047254911461317405,-0.009225491146131741,29,pump_25_100,tdec_lt30,fund_flat,crowd_01,btc_down,0.27533193570929404,0.0507555639440373,0.0001,-0.10686839378238344
XVGUSDT,2023-07-05,e2324,105529,short,1,0.18472162278808807,-0.15105508,0.02916654278808806,0.02466654278808806,17,pump_le0,tdec_ge70,fund_neg,crowd_24,btc_up,-0.08133673180402146,1.520197811296856,-0.00804061,0.09766725821089084
XVGUSDT,2023-07-05,e2324,105529,long,1,-0.18472162278808807,0.15105508,-0.03816654278808806,-0.04266654278808806,17,pump_le0,tdec_ge70,fund_neg,crowd_24,btc_up,-0.08133673180402146,1.520197811296856,-0.00804061,0.09766725821089084
XVGUSDT,2023-07-05,e2324,105529,short,2,0.21004838998745445,-0.1068745,0.09867388998745445,0.09417388998745446,14,pump_le0,tdec_ge70,fund_neg,crowd_24,btc_up,-0.08133673180402146,3.873218763702058,-0.01392151,0.1522637653190697
XVGUSDT,2023-07-05,e2324,105529,long,2,-0.21004838998745445,0.1068745,-0.10767388998745446,-0.11217388998745445,14,pump_le0,tdec_ge70,fund_neg,crowd_24,btc_up,-0.08133673180402146,3.873218763702058,-0.01392151,0.1522637653190697
XVSUSDT,2023-09-08,e2324,105538,short,1,-0.014790337283500396,0.0017000000000000001,-0.017590337283500394,-0.022090337283500395,17,pump_le0,tdec_ge70,fund_flat,crowd_24,btc_down,-0.04968163901762901,2.086277258545781,0.0001,-0.12063624691760588
XVSUSDT,2023-09-08,e2324,105538,long,1,0.014790337283500396,-0.0017000000000000001,0.008590337283500397,0.004090337283500396,17,pump_le0,tdec_ge70,fund_flat,crowd_24,btc_down,-0.04968163901762901,2.086277258545781,0.0001,-0.12063624691760588
XVSUSDT,2023-09-08,e2324,105538,short,2,-0.03466784394823049,0.0014,-0.03776784394823049,-0.042267843948230494,14,pump_le0,tdec_ge70,fund_flat,crowd_24,btc_down,-0.04968163901762901,1.285603664740915,0.0001,-0.12196614525785432
XVSUSDT,2023-09-08,e2324,105538,long,2,0.03466784394823049,-0.0014,0.028767843948230492,0.02426784394823049,14,pump_le0,tdec_ge70,fund_flat,crowd_24,btc_down,-0.04968163901762901,1.285603664740915,0.0001,-0.12196614525785432
YALAUSDT,2025-08-08,e2526,105638,short,1,0.37142857142857144,0.00525267,0.37218124142857145,0.36768124142857145,35,pump_0_25,tdec_ge70,fund_flat,crowd_ge5,btc_up,0.015132408575031508,0.8679183467649483,0.0001,0.0035873751294290823
YALAUSDT,2025-08-08,e2526,105638,long,1,-0.37142857142857144,-0.00525267,-0.38118124142857146,-0.38568124142857146,35,pump_0_25,tdec_ge70,fund_flat,crowd_ge5,btc_up,0.015132408575031508,0.8679183467649483,0.0001,0.0035873751294290823
YALAUSDT,2025-08-08,e2526,105638,short,2,0.40991253644314873,0.00341004,0.40882257644314873,0.40432257644314873,29,pump_0_25,tdec_lt30,fund_flat,crowd_ge5,btc_up,0.015132408575031508,0.23829551094241247,0.00048926,0.015003131680350723
YALAUSDT,2025-08-08,e2526,105638,long,2,-0.40991253644314873,-0.00341004,-0.41782257644314874,-0.42232257644314875,29,pump_0_25,tdec_lt30,fund_flat,crowd_ge5,btc_up,0.015132408575031508,0.23829551094241247,0.00048926,0.015003131680350723
YBUSDT,2025-10-11,e2526,105647,short,1,0.6082260074781886,-0.00133382,0.6023921874781886,0.5978921874781885,35,pump_le0,tdec_lt30,fund_flat,crowd_ge5,btc_down,-0.20298013245033109,0.19368958527690913,0.0001,-0.009170316973062476
YBUSDT,2025-10-11,e2526,105647,long,1,-0.6082260074781886,0.00133382,-0.6113921874781885,-0.6158921874781885,35,pump_le0,tdec_lt30,fund_flat,crowd_ge5,btc_down,-0.20298013245033109,0.19368958527690913,0.0001,-0.009170316973062476
YBUSDT,2025-10-11,e2526,105647,short,2,0.6494163134805562,-0.00163382,0.6432824934805562,0.6387824934805562,29,pump_le0,tdec_30_70,fund_flat,crowd_ge5,btc_down,-0.20298013245033109,0.32187165695425896,0.0001,-0.006326305831008572
YBUSDT,2025-10-11,e2526,105647,long,2,-0.6494163134805562,0.00163382,-0.6522824934805561,-0.6567824934805562,29,pump_le0,tdec_30_70,fund_flat,crowd_ge5,btc_down,-0.20298013245033109,0.32187165695425896,0.0001,-0.006326305831008572
YFIIUSDT,2023-08-16,e2324,105535,short,1,0.06881580375556277,0.0017000000000000001,0.06601580375556276,0.061515803755562766,17,pump_le0,tdec_ge70,fund_flat,crowd_ge5,btc_down,-0.20536484388476806,0.9773831366535795,0.0001,-0.10856922716156914
YFIIUSDT,2023-08-16,e2324,105535,long,1,-0.06881580375556277,-0.0017000000000000001,-0.07501580375556277,-0.07951580375556276,17,pump_le0,tdec_ge70,fund_flat,crowd_ge5,btc_down,-0.20536484388476806,0.9773831366535795,0.0001,-0.10856922716156914
YFIIUSDT,2023-08-16,e2324,105535,short,2,0.0407022252040702,0.0014,0.0376022252040702,0.0331022252040702,14,pump_le0,tdec_30_70,fund_flat,crowd_ge5,btc_down,-0.20536484388476806,0.35723118150552485,0.0001,-0.1287539145097829
YFIIUSDT,2023-08-16,e2324,105535,long,2,-0.0407022252040702,-0.0014,-0.046602225204070195,-0.0511022252040702,14,pump_le0,tdec_30_70,fund_flat,crowd_ge5,btc_down,-0.20536484388476806,0.35723118150552485,0.0001,-0.1287539145097829
YFIUSDT,2021-12-10,e2122,105447,short,1,-0.5613546740895384,0.0007737600000000001,-0.5650809140895384,-0.5695809140895385,17,pump_0_25,tdec_ge70,fund_flat,crowd_ge5,btc_down,0.0418076365393909,1.2765958038964182,0.0001,-0.2387438108312382
YFIUSDT,2021-12-10,e2122,105447,long,1,0.5613546740895384,-0.0007737600000000001,0.5560809140895385,0.5515809140895385,17,pump_0_25,tdec_ge70,fund_flat,crowd_ge5,btc_down,0.0418076365393909,1.2765958038964182,0.0001,-0.2387438108312382
YFIUSDT,2021-12-10,e2122,105447,short,2,-0.5480680772769089,0.0004737600000000001,-0.5520943172769088,-0.5565943172769089,14,pump_0_25,tdec_ge70,fund_flat,crowd_ge5,btc_down,0.0418076365393909,0.8471840512167967,0.0001,-0.21922795092062797
YFIUSDT,2021-12-10,e2122,105447,long,2,0.5480680772769089,-0.0004737600000000001,0.5430943172769089,0.5385943172769089,14,pump_0_25,tdec_ge70,fund_flat,crowd_ge5,btc_down,0.0418076365393909,0.8471840512167967,0.0001,-0.21922795092062797
YGGUSDT,2021-11-23,e2122,105445,short,1,0.16604354519463382,0.00779287,0.16933641519463383,0.16483641519463382,17,pump_0_25,tdec_ge70,fund_flat,crowd_ge5,btc_down,0.09526677104660952,1.5271417938680065,0.00021485,-0.0938470558407809
YGGUSDT,2021-11-23,e2122,105445,long,1,-0.16604354519463382,-0.00779287,-0.17833641519463383,-0.18283641519463384,17,pump_0_25,tdec_ge70,fund_flat,crowd_ge5,btc_down,0.09526677104660952,1.5271417938680065,0.00021485,-0.0938470558407809
YGGUSDT,2021-11-23,e2122,105445,short,2,0.11463927153864126,0.0050235,0.11516277153864125,0.11066277153864126,14,pump_0_25,tdec_ge70,fund_pos,crowd_ge5,btc_down,0.09526677104660952,1.9072290323513372,0.00110679,-0.02277381218859076
YGGUSDT,2021-11-23,e2122,105445,long,2,-0.11463927153864126,-0.0050235,-0.12416277153864126,-0.12866277153864125,14,pump_0_25,tdec_ge70,fund_pos,crowd_ge5,btc_down,0.09526677104660952,1.9072290323513372,0.00110679,-0.02277381218859076
YZYUSDT,2025-08-21,e2526,105640,short,1,0.22318840579710134,-0.01337149,0.20531691579710132,0.20081691579710131,35,pump_le0,tdec_ge70,fund_flat,crowd_24,btc_down,-0.4667697063369398,0.7158564185727838,0.0001,-0.015525915545621882
YZYUSDT,2025-08-21,e2526,105640,long,1,-0.22318840579710134,0.01337149,-0.21431691579710133,-0.21881691579710133,35,pump_le0,tdec_ge70,fund_flat,crowd_24,btc_down,-0.4667697063369398,0.7158564185727838,0.0001,-0.015525915545621882
YZYUSDT,2025-08-21,e2526,105640,short,2,0.22988505747126428,-0.01326834,0.2121167174712643,0.20761671747126428,29,pump_le0,tdec_lt30,fund_flat,crowd_24,btc_down,-0.4667697063369398,0.16974913723071042,0.0001,-0.0247042120208234
YZYUSDT,2025-08-21,e2526,105640,long,2,-0.22988505747126428,0.01326834,-0.2211167174712643,-0.2256167174712643,29,pump_le0,tdec_lt30,fund_flat,crowd_24,btc_down,-0.4667697063369398,0.16974913723071042,0.0001,-0.0247042120208234
ZAMAUSDT,2026-01-09,e2526,105660,short,1,0.2505199470599357,0.00175,0.24776994705993566,0.24326994705993565,35,pump_le0,tdec_lt30,fund_flat,crowd_24,btc_down,-0.19387288523090995,0.2565242799824932,0.0001,-0.021669764509854028
ZAMAUSDT,2026-01-09,e2526,105660,long,1,-0.2505199470599357,-0.00175,-0.25676994705993567,-0.26126994705993567,35,pump_le0,tdec_lt30,fund_flat,crowd_24,btc_down,-0.19387288523090995,0.2565242799824932,0.0001,-0.021669764509854028
ZAMAUSDT,2026-01-09,e2526,105660,short,2,0.26353924756154196,0.0014500000000000001,0.26048924756154196,0.25598924756154195,29,pump_le0,tdec_lt30,fund_flat,crowd_24,btc_up,-0.19387288523090995,0.2831861170245197,0.0001,0.00810919540866828
ZAMAUSDT,2026-01-09,e2526,105660,long,2,-0.26353924756154196,-0.0014500000000000001,-0.26948924756154197,-0.27398924756154197,29,pump_le0,tdec_lt30,fund_flat,crowd_24,btc_up,-0.19387288523090995,0.2831861170245197,0.0001,0.00810919540866828
ZBCNUSDT,2024-04-17,e2324,105570,short,1,-0.2408791208791208,-0.02144622,-0.2668253408791208,-0.2713253408791208,17,pump_le0,tdec_30_70,fund_flat,crowd_24,btc_up,-0.0815502624142107,0.3561276388786753,0.0001,0.02377867245427323
ZBCNUSDT,2024-04-17,e2324,105570,long,1,0.2408791208791208,0.02144622,0.2578253408791208,0.2533253408791208,17,pump_le0,tdec_30_70,fund_flat,crowd_24,btc_up,-0.0815502624142107,0.3561276388786753,0.0001,0.02377867245427323
ZBCNUSDT,2024-04-17,e2324,105570,short,2,-0.2825988187187643,0.00143539,-0.2856634287187643,-0.2901634287187643,14,pump_le0,tdec_lt30,fund_neg,crowd_24,btc_down,-0.0815502624142107,0.2795518994878128,-0.01200398,-0.06006882779050993
ZBCNUSDT,2024-04-17,e2324,105570,long,2,0.2825988187187643,-0.00143539,0.2766634287187643,0.2721634287187643,14,pump_le0,tdec_lt30,fund_neg,crowd_24,btc_down,-0.0815502624142107,0.2795518994878128,-0.01200398,-0.06006882779050993
ZBCUSDT,2023-08-22,e2324,105536,short,1,0.11046037512046854,0.0015958600000000002,0.10755623512046854,0.10305623512046855,17,pump_le0,tdec_30_70,fund_flat,crowd_24,btc_down,-0.04177026355047242,0.6895970307188213,0.0001,-0.09383070006070182
ZBCUSDT,2023-08-22,e2324,105536,long,1,-0.11046037512046854,-0.0015958600000000002,-0.11655623512046855,-0.12105623512046854,17,pump_le0,tdec_30_70,fund_flat,crowd_24,btc_down,-0.04177026355047242,0.6895970307188213,0.0001,-0.09383070006070182
ZBCUSDT,2023-08-22,e2324,105536,short,2,0.035217496180751054,0.00129586,0.03201335618075106,0.027513356180751056,14,pump_le0,tdec_lt30,fund_flat,crowd_24,btc_down,-0.04177026355047242,0.2681239309744795,0.0001,-0.10458223238366449
ZBCUSDT,2023-08-22,e2324,105536,long,2,-0.035217496180751054,-0.00129586,-0.041013356180751054,-0.04551335618075106,14,pump_le0,tdec_lt30,fund_flat,crowd_24,btc_down,-0.04177026355047242,0.2681239309744795,0.0001,-0.10458223238366449
ZBTUSDT,2025-10-17,e2526,105648,short,1,0.21137496335385517,-0.09581861,0.11105635335385516,0.10655635335385517,143,pump_le0,tdec_30_70,fund_neg,crowd_ge5,btc_down,-0.40996367410482604,0.6081398112835676,-0.02804576,-0.08460950151038038
ZBTUSDT,2025-10-17,e2526,105648,long,1,-0.21137496335385517,0.09581861,-0.12005635335385517,-0.12455635335385516,143,pump_le0,tdec_30_70,fund_neg,crowd_ge5,btc_down,-0.40996367410482604,0.6081398112835676,-0.02804576,-0.08460950151038038
ZBTUSDT,2025-10-17,e2526,105648,short,2,0.18361153262518967,-0.04188472,0.13722681262518965,0.13272681262518965,119,pump_le0,tdec_30_70,fund_neg,crowd_ge5,btc_down,-0.40996367410482604,0.5534771232425414,-0.01395288,-0.06035670992075126
ZBTUSDT,2025-10-17,e2526,105648,long,2,-0.18361153262518967,0.04188472,-0.14622681262518966,-0.15072681262518967,119,pump_le0,tdec_30_70,fund_neg,crowd_ge5,btc_down,-0.40996367410482604,0.5534771232425414,-0.01395288,-0.06035670992075126
ZCXUSDT,2024-06-24,e2324,105580,short,1,0.14639475600874002,0.0012465900000000001,0.14314134600874,0.13864134600874,17,pump_le0,tdec_30_70,fund_flat,crowd_24,btc_down,-0.060875512995896,0.46893619370475126,0.0001,-0.09870623360173714
ZCXUSDT,2024-06-24,e2324,105580,long,1,-0.14639475600874002,-0.0012465900000000001,-0.15214134600874002,-0.15664134600874002,17,pump_le0,tdec_30_70,fund_flat,crowd_24,btc_down,-0.060875512995896,0.46893619370475126,0.0001,-0.09870623360173714
ZCXUSDT,2024-06-24,e2324,105580,short,2,0.05177993527508093,0.0009465900000000001,0.04822652527508093,0.043726525275080926,14,pump_le0,tdec_lt30,fund_flat,crowd_24,btc_down,-0.060875512995896,0.07576771664602541,0.0001,-0.1239956803455724
ZCXUSDT,2024-06-24,e2324,105580,long,2,-0.05177993527508093,-0.0009465900000000001,-0.057226525275080924,-0.06172652527508093,14,pump_le0,tdec_lt30,fund_flat,crowd_24,btc_down,-0.060875512995896,0.07576771664602541,0.0001,-0.1239956803455724
ZECUSDT,2021-11-24,e2122,105445,short,1,0.22026431718061681,0.00507678,0.2208410971806168,0.2163410971806168,17,pump_0_25,tdec_ge70,fund_pos,crowd_ge5,btc_down,0.16272655634357758,1.1995675303066333,0.00063782,-0.02277381218859076
ZECUSDT,2021-11-24,e2122,105445,long,1,-0.22026431718061681,-0.00507678,-0.22984109718061682,-0.23434109718061683,17,pump_0_25,tdec_ge70,fund_pos,crowd_ge5,btc_down,0.16272655634357758,1.1995675303066333,0.00063782,-0.02277381218859076
ZECUSDT,2021-11-24,e2122,105445,short,2,0.07011517478278438,0.00284091,0.06845608478278438,0.06395608478278439,14,pump_0_25,tdec_ge70,fund_flat,crowd_ge5,btc_down,0.16272655634357758,1.6036362914622955,0.0002134,-0.08004240657301886
ZECUSDT,2021-11-24,e2122,105445,long,2,-0.07011517478278438,-0.00284091,-0.07745608478278439,-0.08195608478278438,14,pump_0_25,tdec_ge70,fund_flat,crowd_ge5,btc_down,0.16272655634357758,1.6036362914622955,0.0002134,-0.08004240657301886
ZENTUSDT,2024-12-23,e2324,105606,short,1,-0.02454579392732697,-0.0009605799999999998,-0.030006373927326968,-0.034506373927326965,17,pump_0_25,tdec_30_70,fund_flat,crowd_ge5,btc_up,0.04805999347896961,0.5909957051564243,0.0001,0.006126839658586292
ZENTUSDT,2024-12-23,e2324,105606,long,1,0.02454579392732697,0.0009605799999999998,0.021006373927326967,0.01650637392732697,17,pump_0_25,tdec_30_70,fund_flat,crowd_ge5,btc_up,0.04805999347896961,0.5909957051564243,0.0001,0.006126839658586292
ZENTUSDT,2024-12-23,e2324,105606,short,2,0.06808342058349147,-0.0012605799999999999,0.062322840583491475,0.05782284058349147,14,pump_0_25,tdec_30_70,fund_flat,crowd_ge5,btc_up,0.04805999347896961,0.5384779366198343,0.0001,0.06882599799363676
ZENTUSDT,2024-12-23,e2324,105606,long,2,-0.06808342058349147,0.0012605799999999999,-0.07132284058349148,-0.07582284058349147,14,pump_0_25,tdec_30_70,fund_flat,crowd_ge5,btc_up,0.04805999347896961,0.5384779366198343,0.0001,0.06882599799363676
ZENUSDT,2021-11-26,e2122,105445,short,1,0.12645281264528122,0.0021687900000000003,0.12412160264528121,0.11962160264528122,17,pump_le0,tdec_ge70,fund_flat,crowd_ge5,btc_down,-0.04314946619217086,0.8742789905191592,0.0001,-0.09723378132287386
ZENUSDT,2021-11-26,e2122,105445,long,1,-0.12645281264528122,-0.0021687900000000003,-0.13312160264528122,-0.13762160264528123,17,pump_le0,tdec_ge70,fund_flat,crowd_ge5,btc_down,-0.04314946619217086,0.8742789905191592,0.0001,-0.09723378132287386
ZENUSDT,2021-11-26,e2122,105445,short,2,0.127669452181987,0.0018687900000000002,0.125038242181987,0.12053824218198701,14,pump_le0,tdec_ge70,fund_flat,crowd_ge5,btc_down,-0.04314946619217086,0.9173600523551281,0.0001,-0.0802728731942215
ZENUSDT,2021-11-26,e2122,105445,long,2,-0.127669452181987,-0.0018687900000000002,-0.134038242181987,-0.13853824218198701,14,pump_le0,tdec_ge70,fund_flat,crowd_ge5,btc_down,-0.04314946619217086,0.9173600523551281,0.0001,-0.0802728731942215
ZEREBROUSDT,2024-12-30,e2324,105607,short,1,0.2314599268373795,0.00470617,0.23166609683737951,0.2271660968373795,17,pump_25_100,tdec_ge70,fund_flat,crowd_24,btc_down,0.4143932267168391,1.6519074099508035,0.0001,-0.03840420128843347
ZEREBROUSDT,2024-12-30,e2324,105607,long,1,-0.2314599268373795,-0.00470617,-0.24066609683737952,-0.24516609683737953,17,pump_25_100,tdec_ge70,fund_flat,crowd_24,btc_down,0.4143932267168391,1.6519074099508035,0.0001,-0.03840420128843347
ZEREBROUSDT,2024-12-30,e2324,105607,short,2,0.19979224376731303,0.0033680100000000003,0.19866025376731303,0.19416025376731302,14,pump_25_100,tdec_30_70,fund_pos,crowd_24,btc_down,0.4143932267168391,0.6548463411810558,0.00113816,-0.013787119368086853
ZEREBROUSDT,2024-12-30,e2324,105607,long,2,-0.19979224376731303,-0.0033680100000000003,-0.20766025376731304,-0.21216025376731304,14,pump_25_100,tdec_30_70,fund_pos,crowd_24,btc_down,0.4143932267168391,0.6548463411810558,0.00113816,-0.013787119368086853
ZESTUSDT,2026-06-05,e2526,105681,short,1,-0.04656319290465632,0.00624568,-0.04481751290465632,-0.04931751290465632,35,pump_0_25,tdec_ge70,fund_flat,crowd_ge5,btc_down,0.12656119900083262,1.456535294728319,0.0001,-0.23907101433690858
ZESTUSDT,2026-06-05,e2526,105681,long,1,0.04656319290465632,-0.00624568,0.035817512904656325,0.03131751290465632,35,pump_0_25,tdec_ge70,fund_flat,crowd_ge5,btc_down,0.12656119900083262,1.456535294728319,0.0001,-0.23907101433690858
ZESTUSDT,2026-06-05,e2526,105681,short,2,-0.02349114564510302,0.00463516,-0.023355985645103022,-0.02785598564510302,29,pump_0_25,tdec_30_70,fund_flat,crowd_ge5,btc_down,0.12656119900083262,0.5841268301959294,0.0001,-0.2102295338836625
ZESTUSDT,2026-06-05,e2526,105681,long,2,0.02349114564510302,-0.00463516,0.014355985645103021,0.009855985645103022,29,pump_0_25,tdec_30_70,fund_flat,crowd_ge5,btc_down,0.12656119900083262,0.5841268301959294,0.0001,-0.2102295338836625
ZETAUSDT,2024-02-01,e2324,105559,short,1,0.274168461354391,0.00110257,0.270771031354391,0.266271031354391,17,pump_gt100,tdec_ge70,fund_flat,crowd_24,btc_up,1.4727810650887574,0.7435836092743093,-0.00024948,0.0071422073665967645
ZETAUSDT,2024-02-01,e2324,105559,long,1,-0.274168461354391,-0.00110257,-0.279771031354391,-0.284271031354391,17,pump_gt100,tdec_ge70,fund_flat,crowd_24,btc_up,1.4727810650887574,0.7435836092743093,-0.00024948,0.0071422073665967645
ZETAUSDT,2024-02-01,e2324,105559,short,2,0.13149606299212596,0.0008025700000000001,0.12779863299212596,0.12329863299212597,14,pump_gt100,tdec_30_70,fund_flat,crowd_24,btc_down,1.4727810650887574,0.37104872118620164,0.0001,-0.026372227745531163
ZETAUSDT,2024-02-01,e2324,105559,long,2,-0.13149606299212596,-0.0008025700000000001,-0.13679863299212597,-0.14129863299212597,14,pump_gt100,tdec_30_70,fund_flat,crowd_24,btc_down,1.4727810650887574,0.37104872118620164,0.0001,-0.026372227745531163
ZEUSUSDT,2024-04-09,e2324,105569,short,1,0.1589364492667223,0.00402633,0.15846277926672228,0.15396277926672228,17,pump_le0,tdec_30_70,fund_pos,crowd_24,btc_down,-0.10001073076510347,0.467953168220241,0.00052917,-0.02074220677344052
ZEUSUSDT,2024-04-09,e2324,105569,long,1,-0.1589364492667223,-0.00402633,-0.1674627792667223,-0.1719627792667223,17,pump_le0,tdec_30_70,fund_pos,crowd_24,btc_down,-0.10001073076510347,0.467953168220241,0.00052917,-0.02074220677344052
ZEUSUSDT,2024-04-09,e2324,105569,short,2,0.022179096201829795,0.00196329,0.019642386201829794,0.015142386201829795,14,pump_le0,tdec_lt30,fund_pos,crowd_24,btc_down,-0.10001073076510347,0.2935162756761733,0.00094204,-0.02060493343774472
ZEUSUSDT,2024-04-09,e2324,105569,long,2,-0.022179096201829795,-0.00196329,-0.028642386201829795,-0.03314238620182979,14,pump_le0,tdec_lt30,fund_pos,crowd_24,btc_down,-0.10001073076510347,0.2935162756761733,0.00094204,-0.02060493343774472
ZILUSDT,2022-01-30,e2122,105455,short,1,-0.18755575379125783,0.0014504300000000002,-0.19060532379125783,-0.19510532379125783,17,pump_le0,tdec_ge70,fund_flat,crowd_24,btc_down,-0.02985720467330155,0.9802630971041757,0.00003142,-0.19445928813168623
ZILUSDT,2022-01-30,e2122,105455,long,1,0.18755575379125783,-0.0014504300000000002,0.18160532379125782,0.17710532379125782,17,pump_le0,tdec_ge70,fund_flat,crowd_24,btc_down,-0.02985720467330155,0.9802630971041757,0.00003142,-0.19445928813168623
ZILUSDT,2022-01-30,e2122,105455,short,2,-0.170844327176781,0.00115043,-0.174193897176781,-0.178693897176781,14,pump_le0,tdec_ge70,fund_flat,crowd_24,btc_down,-0.02985720467330155,1.0273894880421601,0.0001,-0.18231687982242895
ZILUSDT,2022-01-30,e2122,105455,long,2,0.170844327176781,-0.00115043,0.16519389717678098,0.16069389717678098,14,pump_le0,tdec_ge70,fund_flat,crowd_24,btc_down,-0.02985720467330155,1.0273894880421601,0.0001,-0.18231687982242895
ZKCUSDT,2025-09-15,e2526,105644,short,1,0.17340465231994026,-0.00681848,0.16208617231994027,0.15758617231994027,35,pump_le0,tdec_30_70,fund_neg,crowd_ge5,btc_down,-0.43339441781787436,0.32647014296919774,-0.00094566,-0.005169757557372701
ZKCUSDT,2025-09-15,e2526,105644,long,1,-0.17340465231994026,0.00681848,-0.17108617231994028,-0.17558617231994028,35,pump_le0,tdec_30_70,fund_neg,crowd_ge5,btc_down,-0.43339441781787436,0.32647014296919774,-0.00094566,-0.005169757557372701
ZKCUSDT,2025-09-15,e2526,105644,short,2,0.13991716282681851,-0.00642678,0.12899038282681852,0.12449038282681853,29,pump_le0,tdec_lt30,fund_flat,crowd_ge5,btc_up,-0.43339441781787436,0.1734377234250274,0.0001,0.001998829281729897
ZKCUSDT,2025-09-15,e2526,105644,long,2,-0.13991716282681851,0.00642678,-0.13799038282681853,-0.14249038282681853,29,pump_le0,tdec_lt30,fund_flat,crowd_ge5,btc_up,-0.43339441781787436,0.1734377234250274,0.0001,0.001998829281729897
ZKFUSDT,2024-01-17,e2324,105557,short,1,0.09200805910006714,0.0017000000000000001,0.08920805910006713,0.08470805910006714,17,pump_le0,tdec_30_70,fund_flat,crowd_24,btc_down,-0.15445769449176605,0.3498206782440674,0.0001,-0.022873421911201453
ZKFUSDT,2024-01-17,e2324,105557,long,1,-0.09200805910006714,-0.0017000000000000001,-0.09820805910006714,-0.10270805910006713,17,pump_le0,tdec_30_70,fund_flat,crowd_24,btc_down,-0.15445769449176605,0.3498206782440674,0.0001,-0.022873421911201453
ZKFUSDT,2024-01-17,e2324,105557,short,2,0.13610223642172523,0.0014,0.13300223642172523,0.12850223642172523,14,pump_le0,tdec_lt30,fund_flat,crowd_24,btc_down,-0.15445769449176605,0.26608866194846137,0.0001,-0.04683138869823844
ZKFUSDT,2024-01-17,e2324,105557,long,2,-0.13610223642172523,-0.0014,-0.14200223642172524,-0.14650223642172525,14,pump_le0,tdec_lt30,fund_flat,crowd_24,btc_down,-0.15445769449176605,0.26608866194846137,0.0001,-0.04683138869823844
ZKJUSDT,2024-06-17,e2324,105579,short,1,0.007492287351256213,0.0017000000000000001,0.004692287351256212,0.00019228735125621267,17,pump_0_25,tdec_lt30,fund_neg,crowd_ge5,btc_down,0.020233812949640217,0.29870579444011214,-0.000907,-0.016442819269395947
ZKJUSDT,2024-06-17,e2324,105579,long,1,-0.007492287351256213,-0.0017000000000000001,-0.013692287351256213,-0.018192287351256213,17,pump_0_25,tdec_lt30,fund_neg,crowd_ge5,btc_down,0.020233812949640217,0.29870579444011214,-0.000907,-0.016442819269395947
ZKJUSDT,2024-06-17,e2324,105579,short,2,-0.011952907342500105,0.0014,-0.015052907342500105,-0.019552907342500106,14,pump_0_25,tdec_lt30,fund_flat,crowd_ge5,btc_down,0.020233812949640217,0.0690972425074387,0.0001,-0.09094319602334366
ZKJUSDT,2024-06-17,e2324,105579,long,2,0.011952907342500105,-0.0014,0.006052907342500105,0.0015529073425001056,14,pump_0_25,tdec_lt30,fund_flat,crowd_ge5,btc_down,0.020233812949640217,0.0690972425074387,0.0001,-0.09094319602334366
ZKPUSDT,2025-12-22,e2526,105658,short,1,0.0892749749415303,-0.16833254,-0.0835575650584697,-0.08805756505846969,101,pump_le0,tdec_30_70,fund_flat,crowd_01,btc_up,-0.07765793528505394,0.3039867624136345,0.0001,0.007386858488435788
ZKPUSDT,2025-12-22,e2526,105658,long,1,-0.0892749749415303,0.16833254,0.0745575650584697,0.0700575650584697,101,pump_le0,tdec_30_70,fund_flat,crowd_01,btc_up,-0.07765793528505394,0.3039867624136345,0.0001,0.007386858488435788
ZKPUSDT,2025-12-22,e2526,105658,short,2,-0.009929603556872975,-0.16863254,-0.18306214355687297,-0.18756214355687298,95,pump_le0,tdec_lt30,fund_flat,crowd_01,btc_down,-0.07765793528505394,0.18347485352399565,0.0001,-0.006842693967935243
ZKPUSDT,2025-12-22,e2526,105658,long,2,0.009929603556872975,0.16863254,0.17406214355687297,0.16956214355687296,95,pump_le0,tdec_lt30,fund_flat,crowd_01,btc_down,-0.07765793528505394,0.18347485352399565,0.0001,-0.006842693967935243
ZKUSDT,2024-06-20,e2324,105579,short,1,0.11405966705126092,0.0017000000000000001,0.11125966705126092,0.10675966705126093,17,pump_le0,tdec_ge70,fund_flat,crowd_24,btc_down,-0.14356295878034997,1.6649158930035972,0.0001,-0.0737146745922922
ZKUSDT,2024-06-20,e2324,105579,long,1,-0.11405966705126092,-0.0017000000000000001,-0.12025966705126093,-0.12475966705126092,17,pump_le0,tdec_ge70,fund_flat,crowd_24,btc_down,-0.14356295878034997,1.6649158930035972,0.0001,-0.0737146745922922
ZKUSDT,2024-06-20,e2324,105579,short,2,0.11371880839837302,0.0014,0.11061880839837301,0.10611880839837302,14,pump_le0,tdec_ge70,fund_flat,crowd_24,btc_down,-0.14356295878034997,1.3062820477266948,0.0001,-0.05554681376405701
ZKUSDT,2024-06-20,e2324,105579,long,2,-0.11371880839837302,-0.0014,-0.11961880839837302,-0.12411880839837301,14,pump_le0,tdec_ge70,fund_flat,crowd_24,btc_down,-0.14356295878034997,1.3062820477266948,0.0001,-0.05554681376405701
ZORAUSDT,2025-04-25,e2526,105623,short,1,0.2142440163455925,-0.0237518,0.18599221634559251,0.1814922163455925,35,pump_le0,tdec_ge70,fund_flat,crowd_24,btc_up,-0.2010261194029851,0.7036087018692774,0.0001,0.0848411994719076
ZORAUSDT,2025-04-25,e2526,105623,long,1,-0.2142440163455925,0.0237518,-0.19499221634559252,-0.19949221634559253,35,pump_le0,tdec_ge70,fund_flat,crowd_24,btc_up,-0.2010261194029851,0.7036087018692774,0.0001,0.0848411994719076
ZORAUSDT,2025-04-25,e2526,105623,short,2,0.23129640205596808,-0.0117707,0.21502570205596808,0.21052570205596807,29,pump_le0,tdec_30_70,fund_neg,crowd_24,btc_up,-0.2010261194029851,0.4631147487614336,-0.00146554,0.11051851851851846
ZORAUSDT,2025-04-25,e2526,105623,long,2,-0.23129640205596808,0.0117707,-0.22402570205596808,-0.2285257020559681,29,pump_le0,tdec_30_70,fund_neg,crowd_24,btc_up,-0.2010261194029851,0.4631147487614336,-0.00146554,0.11051851851851846
ZRCUSDT,2024-11-25,e2324,105602,short,1,0.14622584174061018,0.0007004200000000001,0.14242626174061018,0.13792626174061018,17,pump_le0,tdec_30_70,fund_flat,crowd_ge5,btc_up,-0.15594541910331394,0.4973199789586064,0.00012733,0.3532957555098373
ZRCUSDT,2024-11-25,e2324,105602,long,1,-0.14622584174061018,-0.0007004200000000001,-0.1514262617406102,-0.1559262617406102,17,pump_le0,tdec_30_70,fund_flat,crowd_ge5,btc_up,-0.15594541910331394,0.4973199789586064,0.00012733,0.3532957555098373
ZRCUSDT,2024-11-25,e2324,105602,short,2,0.16944542982144978,0.0002945500000000001,0.16523997982144978,0.16073997982144977,14,pump_le0,tdec_30_70,fund_flat,crowd_ge5,btc_up,-0.15594541910331394,0.3305154773868704,0.00020587,0.3711506899450445
ZRCUSDT,2024-11-25,e2324,105602,long,2,-0.16944542982144978,-0.0002945500000000001,-0.1742399798214498,-0.1787399798214498,14,pump_le0,tdec_30_70,fund_flat,crowd_ge5,btc_up,-0.15594541910331394,0.3305154773868704,0.00020587,0.3711506899450445
ZROUSDT,2024-06-20,e2324,105579,short,1,0.16055725718802497,0.0017000000000000001,0.15775725718802497,0.15325725718802496,17,pump_le0,tdec_ge70,fund_flat,crowd_24,btc_down,-0.14801616252314942,0.7781345179024486,0.0001,-0.0737146745922922
ZROUSDT,2024-06-20,e2324,105579,long,1,-0.16055725718802497,-0.0017000000000000001,-0.16675725718802498,-0.17125725718802498,17,pump_le0,tdec_ge70,fund_flat,crowd_24,btc_down,-0.14801616252314942,0.7781345179024486,0.0001,-0.0737146745922922
ZROUSDT,2024-06-20,e2324,105579,short,2,0.17525239451203725,0.0014,0.17215239451203726,0.16765239451203726,14,pump_le0,tdec_30_70,fund_flat,crowd_24,btc_down,-0.14801616252314942,0.5704253374205766,0.0001,-0.05554681376405701
ZROUSDT,2024-06-20,e2324,105579,long,2,-0.17525239451203725,-0.0014,-0.18115239451203727,-0.18565239451203727,14,pump_le0,tdec_30_70,fund_flat,crowd_24,btc_down,-0.14801616252314942,0.5704253374205766,0.0001,-0.05554681376405701
ZRXUSDT,2022-03-28,e2122,105463,short,1,-0.2222526719649219,0.00252507,-0.22422760196492192,-0.22872760196492192,17,pump_le0,tdec_30_70,fund_flat,crowd_ge5,btc_up,-0.01961311123052112,0.6421941603769943,0.00032973,0.2589406610911986
ZRXUSDT,2022-03-28,e2122,105463,long,1,0.2222526719649219,-0.00252507,0.2152276019649219,0.2107276019649219,17,pump_le0,tdec_30_70,fund_flat,crowd_ge5,btc_up,-0.01961311123052112,0.6421941603769943,0.00032973,0.2589406610911986
ZRXUSDT,2022-03-28,e2122,105463,short,2,-0.08793755336016594,0.0020632,-0.09037435336016594,-0.09487435336016593,14,pump_le0,tdec_ge70,fund_flat,crowd_ge5,btc_up,-0.01961311123052112,1.2264277815449145,0.00026187,0.08976721011344013
ZRXUSDT,2022-03-28,e2122,105463,long,2,0.08793755336016594,-0.0020632,0.08137435336016594,0.07687435336016595,14,pump_le0,tdec_ge70,fund_flat,crowd_ge5,btc_up,-0.01961311123052112,1.2264277815449145,0.00026187,0.08976721011344013
