symbol,d0,era,week_block,side,entry_day,gross,funding,net45,net90,n_funding_events_hold,pump_cell,tdecay_cell,fund_cell,crowd_cell,btc_cell,pump01,tdecay,fund8h,btc30d
0GUSDT,2025-09-18,e2526,105644,short,1,-0.3955369394092582,-0.1263374,-0.5263743394092582,-0.5308743394092582,98,pump_le0,tdec_30_70,fund_flat,crowd_ge5,btc_up,-0.003705435838399773,0.38243290682941367,0.0001,0.011810489360491339
0GUSDT,2025-09-18,e2526,105644,long,1,0.3955369394092582,0.1263374,0.5173743394092583,0.5128743394092582,98,pump_le0,tdec_30_70,fund_flat,crowd_ge5,btc_up,-0.003705435838399773,0.38243290682941367,0.0001,0.011810489360491339
0GUSDT,2025-09-18,e2526,105644,short,2,-0.46399484828970794,-0.1266374,-0.5951322482897079,-0.599632248289708,92,pump_le0,tdec_lt30,fund_flat,crowd_ge5,btc_up,-0.003705435838399773,0.1336534084856336,0.0001,0.02812233799445507
0GUSDT,2025-09-18,e2526,105644,long,2,0.46399484828970794,0.1266374,0.586132248289708,0.5816322482897079,92,pump_le0,tdec_lt30,fund_flat,crowd_ge5,btc_up,-0.003705435838399773,0.1336534084856336,0.0001,0.02812233799445507
1000000BOBUSDT,2025-06-06,e2526,105629,short,1,0.465581051073279,0.01664603,0.477727081073279,0.473227081073279,35,pump_0_25,tdec_ge70,fund_pos,crowd_ge5,btc_up,0.10613038583563594,1.3395790934261578,0.00114614,0.022081196883406706
1000000BOBUSDT,2025-06-06,e2526,105629,long,1,-0.465581051073279,-0.01664603,-0.486727081073279,-0.491227081073279,35,pump_0_25,tdec_ge70,fund_pos,crowd_ge5,btc_up,0.10613038583563594,1.3395790934261578,0.00114614,0.022081196883406706
1000000BOBUSDT,2025-06-06,e2526,105629,short,2,0.4394409937888199,0.01772795,0.4526689437888199,0.4481689437888199,29,pump_0_25,tdec_30_70,fund_pos,crowd_ge5,btc_up,0.10613038583563594,0.6329313624590428,0.00116072,0.026564499003806974
1000000BOBUSDT,2025-06-06,e2526,105629,long,2,-0.4394409937888199,-0.01772795,-0.4616689437888199,-0.4661689437888199,29,pump_0_25,tdec_30_70,fund_pos,crowd_ge5,btc_up,0.10613038583563594,0.6329313624590428,0.00116072,0.026564499003806974
1000000MOGUSDT,2024-11-08,e2324,105599,short,1,-0.36138830745266026,0.01096151,-0.35492679745266026,-0.35942679745266026,35,pump_le0,tdec_30_70,fund_flat,crowd_24,btc_up,-0.0323142870601536,0.6361434272005622,0.00041064,0.2717039400794785
1000000MOGUSDT,2024-11-08,e2324,105599,long,1,0.36138830745266026,-0.01096151,0.34592679745266025,0.34142679745266025,35,pump_le0,tdec_30_70,fund_flat,crowd_24,btc_up,-0.0323142870601536,0.6361434272005622,0.00041064,0.2717039400794785
1000000MOGUSDT,2024-11-08,e2324,105599,short,2,-0.3850534865293185,0.00874106,-0.38081242652931846,-0.38531242652931846,30,pump_le0,tdec_ge70,fund_pos,crowd_24,btc_up,-0.0323142870601536,1.2010364512230813,0.00122836,0.28637476203426715
1000000MOGUSDT,2024-11-08,e2324,105599,long,2,0.3850534865293185,-0.00874106,0.37181242652931845,0.36731242652931845,30,pump_le0,tdec_ge70,fund_pos,crowd_24,btc_up,-0.0323142870601536,1.2010364512230813,0.00122836,0.28637476203426715
1000BONKUSDT,2023-11-23,e2324,105549,short,1,0.06159420289855063,0.02280488,0.07989908289855063,0.07539908289855064,35,pump_le0,tdec_ge70,fund_pos,crowd_24,btc_up,-0.08629441624365497,0.8570874269391526,0.00218238,0.09332602638041987
1000BONKUSDT,2023-11-23,e2324,105549,long,1,-0.06159420289855063,-0.02280488,-0.08889908289855064,-0.09339908289855063,35,pump_le0,tdec_ge70,fund_pos,crowd_24,btc_up,-0.08629441624365497,0.8570874269391526,0.00218238,0.09332602638041987
1000BONKUSDT,2023-11-23,e2324,105549,short,2,0.10483870967741937,0.01555139,0.11589009967741937,0.11139009967741938,29,pump_le0,tdec_30_70,fund_pos,crowd_24,btc_up,-0.08629441624365497,0.6984694731130126,0.00432298,0.10577384786555011
1000BONKUSDT,2023-11-23,e2324,105549,long,2,-0.10483870967741937,-0.01555139,-0.12489009967741938,-0.12939009967741938,29,pump_le0,tdec_30_70,fund_pos,crowd_24,btc_up,-0.08629441624365497,0.6984694731130126,0.00432298,0.10577384786555011
1000BTTCUSDT,2022-01-26,e2122,105454,short,1,-0.01120857699805069,-0.00456593,-0.020274506998050692,-0.024774506998050692,17,pump_le0,tdec_ge70,fund_flat,crowd_01,btc_down,-0.017711823839157592,2.9140306985187263,0.0000442,-0.21865711544729882
1000BTTCUSDT,2022-01-26,e2122,105454,long,1,0.01120857699805069,0.00456593,0.01127450699805069,0.006774506998050692,17,pump_le0,tdec_ge70,fund_flat,crowd_01,btc_down,-0.017711823839157592,2.9140306985187263,0.0000442,-0.21865711544729882
1000BTTCUSDT,2022-01-26,e2122,105454,short,2,-0.0009647853352628227,-0.00476593,-0.010230715335262822,-0.014730715335262823,15,pump_le0,tdec_ge70,fund_flat,crowd_01,btc_down,-0.017711823839157592,0.9271471621879726,0.0001,-0.18822095703082098
1000BTTCUSDT,2022-01-26,e2122,105454,long,2,0.0009647853352628227,0.00476593,0.001230715335262823,-0.0032692846647371767,15,pump_le0,tdec_ge70,fund_flat,crowd_01,btc_down,-0.017711823839157592,0.9271471621879726,0.0001,-0.18822095703082098
1000CATUSDT,2024-10-22,e2324,105597,short,1,0.15380883066472584,0.00459273,0.15390156066472582,0.14940156066472582,35,pump_0_25,tdec_ge70,fund_flat,crowd_01,btc_up,0.15656565656565657,2.151659994805901,0.00035608,0.05284509178225005
1000CATUSDT,2024-10-22,e2324,105597,long,1,-0.15380883066472584,-0.00459273,-0.16290156066472583,-0.16740156066472583,35,pump_0_25,tdec_ge70,fund_flat,crowd_01,btc_up,0.15656565656565657,2.151659994805901,0.00035608,0.05284509178225005
1000CATUSDT,2024-10-22,e2324,105597,short,2,0.12603357554497618,0.0035387500000000002,0.1250723255449762,0.1205723255449762,29,pump_0_25,tdec_ge70,fund_flat,crowd_01,btc_up,0.15656565656565657,1.1016484128386164,0.00045126,0.0611847809336723
1000CATUSDT,2024-10-22,e2324,105597,long,2,-0.12603357554497618,-0.0035387500000000002,-0.1340723255449762,-0.1385723255449762,29,pump_0_25,tdec_ge70,fund_flat,crowd_01,btc_up,0.15656565656565657,1.1016484128386164,0.00045126,0.0611847809336723
1000CHEEMSUSDT,2024-11-26,e2324,105602,short,1,-0.08633193863319392,0.01940857,-0.07142336863319393,-0.07592336863319392,35,pump_0_25,tdec_30_70,fund_pos,crowd_24,btc_up,0.04063860667634245,0.6320909771553043,0.00182028,0.37124964255075765
1000CHEEMSUSDT,2024-11-26,e2324,105602,long,1,0.08633193863319392,-0.01940857,0.06242336863319393,0.057923368633193924,35,pump_0_25,tdec_30_70,fund_pos,crowd_24,btc_up,0.04063860667634245,0.6320909771553043,0.00182028,0.37124964255075765
1000CHEEMSUSDT,2024-11-26,e2324,105602,short,2,-0.12395382395382391,0.0162949,-0.11215892395382392,-0.1166589239538239,29,pump_0_25,tdec_lt30,fund_pos,crowd_24,btc_up,0.04063860667634245,0.17035902179911622,0.00116816,0.31557681864736487
1000CHEEMSUSDT,2024-11-26,e2324,105602,long,2,0.12395382395382391,-0.0162949,0.10315892395382391,0.09865892395382392,29,pump_0_25,tdec_lt30,fund_pos,crowd_24,btc_up,0.04063860667634245,0.17035902179911622,0.00116816,0.31557681864736487
1000FLOKIUSDT,2023-05-07,e2324,105521,short,1,-0.044528521536670446,0.0011627,-0.04786582153667044,-0.052365821536670444,18,pump_le0,tdec_ge70,fund_flat,crowd_24,btc_down,-0.1407851962990747,0.7437926636075927,0.00009999997916667102,-0.00949331958216515
1000FLOKIUSDT,2023-05-07,e2324,105521,long,1,0.044528521536670446,-0.0011627,0.038865821536670446,0.03436582153667044,18,pump_le0,tdec_ge70,fund_flat,crowd_24,btc_down,-0.1407851962990747,0.7437926636075927,0.00009999997916667102,-0.00949331958216515
1000FLOKIUSDT,2023-05-07,e2324,105521,short,2,-0.0016745743790119328,0.00091292,-0.005261654379011932,-0.009761654379011933,15,pump_le0,tdec_30_70,fund_flat,crowd_24,btc_down,-0.1407851962990747,0.5750542885626627,0.00004978,-0.024698510035535914
1000FLOKIUSDT,2023-05-07,e2324,105521,long,2,0.0016745743790119328,-0.00091292,-0.003738345620988067,-0.008238345620988066,15,pump_le0,tdec_30_70,fund_flat,crowd_24,btc_down,-0.1407851962990747,0.5750542885626627,0.00004978,-0.024698510035535914
1000LUNCUSDT,2022-09-10,e2122,105486,short,1,0.28696857670979675,-0.0046970399999999995,0.27777153670979676,0.27327153670979676,18,pump_0_25,tdec_ge70,fund_neg,crowd_24,btc_down,0.00838769804287054,0.9295542639989101,-0.0008444200879604259,-0.10526704254228603
1000LUNCUSDT,2022-09-10,e2122,105486,long,1,-0.28696857670979675,0.0046970399999999995,-0.28677153670979677,-0.2912715367097968,18,pump_0_25,tdec_ge70,fund_neg,crowd_24,btc_down,0.00838769804287054,0.9295542639989101,-0.0008444200879604259,-0.10526704254228603
1000LUNCUSDT,2022-09-10,e2122,105486,short,2,-0.030728122912491603,-0.0036898,-0.0389179229124916,-0.0434179229124916,15,pump_0_25,tdec_ge70,fund_flat,crowd_24,btc_down,0.00838769804287054,1.3262161191723838,0.000046290000803645845,-0.0836301117524254
1000LUNCUSDT,2022-09-10,e2122,105486,long,2,0.030728122912491603,0.0036898,0.0299179229124916,0.0254179229124916,15,pump_0_25,tdec_ge70,fund_flat,crowd_24,btc_down,0.00838769804287054,1.3262161191723838,0.000046290000803645845,-0.0836301117524254
1000PEPEUSDT,2023-05-06,e2324,105520,short,1,0.3342771127517741,-0.00505791,0.32471920275177407,0.32021920275177407,17,pump_le0,tdec_30_70,fund_flat,crowd_24,btc_up,-0.2501881113619262,0.6827918247812038,-0.00019055,0.018956139501697722
1000PEPEUSDT,2023-05-06,e2324,105520,long,1,-0.3342771127517741,0.00505791,-0.3337192027517741,-0.3382192027517741,17,pump_le0,tdec_30_70,fund_flat,crowd_24,btc_up,-0.2501881113619262,0.6827918247812038,-0.00019055,0.018956139501697722
1000PEPEUSDT,2023-05-06,e2324,105520,short,2,0.04567406494040282,-0.00525791,0.035916154940402824,0.03141615494040282,15,pump_le0,tdec_ge70,fund_flat,crowd_24,btc_down,-0.2501881113619262,1.077712957425821,0.0001,-0.00949331958216515
1000PEPEUSDT,2023-05-06,e2324,105520,long,2,-0.04567406494040282,0.00525791,-0.04491615494040282,-0.04941615494040282,15,pump_le0,tdec_ge70,fund_flat,crowd_24,btc_down,-0.2501881113619262,1.077712957425821,0.0001,-0.00949331958216515
1000RATSUSDT,2023-12-16,e2324,105552,short,1,0.01633333333333335,0.01757468,0.029408013333333347,0.024908013333333347,35,pump_le0,tdec_ge70,fund_pos,crowd_24,btc_up,-0.23344947735191635,0.9304241338892371,0.00069458,0.13037554031877097
1000RATSUSDT,2023-12-16,e2324,105552,long,1,-0.01633333333333335,-0.01757468,-0.038408013333333345,-0.04290801333333335,35,pump_le0,tdec_ge70,fund_pos,crowd_24,btc_up,-0.23344947735191635,0.9304241338892371,0.00069458,0.13037554031877097
1000RATSUSDT,2023-12-16,e2324,105552,short,2,-0.11251627938858053,0.0123588,-0.10465747938858053,-0.10915747938858052,29,pump_le0,tdec_ge70,fund_flat,crowd_24,btc_up,-0.23344947735191635,0.8410827038883705,0.00015656,0.16650219103411867
1000RATSUSDT,2023-12-16,e2324,105552,long,2,0.11251627938858053,-0.0123588,0.09565747938858052,0.09115747938858053,29,pump_le0,tdec_ge70,fund_flat,crowd_24,btc_up,-0.23344947735191635,0.8410827038883705,0.00015656,0.16650219103411867
1000SATSUSDT,2023-12-13,e2324,105552,short,1,0.0645289519014177,0.00861861,0.0686475619014177,0.06414756190141771,35,pump_25_100,tdec_ge70,fund_pos,crowd_01,btc_up,0.37218181818181795,3.479855270652183,0.00088202,0.21016901487668394
1000SATSUSDT,2023-12-13,e2324,105552,long,1,-0.0645289519014177,-0.00861861,-0.07764756190141771,-0.0821475619014177,35,pump_25_100,tdec_ge70,fund_pos,crowd_01,btc_up,0.37218181818181795,3.479855270652183,0.00088202,0.21016901487668394
1000SATSUSDT,2023-12-13,e2324,105552,short,2,0.032213845099383104,0.00606052,0.03377436509938311,0.029274365099383103,29,pump_25_100,tdec_ge70,fund_pos,crowd_01,btc_up,0.37218181818181795,5.594730636224831,0.00099204,0.10775598116434737
1000SATSUSDT,2023-12-13,e2324,105552,long,2,-0.032213845099383104,-0.00606052,-0.0427743650993831,-0.047274365099383105,29,pump_25_100,tdec_ge70,fund_pos,crowd_01,btc_up,0.37218181818181795,5.594730636224831,0.00099204,0.10775598116434737
1000SHIBUSDT,2021-05-11,e2122,105417,short,1,0.14163137341180349,-0.043485619999999996,0.09364575341180348,0.08914575341180349,18,pump_le0,tdec_ge70,fund_flat,crowd_01,btc_down,-0.47808238840246875,1.9678314173171076,0.00009999999305555606,-0.17217854831101642
1000SHIBUSDT,2021-05-11,e2122,105417,long,1,-0.14163137341180349,0.043485619999999996,-0.10264575341180349,-0.10714575341180348,18,pump_le0,tdec_ge70,fund_flat,crowd_01,btc_down,-0.47808238840246875,1.9678314173171076,0.00009999999305555606,-0.17217854831101642
1000SHIBUSDT,2021-05-11,e2122,105417,short,2,0.2457225712904785,-0.02098562,0.2202369512904785,0.21573695129047848,15,pump_le0,tdec_ge70,fund_neg,crowd_01,btc_down,-0.47808238840246875,1.5928746128049034,-0.007499999348958389,-0.21903964684206723
1000SHIBUSDT,2021-05-11,e2122,105417,long,2,-0.2457225712904785,0.02098562,-0.2292369512904785,-0.2337369512904785,15,pump_le0,tdec_ge70,fund_neg,crowd_01,btc_down,-0.47808238840246875,1.5928746128049034,-0.007499999348958389,-0.21903964684206723
1000WHYUSDT,2024-11-26,e2324,105602,short,1,0.07733990147783253,0.02035052,0.09319042147783252,0.08869042147783253,35,pump_le0,tdec_30_70,fund_pos,crowd_24,btc_up,-0.051401869158878455,0.5413419871344474,0.00187716,0.37124964255075765
1000WHYUSDT,2024-11-26,e2324,105602,long,1,-0.07733990147783253,-0.02035052,-0.10219042147783253,-0.10669042147783252,35,pump_le0,tdec_30_70,fund_pos,crowd_24,btc_up,-0.051401869158878455,0.5413419871344474,0.00187716,0.37124964255075765
1000WHYUSDT,2024-11-26,e2324,105602,short,2,0.00899470899470907,0.01680226,0.021296968994709068,0.016796968994709068,29,pump_le0,tdec_30_70,fund_flat,crowd_24,btc_up,-0.051401869158878455,0.3846583233355414,0.00028844,0.31557681864736487
1000WHYUSDT,2024-11-26,e2324,105602,long,2,-0.00899470899470907,-0.01680226,-0.03029696899470907,-0.03479696899470907,29,pump_le0,tdec_30_70,fund_flat,crowd_24,btc_up,-0.051401869158878455,0.3846583233355414,0.00028844,0.31557681864736487
1000XECUSDT,2021-09-17,e2122,105435,short,1,0.07775145380142143,0.0018066900000000001,0.07505814380142142,0.07055814380142143,18,pump_le0,tdec_ge70,fund_flat,crowd_01,btc_up,-0.08674272226593227,0.7138059654721765,0.000317260099143781,0.03235162062772612
1000XECUSDT,2021-09-17,e2122,105435,long,1,-0.07775145380142143,-0.0018066900000000001,-0.08405814380142143,-0.08855814380142142,18,pump_le0,tdec_ge70,fund_flat,crowd_01,btc_up,-0.08674272226593227,0.7138059654721765,0.000317260099143781,0.03235162062772612
1000XECUSDT,2021-09-17,e2122,105435,short,2,0.06334762446408257,0.0012927400000000001,0.06014036446408257,0.05564036446408257,15,pump_le0,tdec_30_70,fund_flat,crowd_01,btc_down,-0.08674272226593227,0.6948641346432916,0.00010000001736111412,-0.04207814121007658
1000XECUSDT,2021-09-17,e2122,105435,long,2,-0.06334762446408257,-0.0012927400000000001,-0.06914036446408257,-0.07364036446408256,15,pump_le0,tdec_30_70,fund_flat,crowd_01,btc_down,-0.08674272226593227,0.6948641346432916,0.00010000001736111412,-0.04207814121007658
1000XUSDT,2024-11-14,e2324,105600,short,1,0.22741953446931734,0.00887432,0.23179385446931733,0.22729385446931732,36,pump_le0,tdec_ge70,fund_flat,crowd_ge5,btc_up,-0.058673469387755195,1.0014205439113135,0.0001,0.34741685406557
1000XUSDT,2024-11-14,e2324,105600,long,1,-0.22741953446931734,-0.00887432,-0.24079385446931734,-0.24529385446931734,36,pump_le0,tdec_ge70,fund_flat,crowd_ge5,btc_up,-0.058673469387755195,1.0014205439113135,0.0001,0.34741685406557
1000XUSDT,2024-11-14,e2324,105600,short,2,0.1904539619558876,0.00720087,0.1931548319558876,0.1886548319558876,29,pump_le0,tdec_30_70,fund_pos,crowd_ge5,btc_up,-0.058673469387755195,0.5418309775027997,0.00061588,0.34482615372061454
1000XUSDT,2024-11-14,e2324,105600,long,2,-0.1904539619558876,-0.00720087,-0.2021548319558876,-0.2066548319558876,29,pump_le0,tdec_30_70,fund_pos,crowd_ge5,btc_up,-0.058673469387755195,0.5418309775027997,0.00061588,0.34482615372061454
1MBABYDOGEUSDT,2024-09-17,e2324,105592,short,1,0.10892486875193011,-0.00189314,0.1025317287519301,0.09803172875193011,35,pump_0_25,tdec_ge70,fund_neg,crowd_24,btc_up,0.21382671093498984,1.078237817909724,-0.00202848,0.03934106080119881
1MBABYDOGEUSDT,2024-09-17,e2324,105592,long,1,-0.10892486875193011,0.00189314,-0.11153172875193011,-0.1160317287519301,35,pump_0_25,tdec_ge70,fund_neg,crowd_24,btc_up,0.21382671093498984,1.078237817909724,-0.00202848,0.03934106080119881
1MBABYDOGEUSDT,2024-09-17,e2324,105592,short,2,0.12804351580037995,-0.00140911,0.12213440580037996,0.11763440580037997,29,pump_0_25,tdec_ge70,fund_flat,crowd_24,btc_up,0.21382671093498984,0.7411266439750306,0.0001,0.06686683767668256
1MBABYDOGEUSDT,2024-09-17,e2324,105592,long,2,-0.12804351580037995,0.00140911,-0.13113440580037997,-0.13563440580037997,29,pump_0_25,tdec_ge70,fund_flat,crowd_24,btc_up,0.21382671093498984,0.7411266439750306,0.0001,0.06686683767668256
2ZUSDT,2025-10-03,e2526,105646,short,1,0.47877529629928245,0.00110025,0.47537554629928247,0.47087554629928247,35,pump_le0,tdec_30_70,fund_flat,crowd_ge5,btc_up,-0.1688111513201983,0.31107923638173707,-0.00001772,0.10538365766348567
2ZUSDT,2025-10-03,e2526,105646,long,1,-0.47877529629928245,-0.00110025,-0.4843755462992825,-0.4888755462992825,35,pump_le0,tdec_30_70,fund_flat,crowd_ge5,btc_up,-0.1688111513201983,0.31107923638173707,-0.00001772,0.10538365766348567
2ZUSDT,2025-10-03,e2526,105646,short,2,0.4733293957107069,0.0008502500000000001,0.4696796457107069,0.4651796457107069,30,pump_le0,tdec_lt30,fund_flat,crowd_ge5,btc_up,-0.1688111513201983,0.2062297738791596,0.0001,0.11582345597202548
2ZUSDT,2025-10-03,e2526,105646,long,2,-0.4733293957107069,-0.0008502500000000001,-0.4786796457107069,-0.48317964571070693,30,pump_le0,tdec_lt30,fund_flat,crowd_ge5,btc_up,-0.1688111513201983,0.2062297738791596,0.0001,0.11582345597202548
42USDT,2025-10-28,e2526,105650,short,1,0.2994221411192214,0.00657462,0.30149676111922136,0.29699676111922135,36,pump_le0,tdec_30_70,fund_pos,crowd_ge5,btc_down,-0.15983135300881568,0.561331781924352,0.00093102,-0.0373849852656859
42USDT,2025-10-28,e2526,105650,long,1,-0.2994221411192214,-0.00657462,-0.31049676111922137,-0.31499676111922137,36,pump_le0,tdec_30_70,fund_pos,crowd_ge5,btc_down,-0.15983135300881568,0.561331781924352,0.00093102,-0.0373849852656859
42USDT,2025-10-28,e2526,105650,short,2,0.300167097068206,0.00315197,0.298819067068206,0.294319067068206,29,pump_le0,tdec_30_70,fund_pos,crowd_ge5,btc_down,-0.15983135300881568,0.5818688931488047,0.0027009,-0.05022686439369484
42USDT,2025-10-28,e2526,105650,long,2,-0.300167097068206,-0.00315197,-0.307819067068206,-0.312319067068206,29,pump_le0,tdec_30_70,fund_pos,crowd_ge5,btc_down,-0.15983135300881568,0.5818688931488047,0.0027009,-0.05022686439369484
4USDT,2025-10-09,e2526,105647,short,1,-1.3675971053020233,0.0159147,-1.3561824053020233,-1.3606824053020232,35,pump_le0,tdec_30_70,fund_pos,crowd_24,btc_down,-0.7216100649617629,0.6486993573701088,0.0033105801149506987,-0.01037693771905801
4USDT,2025-10-09,e2526,105647,long,1,1.3675971053020233,-0.0159147,1.3471824053020234,1.3426824053020234,35,pump_le0,tdec_30_70,fund_pos,crowd_24,btc_down,-0.7216100649617629,0.6486993573701088,0.0033105801149506987,-0.01037693771905801
4USDT,2025-10-09,e2526,105647,short,2,-0.6591802939350032,0.01249611,-0.6511841839350032,-0.6556841839350033,30,pump_le0,tdec_30_70,fund_pos,crowd_24,btc_down,-0.7216100649617629,0.4645773691295151,0.00207024,-0.04199970544153442
4USDT,2025-10-09,e2526,105647,long,2,0.6591802939350032,-0.01249611,0.6421841839350033,0.6376841839350033,30,pump_le0,tdec_30_70,fund_pos,crowd_24,btc_down,-0.7216100649617629,0.4645773691295151,0.00207024,-0.04199970544153442
A2ZUSDT,2025-07-31,e2526,105637,short,1,-0.8300326860219189,-0.0006215499999999999,-0.8351542360219188,-0.8396542360219189,36,pump_0_25,tdec_30_70,fund_flat,crowd_ge5,btc_up,0.08603048653163503,0.39278320943184714,0.00010000000694444493,0.04085294117647065
A2ZUSDT,2025-07-31,e2526,105637,long,1,0.8300326860219189,0.0006215499999999999,0.826154236021919,0.8216542360219189,36,pump_0_25,tdec_30_70,fund_flat,crowd_ge5,btc_up,0.08603048653163503,0.39278320943184714,0.00010000000694444493,0.04085294117647065
A2ZUSDT,2025-07-31,e2526,105637,short,2,-0.9669353172143004,0.0001389700000000001,-0.9712963472143004,-0.9757963472143004,29,pump_0_25,tdec_lt30,fund_flat,crowd_ge5,btc_up,0.08603048653163503,0.2903560707110957,-0.00018388000638472248,0.02705367282181248
A2ZUSDT,2025-07-31,e2526,105637,long,2,0.9669353172143004,-0.0001389700000000001,0.9622963472143005,0.9577963472143004,29,pump_0_25,tdec_lt30,fund_flat,crowd_ge5,btc_up,0.08603048653163503,0.2903560707110957,-0.00018388000638472248,0.02705367282181248
AAOIUSDT,2026-06-09,e2526,105682,short,1,-0.023674242424242424,0.00365584,-0.024518402424242424,-0.029018402424242425,15,pump_le0,tdec_ge70,fund_none,crowd_ge5,btc_down,-0.14141978759083285,0.7474439236383621,,-0.24743724227072272
AAOIUSDT,2026-06-09,e2526,105682,long,1,0.023674242424242424,-0.00365584,0.015518402424242423,0.011018402424242424,15,pump_le0,tdec_ge70,fund_none,crowd_ge5,btc_down,-0.14141978759083285,0.7474439236383621,,-0.24743724227072272
AAOIUSDT,2026-06-09,e2526,105682,short,2,0.025028184892897393,0.00365584,0.024184024892897393,0.019684024892897396,15,pump_le0,tdec_ge70,fund_none,crowd_ge5,btc_down,-0.14141978759083285,1.0269323183462975,,-0.20958103926125704
AAOIUSDT,2026-06-09,e2526,105682,long,2,-0.025028184892897393,-0.00365584,-0.033184024892897394,-0.03768402489289739,15,pump_le0,tdec_ge70,fund_none,crowd_ge5,btc_down,-0.14141978759083285,1.0269323183462975,,-0.20958103926125704
AAPLUSDT,2026-04-07,e2526,105673,short,1,-0.0004640191794594352,-0.00235864,-0.007322659179459435,-0.011822659179459434,18,pump_0_25,tdec_30_70,fund_flat,crowd_ge5,btc_up,0.0012389174958380433,0.6088691985574525,0.0,0.038658305321657815
AAPLUSDT,2026-04-07,e2526,105673,long,1,0.0004640191794594352,0.00235864,-0.0016773408205405646,-0.006177340820540564,18,pump_0_25,tdec_30_70,fund_flat,crowd_ge5,btc_up,0.0012389174958380433,0.6088691985574525,0.0,0.038658305321657815
AAPLUSDT,2026-04-07,e2526,105673,short,2,0.004961156834089546,-0.00235864,-0.0018974831659104535,-0.006397483165910453,15,pump_0_25,tdec_30_70,fund_flat,crowd_ge5,btc_up,0.0012389174958380433,0.3299440091153435,0.0,0.026444202518100424
AAPLUSDT,2026-04-07,e2526,105673,long,2,-0.004961156834089546,0.00235864,-0.007102516834089545,-0.011602516834089546,15,pump_0_25,tdec_30_70,fund_flat,crowd_ge5,btc_up,0.0012389174958380433,0.3299440091153435,0.0,0.026444202518100424
ACEUSDT,2023-12-19,e2324,105553,short,1,0.12317661286710366,0.01214221,0.13081882286710367,0.12631882286710366,35,pump_le0,tdec_ge70,fund_pos,crowd_24,btc_up,-0.03678722945279356,0.7023637266701598,0.0013418,0.16673740407073745
ACEUSDT,2023-12-19,e2324,105553,long,1,-0.12317661286710366,-0.01214221,-0.13981882286710368,-0.14431882286710368,35,pump_le0,tdec_ge70,fund_pos,crowd_24,btc_up,-0.03678722945279356,0.7023637266701598,0.0013418,0.16673740407073745
ACEUSDT,2023-12-19,e2324,105553,short,2,0.23733645011525595,0.00866628,0.24150273011525594,0.23700273011525594,29,pump_le0,tdec_ge70,fund_pos,crowd_24,btc_up,-0.03678722945279356,1.8077090213455618,0.00074656,0.2283151915381818
ACEUSDT,2023-12-19,e2324,105553,long,2,-0.23733645011525595,-0.00866628,-0.2505027301152559,-0.2550027301152559,29,pump_le0,tdec_ge70,fund_pos,crowd_24,btc_up,-0.03678722945279356,1.8077090213455618,0.00074656,0.2283151915381818
ACHUSDT,2023-02-23,e2324,105510,short,1,0.10119667013527586,0.00161818,0.09831485013527586,0.09381485013527587,18,pump_le0,tdec_30_70,fund_flat,crowd_ge5,btc_up,-0.1536767943637164,0.5236819222162389,0.00010000000347222237,0.004986860706139407
ACHUSDT,2023-02-23,e2324,105510,long,1,-0.10119667013527586,-0.00161818,-0.10731485013527586,-0.11181485013527585,18,pump_le0,tdec_30_70,fund_flat,crowd_ge5,btc_up,-0.1536767943637164,0.5236819222162389,0.00010000000347222237,0.004986860706139407
ACHUSDT,2023-02-23,e2324,105510,short,2,0.1156897875607884,0.00131818,0.1125079675607884,0.10800796756078841,15,pump_le0,tdec_30_70,fund_flat,crowd_ge5,btc_up,-0.1536767943637164,0.3215344170793275,0.0001,0.006273394806515897
ACHUSDT,2023-02-23,e2324,105510,long,2,-0.1156897875607884,-0.00131818,-0.12150796756078841,-0.12600796756078841,15,pump_le0,tdec_30_70,fund_flat,crowd_ge5,btc_up,-0.1536767943637164,0.3215344170793275,0.0001,0.006273394806515897
ACTUSDT,2024-11-12,e2324,105600,short,1,0.04436511983681785,0.00635372,0.046218839836817856,0.04171883983681785,36,pump_25_100,tdec_ge70,fund_pos,crowd_ge5,btc_up,0.3593390129916594,1.0790656727037002,0.0011303,0.36855274131952087
ACTUSDT,2024-11-12,e2324,105600,long,1,-0.04436511983681785,-0.00635372,-0.05521883983681785,-0.059718839836817854,36,pump_25_100,tdec_ge70,fund_pos,crowd_ge5,btc_up,0.3593390129916594,1.0790656727037002,0.0011303,0.36855274131952087
ACTUSDT,2024-11-12,e2324,105600,short,2,0.23212963942053505,0.00505906,0.23268869942053505,0.22818869942053505,29,pump_25_100,tdec_ge70,fund_flat,crowd_ge5,btc_up,0.3593390129916594,1.294431781681004,0.0001,0.3033615187615315
ACTUSDT,2024-11-12,e2324,105600,long,2,-0.23212963942053505,-0.00505906,-0.24168869942053506,-0.24618869942053506,29,pump_25_100,tdec_ge70,fund_flat,crowd_ge5,btc_up,0.3593390129916594,1.294431781681004,0.0001,0.3033615187615315
ACUUSDT,2026-01-22,e2526,105662,short,1,0.27199134652290735,0.0012153,0.2687066465229073,0.2642066465229073,36,pump_gt100,tdec_ge70,fund_flat,crowd_24,btc_up,1.2118545959712899,8.2301399383401,0.0001,0.022041076239938784
ACUUSDT,2026-01-22,e2526,105662,long,1,-0.27199134652290735,-0.0012153,-0.27770664652290733,-0.28220664652290733,36,pump_gt100,tdec_ge70,fund_flat,crowd_24,btc_up,1.2118545959712899,8.2301399383401,0.0001,0.022041076239938784
ACUUSDT,2026-01-22,e2526,105662,short,2,-0.12280701754385953,0.00129228,-0.12601473754385953,-0.13051473754385953,30,pump_gt100,tdec_ge70,fund_flat,crowd_24,btc_up,1.2118545959712899,6.778071303442533,0.0001,0.022916217419032048
ACUUSDT,2026-01-22,e2526,105662,long,2,0.12280701754385953,-0.00129228,0.11701473754385952,0.11251473754385953,30,pump_gt100,tdec_ge70,fund_flat,crowd_24,btc_up,1.2118545959712899,6.778071303442533,0.0001,0.022916217419032048
ACXUSDT,2024-12-07,e2324,105603,short,1,0.2444790349255765,0.0019237500000000001,0.2419027849255765,0.23740278492557648,35,pump_le0,tdec_ge70,fund_flat,crowd_24,btc_up,-0.05253940455341499,1.0545939334207919,0.00038672,0.32318369502969313
ACXUSDT,2024-12-07,e2324,105603,long,1,-0.2444790349255765,-0.0019237500000000001,-0.2509027849255765,-0.2554027849255765,35,pump_le0,tdec_ge70,fund_flat,crowd_24,btc_up,-0.05253940455341499,1.0545939334207919,0.00038672,0.32318369502969313
ACXUSDT,2024-12-07,e2324,105603,short,2,0.017335189168670183,0.00147976,0.014314949168670182,0.009814949168670184,30,pump_le0,tdec_ge70,fund_flat,crowd_24,btc_up,-0.05253940455341499,0.9994513000589205,0.00018662,0.2696312101321028
ACXUSDT,2024-12-07,e2324,105603,long,2,-0.017335189168670183,-0.00147976,-0.023314949168670183,-0.02781494916867018,30,pump_le0,tdec_ge70,fund_flat,crowd_24,btc_up,-0.05253940455341499,0.9994513000589205,0.00018662,0.2696312101321028
ADBEUSDT,2026-06-12,e2526,105682,short,1,0.04072773387962161,0.00121225,0.03743998387962161,0.032939983879621604,18,pump_le0,tdec_lt30,fund_flat,crowd_ge5,btc_down,-0.008175705094093155,0.10529019336378209,0.0,-0.20519340793027419
ADBEUSDT,2026-06-12,e2526,105682,long,1,-0.04072773387962161,-0.00121225,-0.0464399838796216,-0.050939983879621606,18,pump_le0,tdec_lt30,fund_flat,crowd_ge5,btc_down,-0.008175705094093155,0.10529019336378209,0.0,-0.20519340793027419
ADBEUSDT,2026-06-12,e2526,105682,short,2,0.05515253423012259,0.00121225,0.05186478423012259,0.04736478423012259,15,pump_le0,tdec_lt30,fund_flat,crowd_ge5,btc_down,-0.008175705094093155,0.09635322799741582,0.0,-0.16910615372941795
ADBEUSDT,2026-06-12,e2526,105682,long,2,-0.05515253423012259,-0.00121225,-0.060864784230122586,-0.06536478423012258,15,pump_le0,tdec_lt30,fund_flat,crowd_ge5,btc_down,-0.008175705094093155,0.09635322799741582,0.0,-0.16910615372941795
AERGOUSDT,2024-09-11,e2324,105591,short,1,-0.0031217481789801737,0.0016628200000000002,-0.005958928178980173,-0.010458928178980174,35,pump_le0,tdec_30_70,fund_flat,crowd_24,btc_down,-0.06060606060606055,0.5176159367436677,0.0001,-0.04051989661522204
AERGOUSDT,2024-09-11,e2324,105591,long,1,0.0031217481789801737,-0.0016628200000000002,-0.003041071821019826,-0.007541071821019826,35,pump_le0,tdec_30_70,fund_flat,crowd_24,btc_down,-0.06060606060606055,0.5176159367436677,0.0001,-0.04051989661522204
AERGOUSDT,2024-09-11,e2324,105591,short,2,0.0010362694300518431,0.00136282,-0.0021009105699481565,-0.006600910569948156,29,pump_le0,tdec_30_70,fund_flat,crowd_24,btc_up,-0.06060606060606055,0.5208363189994268,0.0001,0.030829643245049665
AERGOUSDT,2024-09-11,e2324,105591,long,2,-0.0010362694300518431,-0.00136282,-0.006899089430051843,-0.011399089430051842,29,pump_le0,tdec_30_70,fund_flat,crowd_24,btc_up,-0.06060606060606055,0.5208363189994268,0.0001,0.030829643245049665
AEROUSDT,2024-12-05,e2324,105603,short,1,-0.0181903864278983,0.00708241,-0.0156079764278983,-0.0201079764278983,35,pump_0_25,tdec_ge70,fund_pos,crowd_01,btc_up,0.20581884305034648,2.173130921859957,0.00274854,0.32048997154005243
AEROUSDT,2024-12-05,e2324,105603,long,1,0.0181903864278983,-0.00708241,0.006607976427898299,0.0021079764278982994,35,pump_0_25,tdec_ge70,fund_pos,crowd_01,btc_up,0.20581884305034648,2.173130921859957,0.00274854,0.32048997154005243
AEROUSDT,2024-12-05,e2324,105603,short,2,0.021201413427561717,0.0046902,0.021391613427561715,0.016891613427561715,29,pump_0_25,tdec_ge70,fund_pos,crowd_01,btc_up,0.20581884305034648,3.3169650993262363,0.00090658,0.3168994218251133
AEROUSDT,2024-12-05,e2324,105603,long,2,-0.021201413427561717,-0.0046902,-0.030391613427561717,-0.03489161342756172,29,pump_0_25,tdec_ge70,fund_pos,crowd_01,btc_up,0.20581884305034648,3.3169650993262363,0.00090658,0.3168994218251133
AEVOUSDT,2024-03-14,e2324,105565,short,1,0.09200000000000004,-0.03169262,0.055807380000000045,0.05130738000000004,35,pump_le0,tdec_30_70,fund_flat,crowd_24,btc_up,-0.1486068111455109,0.6853006223909113,-0.00016852,0.3421054662776517
AEVOUSDT,2024-03-14,e2324,105565,long,1,-0.09200000000000004,0.03169262,-0.06480738000000004,-0.06930738000000004,35,pump_le0,tdec_30_70,fund_flat,crowd_24,btc_up,-0.1486068111455109,0.6853006223909113,-0.00016852,0.3421054662776517
AEVOUSDT,2024-03-14,e2324,105565,short,2,0.12996515679442516,-0.02992887,0.09553628679442516,0.09103628679442517,29,pump_le0,tdec_30_70,fund_neg,crowd_24,btc_up,-0.1486068111455109,0.6847941079993028,-0.00072806,0.25920787691359104
AEVOUSDT,2024-03-14,e2324,105565,long,2,-0.12996515679442516,0.02992887,-0.10453628679442517,-0.10903628679442516,29,pump_le0,tdec_30_70,fund_neg,crowd_24,btc_up,-0.1486068111455109,0.6847941079993028,-0.00072806,0.25920787691359104
AGIXUSDT,2023-02-17,e2324,105509,short,1,-0.06523809523809533,0.00430838,-0.06542971523809533,-0.06992971523809532,18,pump_0_25,tdec_ge70,fund_flat,crowd_24,btc_up,0.03831891223732997,0.8554523582516835,0.0002343499430399444,0.16938243712117274
AGIXUSDT,2023-02-17,e2324,105509,long,1,0.06523809523809533,-0.00430838,0.05642971523809533,0.05192971523809533,18,pump_0_25,tdec_ge70,fund_flat,crowd_24,btc_up,0.03831891223732997,0.8554523582516835,0.0002343499430399444,0.16938243712117274
AGIXUSDT,2023-02-17,e2324,105509,short,2,-0.11710362047440698,0.00363698,-0.11796664047440698,-0.12246664047440697,15,pump_0_25,tdec_ge70,fund_flat,crowd_24,btc_up,0.03831891223732997,0.8357352887008122,0.0004071999646527808,0.07081739191830949
AGIXUSDT,2023-02-17,e2324,105509,long,2,0.11710362047440698,-0.00363698,0.10896664047440698,0.10446664047440699,15,pump_0_25,tdec_ge70,fund_flat,crowd_24,btc_up,0.03831891223732997,0.8357352887008122,0.0004071999646527808,0.07081739191830949
AGLDUSDT,2023-07-29,e2324,105532,short,1,0.09532112757919207,0.0008483500000000001,0.09166947757919207,0.08716947757919208,17,pump_le0,tdec_ge70,fund_flat,crowd_24,btc_down,-0.016857142857142793,1.0508372888971174,0.0001,-0.03903782640954434
AGLDUSDT,2023-07-29,e2324,105532,long,1,-0.09532112757919207,-0.0008483500000000001,-0.10066947757919208,-0.10516947757919207,17,pump_le0,tdec_ge70,fund_flat,crowd_24,btc_down,-0.016857142857142793,1.0508372888971174,0.0001,-0.03903782640954434
AGLDUSDT,2023-07-29,e2324,105532,short,2,0.03771251931993814,0.0007198,0.03393231931993814,0.029432319319938137,14,pump_le0,tdec_30_70,fund_flat,crowd_24,btc_down,-0.016857142857142793,0.38244398316505573,0.0001,-0.044247324489101736
AGLDUSDT,2023-07-29,e2324,105532,long,2,-0.03771251931993814,-0.0007198,-0.042932319319938135,-0.04743231931993814,14,pump_le0,tdec_30_70,fund_flat,crowd_24,btc_down,-0.016857142857142793,0.38244398316505573,0.0001,-0.044247324489101736
AGTUSDT,2025-05-21,e2526,105627,short,1,-0.04602919385857067,0.00632541,-0.04420378385857066,-0.048703783858570666,36,pump_le0,tdec_ge70,fund_flat,crowd_01,btc_up,-0.02591898780824875,0.9883928579701372,0.0001,0.19546940256881595
AGTUSDT,2025-05-21,e2526,105627,long,1,0.04602919385857067,-0.00632541,0.03520378385857067,0.030703783858570664,36,pump_le0,tdec_ge70,fund_flat,crowd_01,btc_up,-0.02591898780824875,0.9883928579701372,0.0001,0.19546940256881595
AGTUSDT,2025-05-21,e2526,105627,short,2,0.007478536599958127,0.0020249400000000002,0.005003476599958127,0.0005034765999581275,30,pump_le0,tdec_30_70,fund_pos,crowd_01,btc_up,-0.02591898780824875,0.644335057211806,0.00093162,0.14567012808641477
AGTUSDT,2025-05-21,e2526,105627,long,2,-0.007478536599958127,-0.0020249400000000002,-0.014003476599958126,-0.018503476599958126,30,pump_le0,tdec_30_70,fund_pos,crowd_01,btc_up,-0.02591898780824875,0.644335057211806,0.00093162,0.14567012808641477
AI16ZUSDT,2025-01-03,e2526,105607,short,1,0.3155599117863269,0.00813252,0.3191924317863269,0.3146924317863269,35,pump_le0,tdec_ge70,fund_pos,crowd_24,btc_up,-0.14947271893626757,0.7795885698519618,0.0008271,0.012079194651628988
AI16ZUSDT,2025-01-03,e2526,105607,long,1,-0.3155599117863269,-0.00813252,-0.3281924317863269,-0.3326924317863269,35,pump_le0,tdec_ge70,fund_pos,crowd_24,btc_up,-0.14947271893626757,0.7795885698519618,0.0008271,0.012079194651628988
AI16ZUSDT,2025-01-03,e2526,105607,short,2,0.23060819744380778,0.00625759,0.2323657874438078,0.22786578744380778,29,pump_le0,tdec_ge70,fund_flat,crowd_24,btc_down,-0.14947271893626757,0.7497155134828735,0.0001,-0.014651937576714014
AI16ZUSDT,2025-01-03,e2526,105607,long,2,-0.23060819744380778,-0.00625759,-0.2413657874438078,-0.2458657874438078,29,pump_le0,tdec_ge70,fund_flat,crowd_24,btc_down,-0.14947271893626757,0.7497155134828735,0.0001,-0.014651937576714014
AIAUSDT,2025-09-19,e2526,105644,short,1,0.3503657510303606,0.01338506,0.3592508110303606,0.3547508110303606,35,pump_0_25,tdec_30_70,fund_pos,crowd_ge5,btc_up,0.16451402150969963,0.6283955449654296,0.00610446,0.02812233799445507
AIAUSDT,2025-09-19,e2526,105644,long,1,-0.3503657510303606,-0.01338506,-0.3682508110303606,-0.3727508110303606,35,pump_0_25,tdec_30_70,fund_pos,crowd_ge5,btc_up,0.16451402150969963,0.6283955449654296,0.00610446,0.02812233799445507
AIAUSDT,2025-09-19,e2526,105644,short,2,0.28892982829070124,0.01014752,0.29457734829070126,0.29007734829070125,30,pump_0_25,tdec_30_70,fund_pos,crowd_ge5,btc_down,0.16451402150969963,0.3625405117755359,0.00118892,-0.014658996129087498
AIAUSDT,2025-09-19,e2526,105644,long,2,-0.28892982829070124,-0.01014752,-0.30357734829070127,-0.30807734829070127,30,pump_0_25,tdec_30_70,fund_pos,crowd_ge5,btc_down,0.16451402150969963,0.3625405117755359,0.00118892,-0.014658996129087498
AIGENSYNUSDT,2026-04-30,e2526,105676,short,1,0.041932796445431755,0.00590476,0.04333755644543176,0.038837556445431756,36,pump_le0,tdec_30_70,fund_flat,crowd_01,btc_up,-0.29968883702839366,0.3995934261212078,0.0001,0.14842149324756004
AIGENSYNUSDT,2026-04-30,e2526,105676,long,1,-0.041932796445431755,-0.00590476,-0.052337556445431754,-0.05683755644543176,36,pump_le0,tdec_30_70,fund_flat,crowd_01,btc_up,-0.29968883702839366,0.3995934261212078,0.0001,0.14842149324756004
AIGENSYNUSDT,2026-04-30,e2526,105676,short,2,-0.1061237576146202,0.00495321,-0.1056705476146202,-0.1101705476146202,30,pump_le0,tdec_lt30,fund_flat,crowd_01,btc_up,-0.29968883702839366,0.2730836438246141,0.0001,0.17623245623873718
AIGENSYNUSDT,2026-04-30,e2526,105676,long,2,0.1061237576146202,-0.00495321,0.0966705476146202,0.09217054761462021,30,pump_le0,tdec_lt30,fund_flat,crowd_01,btc_up,-0.29968883702839366,0.2730836438246141,0.0001,0.17623245623873718
AINUSDT,2025-07-11,e2526,105634,short,1,-0.21626510977715663,-0.00505421,-0.22581931977715664,-0.23031931977715664,36,pump_le0,tdec_30_70,fund_neg,crowd_ge5,btc_up,-0.2976204227792537,0.3944885877142205,-0.0030583197876166814,0.11154110188950805
AINUSDT,2025-07-11,e2526,105634,long,1,0.21626510977715663,0.00505421,0.21681931977715663,0.21231931977715662,36,pump_le0,tdec_30_70,fund_neg,crowd_ge5,btc_up,-0.2976204227792537,0.3944885877142205,-0.0030583197876166814,0.11154110188950805
AINUSDT,2025-07-11,e2526,105634,short,2,-0.18765055403886313,-0.00201807,-0.19416862403886315,-0.19866862403886315,29,pump_le0,tdec_ge70,fund_flat,crowd_ge5,btc_up,-0.2976204227792537,1.004336333398683,0.00009999999652777789,0.12271367845828385
AINUSDT,2025-07-11,e2526,105634,long,2,0.18765055403886313,0.00201807,0.18516862403886314,0.18066862403886313,29,pump_le0,tdec_ge70,fund_flat,crowd_ge5,btc_up,-0.2976204227792537,1.004336333398683,0.00009999999652777789,0.12271367845828385
AIOTUSDT,2025-05-01,e2526,105624,short,1,-0.13241645244215938,0.03308044,-0.10383601244215938,-0.10833601244215937,35,pump_25_100,tdec_ge70,fund_pos,crowd_ge5,btc_up,0.5602438633081983,1.3812258150113201,0.00538952,0.17392353285623696
AIOTUSDT,2025-05-01,e2526,105624,long,1,0.13241645244215938,-0.03308044,0.09483601244215938,0.09033601244215939,35,pump_25_100,tdec_ge70,fund_pos,crowd_ge5,btc_up,0.5602438633081983,1.3812258150113201,0.00538952,0.17392353285623696
AIOTUSDT,2025-05-01,e2526,105624,short,2,-0.08291951423373824,0.02595472,-0.06146479423373823,-0.06596479423373823,30,pump_25_100,tdec_ge70,fund_pos,crowd_ge5,btc_up,0.5602438633081983,1.4014617045603752,0.00493002,0.15173806675763246
AIOTUSDT,2025-05-01,e2526,105624,long,2,0.08291951423373824,-0.02595472,0.05246479423373824,0.047964794233738235,30,pump_25_100,tdec_ge70,fund_pos,crowd_ge5,btc_up,0.5602438633081983,1.4014617045603752,0.00493002,0.15173806675763246
AIOUSDT,2025-08-14,e2526,105639,short,1,-0.02189495634041427,0.00100203,-0.02539292634041427,-0.029892926340414266,36,pump_le0,tdec_30_70,fund_flat,crowd_24,btc_down,-0.20610450077599585,0.6340461065481022,0.0001,-0.011059045945424062
AIOUSDT,2025-08-14,e2526,105639,long,1,0.02189495634041427,-0.00100203,0.01639292634041427,0.01189292634041427,36,pump_le0,tdec_30_70,fund_flat,crowd_24,btc_down,-0.20610450077599585,0.6340461065481022,0.0001,-0.011059045945424062
AIOUSDT,2025-08-14,e2526,105639,short,2,0.010973763874873987,0.0006520300000000002,0.007125793874873987,0.002625793874873987,29,pump_le0,tdec_ge70,fund_flat,crowd_24,btc_down,-0.20610450077599585,1.3561026271419607,0.00010000000347222237,-0.015497169746410022
AIOUSDT,2025-08-14,e2526,105639,long,2,-0.010973763874873987,-0.0006520300000000002,-0.016125793874873985,-0.020625793874873986,29,pump_le0,tdec_ge70,fund_flat,crowd_24,btc_down,-0.20610450077599585,1.3561026271419607,0.00010000000347222237,-0.015497169746410022
AIUSDT,2024-01-09,e2324,105556,short,1,-0.16920871609750973,0.00290697,-0.17080174609750973,-0.17530174609750973,35,pump_le0,tdec_ge70,fund_flat,crowd_01,btc_up,-0.15813833701250912,1.0671926073058342,0.0003658,0.13064621647161445
AIUSDT,2024-01-09,e2324,105556,long,1,0.16920871609750973,-0.00290697,0.16180174609750972,0.15730174609750971,35,pump_le0,tdec_ge70,fund_flat,crowd_01,btc_up,-0.15813833701250912,1.0671926073058342,0.0003658,0.13064621647161445
AIUSDT,2024-01-09,e2324,105556,short,2,-0.200800725320694,0.00241069,-0.20289003532069402,-0.20739003532069403,30,pump_le0,tdec_ge70,fund_flat,crowd_01,btc_up,-0.15813833701250912,0.9953311951548024,0.00035962,0.11617005901481403
AIUSDT,2024-01-09,e2324,105556,long,2,0.200800725320694,-0.00241069,0.19389003532069402,0.189390035320694,30,pump_le0,tdec_ge70,fund_flat,crowd_01,btc_up,-0.15813833701250912,0.9953311951548024,0.00035962,0.11617005901481403
AIXBTUSDT,2024-12-21,e2324,105605,short,1,-0.5146149625022866,0.00389515,-0.5152198125022865,-0.5197198125022866,35,pump_le0,tdec_30_70,fund_flat,crowd_ge5,btc_down,-0.1485749883195765,0.4494977036046299,0.0001,-0.038089836981684444
AIXBTUSDT,2024-12-21,e2324,105605,long,1,0.5146149625022866,-0.00389515,0.5062198125022866,0.5017198125022866,35,pump_le0,tdec_30_70,fund_flat,crowd_ge5,btc_down,-0.1485749883195765,0.4494977036046299,0.0001,-0.038089836981684444
AIXBTUSDT,2024-12-21,e2324,105605,short,2,-0.24802556218725516,0.00359515,-0.24893041218725517,-0.25343041218725515,29,pump_le0,tdec_30_70,fund_flat,crowd_ge5,btc_down,-0.1485749883195765,0.39733256475824263,0.0001,-0.029310671216826623
AIXBTUSDT,2024-12-21,e2324,105605,long,2,0.24802556218725516,-0.00359515,0.23993041218725517,0.23543041218725516,29,pump_le0,tdec_30_70,fund_flat,crowd_ge5,btc_down,-0.1485749883195765,0.39733256475824263,0.0001,-0.029310671216826623
AKEUSDT,2025-09-27,e2526,105645,short,1,-0.17443264123611782,0.00307304,-0.17585960123611782,-0.18035960123611783,35,pump_le0,tdec_lt30,fund_flat,crowd_ge5,btc_up,-0.3164170483145604,0.25988040009542374,0.0001,0.03495907041660673
AKEUSDT,2025-09-27,e2526,105645,long,1,0.17443264123611782,-0.00307304,0.16685960123611782,0.1623596012361178,35,pump_le0,tdec_lt30,fund_flat,crowd_ge5,btc_up,-0.3164170483145604,0.25988040009542374,0.0001,0.03495907041660673
AKEUSDT,2025-09-27,e2526,105645,short,2,-0.20909712297272107,0.00173489,-0.21186223297272108,-0.21636223297272109,30,pump_le0,tdec_30_70,fund_flat,crowd_ge5,btc_up,-0.3164170483145604,0.4723593729514929,0.0001,0.050563683189911
AKEUSDT,2025-09-27,e2526,105645,long,2,0.20909712297272107,-0.00173489,0.20286223297272107,0.19836223297272107,30,pump_le0,tdec_30_70,fund_flat,crowd_ge5,btc_up,-0.3164170483145604,0.4723593729514929,0.0001,0.050563683189911
AKTUSDT,2024-11-19,e2324,105601,short,1,-0.012129032258064555,0.00757135,-0.009057682258064555,-0.013557682258064554,36,pump_0_25,tdec_30_70,fund_neg,crowd_24,btc_up,0.02081138040042152,0.4858753499633516,-0.00144566,0.39957962736459596
AKTUSDT,2024-11-19,e2324,105601,long,1,0.012129032258064555,-0.00757135,0.00005768225806455571,-0.004442317741935444,36,pump_0_25,tdec_30_70,fund_neg,crowd_24,btc_up,0.02081138040042152,0.4858753499633516,-0.00144566,0.39957962736459596
AKTUSDT,2024-11-19,e2324,105601,short,2,-0.009004373552868573,0.0091072,-0.004397173552868574,-0.008897173552868573,29,pump_0_25,tdec_30_70,fund_flat,crowd_24,btc_up,0.02081138040042152,0.3008936025647042,0.00027148,0.45930950176837815
AKTUSDT,2024-11-19,e2324,105601,long,2,0.009004373552868573,-0.0091072,-0.004602826447131426,-0.009102826447131425,29,pump_0_25,tdec_30_70,fund_flat,crowd_24,btc_up,0.02081138040042152,0.3008936025647042,0.00027148,0.45930950176837815
ALCHUSDT,2025-01-08,e2526,105608,short,1,-0.19744447824764208,0.00505055,-0.1968939282476421,-0.2013939282476421,35,pump_le0,tdec_ge70,fund_pos,crowd_ge5,btc_down,-0.34901222953904043,0.7158702720908446,0.00077906,-0.042405778738416444
ALCHUSDT,2025-01-08,e2526,105608,long,1,0.19744447824764208,-0.00505055,0.1878939282476421,0.18339392824764209,35,pump_le0,tdec_ge70,fund_pos,crowd_ge5,btc_down,-0.34901222953904043,0.7158702720908446,0.00077906,-0.042405778738416444
ALCHUSDT,2025-01-08,e2526,105608,short,2,-0.17055762081784376,0.00390455,-0.17115307081784376,-0.17565307081784376,29,pump_le0,tdec_30_70,fund_flat,crowd_ge5,btc_down,-0.34901222953904043,0.6457928359956479,0.0001,-0.06368769118026651
ALCHUSDT,2025-01-08,e2526,105608,long,2,0.17055762081784376,-0.00390455,0.16215307081784375,0.15765307081784374,29,pump_le0,tdec_30_70,fund_flat,crowd_ge5,btc_down,-0.34901222953904043,0.6457928359956479,0.0001,-0.06368769118026651
ALLOUSDT,2025-11-12,e2526,105652,short,1,0.30294239535847495,-0.0021803499999999997,0.29626204535847495,0.29176204535847494,35,pump_le0,tdec_30_70,fund_flat,crowd_ge5,btc_down,-0.4766861852092822,0.6872206764561718,-0.00030442,-0.11797709052094196
ALLOUSDT,2025-11-12,e2526,105652,long,1,-0.30294239535847495,0.0021803499999999997,-0.30526204535847495,-0.30976204535847496,35,pump_le0,tdec_30_70,fund_flat,crowd_ge5,btc_down,-0.4766861852092822,0.6872206764561718,-0.00030442,-0.11797709052094196
ALLOUSDT,2025-11-12,e2526,105652,short,2,0.31985442782046103,-0.00214736,0.31320706782046104,0.30870706782046103,30,pump_le0,tdec_30_70,fund_flat,crowd_ge5,btc_down,-0.4766861852092822,0.389673077586471,0.0001,-0.14592814749907412
ALLOUSDT,2025-11-12,e2526,105652,long,2,-0.31985442782046103,0.00214736,-0.32220706782046105,-0.32670706782046105,30,pump_le0,tdec_30_70,fund_flat,crowd_ge5,btc_down,-0.4766861852092822,0.389673077586471,0.0001,-0.14592814749907412
ALLUSDT,2025-08-07,e2526,105638,short,1,0.02142222222222223,-0.00349882,0.013423402222222231,0.008923402222222232,18,pump_0_25,tdec_ge70,fund_flat,crowd_24,btc_up,0.08069164265129691,0.7119795703412134,0.0001,0.04881569138101738
ALLUSDT,2025-08-07,e2526,105638,long,1,-0.02142222222222223,0.00349882,-0.022423402222222232,-0.026923402222222233,18,pump_0_25,tdec_ge70,fund_flat,crowd_24,btc_up,0.08069164265129691,0.7119795703412134,0.0001,0.04881569138101738
ALLUSDT,2025-08-07,e2526,105638,short,2,0.0654499151103565,-0.00360753,0.057342385110356504,0.0528423851103565,15,pump_0_25,tdec_ge70,fund_flat,crowd_24,btc_up,0.08069164265129691,0.7220296962791866,-0.00009129,0.0038187881965043857
ALLUSDT,2025-08-07,e2526,105638,long,2,-0.0654499151103565,0.00360753,-0.0663423851103565,-0.0708423851103565,15,pump_0_25,tdec_ge70,fund_flat,crowd_24,btc_up,0.08069164265129691,0.7220296962791866,-0.00009129,0.0038187881965043857
ALPACAUSDT,2024-08-23,e2324,105588,short,1,0.3795813338897003,0.00175,0.37683133388970025,0.37233133388970024,35,pump_25_100,tdec_30_70,fund_flat,crowd_ge5,btc_down,0.28481436804717863,0.6079202730530553,0.0001,-0.025185106350630204
ALPACAUSDT,2024-08-23,e2324,105588,long,1,-0.3795813338897003,-0.00175,-0.38583133388970026,-0.39033133388970026,35,pump_25_100,tdec_30_70,fund_flat,crowd_ge5,btc_down,0.28481436804717863,0.6079202730530553,0.0001,-0.025185106350630204
ALPACAUSDT,2024-08-23,e2324,105588,short,2,0.27468596284401803,0.0014500000000000001,0.27163596284401803,0.267135962844018,29,pump_25_100,tdec_30_70,fund_flat,crowd_ge5,btc_down,0.28481436804717863,0.5735549734560201,0.0001,-0.05439251648068355
ALPACAUSDT,2024-08-23,e2324,105588,long,2,-0.27468596284401803,-0.0014500000000000001,-0.28063596284401804,-0.28513596284401804,29,pump_25_100,tdec_30_70,fund_flat,crowd_ge5,btc_down,0.28481436804717863,0.5735549734560201,0.0001,-0.05439251648068355
ALPINEUSDT,2025-05-07,e2526,105625,short,1,-0.10911332579882857,-0.00519148,-0.11880480579882857,-0.12330480579882856,36,pump_le0,tdec_30_70,fund_flat,crowd_ge5,btc_up,-0.12911596277738002,0.4331490997359591,0.0001,0.3529612217374267
ALPINEUSDT,2025-05-07,e2526,105625,long,1,0.10911332579882857,0.00519148,0.10980480579882856,0.10530480579882857,36,pump_le0,tdec_30_70,fund_flat,crowd_ge5,btc_up,-0.12911596277738002,0.4331490997359591,0.0001,0.3529612217374267
ALPINEUSDT,2025-05-07,e2526,105625,short,2,-0.04501452081316553,-0.00549148,-0.05500600081316553,-0.05950600081316553,30,pump_le0,tdec_lt30,fund_flat,crowd_ge5,btc_up,-0.12911596277738002,0.23029639492604,0.0001,0.24645105826512315
ALPINEUSDT,2025-05-07,e2526,105625,long,2,0.04501452081316553,0.00549148,0.04600600081316553,0.04150600081316553,30,pump_le0,tdec_lt30,fund_flat,crowd_ge5,btc_up,-0.12911596277738002,0.23029639492604,0.0001,0.24645105826512315
ALTUSDT,2024-01-26,e2324,105558,short,1,0.13703951112100743,0.0013308100000000002,0.1338703211210074,0.1293703211210074,35,pump_25_100,tdec_ge70,fund_flat,crowd_24,btc_down,0.254508209441634,1.2677915526200356,0.0001,-0.011687765991159726
ALTUSDT,2024-01-26,e2324,105558,long,1,-0.13703951112100743,-0.0013308100000000002,-0.14287032112100742,-0.14737032112100742,35,pump_25_100,tdec_ge70,fund_flat,crowd_24,btc_down,0.254508209441634,1.2677915526200356,0.0001,-0.011687765991159726
ALTUSDT,2024-01-26,e2324,105558,short,2,0.11861323090918276,0.00152994,0.11564317090918275,0.11114317090918276,29,pump_25_100,tdec_ge70,fund_flat,crowd_24,btc_down,0.254508209441634,1.2006484437478804,0.0001,-0.0017555487455784835
ALTUSDT,2024-01-26,e2324,105558,long,2,-0.11861323090918276,-0.00152994,-0.12464317090918275,-0.12914317090918276,29,pump_25_100,tdec_ge70,fund_flat,crowd_24,btc_down,0.254508209441634,1.2006484437478804,0.0001,-0.0017555487455784835
AMATUSDT,2026-06-09,e2526,105682,short,1,-0.1580155152105926,0.00019767,-0.1623178452105926,-0.1668178452105926,15,pump_0_25,tdec_30_70,fund_none,crowd_ge5,btc_down,0.00044697277529470725,0.6780780806932711,,-0.24743724227072272
AMATUSDT,2026-06-09,e2526,105682,long,1,0.1580155152105926,-0.00019767,0.15331784521059258,0.14881784521059258,15,pump_0_25,tdec_30_70,fund_none,crowd_ge5,btc_down,0.00044697277529470725,0.6780780806932711,,-0.24743724227072272
AMATUSDT,2026-06-09,e2526,105682,short,2,-0.02169784275782988,0.00019767,-0.02600017275782988,-0.03050017275782988,15,pump_0_25,tdec_ge70,fund_none,crowd_ge5,btc_down,0.00044697277529470725,0.97411699788629,,-0.20958103926125704
AMATUSDT,2026-06-09,e2526,105682,long,2,0.02169784275782988,-0.00019767,0.01700017275782988,0.01250017275782988,15,pump_0_25,tdec_ge70,fund_none,crowd_ge5,btc_down,0.00044697277529470725,0.97411699788629,,-0.20958103926125704
AMBUSDT,2023-03-31,e2324,105515,short,1,0.0481586402266289,0.0018307500000000001,0.0454893902266289,0.0409893902266289,18,pump_0_25,tdec_ge70,fund_flat,crowd_24,btc_up,0.018024513338139814,1.120570849337935,0.00009999998958333443,0.2125880863363332
AMBUSDT,2023-03-31,e2324,105515,long,1,-0.0481586402266289,-0.0018307500000000001,-0.054489390226628895,-0.0589893902266289,18,pump_0_25,tdec_ge70,fund_flat,crowd_24,btc_up,0.018024513338139814,1.120570849337935,0.00009999998958333443,0.2125880863363332
AMBUSDT,2023-03-31,e2324,105515,short,2,0.02325581395348831,0.00143075,0.02018656395348831,0.01568656395348831,14,pump_0_25,tdec_ge70,fund_flat,crowd_24,btc_up,0.018024513338139814,0.8149187406498152,0.0001,0.2604149882736273
AMBUSDT,2023-03-31,e2324,105515,long,2,-0.02325581395348831,-0.00143075,-0.02918656395348831,-0.03368656395348831,14,pump_0_25,tdec_ge70,fund_flat,crowd_24,btc_up,0.018024513338139814,0.8149187406498152,0.0001,0.2604149882736273
AMDUSDT,2026-05-07,e2526,105677,short,1,0.0289682367725441,0.0,0.0244682367725441,0.0199682367725441,0,pump_0_25,tdec_ge70,fund_none,crowd_24,btc_up,0.1108062575210591,1.0999547178674238,,0.1283409888496454
AMDUSDT,2026-05-07,e2526,105677,long,1,-0.0289682367725441,-0.0,-0.0334682367725441,-0.0379682367725441,0,pump_0_25,tdec_ge70,fund_none,crowd_24,btc_up,0.1108062575210591,1.0999547178674238,,0.1283409888496454
AMDUSDT,2026-05-07,e2526,105677,short,2,0.029178580712243243,0.0,0.024678580712243242,0.020178580712243245,0,pump_0_25,tdec_lt30,fund_none,crowd_24,btc_up,0.1108062575210591,0.22022284640988476,,0.12381255017393644
AMDUSDT,2026-05-07,e2526,105677,long,2,-0.029178580712243243,-0.0,-0.03367858071224324,-0.03817858071224324,0,pump_0_25,tdec_lt30,fund_none,crowd_24,btc_up,0.1108062575210591,0.22022284640988476,,0.12381255017393644
AMZNUSDT,2026-02-10,e2526,105665,short,1,0.01693007780006854,0.0034893899999999998,0.01591946780006854,0.01141946780006854,18,pump_le0,tdec_ge70,fund_flat,crowd_ge5,btc_down,-0.02205952722748583,1.1427705967431963,0.0,-0.2651781976623133
AMZNUSDT,2026-02-10,e2526,105665,long,1,-0.01693007780006854,-0.0034893899999999998,-0.02491946780006854,-0.029419467800068537,18,pump_le0,tdec_ge70,fund_flat,crowd_ge5,btc_down,-0.02205952722748583,1.1427705967431963,0.0,-0.2651781976623133
AMZNUSDT,2026-02-10,e2526,105665,short,2,-0.007724331644680704,0.0034893899999999998,-0.008734941644680704,-0.013234941644680703,15,pump_le0,tdec_ge70,fund_flat,crowd_ge5,btc_down,-0.02205952722748583,1.4578715881404032,0.0,-0.3054473280265728
AMZNUSDT,2026-02-10,e2526,105665,long,2,0.007724331644680704,-0.0034893899999999998,-0.000265058355319296,-0.004765058355319296,15,pump_le0,tdec_ge70,fund_flat,crowd_ge5,btc_down,-0.02205952722748583,1.4578715881404032,0.0,-0.3054473280265728
ANCUSDT,2022-03-08,e2122,105460,short,1,0.34066963240458914,-0.02000434,0.3161652924045891,0.3116652924045891,17,pump_0_25,tdec_ge70,fund_flat,crowd_01,btc_down,0.05980148883374681,2.5672316977890914,0.00003648000253333351,-0.043177970152400214
ANCUSDT,2022-03-08,e2122,105460,long,1,-0.34066963240458914,0.02000434,-0.32516529240458913,-0.32966529240458914,17,pump_0_25,tdec_ge70,fund_flat,crowd_01,btc_down,0.05980148883374681,2.5672316977890914,0.00003648000253333351,-0.043177970152400214
ANCUSDT,2022-03-08,e2122,105460,short,2,0.24705882352941186,-0.01685335,0.22570547352941187,0.22120547352941186,15,pump_0_25,tdec_ge70,fund_neg,crowd_01,btc_down,0.05980148883374681,1.3597061790498752,-0.0020415001417708432,-0.10482065950850916
ANCUSDT,2022-03-08,e2122,105460,long,2,-0.24705882352941186,0.01685335,-0.23470547352941187,-0.23920547352941188,15,pump_0_25,tdec_ge70,fund_neg,crowd_01,btc_down,0.05980148883374681,1.3597061790498752,-0.0020415001417708432,-0.10482065950850916
ANIMEUSDT,2025-01-24,e2526,105610,short,1,0.20035149384885764,0.00147967,0.19733116384885763,0.19283116384885762,35,pump_le0,tdec_30_70,fund_flat,crowd_ge5,btc_up,-0.34219653179190745,0.6119524301421522,0.0001,0.09348205240676344
ANIMEUSDT,2025-01-24,e2526,105610,long,1,-0.20035149384885764,-0.00147967,-0.20633116384885763,-0.21083116384885764,35,pump_le0,tdec_30_70,fund_flat,crowd_ge5,btc_up,-0.34219653179190745,0.6119524301421522,0.0001,0.09348205240676344
ANIMEUSDT,2025-01-24,e2526,105610,short,2,0.16360294117647056,0.00117967,0.16028261117647055,0.15578261117647055,29,pump_le0,tdec_30_70,fund_flat,crowd_ge5,btc_up,-0.34219653179190745,0.3133869123369428,0.0001,0.08806807633019287
ANIMEUSDT,2025-01-24,e2526,105610,long,2,-0.16360294117647056,-0.00117967,-0.16928261117647056,-0.17378261117647056,29,pump_le0,tdec_30_70,fund_flat,crowd_ge5,btc_up,-0.34219653179190745,0.3133869123369428,0.0001,0.08806807633019287
ANTHROPICUSDT,2026-06-02,e2526,105681,short,1,0.03827892843577539,0.0,0.033778928435775395,0.02927892843577539,0,pump_0_25,tdec_ge70,fund_none,crowd_ge5,btc_down,0.005775280898876467,1.0525917424411548,,-0.19678275651697885
ANTHROPICUSDT,2026-06-02,e2526,105681,long,1,-0.03827892843577539,-0.0,-0.04277892843577539,-0.04727892843577539,0,pump_0_25,tdec_ge70,fund_none,crowd_ge5,btc_down,0.005775280898876467,1.0525917424411548,,-0.19678275651697885
ANTHROPICUSDT,2026-06-02,e2526,105681,short,2,-0.012418927103485114,0.0,-0.016918927103485113,-0.021418927103485114,0,pump_0_25,tdec_30_70,fund_none,crowd_ge5,btc_down,0.005775280898876467,0.6732207387521255,,-0.21034009836523748
ANTHROPICUSDT,2026-06-02,e2526,105681,long,2,0.012418927103485114,-0.0,0.007918927103485116,0.003418927103485115,0,pump_0_25,tdec_30_70,fund_none,crowd_ge5,btc_down,0.005775280898876467,0.6732207387521255,,-0.21034009836523748
ANTUSDT,2021-12-27,e2122,105450,short,1,0.019737919737919853,0.0018000000000000002,0.017037919737919852,0.012537919737919853,18,pump_25_100,tdec_ge70,fund_neg,crowd_01,btc_down,0.27108057464084956,25.66564759615085,-0.0005437500472005249,-0.17087281275140354
ANTUSDT,2021-12-27,e2122,105450,long,1,-0.019737919737919853,-0.0018000000000000002,-0.026037919737919853,-0.030537919737919854,18,pump_25_100,tdec_ge70,fund_neg,crowd_01,btc_down,0.27108057464084956,25.66564759615085,-0.0005437500472005249,-0.17087281275140354
ANTUSDT,2021-12-27,e2122,105450,short,2,-0.10303197861948193,0.0015,-0.10603197861948194,-0.11053197861948193,15,pump_25_100,tdec_ge70,fund_flat,crowd_01,btc_down,0.27108057464084956,19.994808260128377,0.0001,-0.19698837829023252
ANTUSDT,2021-12-27,e2122,105450,long,2,0.10303197861948193,-0.0015,0.09703197861948193,0.09253197861948194,15,pump_25_100,tdec_ge70,fund_flat,crowd_01,btc_down,0.27108057464084956,19.994808260128377,0.0001,-0.19698837829023252
APEUSDT,2022-03-18,e2122,105461,short,1,-0.05555555555555549,0.0015217100000000001,-0.058533845555555485,-0.06303384555555548,17,pump_25_100,tdec_30_70,fund_flat,crowd_01,btc_up,0.37584994138335315,0.3421007105913522,0.00005221,0.041897475285058494
APEUSDT,2022-03-18,e2122,105461,long,1,0.05555555555555549,-0.0015217100000000001,0.04953384555555549,0.045033845555555486,17,pump_25_100,tdec_30_70,fund_flat,crowd_01,btc_up,0.37584994138335315,0.3421007105913522,0.00005221,0.041897475285058494
APEUSDT,2022-03-18,e2122,105461,short,2,-0.28586257006435534,0.00132171,-0.28904086006435536,-0.29354086006435537,15,pump_25_100,tdec_lt30,fund_flat,crowd_01,btc_up,0.37584994138335315,0.25600874018369246,0.00009999999826388893,0.03238187695787498
APEUSDT,2022-03-18,e2122,105461,long,2,0.28586257006435534,-0.00132171,0.28004086006435536,0.27554086006435535,15,pump_25_100,tdec_lt30,fund_flat,crowd_01,btc_up,0.37584994138335315,0.25600874018369246,0.00009999999826388893,0.03238187695787498
API3USDT,2022-02-22,e2122,105458,short,1,-0.2757370329497084,-0.018833739999999998,-0.2990707729497084,-0.3035707729497084,18,pump_25_100,tdec_ge70,fund_neg,crowd_01,btc_up,0.26581520654559965,4.5306564469096235,-0.002025599859333343,0.01581218888401681
API3USDT,2022-02-22,e2122,105458,long,1,0.2757370329497084,0.018833739999999998,0.2900707729497084,0.2855707729497084,18,pump_25_100,tdec_ge70,fund_neg,crowd_01,btc_up,0.26581520654559965,4.5306564469096235,-0.002025599859333343,0.01581218888401681
API3USDT,2022-02-22,e2122,105458,short,2,-0.14763863281804004,-0.00689837,-0.15903700281804004,-0.16353700281804004,14,pump_25_100,tdec_ge70,fund_neg,crowd_01,btc_up,0.26581520654559965,2.1413046355607626,-0.005997740208254869,0.03738642658604774
API3USDT,2022-02-22,e2122,105458,long,2,0.14763863281804004,0.00689837,0.15003700281804003,0.14553700281804002,14,pump_25_100,tdec_ge70,fund_neg,crowd_01,btc_up,0.26581520654559965,2.1413046355607626,-0.005997740208254869,0.03738642658604774
APRUSDT,2025-10-24,e2526,105649,short,1,0.16521173344900503,0.00589835,0.16661008344900502,0.16211008344900502,36,pump_le0,tdec_lt30,fund_flat,crowd_ge5,btc_up,-0.40989953285979386,0.22174387489492442,0.00009999999305555606,0.024371526008748257
APRUSDT,2025-10-24,e2526,105649,long,1,-0.16521173344900503,-0.00589835,-0.17561008344900503,-0.18011008344900503,36,pump_le0,tdec_lt30,fund_flat,crowd_ge5,btc_up,-0.40989953285979386,0.22174387489492442,0.00009999999305555606,0.024371526008748257
APRUSDT,2025-10-24,e2526,105649,short,2,0.21402863925262267,0.00552148,0.21505011925262266,0.21055011925262265,29,pump_le0,tdec_lt30,fund_flat,crowd_ge5,btc_up,-0.40989953285979386,0.14397763338484373,0.00015374,0.04479758368806941
APRUSDT,2025-10-24,e2526,105649,long,2,-0.21402863925262267,-0.00552148,-0.22405011925262266,-0.22855011925262267,29,pump_le0,tdec_lt30,fund_flat,crowd_ge5,btc_up,-0.40989953285979386,0.14397763338484373,0.00015374,0.04479758368806941
APTUSDT,2022-10-19,e2122,105492,short,1,-0.24928639391056143,-0.0200393,-0.27382569391056144,-0.27832569391056144,18,pump_le0,tdec_30_70,fund_neg,crowd_01,btc_up,-0.080260032504063,0.3810078224797876,-0.0005100801062666888,0.008899230394131541
APTUSDT,2022-10-19,e2122,105492,long,1,0.24928639391056143,0.0200393,0.26482569391056143,0.26032569391056143,18,pump_le0,tdec_30_70,fund_neg,crowd_01,btc_up,-0.080260032504063,0.3810078224797876,-0.0005100801062666888,0.008899230394131541
APTUSDT,2022-10-19,e2122,105492,short,2,-0.22710280373831782,-0.01874343,-0.2503462337383178,-0.25484623373831783,14,pump_le0,tdec_30_70,fund_flat,crowd_01,btc_up,-0.080260032504063,0.3216967330659306,0.0001,0.038129827889958
APTUSDT,2022-10-19,e2122,105492,long,2,0.22710280373831782,0.01874343,0.24134623373831782,0.2368462337383178,14,pump_le0,tdec_30_70,fund_flat,crowd_01,btc_up,-0.080260032504063,0.3216967330659306,0.0001,0.038129827889958
ARBUSDT,2023-03-24,e2324,105514,short,1,-0.14113300492610834,0.0014680300000000002,-0.14416497492610833,-0.14866497492610833,17,pump_le0,tdec_30_70,fund_flat,crowd_01,btc_up,-0.0793650793650793,0.5211356750800725,0.00010000000868055632,0.14704038647989037
ARBUSDT,2023-03-24,e2324,105514,long,1,0.14113300492610834,-0.0014680300000000002,0.13516497492610832,0.13066497492610832,17,pump_le0,tdec_30_70,fund_flat,crowd_01,btc_up,-0.0793650793650793,0.5211356750800725,0.00010000000868055632,0.14704038647989037
ARBUSDT,2023-03-24,e2324,105514,short,2,-0.08450374531835193,0.00126803,-0.08773571531835193,-0.09223571531835192,15,pump_le0,tdec_30_70,fund_flat,crowd_01,btc_up,-0.0793650793650793,0.4907798967639965,0.00010000000868055632,0.20619530885931758
ARBUSDT,2023-03-24,e2324,105514,long,2,0.08450374531835193,-0.00126803,0.07873571531835193,0.07423571531835194,15,pump_le0,tdec_30_70,fund_flat,crowd_01,btc_up,-0.0793650793650793,0.4907798967639965,0.00010000000868055632,0.20619530885931758
ARCUSDT,2025-01-18,e2526,105609,short,1,0.1919205720271439,0.00722239,0.1946429620271439,0.1901429620271439,35,pump_0_25,tdec_ge70,fund_pos,crowd_24,btc_up,0.1192557665349816,1.0762725365884878,0.00218538,0.03628212314503032
ARCUSDT,2025-01-18,e2526,105609,long,1,-0.1919205720271439,-0.00722239,-0.2036429620271439,-0.2081429620271439,35,pump_0_25,tdec_ge70,fund_pos,crowd_24,btc_up,0.1192557665349816,1.0762725365884878,0.00218538,0.03628212314503032
ARCUSDT,2025-01-18,e2526,105609,short,2,0.19298644592013098,0.00482295,0.19330939592013097,0.18880939592013096,29,pump_0_25,tdec_30_70,fund_flat,crowd_24,btc_up,0.1192557665349816,0.6026703704118539,0.0001,0.05126164640177344
ARCUSDT,2025-01-18,e2526,105609,long,2,-0.19298644592013098,-0.00482295,-0.20230939592013097,-0.20680939592013098,29,pump_0_25,tdec_30_70,fund_flat,crowd_24,btc_up,0.1192557665349816,0.6026703704118539,0.0001,0.05126164640177344
ARIAUSDT,2025-09-04,e2526,105642,short,1,-0.08294195835179435,0.001917,-0.08552495835179436,-0.09002495835179435,35,pump_0_25,tdec_ge70,fund_flat,crowd_ge5,btc_down,0.04577888981558709,1.1628069445079796,0.0001,-0.03763757057968875
ARIAUSDT,2025-09-04,e2526,105642,long,1,0.08294195835179435,-0.001917,0.07652495835179435,0.07202495835179436,35,pump_0_25,tdec_ge70,fund_flat,crowd_ge5,btc_down,0.04577888981558709,1.1628069445079796,0.0001,-0.03763757057968875
ARIAUSDT,2025-09-04,e2526,105642,short,2,-0.045244611700307934,0.0016170000000000002,-0.04812761170030793,-0.052627611700307934,29,pump_0_25,tdec_30_70,fund_flat,crowd_ge5,btc_down,0.04577888981558709,0.4619399046026687,0.0001,-0.06203888778648248
ARIAUSDT,2025-09-04,e2526,105642,long,2,0.045244611700307934,-0.0016170000000000002,0.039127611700307936,0.03462761170030793,29,pump_0_25,tdec_30_70,fund_flat,crowd_ge5,btc_down,0.04577888981558709,0.4619399046026687,0.0001,-0.06203888778648248
ARKMUSDT,2023-07-28,e2324,105532,short,1,0.12425351570025044,0.0009599700000000001,0.12071348570025042,0.11621348570025043,17,pump_le0,tdec_30_70,fund_flat,crowd_24,btc_down,-0.08705592683784735,0.5837517823556232,-0.00015139,-0.03616306229652533
ARKMUSDT,2023-07-28,e2324,105532,long,1,-0.12425351570025044,-0.0009599700000000001,-0.12971348570025043,-0.13421348570025043,17,pump_le0,tdec_30_70,fund_flat,crowd_24,btc_down,-0.08705592683784735,0.5837517823556232,-0.00015139,-0.03616306229652533
ARKMUSDT,2023-07-28,e2324,105532,short,2,0.09890981169474718,0.0014,0.09580981169474717,0.09130981169474718,14,pump_le0,tdec_30_70,fund_flat,crowd_24,btc_down,-0.08705592683784735,0.634325111520126,0.0001,-0.03903782640954434
ARKMUSDT,2023-07-28,e2324,105532,long,2,-0.09890981169474718,-0.0014,-0.10480981169474718,-0.10930981169474717,14,pump_le0,tdec_30_70,fund_flat,crowd_24,btc_down,-0.08705592683784735,0.634325111520126,0.0001,-0.03903782640954434
ARKUSDT,2023-09-20,e2324,105540,short,1,0.02011646373742715,-0.01650169,-0.0008852262625728474,-0.005385226262572847,17,pump_le0,tdec_ge70,fund_neg,crowd_01,btc_up,-0.09890284623946577,0.7606539624034266,-0.00298461,0.019512831933160113
ARKUSDT,2023-09-20,e2324,105540,long,1,-0.02011646373742715,0.01650169,-0.008114773737427153,-0.012614773737427152,17,pump_le0,tdec_ge70,fund_neg,crowd_01,btc_up,-0.09890284623946577,0.7606539624034266,-0.00298461,0.019512831933160113
ARKUSDT,2023-09-20,e2324,105540,short,2,0.09309162175404205,-0.005121779999999999,0.08346984175404204,0.07896984175404205,14,pump_le0,tdec_30_70,fund_neg,crowd_01,btc_up,-0.09890284623946577,0.6313515275042979,-0.0033912,0.005583060804263518
ARKUSDT,2023-09-20,e2324,105540,long,2,-0.09309162175404205,0.005121779999999999,-0.09246984175404205,-0.09696984175404204,14,pump_le0,tdec_30_70,fund_neg,crowd_01,btc_up,-0.09890284623946577,0.6313515275042979,-0.0033912,0.005583060804263518
ARMUSDT,2026-05-27,e2526,105680,short,1,-0.1540758959943781,0.0,-0.1585758959943781,-0.1630758959943781,0,pump_0_25,tdec_ge70,fund_none,crowd_ge5,btc_down,0.05930521091811425,3.674379759059272,,-0.03547532638427442
ARMUSDT,2026-05-27,e2526,105680,long,1,0.1540758959943781,-0.0,0.1495758959943781,0.1450758959943781,0,pump_0_25,tdec_ge70,fund_none,crowd_ge5,btc_down,0.05930521091811425,3.674379759059272,,-0.03547532638427442
ARMUSDT,2026-05-27,e2526,105680,short,2,-0.11112990527740177,0.0,-0.11562990527740177,-0.12012990527740176,0,pump_0_25,tdec_ge70,fund_none,crowd_ge5,btc_down,0.05930521091811425,4.443857168433929,,-0.030649545411941093
ARMUSDT,2026-05-27,e2526,105680,long,2,0.11112990527740177,-0.0,0.10662990527740177,0.10212990527740178,0,pump_0_25,tdec_ge70,fund_none,crowd_ge5,btc_down,0.05930521091811425,4.443857168433929,,-0.030649545411941093
ARPAUSDT,2021-10-19,e2122,105440,short,1,0.11149656137788327,0.01024556,0.11724212137788327,0.11274212137788328,17,pump_0_25,tdec_lt30,fund_pos,crowd_01,btc_up,0.11313596639794077,0.23759533086778956,0.00077172,0.5354278516080753
ARPAUSDT,2021-10-19,e2122,105440,long,1,-0.11149656137788327,-0.01024556,-0.12624212137788327,-0.13074212137788327,17,pump_0_25,tdec_lt30,fund_pos,crowd_01,btc_up,0.11313596639794077,0.23759533086778956,0.00077172,0.5354278516080753
ARPAUSDT,2021-10-19,e2122,105440,short,2,0.022497489119517922,0.00797455,0.025972039119517922,0.02147203911951792,15,pump_0_25,tdec_lt30,fund_pos,crowd_01,btc_up,0.11313596639794077,0.12276806612237422,0.00107247,0.528757479847076
ARPAUSDT,2021-10-19,e2122,105440,long,2,-0.022497489119517922,-0.00797455,-0.03497203911951792,-0.039472039119517924,15,pump_0_25,tdec_lt30,fund_pos,crowd_01,btc_up,0.11313596639794077,0.12276806612237422,0.00107247,0.528757479847076
ARUSDT,2021-09-28,e2122,105437,short,1,-0.31092954002904044,0.0017000000000000001,-0.31372954002904047,-0.31822954002904047,17,pump_le0,tdec_ge70,fund_flat,crowd_01,btc_down,-0.027453326950694024,4.268276938126156,0.0001,-0.11749123333056877
ARUSDT,2021-09-28,e2122,105437,long,1,0.31092954002904044,-0.0017000000000000001,0.30472954002904046,0.30022954002904045,17,pump_le0,tdec_ge70,fund_flat,crowd_01,btc_down,-0.027453326950694024,4.268276938126156,0.0001,-0.11749123333056877
ARUSDT,2021-09-28,e2122,105437,short,2,-0.22836915413707237,0.0015,-0.23136915413707237,-0.23586915413707238,15,pump_le0,tdec_ge70,fund_flat,crowd_01,btc_down,-0.027453326950694024,1.9596267243217855,0.00009999999826388893,-0.07112889159606972
ARUSDT,2021-09-28,e2122,105437,long,2,0.22836915413707237,-0.0015,0.22236915413707237,0.21786915413707236,15,pump_le0,tdec_ge70,fund_flat,crowd_01,btc_down,-0.027453326950694024,1.9596267243217855,0.00009999999826388893,-0.07112889159606972
ASMLUSDT,2026-06-12,e2526,105682,short,1,-0.027961606871024034,0.00775747,-0.024704136871024036,-0.029204136871024036,18,pump_le0,tdec_30_70,fund_flat,crowd_ge5,btc_down,-0.02636122523272144,0.3236125621865798,0.0,-0.20519340793027419
ASMLUSDT,2026-06-12,e2526,105682,long,1,0.027961606871024034,-0.00775747,0.015704136871024035,0.011204136871024036,18,pump_le0,tdec_30_70,fund_flat,crowd_ge5,btc_down,-0.02636122523272144,0.3236125621865798,0.0,-0.20519340793027419
ASMLUSDT,2026-06-12,e2526,105682,short,2,-0.015004403752946847,0.00775747,-0.011746933752946847,-0.016246933752946845,15,pump_le0,tdec_lt30,fund_flat,crowd_ge5,btc_down,-0.02636122523272144,0.20700641605544612,0.0,-0.16910615372941795
ASMLUSDT,2026-06-12,e2526,105682,long,2,0.015004403752946847,-0.00775747,0.0027469337529468472,-0.0017530662470531524,15,pump_le0,tdec_lt30,fund_flat,crowd_ge5,btc_down,-0.02636122523272144,0.20700641605544612,0.0,-0.16910615372941795
ASRUSDT,2025-05-07,e2526,105625,short,1,-0.030939871570344387,0.00208186,-0.03335801157034438,-0.03785801157034439,36,pump_le0,tdec_ge70,fund_flat,crowd_ge5,btc_up,-0.06902173913043474,0.9064577025630152,0.0001,0.3529612217374267
ASRUSDT,2025-05-07,e2526,105625,long,1,0.030939871570344387,-0.00208186,0.024358011570344385,0.019858011570344385,36,pump_le0,tdec_ge70,fund_flat,crowd_ge5,btc_up,-0.06902173913043474,0.9064577025630152,0.0001,0.3529612217374267
ASRUSDT,2025-05-07,e2526,105625,short,2,0.005630630630630636,0.00177316,0.002903790630630636,-0.0015962093693693636,30,pump_le0,tdec_30_70,fund_flat,crowd_ge5,btc_up,-0.06902173913043474,0.31733789557235853,0.0001,0.24645105826512315
ASRUSDT,2025-05-07,e2526,105625,long,2,-0.005630630630630636,-0.00177316,-0.011903790630630635,-0.016403790630630636,30,pump_le0,tdec_30_70,fund_flat,crowd_ge5,btc_up,-0.06902173913043474,0.31733789557235853,0.0001,0.24645105826512315
ASTERUSDT,2025-09-20,e2526,105644,short,1,-0.37712076741355854,0.01668846,-0.36493230741355853,-0.36943230741355854,36,pump_25_100,tdec_ge70,fund_pos,crowd_ge5,btc_down,0.5761028996953628,1.0874658162518474,0.00244658,-0.014658996129087498
ASTERUSDT,2025-09-20,e2526,105644,long,1,0.37712076741355854,-0.01668846,0.3559323074135585,0.3514323074135585,36,pump_25_100,tdec_ge70,fund_pos,crowd_ge5,btc_down,0.5761028996953628,1.0874658162518474,0.00244658,-0.014658996129087498
ASTERUSDT,2025-09-20,e2526,105644,short,2,-0.1738467171100805,0.01179729,-0.16654942711008053,-0.17104942711008053,29,pump_25_100,tdec_ge70,fund_pos,crowd_ge5,btc_down,0.5761028996953628,0.8129049167342131,0.00070194,-0.02402903175760185
ASTERUSDT,2025-09-20,e2526,105644,long,2,0.1738467171100805,-0.01179729,0.15754942711008052,0.15304942711008052,29,pump_25_100,tdec_ge70,fund_pos,crowd_ge5,btc_down,0.5761028996953628,0.8129049167342131,0.00070194,-0.02402903175760185
ASTRUSDT,2023-02-14,e2324,105509,short,1,0.04423772609819127,0.0021339700000000002,0.041871696098191274,0.03737169609819127,18,pump_0_25,tdec_ge70,fund_flat,crowd_01,btc_up,0.24838709677419368,3.506860663376247,0.00009999999652777789,0.14839793659708422
ASTRUSDT,2023-02-14,e2324,105509,long,1,-0.04423772609819127,-0.0021339700000000002,-0.05087169609819127,-0.05537169609819127,18,pump_0_25,tdec_ge70,fund_flat,crowd_01,btc_up,0.24838709677419368,3.506860663376247,0.00009999999652777789,0.14839793659708422
ASTRUSDT,2023-02-14,e2324,105509,short,2,-0.026759937819231572,0.00161896,-0.029640977819231574,-0.034140977819231574,15,pump_0_25,tdec_ge70,fund_flat,crowd_01,btc_up,0.24838709677419368,1.838559306860813,0.00009999999652777789,0.11337425287138725
ASTRUSDT,2023-02-14,e2324,105509,long,2,0.026759937819231572,-0.00161896,0.020640977819231573,0.016140977819231572,15,pump_0_25,tdec_ge70,fund_flat,crowd_01,btc_up,0.24838709677419368,1.838559306860813,0.00009999999652777789,0.11337425287138725
ASTSUSDT,2026-06-02,e2526,105681,short,1,0.14433384379785602,0.0,0.13983384379785602,0.135333843797856,0,pump_le0,tdec_ge70,fund_none,crowd_ge5,btc_down,-0.006371849738468827,0.7072053802975482,,-0.19678275651697885
ASTSUSDT,2026-06-02,e2526,105681,long,1,-0.14433384379785602,-0.0,-0.14883384379785602,-0.15333384379785603,0,pump_le0,tdec_ge70,fund_none,crowd_ge5,btc_down,-0.006371849738468827,0.7072053802975482,,-0.19678275651697885
ASTSUSDT,2026-06-02,e2526,105681,short,2,0.15779557230334432,0.0,0.1532955723033443,0.1487955723033443,0,pump_le0,tdec_30_70,fund_none,crowd_ge5,btc_down,-0.006371849738468827,0.4445359790818928,,-0.21034009836523748
ASTSUSDT,2026-06-02,e2526,105681,long,2,-0.15779557230334432,-0.0,-0.16229557230334432,-0.16679557230334432,0,pump_le0,tdec_30_70,fund_none,crowd_ge5,btc_down,-0.006371849738468827,0.4445359790818928,,-0.21034009836523748
ATAUSDT,2021-08-31,e2122,105433,short,1,0.2612024957458877,0.01239667,0.2690991657458877,0.2645991657458877,18,pump_le0,tdec_ge70,fund_pos,crowd_01,btc_up,-0.08445309964297298,0.8271806094480911,0.00060740006327084,0.24766498379972357
ATAUSDT,2021-08-31,e2122,105433,long,1,-0.2612024957458877,-0.01239667,-0.2780991657458877,-0.2825991657458877,18,pump_le0,tdec_ge70,fund_pos,crowd_01,btc_up,-0.08445309964297298,0.8271806094480911,0.00060740006327084,0.24766498379972357
ATAUSDT,2021-08-31,e2122,105433,short,2,0.23042836041358938,0.01029585,0.23622421041358937,0.23172421041358937,15,pump_le0,tdec_ge70,fund_pos,crowd_01,btc_up,-0.08445309964297298,0.7733832230079104,0.0007612700264329871,0.29044327630678635
ATAUSDT,2021-08-31,e2122,105433,long,2,-0.23042836041358938,-0.01029585,-0.24522421041358938,-0.2497242104135894,15,pump_le0,tdec_ge70,fund_pos,crowd_01,btc_up,-0.08445309964297298,0.7733832230079104,0.0007612700264329871,0.29044327630678635
ATHUSDT,2025-04-03,e2526,105620,short,1,-0.06335903452899763,-0.00160667,-0.06946570452899764,-0.07396570452899763,35,pump_0_25,tdec_ge70,fund_neg,crowd_ge5,btc_down,0.049243756595146015,0.9647335939756577,-0.0010852,-0.07403211576958713
ATHUSDT,2025-04-03,e2526,105620,long,1,0.06335903452899763,0.00160667,0.06046570452899764,0.055965704528997635,35,pump_0_25,tdec_ge70,fund_neg,crowd_ge5,btc_down,0.049243756595146015,0.9647335939756577,-0.0010852,-0.07403211576958713
ATHUSDT,2025-04-03,e2526,105620,short,2,-0.04136572554169393,-0.0008766,-0.04674232554169393,-0.05124232554169393,29,pump_0_25,tdec_30_70,fund_flat,crowd_ge5,btc_down,0.049243756595146015,0.4667623702719638,0.0001,-0.07099628648159151
ATHUSDT,2025-04-03,e2526,105620,long,2,0.04136572554169393,0.0008766,0.03774232554169393,0.03324232554169393,29,pump_0_25,tdec_30_70,fund_flat,crowd_ge5,btc_down,0.049243756595146015,0.4667623702719638,0.0001,-0.07099628648159151
ATUSDT,2025-10-30,e2526,105650,short,1,0.001142857142857017,0.0106125,0.0072553571428570175,0.002755357142857018,36,pump_le0,tdec_30_70,fund_flat,crowd_ge5,btc_down,-0.03528114663726578,0.3172582685147742,0.0004056200281680575,-0.07587446563713596
ATUSDT,2025-10-30,e2526,105650,long,1,-0.001142857142857017,-0.0106125,-0.016255357142857016,-0.020755357142857016,36,pump_le0,tdec_30_70,fund_flat,crowd_ge5,btc_down,-0.03528114663726578,0.3172582685147742,0.0004056200281680575,-0.07587446563713596
ATUSDT,2025-10-30,e2526,105650,short,2,0.06698692287163052,0.00949375,0.07198067287163051,0.06748067287163052,30,pump_le0,tdec_lt30,fund_flat,crowd_ge5,btc_down,-0.03528114663726578,0.1771146609330439,0.00047836,-0.08660348120413708
ATUSDT,2025-10-30,e2526,105650,long,2,-0.06698692287163052,-0.00949375,-0.08098067287163052,-0.08548067287163051,30,pump_le0,tdec_lt30,fund_flat,crowd_ge5,btc_down,-0.03528114663726578,0.1771146609330439,0.00047836,-0.08660348120413708
AUCTIONUSDT,2023-12-16,e2324,105552,short,1,-0.7886868686868688,-0.00407127,-0.7972581386868687,-0.8017581386868687,35,pump_le0,tdec_ge70,fund_flat,crowd_24,btc_up,-0.1207815275310834,2.7561547510657816,0.0001,0.13037554031877097
AUCTIONUSDT,2023-12-16,e2324,105552,long,1,0.7886868686868688,0.00407127,0.7882581386868688,0.7837581386868687,35,pump_le0,tdec_ge70,fund_flat,crowd_24,btc_up,-0.1207815275310834,2.7561547510657816,0.0001,0.13037554031877097
AUCTIONUSDT,2023-12-16,e2324,105552,short,2,-0.2906705539358603,-0.00343153,-0.2986020839358603,-0.3031020839358603,29,pump_le0,tdec_ge70,fund_flat,crowd_24,btc_up,-0.1207815275310834,2.0956368280125877,0.0001,0.16650219103411867
AUCTIONUSDT,2023-12-16,e2324,105552,long,2,0.2906705539358603,0.00343153,0.2896020839358603,0.2851020839358603,29,pump_le0,tdec_ge70,fund_flat,crowd_24,btc_up,-0.1207815275310834,2.0956368280125877,0.0001,0.16650219103411867
AUDIOUSDT,2021-08-19,e2122,105431,short,1,0.23171811740890694,0.00878252,0.23600063740890692,0.23150063740890692,18,pump_le0,tdec_30_70,fund_pos,crowd_01,btc_up,-0.009523809523809601,0.66050035506761,0.00078667,0.5358885429638853
AUDIOUSDT,2021-08-19,e2122,105431,long,1,-0.23171811740890694,-0.00878252,-0.24500063740890693,-0.24950063740890693,18,pump_le0,tdec_30_70,fund_pos,crowd_01,btc_up,-0.009523809523809601,0.66050035506761,0.00078667,0.5358885429638853
AUDIOUSDT,2021-08-19,e2122,105431,short,2,0.15368802480749802,0.00650085,0.15568887480749802,0.151188874807498,15,pump_le0,tdec_ge70,fund_pos,crowd_01,btc_up,-0.009523809523809601,1.1598458652724168,0.00071221,0.5138255695793772
AUDIOUSDT,2021-08-19,e2122,105431,long,2,-0.15368802480749802,-0.00650085,-0.16468887480749803,-0.16918887480749803,15,pump_le0,tdec_ge70,fund_pos,crowd_01,btc_up,-0.009523809523809601,1.1598458652724168,0.00071221,0.5138255695793772
AUSDT,2025-05-29,e2526,105628,short,1,0.05443433072410235,0.00018303000000000001,0.050117360724102354,0.04561736072410235,35,pump_le0,tdec_ge70,fund_flat,crowd_24,btc_up,-0.1932685589231804,0.9859033669809044,-0.00006402000222291676,0.10438129680605912
AUSDT,2025-05-29,e2526,105628,long,1,-0.05443433072410235,-0.00018303000000000001,-0.05911736072410235,-0.06361736072410235,35,pump_le0,tdec_ge70,fund_flat,crowd_24,btc_up,-0.1932685589231804,0.9859033669809044,-0.00006402000222291676,0.10438129680605912
AUSDT,2025-05-29,e2526,105628,short,2,0.050134611596296556,0.0010134200000000001,0.04664803159629656,0.042148031596296556,30,pump_le0,tdec_30_70,fund_flat,crowd_24,btc_up,-0.1932685589231804,0.6159170430336811,0.0001,0.08422653030958283
AUSDT,2025-05-29,e2526,105628,long,2,-0.050134611596296556,-0.0010134200000000001,-0.055648031596296554,-0.06014803159629656,30,pump_le0,tdec_30_70,fund_flat,crowd_24,btc_up,-0.1932685589231804,0.6159170430336811,0.0001,0.08422653030958283
AVAAIUSDT,2025-01-18,e2526,105609,short,1,0.2872688912331352,0.0077594000000000005,0.2905282912331352,0.2860282912331352,35,pump_le0,tdec_ge70,fund_pos,crowd_24,btc_up,-0.16422273781902552,1.5610816577455808,0.00193774,0.03628212314503032
AVAAIUSDT,2025-01-18,e2526,105609,long,1,-0.2872688912331352,-0.0077594000000000005,-0.29952829123313524,-0.30402829123313524,35,pump_le0,tdec_ge70,fund_pos,crowd_24,btc_up,-0.16422273781902552,1.5610816577455808,0.00193774,0.03628212314503032
AVAAIUSDT,2025-01-18,e2526,105609,short,2,0.33710302091402006,0.00528276,0.33788578091402005,0.33338578091402005,29,pump_le0,tdec_ge70,fund_flat,crowd_24,btc_up,-0.16422273781902552,1.248973408499271,0.0001,0.05126164640177344
AVAAIUSDT,2025-01-18,e2526,105609,long,2,-0.33710302091402006,-0.00528276,-0.34688578091402006,-0.35138578091402006,29,pump_le0,tdec_ge70,fund_flat,crowd_24,btc_up,-0.16422273781902552,1.248973408499271,0.0001,0.05126164640177344
AVAUSDT,2024-12-14,e2324,105604,short,1,0.35925111258887926,0.00175,0.35650111258887923,0.35200111258887923,35,pump_le0,tdec_30_70,fund_flat,crowd_ge5,btc_up,-0.20532520325203252,0.6857596609076895,0.0001,0.1469762151027838
AVAUSDT,2024-12-14,e2324,105604,long,1,-0.35925111258887926,-0.00175,-0.36550111258887924,-0.37000111258887924,35,pump_le0,tdec_30_70,fund_flat,crowd_ge5,btc_up,-0.20532520325203252,0.6857596609076895,0.0001,0.1469762151027838
AVAUSDT,2024-12-14,e2324,105604,short,2,0.32233282839212296,0.0014500000000000001,0.31928282839212296,0.31478282839212296,29,pump_le0,tdec_ge70,fund_flat,crowd_ge5,btc_up,-0.20532520325203252,1.167141416587454,0.0001,0.16967497873532844
AVAUSDT,2024-12-14,e2324,105604,long,2,-0.32233282839212296,-0.0014500000000000001,-0.32828282839212297,-0.332782828392123,29,pump_le0,tdec_ge70,fund_flat,crowd_ge5,btc_up,-0.20532520325203252,1.167141416587454,0.0001,0.16967497873532844
AVGOUSDT,2026-04-21,e2526,105675,short,1,0.05074612701952501,-0.00044224000000000016,0.04580388701952501,0.041303887019525004,18,pump_0_25,tdec_ge70,fund_flat,crowd_24,btc_up,0.057343534428696996,2.1341638347432976,0.0,0.10264316123833894
AVGOUSDT,2026-04-21,e2526,105675,long,1,-0.05074612701952501,0.00044224000000000016,-0.054803887019525,-0.059303887019525006,18,pump_0_25,tdec_ge70,fund_flat,crowd_24,btc_up,0.057343534428696996,2.1341638347432976,0.0,0.10264316123833894
AVGOUSDT,2026-04-21,e2526,105675,short,2,0.05220769376539705,-0.00044224000000000016,0.04726545376539705,0.042765453765397046,15,pump_0_25,tdec_ge70,fund_flat,crowd_24,btc_up,0.057343534428696996,1.1640815617302227,0.0,0.10908216930714287
AVGOUSDT,2026-04-21,e2526,105675,long,2,-0.05220769376539705,0.00044224000000000016,-0.056265453765397044,-0.06076545376539705,15,pump_0_25,tdec_ge70,fund_flat,crowd_24,btc_up,0.057343534428696996,1.1640815617302227,0.0,0.10908216930714287
AVNTUSDT,2025-09-10,e2526,105643,short,1,-2.442825221023997,-0.00702564,-2.4543508610239972,-2.458850861023997,36,pump_25_100,tdec_30_70,fund_flat,crowd_ge5,btc_down,0.4506036548127965,0.3811030119912877,0.00009999999305555606,-0.03875717224206998
AVNTUSDT,2025-09-10,e2526,105643,long,1,2.442825221023997,0.00702564,2.445350861023997,2.440850861023997,36,pump_25_100,tdec_30_70,fund_flat,crowd_ge5,btc_down,0.4506036548127965,0.3811030119912877,0.00009999999305555606,-0.03875717224206998
AVNTUSDT,2025-09-10,e2526,105643,short,2,-1.3137745663481837,-0.0073256400000000004,-1.3256002063481835,-1.3301002063481835,30,pump_25_100,tdec_30_70,fund_flat,crowd_ge5,btc_down,0.4506036548127965,0.48241046700880835,0.00009999999305555606,-0.05956266384699149
AVNTUSDT,2025-09-10,e2526,105643,long,2,1.3137745663481837,0.0073256400000000004,1.3166002063481836,1.3121002063481837,30,pump_25_100,tdec_30_70,fund_flat,crowd_ge5,btc_down,0.4506036548127965,0.48241046700880835,0.00009999999305555606,-0.05956266384699149
AWEUSDT,2025-05-22,e2526,105627,short,1,0.042132910605495434,-0.0008475299999999999,0.03678538060549544,0.032285380605495434,36,pump_le0,tdec_30_70,fund_flat,crowd_24,btc_up,-0.05004871999291349,0.44342309397788954,0.0001,0.14567012808641477
AWEUSDT,2025-05-22,e2526,105627,long,1,-0.042132910605495434,0.0008475299999999999,-0.04578538060549543,-0.050285380605495436,36,pump_le0,tdec_30_70,fund_flat,crowd_24,btc_up,-0.05004871999291349,0.44342309397788954,0.0001,0.14567012808641477
AWEUSDT,2025-05-22,e2526,105627,short,2,0.07356411682474788,0.00122079,0.07028490682474788,0.06578490682474789,30,pump_le0,tdec_30_70,fund_flat,crowd_24,btc_up,-0.05004871999291349,0.3886294817985998,0.0001,0.1465672893893002
AWEUSDT,2025-05-22,e2526,105627,long,2,-0.07356411682474788,-0.00122079,-0.07928490682474788,-0.08378490682474787,30,pump_le0,tdec_30_70,fund_flat,crowd_24,btc_up,-0.05004871999291349,0.3886294817985998,0.0001,0.1465672893893002
AXLUSDT,2024-03-02,e2324,105563,short,1,0.03893200607389903,0.0145228,0.048954806073899036,0.04445480607389903,35,pump_0_25,tdec_ge70,fund_pos,crowd_24,btc_up,0.20040506329113916,5.396095741967209,0.00134968,0.4630748923162429
AXLUSDT,2024-03-02,e2324,105563,long,1,-0.03893200607389903,-0.0145228,-0.05795480607389903,-0.062454806073899034,35,pump_0_25,tdec_ge70,fund_pos,crowd_24,btc_up,0.20040506329113916,5.396095741967209,0.00134968,0.4630748923162429
AXLUSDT,2024-03-02,e2324,105563,short,2,-0.03690725402748711,0.01130837,-0.030098884027487113,-0.03459888402748711,29,pump_0_25,tdec_ge70,fund_flat,crowd_24,btc_up,0.20040506329113916,1.678627795934643,0.000487,0.5885691424530846
AXLUSDT,2024-03-02,e2324,105563,long,2,0.03690725402748711,-0.01130837,0.02109888402748711,0.01659888402748711,29,pump_0_25,tdec_ge70,fund_flat,crowd_24,btc_up,0.20040506329113916,1.678627795934643,0.000487,0.5885691424530846
AXTIUSDT,2026-06-09,e2526,105682,short,1,-0.14000000000000004,0.00499915,-0.13950085000000004,-0.14400085000000004,15,pump_le0,tdec_ge70,fund_none,crowd_ge5,btc_down,-0.0940842610783672,1.1045741138909078,,-0.24743724227072272
AXTIUSDT,2026-06-09,e2526,105682,long,1,0.14000000000000004,-0.00499915,0.13050085000000003,0.12600085000000003,15,pump_le0,tdec_ge70,fund_none,crowd_ge5,btc_down,-0.0940842610783672,1.1045741138909078,,-0.24743724227072272
AXTIUSDT,2026-06-09,e2526,105682,short,2,-0.030270034843205586,0.00499915,-0.029770884843205586,-0.03427088484320558,15,pump_le0,tdec_ge70,fund_none,crowd_ge5,btc_down,-0.0940842610783672,1.2895436183208702,,-0.20958103926125704
AXTIUSDT,2026-06-09,e2526,105682,long,2,0.030270034843205586,-0.00499915,0.020770884843205585,0.016270884843205588,15,pump_le0,tdec_ge70,fund_none,crowd_ge5,btc_down,-0.0940842610783672,1.2895436183208702,,-0.20958103926125704
AZTECUSDT,2026-02-11,e2526,105665,short,1,0.11436950146627559,-0.01476133,0.09510817146627558,0.09060817146627559,36,pump_le0,tdec_ge70,fund_neg,crowd_ge5,btc_down,-0.23370786516853936,3.5550176339747193,-0.00136424,-0.3054473280265728
AZTECUSDT,2026-02-11,e2526,105665,long,1,-0.11436950146627559,0.01476133,-0.10410817146627559,-0.10860817146627558,36,pump_le0,tdec_ge70,fund_neg,crowd_ge5,btc_down,-0.23370786516853936,3.5550176339747193,-0.00136424,-0.3054473280265728
AZTECUSDT,2026-02-11,e2526,105665,short,2,0.3453757225433526,-0.01305739,0.3278183325433526,0.32331833254335257,30,pump_le0,tdec_ge70,fund_flat,crowd_ge5,btc_down,-0.23370786516853936,7.803163428394296,0.00009999999305555606,-0.2898257004846869
AZTECUSDT,2026-02-11,e2526,105665,long,2,-0.3453757225433526,0.01305739,-0.3368183325433526,-0.3413183325433526,30,pump_le0,tdec_ge70,fund_flat,crowd_ge5,btc_down,-0.23370786516853936,7.803163428394296,0.00009999999305555606,-0.2898257004846869
B2USDT,2025-05-07,e2526,105625,short,1,-0.12570294409526953,0.00666015,-0.12354279409526953,-0.12804279409526953,36,pump_le0,tdec_30_70,fund_flat,crowd_ge5,btc_up,-0.006082525069866729,0.49908511168196573,0.0001,0.3529612217374267
B2USDT,2025-05-07,e2526,105625,long,1,0.12570294409526953,-0.00666015,0.11454279409526952,0.11004279409526953,36,pump_le0,tdec_30_70,fund_flat,crowd_ge5,btc_up,-0.006082525069866729,0.49908511168196573,0.0001,0.3529612217374267
B2USDT,2025-05-07,e2526,105625,short,2,-0.09562137797810691,0.00583019,-0.09429118797810691,-0.0987911879781069,30,pump_le0,tdec_lt30,fund_flat,crowd_ge5,btc_up,-0.006082525069866729,0.2873203946953391,0.0003516,0.24645105826512315
B2USDT,2025-05-07,e2526,105625,long,2,0.09562137797810691,-0.00583019,0.0852911879781069,0.08079118797810692,30,pump_le0,tdec_lt30,fund_flat,crowd_ge5,btc_up,-0.006082525069866729,0.2873203946953391,0.0003516,0.24645105826512315
B3USDT,2025-02-14,e2526,105613,short,1,0.09293680297397777,-0.07009041,0.018346392973977766,0.013846392973977767,35,pump_le0,tdec_30_70,fund_flat,crowd_24,btc_down,-0.2710027100271002,0.6259619624351879,0.0001,-0.024009029652562464
B3USDT,2025-02-14,e2526,105613,long,1,-0.09293680297397777,0.07009041,-0.027346392973977767,-0.03184639297397777,35,pump_le0,tdec_30_70,fund_flat,crowd_24,btc_down,-0.2710027100271002,0.6259619624351879,0.0001,-0.024009029652562464
B3USDT,2025-02-14,e2526,105613,short,2,0.23109243697478996,-0.03850874,0.18808369697478994,0.18358369697478993,29,pump_le0,tdec_ge70,fund_neg,crowd_24,btc_down,-0.2710027100271002,1.0548899832642205,-0.02347888,-0.07665617415959824
B3USDT,2025-02-14,e2526,105613,long,2,-0.23109243697478996,0.03850874,-0.19708369697478995,-0.20158369697478995,29,pump_le0,tdec_ge70,fund_neg,crowd_24,btc_down,-0.2710027100271002,1.0548899832642205,-0.02347888,-0.07665617415959824
BABAUSDT,2026-04-21,e2526,105675,short,1,0.03899149809440042,0.00236185,0.03685334809440042,0.032353348094400415,18,pump_le0,tdec_ge70,fund_flat,crowd_24,btc_up,-0.02695763799743256,1.1243192194077498,0.0,0.10264316123833894
BABAUSDT,2026-04-21,e2526,105675,long,1,-0.03899149809440042,-0.00236185,-0.04585334809440041,-0.05035334809440042,18,pump_le0,tdec_ge70,fund_flat,crowd_24,btc_up,-0.02695763799743256,1.1243192194077498,0.0,0.10264316123833894
BABAUSDT,2026-04-21,e2526,105675,short,2,0.006365565322825124,0.00225659,0.004122155322825124,-0.00037784467717487565,15,pump_le0,tdec_ge70,fund_flat,crowd_24,btc_up,-0.02695763799743256,0.8169623144330629,0.0,0.10908216930714287
BABAUSDT,2026-04-21,e2526,105675,long,2,-0.006365565322825124,-0.00225659,-0.013122155322825124,-0.01762215532282512,15,pump_le0,tdec_ge70,fund_flat,crowd_24,btc_up,-0.02695763799743256,0.8169623144330629,0.0,0.10908216930714287
BABYUSDT,2025-04-06,e2526,105621,short,1,-0.6710204081632654,-0.15270412,-0.8282245281632653,-0.8327245281632654,35,pump_0_25,tdec_ge70,fund_flat,crowd_24,btc_down,0.15384615384615374,1.9896641314593368,0.0001,-0.08173956630353185
BABYUSDT,2025-04-06,e2526,105621,long,1,0.6710204081632654,0.15270412,0.8192245281632654,0.8147245281632653,35,pump_0_25,tdec_ge70,fund_flat,crowd_24,btc_down,0.15384615384615374,1.9896641314593368,0.0001,-0.08173956630353185
BABYUSDT,2025-04-06,e2526,105621,short,2,-0.6854672704816795,-0.15300412,-0.8429713904816795,-0.8474713904816795,29,pump_0_25,tdec_ge70,fund_flat,crowd_24,btc_down,0.15384615384615374,0.8769978976018916,0.0001,-0.05441771348687807
BABYUSDT,2025-04-06,e2526,105621,long,2,0.6854672704816795,0.15300412,0.8339713904816796,0.8294713904816795,29,pump_0_25,tdec_ge70,fund_flat,crowd_24,btc_down,0.15384615384615374,0.8769978976018916,0.0001,-0.05441771348687807
BADGERUSDT,2023-11-10,e2324,105547,short,1,0.1438612933458294,0.00626864,0.14562993334582938,0.14112993334582938,35,pump_le0,tdec_30_70,fund_pos,crowd_ge5,btc_up,-0.17158385093167705,0.41509055305304193,0.00083846,0.38954905773257553
BADGERUSDT,2023-11-10,e2324,105547,long,1,-0.1438612933458294,-0.00626864,-0.1546299333458294,-0.1591299333458294,35,pump_le0,tdec_30_70,fund_pos,crowd_ge5,btc_up,-0.17158385093167705,0.41509055305304193,0.00083846,0.38954905773257553
BADGERUSDT,2023-11-10,e2324,105547,short,2,0.11202916160388827,0.003773,0.11130216160388827,0.10680216160388828,29,pump_le0,tdec_lt30,fund_pos,crowd_ge5,btc_up,-0.17158385093167705,0.21642244391339296,0.00103396,0.3812207167278714
BADGERUSDT,2023-11-10,e2324,105547,long,2,-0.11202916160388827,-0.003773,-0.12030216160388828,-0.12480216160388827,29,pump_le0,tdec_lt30,fund_pos,crowd_ge5,btc_up,-0.17158385093167705,0.21642244391339296,0.00103396,0.3812207167278714
BAKEUSDT,2021-05-20,e2122,105418,short,1,-0.31291538941486047,0.00203453,-0.3153808594148605,-0.3198808594148605,18,pump_le0,tdec_ge70,fund_flat,crowd_01,btc_down,-0.08428557233704281,1.1832233930989207,0.00028302,-0.30834535315985134
BAKEUSDT,2021-05-20,e2122,105418,long,1,0.31291538941486047,-0.00203453,0.3063808594148605,0.3018808594148605,18,pump_le0,tdec_ge70,fund_flat,crowd_01,btc_down,-0.08428557233704281,1.1832233930989207,0.00028302,-0.30834535315985134
BAKEUSDT,2021-05-20,e2122,105418,short,2,-0.5698345767109958,0.00173453,-0.5726000467109957,-0.5771000467109958,15,pump_le0,tdec_ge70,fund_flat,crowd_01,btc_down,-0.08428557233704281,0.8379714592502936,0.00009999999826388893,-0.27617011904372857
BAKEUSDT,2021-05-20,e2122,105418,long,2,0.5698345767109958,-0.00173453,0.5636000467109958,0.5591000467109958,15,pump_le0,tdec_ge70,fund_flat,crowd_01,btc_down,-0.08428557233704281,0.8379714592502936,0.00009999999826388893,-0.27617011904372857
BANANAS31USDT,2025-03-23,e2526,105619,short,1,0.02235128475888778,0.00317658,0.021027864758887783,0.016527864758887782,36,pump_0_25,tdec_30_70,fund_flat,crowd_ge5,btc_down,0.043143014503396415,0.519834962615558,0.0001,-0.0936745168299945
BANANAS31USDT,2025-03-23,e2526,105619,long,1,-0.02235128475888778,-0.00317658,-0.030027864758887784,-0.034527864758887784,36,pump_0_25,tdec_30_70,fund_flat,crowd_ge5,btc_down,0.043143014503396415,0.519834962615558,0.0001,-0.0936745168299945
BANANAS31USDT,2025-03-23,e2526,105619,short,2,0.05398501362397813,0.0024298,0.05191481362397814,0.04741481362397813,29,pump_0_25,tdec_30_70,fund_flat,crowd_ge5,btc_down,0.043143014503396415,0.5339414148234202,0.00032794,-0.09196369925087089
BANANAS31USDT,2025-03-23,e2526,105619,long,2,-0.05398501362397813,-0.0024298,-0.06091481362397813,-0.06541481362397814,29,pump_0_25,tdec_30_70,fund_flat,crowd_ge5,btc_down,0.043143014503396415,0.5339414148234202,0.00032794,-0.09196369925087089
BANANAUSDT,2024-08-15,e2324,105587,short,1,0.05705002724355737,0.0005059900000000001,0.05305601724355737,0.04855601724355737,35,pump_0_25,tdec_ge70,fund_flat,crowd_01,btc_down,0.1391494252873562,1.0132667588497002,0.0001,-0.08119183772872662
BANANAUSDT,2024-08-15,e2324,105587,long,1,-0.05705002724355737,-0.0005059900000000001,-0.06205601724355737,-0.06655601724355736,35,pump_0_25,tdec_ge70,fund_flat,crowd_01,btc_down,0.1391494252873562,1.0132667588497002,0.0001,-0.08119183772872662
BANANAUSDT,2024-08-15,e2324,105587,short,2,0.16369558991981673,0.0007192800000000001,0.1599148699198167,0.1554148699198167,29,pump_0_25,tdec_ge70,fund_flat,crowd_01,btc_down,0.1391494252873562,3.1145574613006044,0.0001,-0.07022212354928636
BANANAUSDT,2024-08-15,e2324,105587,long,2,-0.16369558991981673,-0.0007192800000000001,-0.16891486991981672,-0.17341486991981672,29,pump_0_25,tdec_ge70,fund_flat,crowd_01,btc_down,0.1391494252873562,3.1145574613006044,0.0001,-0.07022212354928636
BANKUSDT,2025-04-19,e2526,105622,short,1,0.207267283614589,-0.00212431,0.200642973614589,0.196142973614589,35,pump_le0,tdec_30_70,fund_flat,crowd_ge5,btc_up,-0.08150000000000002,0.37357566766307326,0.0001,0.012950578403646329
BANKUSDT,2025-04-19,e2526,105622,long,1,-0.207267283614589,0.00212431,-0.209642973614589,-0.214142973614589,35,pump_le0,tdec_30_70,fund_flat,crowd_ge5,btc_up,-0.08150000000000002,0.37357566766307326,0.0001,0.012950578403646329
BANKUSDT,2025-04-19,e2526,105622,short,2,0.25067535697440074,-0.00125599,0.24491936697440073,0.24041936697440072,30,pump_le0,tdec_30_70,fund_flat,crowd_ge5,btc_up,-0.08150000000000002,0.5110733649184829,0.0001,0.04368598972136484
BANKUSDT,2025-04-19,e2526,105622,long,2,-0.25067535697440074,0.00125599,-0.2539193669744007,-0.2584193669744007,30,pump_le0,tdec_30_70,fund_flat,crowd_ge5,btc_up,-0.08150000000000002,0.5110733649184829,0.0001,0.04368598972136484
BANUSDT,2024-11-19,e2324,105601,short,1,0.38672985781990526,0.01760257,0.39983242781990525,0.39533242781990524,36,pump_le0,tdec_ge70,fund_pos,crowd_24,btc_up,-0.25651867512332627,1.0497866032396044,0.00108536,0.39957962736459596
BANUSDT,2024-11-19,e2324,105601,long,1,-0.38672985781990526,-0.01760257,-0.40883242781990525,-0.41333242781990526,36,pump_le0,tdec_ge70,fund_pos,crowd_24,btc_up,-0.25651867512332627,1.0497866032396044,0.00108536,0.39957962736459596
BANUSDT,2024-11-19,e2324,105601,short,2,0.23882352941176482,0.01314414,0.24746766941176485,0.24296766941176484,29,pump_le0,tdec_ge70,fund_pos,crowd_24,btc_up,-0.25651867512332627,1.7713505713193602,0.00094576,0.45930950176837815
BANUSDT,2024-11-19,e2324,105601,long,2,-0.23882352941176482,-0.01314414,-0.25646766941176485,-0.26096766941176486,29,pump_le0,tdec_ge70,fund_pos,crowd_24,btc_up,-0.25651867512332627,1.7713505713193602,0.00094576,0.45930950176837815
BARDUSDT,2025-09-19,e2526,105644,short,1,-0.18097354069884874,0.00142037,-0.18405317069884874,-0.18855317069884875,35,pump_le0,tdec_30_70,fund_flat,crowd_ge5,btc_up,-0.06266565694812576,0.6821539080243036,0.0001,0.02812233799445507
BARDUSDT,2025-09-19,e2526,105644,long,1,0.18097354069884874,-0.00142037,0.17505317069884874,0.17055317069884873,35,pump_le0,tdec_30_70,fund_flat,crowd_ge5,btc_up,-0.06266565694812576,0.6821539080243036,0.0001,0.02812233799445507
BARDUSDT,2025-09-19,e2526,105644,short,2,-0.11339617252213652,0.00128498,-0.11661119252213652,-0.12111119252213651,30,pump_le0,tdec_ge70,fund_flat,crowd_ge5,btc_down,-0.06266565694812576,0.7909343435753847,0.00005508,-0.014658996129087498
BARDUSDT,2025-09-19,e2526,105644,long,2,0.11339617252213652,-0.00128498,0.10761119252213651,0.10311119252213652,30,pump_le0,tdec_ge70,fund_flat,crowd_ge5,btc_down,-0.06266565694812576,0.7909343435753847,0.00005508,-0.014658996129087498
BASEDUSDT,2026-03-31,e2526,105672,short,1,0.2703659976387249,-0.00614962,0.25971637763872485,0.25521637763872485,36,pump_le0,tdec_30_70,fund_neg,crowd_ge5,btc_down,-0.28583473861720066,0.6521414083040874,-0.00113566,-0.010396530323334652
BASEDUSDT,2026-03-31,e2526,105672,long,1,-0.2703659976387249,0.00614962,-0.26871637763872486,-0.27321637763872486,36,pump_le0,tdec_30_70,fund_neg,crowd_ge5,btc_down,-0.28583473861720066,0.6521414083040874,-0.00113566,-0.010396530323334652
BASEDUSDT,2026-03-31,e2526,105672,short,2,0.30405405405405406,-0.0055985,0.29395555405405405,0.28945555405405404,29,pump_le0,tdec_lt30,fund_flat,crowd_ge5,btc_down,-0.28583473861720066,0.28514013838933955,0.0001,-0.020891627974399474
BASEDUSDT,2026-03-31,e2526,105672,long,2,-0.30405405405405406,0.0055985,-0.30295555405405405,-0.30745555405405406,29,pump_le0,tdec_lt30,fund_flat,crowd_ge5,btc_down,-0.28583473861720066,0.28514013838933955,0.0001,-0.020891627974399474
BASUSDT,2025-08-27,e2526,105641,short,1,-0.06914646605368242,0.01807191,-0.055574556053682424,-0.06007455605368243,35,pump_0_25,tdec_ge70,fund_flat,crowd_ge5,btc_down,0.22449675878539743,0.8169875211883035,0.00010000000347222237,-0.04571532778611842
BASUSDT,2025-08-27,e2526,105641,long,1,0.06914646605368242,-0.01807191,0.04657455605368243,0.042074556053682426,35,pump_0_25,tdec_ge70,fund_flat,crowd_ge5,btc_down,0.22449675878539743,0.8169875211883035,0.00010000000347222237,-0.04571532778611842
BASUSDT,2025-08-27,e2526,105641,short,2,0.038344262979825496,0.01540874,0.049253002979825496,0.04475300297982549,29,pump_0_25,tdec_30_70,fund_pos,crowd_ge5,btc_down,0.22449675878539743,0.4585452763723019,0.001154500040086807,-0.08014366864508249
BASUSDT,2025-08-27,e2526,105641,long,2,-0.038344262979825496,-0.01540874,-0.05825300297982549,-0.06275300297982549,29,pump_0_25,tdec_30_70,fund_pos,crowd_ge5,btc_down,0.22449675878539743,0.4585452763723019,0.001154500040086807,-0.08014366864508249
BBUSDT,2024-05-14,e2324,105574,short,1,0.18992155930591875,0.00176336,0.18718491930591874,0.18268491930591874,36,pump_le0,tdec_ge70,fund_flat,crowd_01,btc_up,-0.06198439241917497,0.7332996167720066,0.0001,0.04389622148922512
BBUSDT,2024-05-14,e2324,105574,long,1,-0.18992155930591875,-0.00176336,-0.19618491930591875,-0.20068491930591875,36,pump_le0,tdec_ge70,fund_flat,crowd_01,btc_up,-0.06198439241917497,0.7332996167720066,0.0001,0.04389622148922512
BBUSDT,2024-05-14,e2324,105574,short,2,-0.036811682385153636,0.00141336,-0.03989832238515363,-0.044398322385153635,29,pump_le0,tdec_30_70,fund_flat,crowd_01,btc_up,-0.06198439241917497,0.5756752150809528,0.0001,0.02278209048851254
BBUSDT,2024-05-14,e2324,105574,long,2,0.036811682385153636,-0.00141336,0.030898322385153634,0.026398322385153633,29,pump_le0,tdec_30_70,fund_flat,crowd_01,btc_up,-0.06198439241917497,0.5756752150809528,0.0001,0.02278209048851254
BBXUSDT,2026-06-02,e2526,105681,short,1,0.05863192182410433,0.0,0.05413192182410433,0.04963192182410433,0,pump_le0,tdec_ge70,fund_none,crowd_ge5,btc_down,-0.08175473579262194,2.961735306239971,,-0.19678275651697885
BBXUSDT,2026-06-02,e2526,105681,long,1,-0.05863192182410433,-0.0,-0.06313192182410433,-0.06763192182410432,0,pump_le0,tdec_ge70,fund_none,crowd_ge5,btc_down,-0.08175473579262194,2.961735306239971,,-0.19678275651697885
BBXUSDT,2026-06-02,e2526,105681,short,2,0.14243323442136493,0.0,0.13793323442136493,0.13343323442136493,0,pump_le0,tdec_ge70,fund_none,crowd_ge5,btc_down,-0.08175473579262194,1.7175076986655238,,-0.21034009836523748
BBXUSDT,2026-06-02,e2526,105681,long,2,-0.14243323442136493,-0.0,-0.14693323442136494,-0.15143323442136494,0,pump_le0,tdec_ge70,fund_none,crowd_ge5,btc_down,-0.08175473579262194,1.7175076986655238,,-0.21034009836523748
BDXNUSDT,2025-06-04,e2526,105629,short,1,0.216188524590164,0.0018000000000000002,0.21348852459016399,0.20898852459016398,36,pump_le0,tdec_30_70,fund_flat,crowd_24,btc_up,-0.2249047013977128,0.548691179022723,0.0001,0.048137943716302756
BDXNUSDT,2025-06-04,e2526,105629,long,1,-0.216188524590164,-0.0018000000000000002,-0.222488524590164,-0.226988524590164,36,pump_le0,tdec_30_70,fund_flat,crowd_24,btc_up,-0.2249047013977128,0.548691179022723,0.0001,0.048137943716302756
BDXNUSDT,2025-06-04,e2526,105629,short,2,0.16612164813603666,0.0014500000000000001,0.16307164813603667,0.15857164813603666,29,pump_le0,tdec_30_70,fund_flat,crowd_24,btc_up,-0.2249047013977128,0.6296801492416861,0.0001,0.07476770417905643
BDXNUSDT,2025-06-04,e2526,105629,long,2,-0.16612164813603666,-0.0014500000000000001,-0.17207164813603668,-0.17657164813603668,29,pump_le0,tdec_30_70,fund_flat,crowd_24,btc_up,-0.2249047013977128,0.6296801492416861,0.0001,0.07476770417905643
BEAMXUSDT,2023-11-18,e2324,105548,short,1,0.018402251569603813,0.00052359,0.014425841569603814,0.009925841569603815,35,pump_0_25,tdec_ge70,fund_neg,crowd_24,btc_up,0.12920180906979573,1.9531732044391361,-0.001038,0.26044245101676067
BEAMXUSDT,2023-11-18,e2324,105548,long,1,-0.018402251569603813,-0.00052359,-0.023425841569603815,-0.027925841569603815,35,pump_0_25,tdec_ge70,fund_neg,crowd_24,btc_up,0.12920180906979573,1.9531732044391361,-0.001038,0.26044245101676067
BEAMXUSDT,2023-11-18,e2324,105548,short,2,-0.030337461652084976,0.0004312,-0.03440626165208498,-0.038906261652084974,29,pump_0_25,tdec_ge70,fund_flat,crowd_24,btc_up,0.12920180906979573,2.130764021385981,0.0001,0.25311920897529383
BEAMXUSDT,2023-11-18,e2324,105548,long,2,0.030337461652084976,-0.0004312,0.025406261652084976,0.02090626165208498,29,pump_0_25,tdec_ge70,fund_flat,crowd_24,btc_up,0.12920180906979573,2.130764021385981,0.0001,0.25311920897529383
BEATUSDT,2025-11-13,e2526,105652,short,1,-0.7700163485424317,0.00607158,-0.7684447685424317,-0.7729447685424318,36,pump_25_100,tdec_30_70,fund_pos,crowd_ge5,btc_down,0.2881249316267367,0.501136542255601,0.00070526,-0.14592814749907412
BEATUSDT,2025-11-13,e2526,105652,long,1,0.7700163485424317,-0.00607158,0.7594447685424318,0.7549447685424318,36,pump_25_100,tdec_30_70,fund_pos,crowd_ge5,btc_down,0.2881249316267367,0.501136542255601,0.00070526,-0.14592814749907412
BEATUSDT,2025-11-13,e2526,105652,short,2,-0.9609069953427104,0.00488378,-0.9605232153427103,-0.9650232153427104,30,pump_25_100,tdec_30_70,fund_flat,crowd_ge5,btc_down,0.2881249316267367,0.3731623920545883,0.0001,-0.11624128127965194
BEATUSDT,2025-11-13,e2526,105652,long,2,0.9609069953427104,-0.00488378,0.9515232153427104,0.9470232153427104,30,pump_25_100,tdec_30_70,fund_flat,crowd_ge5,btc_down,0.2881249316267367,0.3731623920545883,0.0001,-0.11624128127965194
BERAUSDT,2025-02-07,e2526,105612,short,1,0.0239827985444923,-0.01048662,0.008996178544492302,0.004496178544492302,35,pump_le0,tdec_30_70,fund_neg,crowd_01,btc_up,-0.2960763767609733,0.564217398460282,-0.00112528,0.042224333799249614
BERAUSDT,2025-02-07,e2526,105612,long,1,-0.0239827985444923,0.01048662,-0.0179961785444923,-0.0224961785444923,35,pump_le0,tdec_30_70,fund_neg,crowd_01,btc_up,-0.2960763767609733,0.564217398460282,-0.00112528,0.042224333799249614
BERAUSDT,2025-02-07,e2526,105612,short,2,-0.13940915234601264,-0.00738108,-0.15129023234601266,-0.15579023234601266,29,pump_le0,tdec_30_70,fund_neg,crowd_01,btc_up,-0.2960763767609733,0.40187770991566946,-0.00173632,0.018464122185781973
BERAUSDT,2025-02-07,e2526,105612,long,2,0.13940915234601264,0.00738108,0.14229023234601265,0.13779023234601265,29,pump_le0,tdec_30_70,fund_neg,crowd_01,btc_up,-0.2960763767609733,0.40187770991566946,-0.00173632,0.018464122185781973
BEUSDT,2026-05-27,e2526,105680,short,1,0.021806636195527022,0.0,0.017306636195527022,0.012806636195527023,0,pump_le0,tdec_ge70,fund_none,crowd_ge5,btc_down,-0.06137219584083842,1.8250692230804342,,-0.03547532638427442
BEUSDT,2026-05-27,e2526,105680,long,1,-0.021806636195527022,-0.0,-0.026306636195527023,-0.030806636195527023,0,pump_le0,tdec_ge70,fund_none,crowd_ge5,btc_down,-0.06137219584083842,1.8250692230804342,,-0.03547532638427442
BEUSDT,2026-05-27,e2526,105680,short,2,0.0065201984408220235,0.0,0.002020198440822024,-0.002479801559177976,0,pump_le0,tdec_ge70,fund_none,crowd_ge5,btc_down,-0.06137219584083842,1.4930293768458607,,-0.030649545411941093
BEUSDT,2026-05-27,e2526,105680,long,2,-0.0065201984408220235,-0.0,-0.011020198440822023,-0.015520198440822024,0,pump_le0,tdec_ge70,fund_none,crowd_ge5,btc_down,-0.06137219584083842,1.4930293768458607,,-0.030649545411941093
BICOUSDT,2023-09-29,e2324,105541,short,1,0.05986339895540376,0.0017000000000000001,0.057063398955403764,0.05256339895540376,17,pump_le0,tdec_30_70,fund_flat,crowd_24,btc_up,-0.03151750972762646,0.44696922195460603,0.0001,0.039451558161061495
BICOUSDT,2023-09-29,e2324,105541,long,1,-0.05986339895540376,-0.0017000000000000001,-0.06606339895540377,-0.07056339895540376,17,pump_le0,tdec_30_70,fund_flat,crowd_24,btc_up,-0.03151750972762646,0.44696922195460603,0.0001,0.039451558161061495
BICOUSDT,2023-09-29,e2324,105541,short,2,0.042944785276073545,0.0014,0.03984478527607355,0.03534478527607354,14,pump_le0,tdec_lt30,fund_flat,crowd_24,btc_up,-0.03151750972762646,0.2950908204093706,0.0001,0.08473538122780644
BICOUSDT,2023-09-29,e2324,105541,long,2,-0.042944785276073545,-0.0014,-0.04884478527607354,-0.053344785276073545,14,pump_le0,tdec_lt30,fund_flat,crowd_24,btc_up,-0.03151750972762646,0.2950908204093706,0.0001,0.08473538122780644
BIDUSDT,2025-03-21,e2526,105618,short,1,0.014089347079037822,0.01607614,0.025665487079037822,0.02116548707903782,35,pump_le0,tdec_30_70,fund_pos,crowd_24,btc_down,-0.3118940647907307,0.4887177956362951,0.00393518,-0.14704909473409944
BIDUSDT,2025-03-21,e2526,105618,long,1,-0.014089347079037822,-0.01607614,-0.03466548707903782,-0.039165487079037824,35,pump_le0,tdec_30_70,fund_pos,crowd_24,btc_down,-0.3118940647907307,0.4887177956362951,0.00393518,-0.14704909473409944
BIDUSDT,2025-03-21,e2526,105618,short,2,0.042869057547956675,0.00940668,0.04777573754795668,0.043275737547956675,29,pump_le0,tdec_30_70,fund_pos,crowd_24,btc_down,-0.3118940647907307,0.32667338045660876,0.00362504,-0.10489878588838408
BIDUSDT,2025-03-21,e2526,105618,long,2,-0.042869057547956675,-0.00940668,-0.05677573754795667,-0.06127573754795668,29,pump_le0,tdec_30_70,fund_pos,crowd_24,btc_down,-0.3118940647907307,0.32667338045660876,0.00362504,-0.10489878588838408
BIGTIMEUSDT,2023-10-13,e2324,105543,short,1,0.3518998272884283,0.00242096,0.3498207872884283,0.3453207872884283,35,pump_le0,tdec_30_70,fund_flat,crowd_24,btc_up,-0.11905667554203125,0.4891531121978924,0.0001,0.012297107162121845
BIGTIMEUSDT,2023-10-13,e2324,105543,long,1,-0.3518998272884283,-0.00242096,-0.3588207872884283,-0.3633207872884283,35,pump_le0,tdec_30_70,fund_flat,crowd_24,btc_up,-0.11905667554203125,0.4891531121978924,0.0001,0.012297107162121845
BIGTIMEUSDT,2023-10-13,e2324,105543,short,2,0.36799999999999994,0.00212096,0.36562095999999994,0.36112095999999994,29,pump_le0,tdec_30_70,fund_flat,crowd_24,btc_up,-0.11905667554203125,0.3721714937895071,0.0001,0.020634723648137898
BIGTIMEUSDT,2023-10-13,e2324,105543,long,2,-0.36799999999999994,-0.00212096,-0.37462095999999995,-0.37912095999999995,29,pump_le0,tdec_30_70,fund_flat,crowd_24,btc_up,-0.11905667554203125,0.3721714937895071,0.0001,0.020634723648137898
BILLUSDT,2026-05-08,e2526,105677,short,1,-0.43440185062789166,0.0,-0.43890185062789167,-0.44340185062789167,0,pump_25_100,tdec_ge70,fund_none,crowd_24,btc_up,0.6829810901001112,2.2252125518210435,,0.12381255017393644
BILLUSDT,2026-05-08,e2526,105677,long,1,0.43440185062789166,-0.0,0.42990185062789166,0.42540185062789165,0,pump_25_100,tdec_ge70,fund_none,crowd_24,btc_up,0.6829810901001112,2.2252125518210435,,0.12381255017393644
BILLUSDT,2026-05-08,e2526,105677,short,2,-0.4652713309140012,0.0,-0.4697713309140012,-0.4742713309140012,0,pump_25_100,tdec_ge70,fund_none,crowd_24,btc_up,0.6829810901001112,1.956291383479763,,0.12699712277179387
BILLUSDT,2026-05-08,e2526,105677,long,2,0.4652713309140012,-0.0,0.4607713309140012,0.4562713309140012,0,pump_25_100,tdec_ge70,fund_none,crowd_24,btc_up,0.6829810901001112,1.956291383479763,,0.12699712277179387
BIOUSDT,2025-01-04,e2526,105607,short,1,0.3715174465783067,0.00170995,0.3687273965783067,0.3642273965783067,35,pump_le0,tdec_30_70,fund_flat,crowd_ge5,btc_down,-0.09253804614629357,0.642523940425493,0.0001,-0.014651937576714014
BIOUSDT,2025-01-04,e2526,105607,long,1,-0.3715174465783067,-0.00170995,-0.37772739657830673,-0.38222739657830673,35,pump_le0,tdec_30_70,fund_flat,crowd_ge5,btc_down,-0.09253804614629357,0.642523940425493,0.0001,-0.014651937576714014
BIOUSDT,2025-01-04,e2526,105607,short,2,0.3540450375312761,0.00140995,0.3509549875312761,0.34645498753127607,29,pump_le0,tdec_30_70,fund_flat,crowd_ge5,btc_up,-0.09253804614629357,0.6212697375203602,0.0001,0.022835017697839355
BIOUSDT,2025-01-04,e2526,105607,long,2,-0.3540450375312761,-0.00140995,-0.3599549875312761,-0.3644549875312761,29,pump_le0,tdec_30_70,fund_flat,crowd_ge5,btc_up,-0.09253804614629357,0.6212697375203602,0.0001,0.022835017697839355
BIRBUSDT,2026-01-30,e2526,105663,short,1,-0.2435358828879552,-0.21881326,-0.4668491428879552,-0.4713491428879552,99,pump_le0,tdec_30_70,fund_flat,crowd_24,btc_down,-0.0843512055837563,0.6918914587261569,0.00010000000694444493,-0.11366216216216218
BIRBUSDT,2026-01-30,e2526,105663,long,1,0.2435358828879552,0.21881326,0.4578491428879552,0.4533491428879552,99,pump_le0,tdec_30_70,fund_flat,crowd_24,btc_down,-0.0843512055837563,0.6918914587261569,0.00010000000694444493,-0.11366216216216218
BIRBUSDT,2026-01-30,e2526,105663,short,2,-0.31489283751602853,-0.21888836,-0.5382811975160284,-0.5427811975160285,92,pump_le0,tdec_30_70,fund_flat,crowd_24,btc_down,-0.0843512055837563,0.5853596806218547,0.00010000000694444493,-0.14474371716282342
BIRBUSDT,2026-01-30,e2526,105663,long,2,0.31489283751602853,0.21888836,0.5292811975160285,0.5247811975160285,92,pump_le0,tdec_30_70,fund_flat,crowd_24,btc_down,-0.0843512055837563,0.5853596806218547,0.00010000000694444493,-0.14474371716282342
BLESSUSDT,2025-09-24,e2526,105645,short,1,0.4045230061006949,0.00349643,0.4035194361006949,0.3990194361006949,35,pump_le0,tdec_30_70,fund_pos,crowd_ge5,btc_down,-0.45440690571696807,0.40252747941763556,0.00068078,-0.024844709376698026
BLESSUSDT,2025-09-24,e2526,105645,long,1,-0.4045230061006949,-0.00349643,-0.4125194361006949,-0.4170194361006949,35,pump_le0,tdec_30_70,fund_pos,crowd_ge5,btc_down,-0.45440690571696807,0.40252747941763556,0.00068078,-0.024844709376698026
BLESSUSDT,2025-09-24,e2526,105645,short,2,0.24121533116920105,0.00296622,0.23968155116920103,0.23518155116920103,29,pump_le0,tdec_lt30,fund_flat,crowd_ge5,btc_down,-0.45440690571696807,0.2535405089264032,0.00023318,-0.014446705739202037
BLESSUSDT,2025-09-24,e2526,105645,long,2,-0.24121533116920105,-0.00296622,-0.24868155116920104,-0.25318155116920105,29,pump_le0,tdec_lt30,fund_flat,crowd_ge5,btc_down,-0.45440690571696807,0.2535405089264032,0.00023318,-0.014446705739202037
BLUAIUSDT,2025-10-22,e2526,105649,short,1,-0.002631578947368314,0.01038721,0.0032556310526316856,-0.001244368947368314,35,pump_0_25,tdec_30_70,fund_pos,crowd_ge5,btc_down,0.23980424143556278,0.507922487019967,0.00067436,-0.01716079930681491
BLUAIUSDT,2025-10-22,e2526,105649,long,1,0.002631578947368314,-0.01038721,-0.012255631052631685,-0.016755631052631684,35,pump_0_25,tdec_30_70,fund_pos,crowd_ge5,btc_down,0.23980424143556278,0.507922487019967,0.00067436,-0.01716079930681491
BLUAIUSDT,2025-10-22,e2526,105649,short,2,0.12346625766871168,0.0072372,0.1262034576687117,0.1217034576687117,29,pump_0_25,tdec_30_70,fund_pos,crowd_ge5,btc_down,0.23980424143556278,0.4509437928820086,0.00136262,-0.02020767478411367
BLUAIUSDT,2025-10-22,e2526,105649,long,2,-0.12346625766871168,-0.0072372,-0.1352034576687117,-0.1397034576687117,29,pump_0_25,tdec_30_70,fund_pos,crowd_ge5,btc_down,0.23980424143556278,0.4509437928820086,0.00136262,-0.02020767478411367
BLUEBIRDUSDT,2022-11-03,e2122,105494,short,1,0.20747572815533982,-0.00100899,0.20196673815533983,0.19746673815533983,18,pump_0_25,tdec_30_70,fund_flat,crowd_01,btc_up,0.05586878523833927,0.527447353689974,0.00009999998611111304,0.049012406947890774
BLUEBIRDUSDT,2022-11-03,e2122,105494,long,1,-0.20747572815533982,0.00100899,-0.21096673815533984,-0.21546673815533984,18,pump_0_25,tdec_30_70,fund_flat,crowd_01,btc_up,0.05586878523833927,0.527447353689974,0.00009999998611111304,0.049012406947890774
BLUEBIRDUSDT,2022-11-03,e2122,105494,short,2,0.1975818342671778,-0.00129564,0.1917861942671778,0.1872861942671778,15,pump_0_25,tdec_30_70,fund_flat,crowd_01,btc_up,0.05586878523833927,0.47044402031271226,0.00008664999699131954,0.0669489826601184
BLUEBIRDUSDT,2022-11-03,e2122,105494,long,2,-0.1975818342671778,0.00129564,-0.2007861942671778,-0.2052861942671778,15,pump_0_25,tdec_30_70,fund_flat,crowd_01,btc_up,0.05586878523833927,0.47044402031271226,0.00008664999699131954,0.0669489826601184
BLURUSDT,2023-04-29,e2324,105519,short,1,0.25415142133408386,0.00198191,0.25163333133408383,0.24713333133408383,18,pump_0_25,tdec_ge70,fund_flat,crowd_01,btc_up,0.032098765432098775,1.5063225339672353,0.00009999997569445035,0.02699359337056184
BLURUSDT,2023-04-29,e2324,105519,long,1,-0.25415142133408386,-0.00198191,-0.26063333133408384,-0.26513333133408384,18,pump_0_25,tdec_ge70,fund_flat,crowd_01,btc_up,0.032098765432098775,1.5063225339672353,0.00009999997569445035,0.02699359337056184
BLURUSDT,2023-04-29,e2324,105519,short,2,0.1529486974588461,0.0015,0.1499486974588461,0.1454486974588461,15,pump_0_25,tdec_ge70,fund_flat,crowd_01,btc_down,0.032098765432098775,1.5228529318800645,0.00015928997234549092,-0.013690153917549575
BLURUSDT,2023-04-29,e2324,105519,long,2,-0.1529486974588461,-0.0015,-0.1589486974588461,-0.1634486974588461,15,pump_0_25,tdec_ge70,fund_flat,crowd_01,btc_down,0.032098765432098775,1.5228529318800645,0.00015928997234549092,-0.013690153917549575
BMNRUSDT,2026-06-12,e2526,105682,short,1,0.01472392638036822,0.00876535,0.01898927638036822,0.01448927638036822,18,pump_le0,tdec_lt30,fund_flat,crowd_ge5,btc_down,-0.010922330097087318,0.17216090844590784,0.0,-0.20519340793027419
BMNRUSDT,2026-06-12,e2526,105682,long,1,-0.01472392638036822,-0.00876535,-0.02798927638036822,-0.03248927638036822,18,pump_le0,tdec_lt30,fund_flat,crowd_ge5,btc_down,-0.010922330097087318,0.17216090844590784,0.0,-0.20519340793027419
BMNRUSDT,2026-06-12,e2526,105682,short,2,0.03947368421052633,0.00876535,0.04373903421052633,0.039239034210526325,15,pump_le0,tdec_30_70,fund_flat,crowd_ge5,btc_down,-0.010922330097087318,0.3052684756726226,0.0,-0.16910615372941795
BMNRUSDT,2026-06-12,e2526,105682,long,2,-0.03947368421052633,-0.00876535,-0.05273903421052632,-0.05723903421052633,15,pump_le0,tdec_30_70,fund_flat,crowd_ge5,btc_down,-0.010922330097087318,0.3052684756726226,0.0,-0.16910615372941795
BMTUSDT,2025-03-18,e2526,105618,short,1,0.33854845719252497,-0.00097668,0.33307177719252495,0.32857177719252495,35,pump_25_100,tdec_30_70,fund_flat,crowd_24,btc_down,0.586896551724138,0.3992753849431646,0.0001,-0.09330584313037371
BMTUSDT,2025-03-18,e2526,105618,long,1,-0.33854845719252497,0.00097668,-0.34207177719252496,-0.34657177719252497,35,pump_25_100,tdec_30_70,fund_flat,crowd_24,btc_down,0.586896551724138,0.3992753849431646,0.0001,-0.09330584313037371
BMTUSDT,2025-03-18,e2526,105618,short,2,0.23976023976023972,0.00037096000000000004,0.23563119976023972,0.23113119976023971,29,pump_25_100,tdec_lt30,fund_neg,crowd_24,btc_down,0.586896551724138,0.21527553218461556,-0.00135824,-0.11962100771788908
BMTUSDT,2025-03-18,e2526,105618,long,2,-0.23976023976023972,-0.00037096000000000004,-0.24463119976023973,-0.24913119976023973,29,pump_25_100,tdec_lt30,fund_neg,crowd_24,btc_down,0.586896551724138,0.21527553218461556,-0.00135824,-0.11962100771788908
BNTUSDT,2023-08-11,e2324,105534,short,1,0.20842105263157884,-0.04068119,0.16323986263157883,0.15873986263157883,17,pump_le0,tdec_lt30,fund_neg,crowd_24,btc_down,-0.15507761966364808,0.16077702821176315,-0.00131556,-0.06427769490835422
BNTUSDT,2023-08-11,e2324,105534,long,1,-0.20842105263157884,0.04068119,-0.17223986263157884,-0.17673986263157884,17,pump_le0,tdec_lt30,fund_neg,crowd_24,btc_down,-0.15507761966364808,0.16077702821176315,-0.00131556,-0.06427769490835422
BNTUSDT,2023-08-11,e2324,105534,short,2,0.1540192268357537,-0.0382303,0.1112889268357537,0.10678892683575371,15,pump_le0,tdec_lt30,fund_neg,crowd_24,btc_down,-0.15507761966364808,0.11097641689554441,-0.00070411,-0.03301059970356479
BNTUSDT,2023-08-11,e2324,105534,long,2,-0.1540192268357537,0.0382303,-0.1202889268357537,-0.1247889268357537,15,pump_le0,tdec_lt30,fund_neg,crowd_24,btc_down,-0.15507761966364808,0.11097641689554441,-0.00070411,-0.03301059970356479
BNXUSDT,2022-04-01,e2122,105463,short,1,-0.5180402076953801,-0.00007606999999999991,-0.52261627769538,-0.52711627769538,18,pump_25_100,tdec_lt30,fund_flat,crowd_01,btc_up,0.2514161946017994,0.15603280100076974,0.00009999999305555606,0.07880187045783815
BNXUSDT,2022-04-01,e2122,105463,long,1,0.5180402076953801,0.00007606999999999991,0.5136162776953801,0.50911627769538,18,pump_25_100,tdec_lt30,fund_flat,crowd_01,btc_up,0.2514161946017994,0.15603280100076974,0.00009999999305555606,0.07880187045783815
BNXUSDT,2022-04-01,e2122,105463,short,2,-0.21712211784799304,-0.00037606999999999994,-0.22199818784799305,-0.22649818784799305,15,pump_25_100,tdec_30_70,fund_flat,crowd_01,btc_up,0.2514161946017994,0.637950801761058,0.00009999999652777789,0.18566642046427484
BNXUSDT,2022-04-01,e2122,105463,long,2,0.21712211784799304,0.00037606999999999994,0.21299818784799304,0.20849818784799304,15,pump_25_100,tdec_30_70,fund_flat,crowd_01,btc_up,0.2514161946017994,0.637950801761058,0.00009999999652777789,0.18566642046427484
BOBUSDT,2025-11-22,e2526,105653,short,1,0.3050995728914732,-0.01014279,0.2904567828914732,0.2859567828914732,36,pump_le0,tdec_ge70,fund_flat,crowd_01,btc_down,-0.0003086578527703443,1.7215981773375528,0.0001,-0.2177047980721919
BOBUSDT,2025-11-22,e2526,105653,long,1,-0.3050995728914732,0.01014279,-0.2994567828914732,-0.3039567828914732,36,pump_le0,tdec_ge70,fund_flat,crowd_01,btc_down,-0.0003086578527703443,1.7215981773375528,0.0001,-0.2177047980721919
BOBUSDT,2025-11-22,e2526,105653,short,2,0.3323775152024521,-0.00982595,0.3180515652024521,0.3135515652024521,29,pump_le0,tdec_ge70,fund_neg,crowd_01,btc_down,-0.0003086578527703443,2.4468649970648055,-0.0017907,-0.20918026264143363
BOBUSDT,2025-11-22,e2526,105653,long,2,-0.3323775152024521,0.00982595,-0.3270515652024521,-0.3315515652024521,29,pump_le0,tdec_ge70,fund_neg,crowd_01,btc_down,-0.0003086578527703443,2.4468649970648055,-0.0017907,-0.20918026264143363
BOMEUSDT,2024-03-17,e2324,105566,short,1,-0.33493047726418623,0.006595,-0.3328354772641862,-0.3373354772641862,35,pump_le0,tdec_ge70,fund_flat,crowd_24,btc_up,-0.48863800144126823,1.115850350543811,0.0001,0.3092257263048719
BOMEUSDT,2024-03-17,e2324,105566,long,1,0.33493047726418623,-0.006595,0.3238354772641862,0.3193354772641862,35,pump_le0,tdec_ge70,fund_flat,crowd_24,btc_up,-0.48863800144126823,1.115850350543811,0.0001,0.3092257263048719
BOMEUSDT,2024-03-17,e2324,105566,short,2,-0.260109968073785,0.00448535,-0.260124618073785,-0.264624618073785,29,pump_le0,tdec_ge70,fund_flat,crowd_24,btc_up,-0.48863800144126823,1.2562781385067379,0.0001,0.18779168160012571
BOMEUSDT,2024-03-17,e2324,105566,long,2,0.260109968073785,-0.00448535,0.251124618073785,0.246624618073785,29,pump_le0,tdec_ge70,fund_flat,crowd_24,btc_up,-0.48863800144126823,1.2562781385067379,0.0001,0.18779168160012571
BONDUSDT,2023-10-16,e2324,105544,short,1,-0.09778649481647526,-0.05790954,-0.16019603481647526,-0.16469603481647527,35,pump_le0,tdec_30_70,fund_flat,crowd_24,btc_up,-0.21039823008849556,0.5872743297298747,-0.00034216,0.07044149927208809
BONDUSDT,2023-10-16,e2324,105544,long,1,0.09778649481647526,0.05790954,0.15119603481647526,0.14669603481647525,35,pump_le0,tdec_30_70,fund_flat,crowd_24,btc_up,-0.21039823008849556,0.5872743297298747,-0.00034216,0.07044149927208809
BONDUSDT,2023-10-16,e2324,105544,short,2,-0.31256281407035186,-0.05726876,-0.37433157407035184,-0.37883157407035184,29,pump_le0,tdec_30_70,fund_flat,crowd_24,btc_up,-0.21039823008849556,0.49584008045413697,0.0001,0.058213301731969036
BONDUSDT,2023-10-16,e2324,105544,long,2,0.31256281407035186,0.05726876,0.3653315740703518,0.3608315740703518,29,pump_le0,tdec_30_70,fund_flat,crowd_24,btc_up,-0.21039823008849556,0.49584008045413697,0.0001,0.058213301731969036
BRETTUSDT,2024-08-21,e2324,105588,short,1,0.14316330904414912,0.00173233,0.14039563904414912,0.1358956390441491,35,pump_0_25,tdec_ge70,fund_flat,crowd_ge5,btc_down,0.04361440393647964,0.784512914111793,0.0001,-0.08444787640101692
BRETTUSDT,2024-08-21,e2324,105588,long,1,-0.14316330904414912,-0.00173233,-0.14939563904414913,-0.15389563904414913,35,pump_0_25,tdec_ge70,fund_flat,crowd_ge5,btc_down,0.04361440393647964,0.784512914111793,0.0001,-0.08444787640101692
BRETTUSDT,2024-08-21,e2324,105588,short,2,0.22172474206735443,0.00143233,0.21865707206735444,0.21415707206735443,29,pump_0_25,tdec_30_70,fund_flat,crowd_ge5,btc_down,0.04361440393647964,0.6195958684871047,0.0001,-0.020365473720291072
BRETTUSDT,2024-08-21,e2324,105588,long,2,-0.22172474206735443,-0.00143233,-0.22765707206735444,-0.23215707206735445,29,pump_0_25,tdec_30_70,fund_flat,crowd_ge5,btc_down,0.04361440393647964,0.6195958684871047,0.0001,-0.020365473720291072
BREVUSDT,2025-12-31,e2526,105659,short,1,-0.06316048169083313,-0.06068495,-0.12834543169083312,-0.13284543169083313,36,pump_le0,tdec_30_70,fund_flat,crowd_01,btc_down,-0.05062995800279979,0.43687276418026116,0.00009999998611111304,-0.026839716775288847
BREVUSDT,2025-12-31,e2526,105659,long,1,0.06316048169083313,0.06068495,0.11934543169083313,0.11484543169083314,36,pump_le0,tdec_30_70,fund_flat,crowd_01,btc_down,-0.05062995800279979,0.43687276418026116,0.00009999998611111304,-0.026839716775288847
BREVUSDT,2025-12-31,e2526,105659,short,2,-0.10724340926542102,-0.06098495,-0.17272835926542102,-0.17722835926542102,30,pump_le0,tdec_30_70,fund_flat,crowd_01,btc_down,-0.05062995800279979,0.5477388746055176,0.0001,-0.036682598549745316
BREVUSDT,2025-12-31,e2526,105659,long,2,0.10724340926542102,0.06098495,0.163728359265421,0.159228359265421,30,pump_le0,tdec_30_70,fund_flat,crowd_01,btc_down,-0.05062995800279979,0.5477388746055176,0.0001,-0.036682598549745316
BRKBUSDT,2026-05-19,e2526,105679,short,1,-0.005845641772415233,0.0,-0.010345641772415232,-0.014845641772415232,0,pump_le0,tdec_ge70,fund_none,crowd_ge5,btc_up,-0.021376221498371373,1.1755080682150252,,0.02269689576870859
BRKBUSDT,2026-05-19,e2526,105679,long,1,0.005845641772415233,-0.0,0.0013456417724152332,-0.0031543582275847665,0,pump_le0,tdec_ge70,fund_none,crowd_ge5,btc_up,-0.021376221498371373,1.1755080682150252,,0.02269689576870859
BRKBUSDT,2026-05-19,e2526,105679,short,2,-0.008194670336544491,0.0,-0.012694670336544492,-0.01719467033654449,0,pump_le0,tdec_ge70,fund_none,crowd_ge5,btc_up,-0.021376221498371373,1.606945176942097,,0.017014426870734844
BRKBUSDT,2026-05-19,e2526,105679,long,2,0.008194670336544491,-0.0,0.0036946703365444917,-0.000805329663455508,0,pump_le0,tdec_ge70,fund_none,crowd_ge5,btc_up,-0.021376221498371373,1.606945176942097,,0.017014426870734844
BROCCOLI714USDT,2025-03-22,e2526,105618,short,1,0.05716434749905982,-0.009819890000000001,0.04284445749905982,0.03834445749905981,35,pump_0_25,tdec_ge70,fund_pos,crowd_ge5,btc_down,0.03968719452590408,1.9817583443160742,0.00199502,-0.10489878588838408
BROCCOLI714USDT,2025-03-22,e2526,105618,long,1,-0.05716434749905982,0.009819890000000001,-0.05184445749905981,-0.056344457499059815,35,pump_0_25,tdec_ge70,fund_pos,crowd_ge5,btc_down,0.03968719452590408,1.9817583443160742,0.00199502,-0.10489878588838408
BROCCOLI714USDT,2025-03-22,e2526,105618,short,2,0.13432320441988954,-0.01119725,0.11862595441988953,0.11412595441988954,30,pump_0_25,tdec_ge70,fund_flat,crowd_ge5,btc_down,0.03968719452590408,1.5558812156241688,0.0001,-0.0936745168299945
BROCCOLI714USDT,2025-03-22,e2526,105618,long,2,-0.13432320441988954,0.01119725,-0.12762595441988953,-0.13212595441988953,30,pump_0_25,tdec_ge70,fund_flat,crowd_ge5,btc_down,0.03968719452590408,1.5558812156241688,0.0001,-0.0936745168299945
BROCCOLIF3BUSDT,2025-03-22,e2526,105618,short,1,0.4490533061462278,0.04452145,0.4890747561462278,0.4845747561462278,17,pump_le0,tdec_lt30,fund_pos,crowd_ge5,btc_down,-0.2675172825808654,0.2628777486681748,0.00206016,-0.10489878588838408
BROCCOLIF3BUSDT,2025-03-22,e2526,105618,long,1,-0.4490533061462278,-0.04452145,-0.4980747561462278,-0.5025747561462278,17,pump_le0,tdec_lt30,fund_pos,crowd_ge5,btc_down,-0.2675172825808654,0.2628777486681748,0.00206016,-0.10489878588838408
BROCCOLIF3BUSDT,2025-03-22,e2526,105618,short,2,0.4437713210210563,0.03897518,0.4782465010210563,0.4737465010210563,15,pump_le0,tdec_lt30,fund_pos,crowd_ge5,btc_down,-0.2675172825808654,0.14090429176257738,0.00313462,-0.0936745168299945
BROCCOLIF3BUSDT,2025-03-22,e2526,105618,long,2,-0.4437713210210563,-0.03897518,-0.4872465010210563,-0.4917465010210563,15,pump_le0,tdec_lt30,fund_pos,crowd_ge5,btc_down,-0.2675172825808654,0.14090429176257738,0.00313462,-0.0936745168299945
BRUSDT,2025-03-22,e2526,105618,short,1,0.5068568294020844,-0.00084978,0.5015070494020845,0.4970070494020844,35,pump_le0,tdec_30_70,fund_flat,crowd_ge5,btc_down,-0.007080610021786615,0.4639805753071025,0.0001,-0.10489878588838408
BRUSDT,2025-03-22,e2526,105618,long,1,-0.5068568294020844,0.00084978,-0.5105070494020844,-0.5150070494020844,35,pump_le0,tdec_30_70,fund_flat,crowd_ge5,btc_down,-0.007080610021786615,0.4639805753071025,0.0001,-0.10489878588838408
BRUSDT,2025-03-22,e2526,105618,short,2,0.47914252607184243,-0.0005066199999999999,0.4741359060718424,0.4696359060718424,30,pump_le0,tdec_ge70,fund_flat,crowd_ge5,btc_down,-0.007080610021786615,2.069426790024679,-0.00026666,-0.0936745168299945
BRUSDT,2025-03-22,e2526,105618,long,2,-0.47914252607184243,0.0005066199999999999,-0.4831359060718424,-0.48763590607184243,30,pump_le0,tdec_ge70,fund_flat,crowd_ge5,btc_down,-0.007080610021786615,2.069426790024679,-0.00026666,-0.0936745168299945
BSBUSDT,2026-03-26,e2526,105671,short,1,0.06951013513513514,-0.00634096,0.05866917513513515,0.054169175135135146,36,pump_25_100,tdec_ge70,fund_flat,crowd_24,btc_down,0.4127192459133757,1.1763868212266844,0.0001,-0.02337368014421848
BSBUSDT,2026-03-26,e2526,105671,long,1,-0.06951013513513514,0.00634096,-0.06766917513513515,-0.07216917513513514,36,pump_25_100,tdec_ge70,fund_flat,crowd_24,btc_down,0.4127192459133757,1.1763868212266844,0.0001,-0.02337368014421848
BSBUSDT,2026-03-26,e2526,105671,short,2,0.022535711117026,-0.0059117499999999995,0.012123961117025999,0.007623961117026,30,pump_25_100,tdec_ge70,fund_flat,crowd_24,btc_down,0.4127192459133757,1.0355691019484088,0.0001,-0.016507482779377303
BSBUSDT,2026-03-26,e2526,105671,long,2,-0.022535711117026,0.0059117499999999995,-0.021123961117026,-0.025623961117026,30,pump_25_100,tdec_ge70,fund_flat,crowd_24,btc_down,0.4127192459133757,1.0355691019484088,0.0001,-0.016507482779377303
BSVUSDT,2023-10-21,e2324,105544,short,1,0.03462522132598855,0.00191778,0.03204300132598856,0.027543001325988553,35,pump_le0,tdec_30_70,fund_flat,crowd_24,btc_up,-0.07531380753138073,0.6929264017222947,0.0001,0.12853685252590652
BSVUSDT,2023-10-21,e2324,105544,long,1,-0.03462522132598855,-0.00191778,-0.04104300132598855,-0.045543001325988555,35,pump_le0,tdec_30_70,fund_flat,crowd_24,btc_up,-0.07531380753138073,0.6929264017222947,0.0001,0.12853685252590652
BSVUSDT,2023-10-21,e2324,105544,short,2,0.10781818181818181,0.00161778,0.10493596181818181,0.10043596181818182,29,pump_le0,tdec_30_70,fund_flat,crowd_24,btc_up,-0.07531380753138073,0.6364801312472214,0.0001,0.245110698675983
BSVUSDT,2023-10-21,e2324,105544,long,2,-0.10781818181818181,-0.00161778,-0.11393596181818182,-0.1184359618181818,29,pump_le0,tdec_30_70,fund_flat,crowd_24,btc_up,-0.07531380753138073,0.6364801312472214,0.0001,0.245110698675983
BSWUSDT,2024-09-06,e2324,105590,short,1,0.012020529443543869,-0.00069357,0.00682695944354387,0.00232695944354387,35,pump_le0,tdec_30_70,fund_flat,crowd_01,btc_down,-0.07680798004987532,0.3655981556051488,0.0001,-0.12203899461237311
BSWUSDT,2024-09-06,e2324,105590,long,1,-0.012020529443543869,0.00069357,-0.01582695944354387,-0.020326959443543867,35,pump_le0,tdec_30_70,fund_flat,crowd_01,btc_down,-0.07680798004987532,0.3655981556051488,0.0001,-0.12203899461237311
BSWUSDT,2024-09-06,e2324,105590,short,2,0.023755505138128786,-0.00099357,0.018261935138128786,0.013761935138128787,29,pump_le0,tdec_30_70,fund_flat,crowd_01,btc_down,-0.07680798004987532,0.34057905553403595,0.0001,-0.09816045756685732
BSWUSDT,2024-09-06,e2324,105590,long,2,-0.023755505138128786,0.00099357,-0.027261935138128787,-0.031761935138128784,29,pump_le0,tdec_30_70,fund_flat,crowd_01,btc_down,-0.07680798004987532,0.34057905553403595,0.0001,-0.09816045756685732
BTCDOMUSDT,2021-06-21,e2122,105423,short,1,0.07069374835135836,0.018271739999999998,0.08446548835135835,0.07996548835135836,18,pump_0_25,tdec_ge70,fund_pos,crowd_01,btc_down,0.13141663350576982,1.160596188833188,0.002534320307990315,-0.062207805700169705
BTCDOMUSDT,2021-06-21,e2122,105423,long,1,-0.07069374835135836,-0.018271739999999998,-0.09346548835135836,-0.09796548835135835,18,pump_0_25,tdec_ge70,fund_pos,crowd_01,btc_down,0.13141663350576982,1.160596188833188,0.002534320307990315,-0.062207805700169705
BTCDOMUSDT,2021-06-21,e2122,105423,short,2,0.031255728689275813,0.015192859999999999,0.04194858868927582,0.037448588689275815,15,pump_0_25,tdec_30_70,fund_pos,crowd_01,btc_down,0.13141663350576982,0.6539640330633205,0.00355244,-0.13230286186108908
BTCDOMUSDT,2021-06-21,e2122,105423,long,2,-0.031255728689275813,-0.015192859999999999,-0.05094858868927581,-0.05544858868927582,15,pump_0_25,tdec_30_70,fund_pos,crowd_01,btc_down,0.13141663350576982,0.6539640330633205,0.00355244,-0.13230286186108908
BTRUSDT,2025-08-28,e2526,105641,short,1,0.26158424259600394,0.0036073900000000002,0.2606916325960039,0.2561916325960039,35,pump_le0,tdec_30_70,fund_flat,crowd_24,btc_down,-0.11154475638927364,0.4743026532216075,0.00010000000347222237,-0.08014366864508249
BTRUSDT,2025-08-28,e2526,105641,long,1,-0.26158424259600394,-0.0036073900000000002,-0.2696916325960039,-0.27419163259600393,35,pump_le0,tdec_30_70,fund_flat,crowd_24,btc_down,-0.11154475638927364,0.4743026532216075,0.00010000000347222237,-0.08014366864508249
BTRUSDT,2025-08-28,e2526,105641,short,2,0.2664695945945947,0.0025123800000000003,0.26448197459459466,0.25998197459459466,30,pump_le0,tdec_30_70,fund_flat,crowd_24,btc_down,-0.11154475638927364,0.34585833178303527,0.0001,-0.059978927771002555
BTRUSDT,2025-08-28,e2526,105641,long,2,-0.2664695945945947,-0.0025123800000000003,-0.27348197459459467,-0.27798197459459467,30,pump_le0,tdec_30_70,fund_flat,crowd_24,btc_down,-0.11154475638927364,0.34585833178303527,0.0001,-0.059978927771002555
BTWUSDT,2026-06-05,e2526,105681,short,1,-0.2978936067819199,0.00191919,-0.3004744167819199,-0.3049744167819199,6,pump_25_100,tdec_30_70,fund_none,crowd_ge5,btc_down,0.4712962962962961,0.4437438982998952,,-0.23908770104564991
BTWUSDT,2026-06-05,e2526,105681,long,1,0.2978936067819199,-0.00191919,0.2914744167819199,0.28697441678191987,6,pump_25_100,tdec_30_70,fund_none,crowd_ge5,btc_down,0.4712962962962961,0.4437438982998952,,-0.23908770104564991
BTWUSDT,2026-06-05,e2526,105681,short,2,-0.09718506000719787,0.00191919,-0.09976587000719787,-0.10426587000719786,6,pump_25_100,tdec_30_70,fund_none,crowd_ge5,btc_down,0.4712962962962961,0.5976495944461165,,-0.2103007665129648
BTWUSDT,2026-06-05,e2526,105681,long,2,0.09718506000719787,-0.00191919,0.09076587000719787,0.08626587000719788,6,pump_25_100,tdec_30_70,fund_none,crowd_ge5,btc_down,0.4712962962962961,0.5976495944461165,,-0.2103007665129648
BULLAUSDT,2025-07-05,e2526,105633,short,1,-0.05156037991858884,0.01810086,-0.037959519918588834,-0.04245951991858884,35,pump_le0,tdec_ge70,fund_pos,crowd_24,btc_up,-0.05994897959183665,0.8576349669588565,0.0008994799375361156,0.04706254796623188
BULLAUSDT,2025-07-05,e2526,105633,long,1,0.05156037991858884,-0.01810086,0.028959519918588836,0.024459519918588836,35,pump_le0,tdec_ge70,fund_pos,crowd_24,btc_up,-0.05994897959183665,0.8576349669588565,0.0008994799375361156,0.04706254796623188
BULLAUSDT,2025-07-05,e2526,105633,short,2,-0.08240223463687155,0.016450720000000002,-0.07045151463687155,-0.07495151463687154,30,pump_le0,tdec_30_70,fund_pos,crowd_24,btc_up,-0.05994897959183665,0.5577252549360167,0.0007033199511583368,0.025556477027699476
BULLAUSDT,2025-07-05,e2526,105633,long,2,0.08240223463687155,-0.016450720000000002,0.06145151463687155,0.05695151463687154,30,pump_le0,tdec_30_70,fund_pos,crowd_24,btc_up,-0.05994897959183665,0.5577252549360167,0.0007033199511583368,0.025556477027699476
BUSDT,2025-05-23,e2526,105627,short,1,-0.17554506630703529,0.00889279,-0.17115227630703528,-0.17565227630703528,36,pump_25_100,tdec_ge70,fund_pos,crowd_24,btc_up,0.29277708592777074,1.2995041609301274,0.0009918,0.1465672893893002
BUSDT,2025-05-23,e2526,105627,long,1,0.17554506630703529,-0.00889279,0.16215227630703527,0.15765227630703527,36,pump_25_100,tdec_ge70,fund_pos,crowd_24,btc_up,0.29277708592777074,1.2995041609301274,0.0009918,0.1465672893893002
BUSDT,2025-05-23,e2526,105627,short,2,0.07008052020625366,0.006038,0.07161852020625366,0.06711852020625367,29,pump_25_100,tdec_ge70,fund_pos,crowd_24,btc_up,0.29277708592777074,1.350530976266379,0.00194668,0.15185354333039425
BUSDT,2025-05-23,e2526,105627,long,2,-0.07008052020625366,-0.006038,-0.08061852020625367,-0.08511852020625366,29,pump_25_100,tdec_ge70,fund_pos,crowd_24,btc_up,0.29277708592777074,1.350530976266379,0.00194668,0.15185354333039425
BXUSDT,2026-06-09,e2526,105682,short,1,-0.0801958466993078,0.00087087,-0.0838249766993078,-0.08832497669930779,15,pump_0_25,tdec_30_70,fund_none,crowd_ge5,btc_down,0.03830309404855803,0.48477524513359344,,-0.24743724227072272
BXUSDT,2026-06-09,e2526,105682,long,1,0.0801958466993078,-0.00087087,0.0748249766993078,0.0703249766993078,15,pump_0_25,tdec_30_70,fund_none,crowd_ge5,btc_down,0.03830309404855803,0.48477524513359344,,-0.24743724227072272
BXUSDT,2026-06-09,e2526,105682,short,2,-0.06349734042553193,0.00087087,-0.06712647042553194,-0.07162647042553193,15,pump_0_25,tdec_ge70,fund_none,crowd_ge5,btc_down,0.03830309404855803,1.6655741328624445,,-0.20958103926125704
BXUSDT,2026-06-09,e2526,105682,long,2,0.06349734042553193,-0.00087087,0.058126470425531936,0.05362647042553193,15,pump_0_25,tdec_ge70,fund_none,crowd_ge5,btc_down,0.03830309404855803,1.6655741328624445,,-0.20958103926125704
BZUSDT,2026-04-02,e2526,105672,short,1,0.13372412529767363,-0.01140251,0.11782161529767363,0.11332161529767364,36,pump_0_25,tdec_lt30,fund_flat,crowd_ge5,btc_down,0.08518039956266787,0.12985181325741715,0.00049052,-0.07862458597989563
BZUSDT,2026-04-02,e2526,105672,long,1,-0.13372412529767363,0.01140251,-0.12682161529767363,-0.13132161529767364,36,pump_0_25,tdec_lt30,fund_flat,crowd_ge5,btc_down,0.08518039956266787,0.12985181325741715,0.00049052,-0.07862458597989563
BZUSDT,2026-04-02,e2526,105672,short,2,0.13419992676675208,-0.01277887,0.11692105676675207,0.11242105676675208,30,pump_0_25,tdec_lt30,fund_pos,crowd_ge5,btc_down,0.08518039956266787,0.05828253333383385,0.00050946,-0.05057949496717229
BZUSDT,2026-04-02,e2526,105672,long,2,-0.13419992676675208,0.01277887,-0.12592105676675208,-0.13042105676675209,30,pump_0_25,tdec_lt30,fund_pos,crowd_ge5,btc_down,0.08518039956266787,0.05828253333383385,0.00050946,-0.05057949496717229
C98USDT,2021-08-24,e2122,105432,short,1,0.1492275348621908,0.00801848,0.1527460148621908,0.1482460148621908,18,pump_25_100,tdec_ge70,fund_flat,crowd_24,btc_up,0.6936822161243958,1.7221289108297777,0.00034730002411805725,0.31636658409929175
C98USDT,2021-08-24,e2122,105432,long,1,-0.1492275348621908,-0.00801848,-0.1617460148621908,-0.16624601486219082,18,pump_25_100,tdec_ge70,fund_flat,crowd_24,btc_up,0.6936822161243958,1.7221289108297777,0.00034730002411805725,0.31636658409929175
C98USDT,2021-08-24,e2122,105432,short,2,0.09933639612046971,0.00623486,0.1010712561204697,0.09657125612046971,15,pump_25_100,tdec_ge70,fund_flat,crowd_24,btc_up,0.6936822161243958,0.7352563225565693,0.00029185,0.1878877338128857
C98USDT,2021-08-24,e2122,105432,long,2,-0.09933639612046971,-0.00623486,-0.11007125612046971,-0.1145712561204697,15,pump_25_100,tdec_ge70,fund_flat,crowd_24,btc_up,0.6936822161243958,0.7352563225565693,0.00029185,0.1878877338128857
CAKEUSDT,2023-11-03,e2324,105546,short,1,-0.08338251864570477,0.00466141,-0.08322110864570477,-0.08772110864570476,35,pump_0_25,tdec_ge70,fund_flat,crowd_24,btc_up,0.19269166773326507,5.755785071111517,0.0002283,0.27999080238262075
CAKEUSDT,2023-11-03,e2324,105546,long,1,0.08338251864570477,-0.00466141,0.07422110864570476,0.06972110864570477,35,pump_0_25,tdec_ge70,fund_flat,crowd_24,btc_up,0.19269166773326507,5.755785071111517,0.0002283,0.27999080238262075
CAKEUSDT,2023-11-03,e2324,105546,short,2,0.1493870329022202,0.00334607,0.1482331029022202,0.1437331029022202,29,pump_0_25,tdec_ge70,fund_pos,crowd_24,btc_up,0.19269166773326507,12.224521853963363,0.00050162,0.25466125525230776
CAKEUSDT,2023-11-03,e2324,105546,long,2,-0.1493870329022202,-0.00334607,-0.1572331029022202,-0.1617331029022202,29,pump_0_25,tdec_ge70,fund_pos,crowd_24,btc_up,0.19269166773326507,12.224521853963363,0.00050162,0.25466125525230776
CARVUSDT,2025-08-08,e2526,105638,short,1,0.045440201956453215,0.0053117,0.04625190195645322,0.041751901956453216,36,pump_0_25,tdec_ge70,fund_pos,crowd_ge5,btc_up,0.03224755700325743,0.7805171662659158,0.0010241199288805608,0.0038187881965043857
CARVUSDT,2025-08-08,e2526,105638,long,1,-0.045440201956453215,-0.0053117,-0.055251901956453214,-0.05975190195645322,36,pump_0_25,tdec_ge70,fund_pos,crowd_ge5,btc_up,0.03224755700325743,0.7805171662659158,0.0010241199288805608,0.0038187881965043857
CARVUSDT,2025-08-08,e2526,105638,short,2,0.06865763546798026,0.0035901600000000002,0.06774779546798025,0.06324779546798026,29,pump_0_25,tdec_ge70,fund_flat,crowd_ge5,btc_up,0.03224755700325743,0.8919928175354616,0.00009999999652777789,0.014938723404255283
CARVUSDT,2025-08-08,e2526,105638,long,2,-0.06865763546798026,-0.0035901600000000002,-0.07674779546798026,-0.08124779546798025,29,pump_0_25,tdec_ge70,fund_flat,crowd_ge5,btc_up,0.03224755700325743,0.8919928175354616,0.00009999999652777789,0.014938723404255283
CATIUSDT,2024-09-21,e2324,105592,short,1,0.1525157232704402,0.00187042,0.1498861432704402,0.1453861432704402,35,pump_le0,tdec_ge70,fund_flat,crowd_ge5,btc_down,-0.16214732681962896,0.7026717931791178,0.0001,-0.007208696046073215
CATIUSDT,2024-09-21,e2324,105592,long,1,-0.1525157232704402,-0.00187042,-0.1588861432704402,-0.1633861432704402,35,pump_le0,tdec_ge70,fund_flat,crowd_ge5,btc_down,-0.16214732681962896,0.7026717931791178,0.0001,-0.007208696046073215
CATIUSDT,2024-09-21,e2324,105592,short,2,0.20599067026761594,0.00157042,0.20306109026761593,0.19856109026761593,29,pump_le0,tdec_ge70,fund_flat,crowd_ge5,btc_down,-0.16214732681962896,0.8093003561850813,0.0001,-0.012703438272519518
CATIUSDT,2024-09-21,e2324,105592,long,2,-0.20599067026761594,-0.00157042,-0.21206109026761594,-0.21656109026761594,29,pump_le0,tdec_ge70,fund_flat,crowd_ge5,btc_down,-0.16214732681962896,0.8093003561850813,0.0001,-0.012703438272519518
CBRSUSDT,2026-05-20,e2526,105679,short,1,0.06991375653895104,0.0,0.06541375653895104,0.06091375653895104,0,pump_le0,tdec_30_70,fund_none,crowd_ge5,btc_up,-0.07843648208469045,0.5728709878268278,,0.017014426870734844
CBRSUSDT,2026-05-20,e2526,105679,long,1,-0.06991375653895104,-0.0,-0.07441375653895105,-0.07891375653895104,0,pump_le0,tdec_30_70,fund_none,crowd_ge5,btc_up,-0.07843648208469045,0.5728709878268278,,0.017014426870734844
CBRSUSDT,2026-05-20,e2526,105679,short,2,-0.04040803416099952,0.0,-0.04490803416099952,-0.04940803416099952,0,pump_le0,tdec_ge70,fund_none,crowd_ge5,btc_down,-0.07843648208469045,0.9837397040631196,,-0.03361539190015839
CBRSUSDT,2026-05-20,e2526,105679,long,2,0.04040803416099952,-0.0,0.035908034160999525,0.03140803416099952,0,pump_le0,tdec_ge70,fund_none,crowd_ge5,btc_down,-0.07843648208469045,0.9837397040631196,,-0.03361539190015839
CCUSDT,2025-11-01,e2526,105650,short,1,0.13774597495527718,0.00175,0.13499597495527718,0.13049597495527718,35,pump_0_25,tdec_ge70,fund_flat,crowd_24,btc_down,0.2099567099567099,0.9880423940775128,0.0001,-0.09565838698932017
CCUSDT,2025-11-01,e2526,105650,long,1,-0.13774597495527718,-0.00175,-0.1439959749552772,-0.1484959749552772,35,pump_0_25,tdec_ge70,fund_flat,crowd_24,btc_down,0.2099567099567099,0.9880423940775128,0.0001,-0.09565838698932017
CCUSDT,2025-11-01,e2526,105650,short,2,0.012295081967213087,0.0015,0.009295081967213088,0.004795081967213087,30,pump_0_25,tdec_30_70,fund_flat,crowd_24,btc_down,0.2099567099567099,0.6528938966580787,0.0001,-0.12913835832314335
CCUSDT,2025-11-01,e2526,105650,long,2,-0.012295081967213087,-0.0015,-0.018295081967213085,-0.022795081967213086,30,pump_0_25,tdec_30_70,fund_flat,crowd_24,btc_down,0.2099567099567099,0.6528938966580787,0.0001,-0.12913835832314335
CELOUSDT,2021-09-27,e2122,105437,short,1,-0.03488571919573815,0.0017000000000000001,-0.03768571919573815,-0.04218571919573815,17,pump_le0,tdec_30_70,fund_flat,crowd_01,btc_down,-0.14401294498381878,0.6019472301032915,0.0001,-0.15962751414528542
CELOUSDT,2021-09-27,e2122,105437,long,1,0.03488571919573815,-0.0017000000000000001,0.02868571919573815,0.02418571919573815,17,pump_le0,tdec_30_70,fund_flat,crowd_01,btc_down,-0.14401294498381878,0.6019472301032915,0.0001,-0.15962751414528542
CELOUSDT,2021-09-27,e2122,105437,short,2,-0.056491228070175446,0.0014,-0.059591228070175445,-0.06409122807017545,14,pump_le0,tdec_ge70,fund_flat,crowd_01,btc_down,-0.14401294498381878,0.8196643818097791,0.0001,-0.11749123333056877
CELOUSDT,2021-09-27,e2122,105437,long,2,0.056491228070175446,-0.0014,0.05059122807017545,0.04609122807017545,14,pump_le0,tdec_ge70,fund_flat,crowd_01,btc_down,-0.14401294498381878,0.8196643818097791,0.0001,-0.11749123333056877
CETUSUSDT,2024-11-07,e2324,105599,short,1,-0.045588681430817145,0.00578968,-0.04429900143081714,-0.04879900143081715,35,pump_0_25,tdec_ge70,fund_flat,crowd_24,btc_up,0.2104490068435989,0.8950626128612953,0.00023422,0.26194923308429474
CETUSUSDT,2024-11-07,e2324,105599,long,1,0.045588681430817145,-0.00578968,0.03529900143081715,0.030799001430817145,35,pump_0_25,tdec_ge70,fund_flat,crowd_24,btc_up,0.2104490068435989,0.8950626128612953,0.00023422,0.26194923308429474
CETUSUSDT,2024-11-07,e2324,105599,short,2,0.1280588776448942,0.00507526,0.1286341376448942,0.12413413764489421,29,pump_0_25,tdec_30_70,fund_flat,crowd_24,btc_up,0.2104490068435989,0.4034888014566052,0.0003242,0.2717039400794785
CETUSUSDT,2024-11-07,e2324,105599,long,2,-0.1280588776448942,-0.00507526,-0.1376341376448942,-0.14213413764489422,29,pump_0_25,tdec_30_70,fund_flat,crowd_24,btc_up,0.2104490068435989,0.4034888014566052,0.0003242,0.2717039400794785
CFGUSDT,2026-03-17,e2526,105670,short,1,0.06567796610169493,-0.10748703,-0.04630906389830506,-0.050809063898305064,35,pump_le0,tdec_30_70,fund_neg,crowd_24,btc_up,-0.23085279739272135,0.4367672414383546,-0.0008385599708833343,0.033986567435106085
CFGUSDT,2026-03-17,e2526,105670,long,1,-0.06567796610169493,0.10748703,0.037309063898305066,0.03280906389830506,35,pump_le0,tdec_30_70,fund_neg,crowd_24,btc_up,-0.23085279739272135,0.4367672414383546,-0.0008385599708833343,0.033986567435106085
CFGUSDT,2026-03-17,e2526,105670,short,2,0.06962025316455692,-0.09787903,-0.032758776835443086,-0.03725877683544309,30,pump_le0,tdec_30_70,fund_neg,crowd_24,btc_up,-0.23085279739272135,0.36527535353888296,-0.00214124,0.03573868596046892
CFGUSDT,2026-03-17,e2526,105670,long,2,-0.06962025316455692,0.09787903,0.02375877683544309,0.019258776835443088,30,pump_le0,tdec_30_70,fund_neg,crowd_24,btc_up,-0.23085279739272135,0.36527535353888296,-0.00214124,0.03573868596046892
CFXUSDT,2023-02-21,e2324,105510,short,1,0.30929657122658183,0.0018218800000000001,0.3066184512265818,0.3021184512265818,18,pump_le0,tdec_30_70,fund_flat,crowd_24,btc_up,-0.13300643579528038,0.6038637870248919,0.00010758999626423623,0.054911819003103046
CFXUSDT,2023-02-21,e2324,105510,long,1,-0.30929657122658183,-0.0018218800000000001,-0.31561845122658183,-0.32011845122658183,18,pump_le0,tdec_30_70,fund_flat,crowd_24,btc_up,-0.13300643579528038,0.6038637870248919,0.00010758999626423623,0.054911819003103046
CFXUSDT,2023-02-21,e2324,105510,short,2,0.3559657218193804,0.00152188,0.3529876018193804,0.3484876018193804,15,pump_le0,tdec_ge70,fund_flat,crowd_24,btc_up,-0.13300643579528038,0.7024380163796192,0.0001,0.05751434102017905
CFXUSDT,2023-02-21,e2324,105510,long,2,-0.3559657218193804,-0.00152188,-0.3619876018193804,-0.3664876018193804,15,pump_le0,tdec_ge70,fund_flat,crowd_24,btc_up,-0.13300643579528038,0.7024380163796192,0.0001,0.05751434102017905
CGPTUSDT,2024-12-21,e2324,105605,short,1,-0.15899645990457129,0.00402867,-0.15946778990457128,-0.16396778990457128,35,pump_le0,tdec_30_70,fund_neg,crowd_ge5,btc_down,-0.10526074182886525,0.6777487887639653,-0.00474026,-0.038089836981684444
CGPTUSDT,2024-12-21,e2324,105605,long,1,0.15899645990457129,-0.00402867,0.15046778990457127,0.14596778990457127,35,pump_le0,tdec_30_70,fund_neg,crowd_ge5,btc_down,-0.10526074182886525,0.6777487887639653,-0.00474026,-0.038089836981684444
CGPTUSDT,2024-12-21,e2324,105605,short,2,0.033541541884144835,0.00308429,0.03212583188414484,0.027625831884144837,29,pump_le0,tdec_ge70,fund_flat,crowd_ge5,btc_down,-0.10526074182886525,0.95025263659255,0.0001,-0.029310671216826623
CGPTUSDT,2024-12-21,e2324,105605,long,2,-0.033541541884144835,-0.00308429,-0.041125831884144835,-0.04562583188414484,29,pump_le0,tdec_ge70,fund_flat,crowd_ge5,btc_down,-0.10526074182886525,0.95025263659255,0.0001,-0.029310671216826623
CHESSUSDT,2024-08-30,e2324,105589,short,1,0.1487603305785124,0.00175,0.1460103305785124,0.1415103305785124,35,pump_le0,tdec_30_70,fund_flat,crowd_24,btc_down,-0.11494252873563215,0.4771977900580207,0.0001,-0.09776683825994315
CHESSUSDT,2024-08-30,e2324,105589,long,1,-0.1487603305785124,-0.00175,-0.1550103305785124,-0.1595103305785124,35,pump_le0,tdec_30_70,fund_flat,crowd_24,btc_down,-0.11494252873563215,0.4771977900580207,0.0001,-0.09776683825994315
CHESSUSDT,2024-08-30,e2324,105589,short,2,0.08386277001270659,0.0015,0.08086277001270659,0.0763627700127066,30,pump_le0,tdec_30_70,fund_flat,crowd_24,btc_down,-0.11494252873563215,0.44225785297173276,0.0001,-0.06856451384675932
CHESSUSDT,2024-08-30,e2324,105589,long,2,-0.08386277001270659,-0.0015,-0.0898627700127066,-0.09436277001270658,30,pump_le0,tdec_30_70,fund_flat,crowd_24,btc_down,-0.11494252873563215,0.44225785297173276,0.0001,-0.06856451384675932
CHILLGUYUSDT,2024-11-28,e2324,105602,short,1,0.017755370451556327,0.01455262,0.027807990451556328,0.023307990451556328,35,pump_le0,tdec_ge70,fund_pos,crowd_ge5,btc_up,-0.1932802829354554,0.9517972367640527,0.0027267,0.34785968016143975
CHILLGUYUSDT,2024-11-28,e2324,105602,long,1,-0.017755370451556327,-0.01455262,-0.036807990451556326,-0.04130799045155633,35,pump_le0,tdec_ge70,fund_pos,crowd_ge5,btc_up,-0.1932802829354554,0.9517972367640527,0.0027267,0.34785968016143975
CHILLGUYUSDT,2024-11-28,e2324,105602,short,2,-0.010827881795623665,0.01200403,-0.0033238517956236642,-0.007823851795623664,29,pump_le0,tdec_ge70,fund_pos,crowd_ge5,btc_up,-0.1932802829354554,1.0104101645161747,0.0009914,0.3719069024016701
CHILLGUYUSDT,2024-11-28,e2324,105602,long,2,0.010827881795623665,-0.01200403,-0.005676148204376335,-0.010176148204376335,29,pump_le0,tdec_ge70,fund_pos,crowd_ge5,btc_up,-0.1932802829354554,1.0104101645161747,0.0009914,0.3719069024016701
CHIPUSDT,2026-04-17,e2526,105674,short,1,-1.413105413105413,-0.05269674,-1.470302153105413,-1.474802153105413,36,pump_le0,tdec_ge70,fund_flat,crowd_01,btc_up,-0.009314140558848494,0.7287487093790929,0.00009999998611111304,0.08250986586995657
CHIPUSDT,2026-04-17,e2526,105674,long,1,1.413105413105413,0.05269674,1.4613021531054131,1.4568021531054132,36,pump_le0,tdec_ge70,fund_flat,crowd_01,btc_up,-0.009314140558848494,0.7287487093790929,0.00009999998611111304,0.08250986586995657
CHIPUSDT,2026-04-17,e2526,105674,short,2,-1.6109741060419238,-0.05304674,-1.6685208460419239,-1.6730208460419238,29,pump_le0,tdec_ge70,fund_flat,crowd_01,btc_up,-0.009314140558848494,0.7401117922028281,0.0001,0.04662372805355819
CHIPUSDT,2026-04-17,e2526,105674,long,2,1.6109741060419238,0.05304674,1.659520846041924,1.655020846041924,29,pump_le0,tdec_ge70,fund_flat,crowd_01,btc_up,-0.009314140558848494,0.7401117922028281,0.0001,0.04662372805355819
CKBUSDT,2023-03-01,e2324,105511,short,1,0.23243031016882595,0.0017000000000000001,0.22963031016882596,0.22513031016882595,17,pump_le0,tdec_30_70,fund_flat,crowd_24,btc_up,-0.04176072234762995,0.34463849172764366,0.00009999999826388893,0.014606780452779855
CKBUSDT,2023-03-01,e2324,105511,long,1,-0.23243031016882595,-0.0017000000000000001,-0.23863031016882597,-0.24313031016882597,17,pump_le0,tdec_30_70,fund_flat,crowd_24,btc_up,-0.04176072234762995,0.34463849172764366,0.00009999999826388893,0.014606780452779855
CKBUSDT,2023-03-01,e2324,105511,short,2,0.16022336769759452,0.0015,0.1572233676975945,0.1527233676975945,15,pump_le0,tdec_lt30,fund_flat,crowd_24,btc_down,-0.04176072234762995,0.26512685165898703,0.00009999999826388893,-0.0584576485461441
CKBUSDT,2023-03-01,e2324,105511,long,2,-0.16022336769759452,-0.0015,-0.16622336769759452,-0.17072336769759452,15,pump_le0,tdec_lt30,fund_flat,crowd_24,btc_down,-0.04176072234762995,0.26512685165898703,0.00009999999826388893,-0.0584576485461441
CLANKERUSDT,2025-11-13,e2526,105652,short,1,0.13975253807106602,0.00373331,0.138985848071066,0.134485848071066,36,pump_le0,tdec_30_70,fund_flat,crowd_ge5,btc_down,-0.14776260646207917,0.4958395015823728,0.0001,-0.14592814749907412
CLANKERUSDT,2025-11-13,e2526,105652,long,1,-0.13975253807106602,-0.00373331,-0.14798584807106602,-0.15248584807106602,36,pump_le0,tdec_30_70,fund_flat,crowd_ge5,btc_down,-0.14776260646207917,0.4958395015823728,0.0001,-0.14592814749907412
CLANKERUSDT,2025-11-13,e2526,105652,short,2,0.19492280285035635,0.00396844,0.19439124285035633,0.18989124285035633,30,pump_le0,tdec_30_70,fund_flat,crowd_ge5,btc_down,-0.14776260646207917,0.39487726015744884,0.0001,-0.11624128127965194
CLANKERUSDT,2025-11-13,e2526,105652,long,2,-0.19492280285035635,-0.00396844,-0.20339124285035634,-0.20789124285035634,30,pump_le0,tdec_30_70,fund_flat,crowd_ge5,btc_down,-0.14776260646207917,0.39487726015744884,0.0001,-0.11624128127965194
CLOUSDT,2025-10-15,e2526,105648,short,1,0.14218086842964406,0.01277479,0.15045565842964406,0.14595565842964406,36,pump_le0,tdec_lt30,fund_pos,crowd_ge5,btc_down,-0.3719070403280931,0.2826405080884178,0.0007307599492527814,-0.07381669640325739
CLOUSDT,2025-10-15,e2526,105648,long,1,-0.14218086842964406,-0.01277479,-0.15945565842964407,-0.16395565842964407,36,pump_le0,tdec_lt30,fund_pos,crowd_ge5,btc_down,-0.3719070403280931,0.2826405080884178,0.0007307599492527814,-0.07381669640325739
CLOUSDT,2025-10-15,e2526,105648,short,2,-0.00382043935052542,0.00915276,0.0008323206494745801,-0.0036676793505254195,29,pump_le0,tdec_lt30,fund_pos,crowd_ge5,btc_down,-0.3719070403280931,0.13196585353488863,0.001292599955118057,-0.08611412985116296
CLOUSDT,2025-10-15,e2526,105648,long,2,0.00382043935052542,-0.00915276,-0.00983232064947458,-0.014332320649474579,29,pump_le0,tdec_lt30,fund_pos,crowd_ge5,btc_down,-0.3719070403280931,0.13196585353488863,0.001292599955118057,-0.08611412985116296
CLUSDT,2026-04-02,e2526,105672,short,1,0.1462390566374844,-0.03378542,0.1079536366374844,0.10345363663748441,36,pump_0_25,tdec_lt30,fund_flat,crowd_ge5,btc_down,0.13345484001620078,0.1366820453645342,0.0,-0.07862458597989563
CLUSDT,2026-04-02,e2526,105672,long,1,-0.1462390566374844,0.03378542,-0.11695363663748441,-0.1214536366374844,36,pump_0_25,tdec_lt30,fund_flat,crowd_ge5,btc_down,0.13345484001620078,0.1366820453645342,0.0,-0.07862458597989563
CLUSDT,2026-04-02,e2526,105672,short,2,0.1476857219299028,-0.03297302,0.11021270192990282,0.10571270192990283,30,pump_0_25,tdec_lt30,fund_flat,crowd_ge5,btc_down,0.13345484001620078,0.05095576387184773,0.00001012,-0.05057949496717229
CLUSDT,2026-04-02,e2526,105672,long,2,-0.1476857219299028,0.03297302,-0.11921270192990283,-0.12371270192990282,30,pump_0_25,tdec_lt30,fund_flat,crowd_ge5,btc_down,0.13345484001620078,0.05095576387184773,0.00001012,-0.05057949496717229
COAIUSDT,2025-09-26,e2526,105645,short,1,-0.6537348002316156,0.02412519,-0.6341096102316155,-0.6386096102316156,35,pump_le0,tdec_ge70,fund_pos,crowd_24,btc_down,-0.05495006612248621,1.1181451078782643,0.0007406800257180564,-0.026042754559037484
COAIUSDT,2025-09-26,e2526,105645,long,1,0.6537348002316156,-0.02412519,0.6251096102316156,0.6206096102316155,35,pump_le0,tdec_ge70,fund_pos,crowd_24,btc_down,-0.05495006612248621,1.1181451078782643,0.0007406800257180564,-0.026042754559037484
COAIUSDT,2025-09-26,e2526,105645,short,2,-0.940217391304348,0.0229725,-0.921744891304348,-0.9262448913043481,29,pump_le0,tdec_ge70,fund_flat,crowd_24,btc_up,-0.05495006612248621,0.7049409087124037,0.0001,0.03495907041660673
COAIUSDT,2025-09-26,e2526,105645,long,2,0.940217391304348,-0.0229725,0.9127448913043481,0.908244891304348,29,pump_le0,tdec_ge70,fund_flat,crowd_24,btc_up,-0.05495006612248621,0.7049409087124037,0.0001,0.03495907041660673
COCOSUSDT,2023-02-22,e2324,105510,short,1,0.20749173705471904,-0.00286176,0.20012997705471905,0.19562997705471905,18,pump_0_25,tdec_ge70,fund_flat,crowd_ge5,btc_up,0.03733333333333322,1.758348898525105,-0.0001896500065850697,0.05751434102017905
COCOSUSDT,2023-02-22,e2324,105510,long,1,-0.20749173705471904,0.00286176,-0.20912997705471906,-0.21362997705471906,18,pump_0_25,tdec_ge70,fund_flat,crowd_ge5,btc_up,0.03733333333333322,1.758348898525105,-0.0001896500065850697,0.05751434102017905
COCOSUSDT,2023-02-22,e2324,105510,short,2,0.07619863013698627,-0.00307322,0.06862541013698627,0.06412541013698628,15,pump_0_25,tdec_ge70,fund_flat,crowd_ge5,btc_up,0.03733333333333322,0.8581101338117256,0.00001146,0.004986860706139407
COCOSUSDT,2023-02-22,e2324,105510,long,2,-0.07619863013698627,0.00307322,-0.07762541013698628,-0.08212541013698627,15,pump_0_25,tdec_ge70,fund_flat,crowd_ge5,btc_up,0.03733333333333322,0.8581101338117256,0.00001146,0.004986860706139407
COHRUSDT,2026-05-27,e2526,105680,short,1,-0.04762656147271536,0.0,-0.052126561472715355,-0.05662656147271536,0,pump_le0,tdec_ge70,fund_none,crowd_ge5,btc_down,-0.009817197020988488,1.0156018638451423,,-0.03547532638427442
COHRUSDT,2026-05-27,e2526,105680,long,1,0.04762656147271536,-0.0,0.04312656147271536,0.03862656147271536,0,pump_le0,tdec_ge70,fund_none,crowd_ge5,btc_down,-0.009817197020988488,1.0156018638451423,,-0.03547532638427442
COHRUSDT,2026-05-27,e2526,105680,short,2,-0.11298614215467143,0.0,-0.11748614215467143,-0.12198614215467142,0,pump_le0,tdec_ge70,fund_none,crowd_ge5,btc_down,-0.009817197020988488,1.2899228877080426,,-0.030649545411941093
COHRUSDT,2026-05-27,e2526,105680,long,2,0.11298614215467143,-0.0,0.10848614215467142,0.10398614215467143,0,pump_le0,tdec_ge70,fund_none,crowd_ge5,btc_down,-0.009817197020988488,1.2899228877080426,,-0.030649545411941093
COINUSDT,2026-02-10,e2526,105665,short,1,-0.09390444810543658,-0.0062772,-0.10468164810543658,-0.10918164810543657,18,pump_le0,tdec_ge70,fund_flat,crowd_ge5,btc_down,-0.09267563527653211,0.8926342048949331,0.0,-0.2651781976623133
COINUSDT,2026-02-10,e2526,105665,long,1,0.09390444810543658,0.0062772,0.09568164810543657,0.09118164810543658,18,pump_le0,tdec_ge70,fund_flat,crowd_ge5,btc_down,-0.09267563527653211,0.8926342048949331,0.0,-0.2651781976623133
COINUSDT,2026-02-10,e2526,105665,short,2,-0.16254639680649913,-0.0062772,-0.17332359680649914,-0.17782359680649915,15,pump_le0,tdec_ge70,fund_flat,crowd_ge5,btc_down,-0.09267563527653211,3.0927676399017434,0.0,-0.3054473280265728
COINUSDT,2026-02-10,e2526,105665,long,2,0.16254639680649913,0.0062772,0.16432359680649913,0.15982359680649913,15,pump_le0,tdec_ge70,fund_flat,crowd_ge5,btc_down,-0.09267563527653211,3.0927676399017434,0.0,-0.3054473280265728
COLLECTUSDT,2026-01-01,e2526,105659,short,1,-0.1488200964222279,0.0157737,-0.1375463964222279,-0.1420463964222279,36,pump_le0,tdec_30_70,fund_pos,crowd_24,btc_down,-0.08263500931098688,0.5072877944833812,0.0017317,-0.036682598549745316
COLLECTUSDT,2026-01-01,e2526,105659,long,1,0.1488200964222279,-0.0157737,0.1285463964222279,0.12404639642222791,36,pump_le0,tdec_30_70,fund_pos,crowd_24,btc_down,-0.08263500931098688,0.5072877944833812,0.0017317,-0.036682598549745316
COLLECTUSDT,2026-01-01,e2526,105659,short,2,-0.19050749408361822,0.01348805,-0.18151944408361823,-0.18601944408361823,29,pump_le0,tdec_30_70,fund_pos,crowd_24,btc_down,-0.08263500931098688,0.34282703289458905,0.00052452,-0.01563432053345093
COLLECTUSDT,2026-01-01,e2526,105659,long,2,0.19050749408361822,-0.01348805,0.17251944408361822,0.1680194440836182,29,pump_le0,tdec_30_70,fund_pos,crowd_24,btc_down,-0.08263500931098688,0.34282703289458905,0.00052452,-0.01563432053345093
COMBOUSDT,2023-06-03,e2324,105524,short,1,0.3621251187406703,0.0018000000000000002,0.35942511874067035,0.35492511874067034,18,pump_le0,tdec_30_70,fund_flat,crowd_01,btc_down,-0.18538580588105236,0.43530214221969654,0.0001,-0.08100978247969748
COMBOUSDT,2023-06-03,e2324,105524,long,1,-0.3621251187406703,-0.0018000000000000002,-0.36842511874067035,-0.37292511874067036,18,pump_le0,tdec_30_70,fund_flat,crowd_01,btc_down,-0.18538580588105236,0.43530214221969654,0.0001,-0.08100978247969748
COMBOUSDT,2023-06-03,e2324,105524,short,2,0.2432584721886822,0.0014,0.24015847218868222,0.23565847218868222,14,pump_le0,tdec_30_70,fund_flat,crowd_01,btc_down,-0.18538580588105236,0.5145100740638118,0.0001,-0.10829883000783691
COMBOUSDT,2023-06-03,e2324,105524,long,2,-0.2432584721886822,-0.0014,-0.24915847218868223,-0.2536584721886822,14,pump_le0,tdec_30_70,fund_flat,crowd_01,btc_down,-0.18538580588105236,0.5145100740638118,0.0001,-0.10829883000783691
COMMONUSDT,2025-10-28,e2526,105650,short,1,0.2800630535955562,0.00813611,0.2836991635955562,0.2791991635955562,36,pump_le0,tdec_30_70,fund_pos,crowd_ge5,btc_down,-0.272776898302309,0.5699344387761345,0.00088176,-0.0373849852656859
COMMONUSDT,2025-10-28,e2526,105650,long,1,-0.2800630535955562,-0.00813611,-0.2926991635955562,-0.2971991635955562,36,pump_le0,tdec_30_70,fund_pos,crowd_ge5,btc_down,-0.272776898302309,0.5699344387761345,0.00088176,-0.0373849852656859
COMMONUSDT,2025-10-28,e2526,105650,short,2,0.18116622556134201,0.0061078,0.182774025561342,0.178274025561342,29,pump_le0,tdec_30_70,fund_flat,crowd_ge5,btc_down,-0.272776898302309,0.5172880205799164,0.00025932,-0.05022686439369484
COMMONUSDT,2025-10-28,e2526,105650,long,2,-0.18116622556134201,-0.0061078,-0.19177402556134202,-0.19627402556134202,29,pump_le0,tdec_30_70,fund_flat,crowd_ge5,btc_down,-0.272776898302309,0.5172880205799164,0.00025932,-0.05022686439369484
COOKIEUSDT,2025-01-08,e2526,105608,short,1,-0.2976112206881437,-0.0008884000000000001,-0.30299962068814373,-0.30749962068814374,35,pump_le0,tdec_ge70,fund_flat,crowd_ge5,btc_down,-0.27433206106870234,0.7761588385156443,0.00040434,-0.042405778738416444
COOKIEUSDT,2025-01-08,e2526,105608,long,1,0.2976112206881437,0.0008884000000000001,0.2939996206881437,0.2894996206881437,35,pump_le0,tdec_ge70,fund_flat,crowd_ge5,btc_down,-0.27433206106870234,0.7761588385156443,0.00040434,-0.042405778738416444
COOKIEUSDT,2025-01-08,e2526,105608,short,2,-0.018929616245052506,-0.00115133,-0.024580946245052505,-0.029080946245052502,29,pump_le0,tdec_ge70,fund_flat,crowd_ge5,btc_down,-0.27433206106870234,3.7162628489359397,-0.00036158,-0.06368769118026651
COOKIEUSDT,2025-01-08,e2526,105608,long,2,0.018929616245052506,0.00115133,0.015580946245052504,0.011080946245052506,29,pump_le0,tdec_ge70,fund_flat,crowd_ge5,btc_down,-0.27433206106870234,3.7162628489359397,-0.00036158,-0.06368769118026651
COPPERUSDT,2026-03-07,e2526,105668,short,1,0.017492206442674053,0.00455344,0.017545646442674052,0.013045646442674053,36,pump_le0,tdec_ge70,fund_pos,crowd_24,btc_down,-0.011978097193703019,1.3377414209134586,0.0010345,-0.06535165746443727
COPPERUSDT,2026-03-07,e2526,105668,long,1,-0.017492206442674053,-0.00455344,-0.026545646442674053,-0.031045646442674053,36,pump_le0,tdec_ge70,fund_pos,crowd_24,btc_down,-0.011978097193703019,1.3377414209134586,0.0010345,-0.06535165746443727
COPPERUSDT,2026-03-07,e2526,105668,short,2,0.03847457627118649,0.00544504,0.039419616271186494,0.03491961627118649,30,pump_le0,tdec_ge70,fund_pos,crowd_24,btc_down,-0.011978097193703019,2.20835167322182,0.00220404,-0.012419463368286587
COPPERUSDT,2026-03-07,e2526,105668,long,2,-0.03847457627118649,-0.00544504,-0.04841961627118649,-0.05291961627118649,30,pump_le0,tdec_ge70,fund_pos,crowd_24,btc_down,-0.011978097193703019,2.20835167322182,0.00220404,-0.012419463368286587
COSTUSDT,2026-06-10,e2526,105682,short,1,0.009718979148744427,0.0,0.005218979148744428,0.000718979148744428,18,pump_0_25,tdec_ge70,fund_none,crowd_ge5,btc_down,0.005933984423291072,0.7181086401364434,,-0.20958103926125704
COSTUSDT,2026-06-10,e2526,105682,long,1,-0.009718979148744427,-0.0,-0.014218979148744426,-0.018718979148744427,18,pump_0_25,tdec_ge70,fund_none,crowd_ge5,btc_down,0.005933984423291072,0.7181086401364434,,-0.20958103926125704
COSTUSDT,2026-06-10,e2526,105682,short,2,0.015907101711819898,0.0,0.011407101711819898,0.006907101711819899,15,pump_0_25,tdec_ge70,fund_flat,crowd_ge5,btc_down,0.005933984423291072,0.7962946286104952,0.0,-0.19853244425722338
COSTUSDT,2026-06-10,e2526,105682,long,2,-0.015907101711819898,-0.0,-0.0204071017118199,-0.024907101711819896,15,pump_0_25,tdec_ge70,fund_flat,crowd_ge5,btc_down,0.005933984423291072,0.7962946286104952,0.0,-0.19853244425722338
COSUSDT,2024-10-01,e2324,105594,short,1,-0.024372446001167614,0.00175,-0.027122446001167613,-0.03162244600116761,35,pump_le0,tdec_30_70,fund_flat,crowd_24,btc_up,-0.13789632611977864,0.33894555996893433,0.0001,0.02555314394176489
COSUSDT,2024-10-01,e2324,105594,long,1,0.024372446001167614,-0.00175,0.01812244600116761,0.013622446001167613,35,pump_le0,tdec_30_70,fund_flat,crowd_24,btc_up,-0.13789632611977864,0.33894555996893433,0.0001,0.02555314394176489
COSUSDT,2024-10-01,e2324,105594,short,2,-0.0403142137246183,0.0014500000000000001,-0.043364213724618295,-0.0478642137246183,29,pump_le0,tdec_lt30,fund_flat,crowd_24,btc_up,-0.13789632611977864,0.2310945261901171,0.0001,0.057009428756925384
COSUSDT,2024-10-01,e2324,105594,long,2,0.0403142137246183,-0.0014500000000000001,0.0343642137246183,0.029864213724618296,29,pump_le0,tdec_lt30,fund_flat,crowd_24,btc_up,-0.13789632611977864,0.2310945261901171,0.0001,0.057009428756925384
COWUSDT,2024-11-07,e2324,105599,short,1,0.20429165754324502,0.00548433,0.20527598754324503,0.20077598754324502,35,pump_le0,tdec_30_70,fund_flat,crowd_24,btc_up,-0.12693557637163067,0.6291323451056351,0.0001,0.26194923308429474
COWUSDT,2024-11-07,e2324,105599,long,1,-0.20429165754324502,-0.00548433,-0.21427598754324503,-0.21877598754324504,35,pump_le0,tdec_30_70,fund_flat,crowd_24,btc_up,-0.12693557637163067,0.6291323451056351,0.0001,0.26194923308429474
COWUSDT,2024-11-07,e2324,105599,short,2,0.23397976391231026,0.00482238,0.23430214391231025,0.22980214391231024,29,pump_le0,tdec_30_70,fund_flat,crowd_24,btc_up,-0.12693557637163067,0.4206926055716216,0.00048914,0.2717039400794785
COWUSDT,2024-11-07,e2324,105599,long,2,-0.23397976391231026,-0.00482238,-0.24330214391231025,-0.24780214391231026,29,pump_le0,tdec_30_70,fund_flat,crowd_24,btc_up,-0.12693557637163067,0.4206926055716216,0.00048914,0.2717039400794785
CRCLUSDT,2026-02-10,e2526,105665,short,1,-0.07015724900639368,0.01221629,-0.06244095900639368,-0.06694095900639369,18,pump_le0,tdec_ge70,fund_flat,crowd_ge5,btc_down,-0.027231467473525006,0.740860858020494,0.0,-0.2651781976623133
CRCLUSDT,2026-02-10,e2526,105665,long,1,0.07015724900639368,-0.01221629,0.05344095900639369,0.04894095900639368,18,pump_le0,tdec_ge70,fund_flat,crowd_ge5,btc_down,-0.027231467473525006,0.740860858020494,0.0,-0.2651781976623133
CRCLUSDT,2026-02-10,e2526,105665,short,2,-0.09243252778267776,0.01221629,-0.08471623778267776,-0.08921623778267775,15,pump_le0,tdec_30_70,fund_flat,crowd_ge5,btc_down,-0.027231467473525006,0.4708843261270222,0.0,-0.3054473280265728
CRCLUSDT,2026-02-10,e2526,105665,long,2,0.09243252778267776,-0.01221629,0.07571623778267775,0.07121623778267776,15,pump_le0,tdec_30_70,fund_flat,crowd_ge5,btc_down,-0.027231467473525006,0.4708843261270222,0.0,-0.3054473280265728
CRDOUSDT,2026-06-09,e2526,105682,short,1,-0.03001505052676839,0.00202562,-0.03248943052676839,-0.03698943052676839,15,pump_0_25,tdec_30_70,fund_none,crowd_ge5,btc_down,0.044699011680143785,0.6894929276908123,,-0.24743724227072272
CRDOUSDT,2026-06-09,e2526,105682,long,1,0.03001505052676839,-0.00202562,0.02348943052676839,0.018989430526768394,15,pump_0_25,tdec_30_70,fund_none,crowd_ge5,btc_down,0.044699011680143785,0.6894929276908123,,-0.24743724227072272
CRDOUSDT,2026-06-09,e2526,105682,short,2,0.10971938301430964,0.00202562,0.10724500301430964,0.10274500301430965,15,pump_0_25,tdec_ge70,fund_none,crowd_ge5,btc_down,0.044699011680143785,0.7842446456451796,,-0.20958103926125704
CRDOUSDT,2026-06-09,e2526,105682,long,2,-0.10971938301430964,-0.00202562,-0.11624500301430965,-0.12074500301430964,15,pump_0_25,tdec_ge70,fund_none,crowd_ge5,btc_down,0.044699011680143785,0.7842446456451796,,-0.20958103926125704
CRMUSDT,2026-06-04,e2526,105681,short,1,0.09386516366789519,0.0,0.08936516366789518,0.08486516366789519,0,pump_le0,tdec_30_70,fund_none,crowd_ge5,btc_down,-0.012839717526214267,0.6881643943245171,,-0.2502527948730866
CRMUSDT,2026-06-04,e2526,105681,long,1,-0.09386516366789519,-0.0,-0.09836516366789519,-0.10286516366789518,0,pump_le0,tdec_30_70,fund_none,crowd_ge5,btc_down,-0.012839717526214267,0.6881643943245171,,-0.2502527948730866
CRMUSDT,2026-06-04,e2526,105681,short,2,0.12684735495326135,0.0,0.12234735495326135,0.11784735495326136,0,pump_le0,tdec_lt30,fund_none,crowd_ge5,btc_down,-0.012839717526214267,0.2100108624346269,,-0.23908770104564991
CRMUSDT,2026-06-04,e2526,105681,long,2,-0.12684735495326135,-0.0,-0.13134735495326136,-0.13584735495326136,0,pump_le0,tdec_lt30,fund_none,crowd_ge5,btc_down,-0.012839717526214267,0.2100108624346269,,-0.23908770104564991
CROSSUSDT,2025-07-11,e2526,105634,short,1,-1.5312958435207822,0.00439701,-1.5313988335207822,-1.5358988335207822,36,pump_le0,tdec_30_70,fund_flat,crowd_ge5,btc_up,-0.0717906044330131,0.38922619213578563,0.00009999999305555606,0.11154110188950805
CROSSUSDT,2025-07-11,e2526,105634,long,1,1.5312958435207822,-0.00439701,1.5223988335207823,1.5178988335207824,36,pump_le0,tdec_30_70,fund_flat,crowd_ge5,btc_up,-0.0717906044330131,0.38922619213578563,0.00009999999305555606,0.11154110188950805
CROSSUSDT,2025-07-11,e2526,105634,short,2,-1.2898112651135354,0.00404701,-1.2902642551135353,-1.2947642551135352,29,pump_le0,tdec_30_70,fund_flat,crowd_ge5,btc_up,-0.0717906044330131,0.56721644662552,0.00009999999652777789,0.12271367845828385
CROSSUSDT,2025-07-11,e2526,105634,long,2,1.2898112651135354,-0.00404701,1.2812642551135354,1.2767642551135354,29,pump_le0,tdec_30_70,fund_flat,crowd_ge5,btc_up,-0.0717906044330131,0.56721644662552,0.00009999999652777789,0.12271367845828385
CRWDUSDT,2026-06-09,e2526,105682,short,1,-0.06224617307091519,-0.0002723,-0.0670184730709152,-0.07151847307091519,15,pump_le0,tdec_ge70,fund_none,crowd_ge5,btc_down,-0.026178488310186876,0.8166640588001264,,-0.24743724227072272
CRWDUSDT,2026-06-09,e2526,105682,long,1,0.06224617307091519,0.0002723,0.0580184730709152,0.053518473070915194,15,pump_le0,tdec_ge70,fund_none,crowd_ge5,btc_down,-0.026178488310186876,0.8166640588001264,,-0.24743724227072272
CRWDUSDT,2026-06-09,e2526,105682,short,2,0.01940851609926322,-0.0002723,0.01463621609926322,0.010136216099263221,15,pump_le0,tdec_30_70,fund_none,crowd_ge5,btc_down,-0.026178488310186876,0.5559062185644076,,-0.20958103926125704
CRWDUSDT,2026-06-09,e2526,105682,long,2,-0.01940851609926322,0.0002723,-0.02363621609926322,-0.02813621609926322,15,pump_le0,tdec_30_70,fund_none,crowd_ge5,btc_down,-0.026178488310186876,0.5559062185644076,,-0.20958103926125704
CRWVUSDT,2026-05-19,e2526,105679,short,1,-0.05366142899496004,0.0,-0.05816142899496004,-0.06266142899496004,0,pump_le0,tdec_ge70,fund_none,crowd_ge5,btc_up,-0.025144508670520205,1.002482065458353,,0.02269689576870859
CRWVUSDT,2026-05-19,e2526,105679,long,1,0.05366142899496004,-0.0,0.049161428994960045,0.04466142899496004,0,pump_le0,tdec_ge70,fund_none,crowd_ge5,btc_up,-0.025144508670520205,1.002482065458353,,0.02269689576870859
CRWVUSDT,2026-05-19,e2526,105679,short,2,0.019586206896551682,0.0,0.015086206896551681,0.010586206896551683,0,pump_le0,tdec_ge70,fund_none,crowd_ge5,btc_up,-0.025144508670520205,1.8948811639164485,,0.017014426870734844
CRWVUSDT,2026-05-19,e2526,105679,long,2,-0.019586206896551682,-0.0,-0.024086206896551682,-0.028586206896551683,0,pump_le0,tdec_ge70,fund_none,crowd_ge5,btc_up,-0.025144508670520205,1.8948811639164485,,0.017014426870734844
CSCOUSDT,2026-05-16,e2526,105678,short,1,-0.02658503857765852,0.0,-0.03108503857765852,-0.03558503857765852,0,pump_0_25,tdec_lt30,fund_none,crowd_ge5,btc_up,0.008627981728979828,0.21222312127513607,,0.00519014521501826
CSCOUSDT,2026-05-16,e2526,105678,long,1,0.02658503857765852,-0.0,0.02208503857765852,0.017585038577658522,0,pump_0_25,tdec_lt30,fund_none,crowd_ge5,btc_up,0.008627981728979828,0.21222312127513607,,0.00519014521501826
CSCOUSDT,2026-05-16,e2526,105678,short,2,-0.029780432405148414,0.0,-0.034280432405148414,-0.03878043240514841,0,pump_0_25,tdec_ge70,fund_none,crowd_ge5,btc_up,0.008627981728979828,1.8654444941468835,,0.017307788901548715
CSCOUSDT,2026-05-16,e2526,105678,long,2,0.029780432405148414,-0.0,0.025280432405148413,0.020780432405148416,0,pump_0_25,tdec_ge70,fund_none,crowd_ge5,btc_up,0.008627981728979828,1.8654444941468835,,0.017307788901548715
CTRUSDT,2026-05-29,e2526,105680,short,1,0.18567164179104487,0.0,0.18117164179104486,0.17667164179104486,0,pump_le0,tdec_lt30,fund_none,crowd_ge5,btc_down,-0.02389277389277389,0.2615128466047438,,-0.03208947204260759
CTRUSDT,2026-05-29,e2526,105680,long,1,-0.18567164179104487,-0.0,-0.19017164179104487,-0.19467164179104487,0,pump_le0,tdec_lt30,fund_none,crowd_ge5,btc_down,-0.02389277389277389,0.2615128466047438,,-0.03208947204260759
CTRUSDT,2026-05-29,e2526,105680,short,2,0.27830687830687834,0.0,0.27380687830687833,0.26930687830687833,0,pump_le0,tdec_30_70,fund_none,crowd_ge5,btc_down,-0.02389277389277389,0.37748168677919014,,-0.05804685901370987
CTRUSDT,2026-05-29,e2526,105680,long,2,-0.27830687830687834,-0.0,-0.28280687830687834,-0.28730687830687834,0,pump_le0,tdec_30_70,fund_none,crowd_ge5,btc_down,-0.02389277389277389,0.37748168677919014,,-0.05804685901370987
CTSIUSDT,2021-10-26,e2122,105441,short,1,-0.1133229062988767,0.00500539,-0.11281751629887671,-0.1173175162988767,18,pump_le0,tdec_30_70,fund_flat,crowd_01,btc_up,-0.159636754689927,0.4616183424862451,0.00010000000347222237,0.38759799053669175
CTSIUSDT,2021-10-26,e2122,105441,long,1,0.1133229062988767,-0.00500539,0.1038175162988767,0.09931751629887671,18,pump_le0,tdec_30_70,fund_flat,crowd_01,btc_up,-0.159636754689927,0.4616183424862451,0.00010000000347222237,0.38759799053669175
CTSIUSDT,2021-10-26,e2122,105441,short,2,-0.07274969173859437,0.00460539,-0.07264430173859437,-0.07714430173859436,14,pump_le0,tdec_lt30,fund_flat,crowd_01,btc_up,-0.159636754689927,0.2350939667999352,0.00010000000347222237,0.4783582140509073
CTSIUSDT,2021-10-26,e2122,105441,long,2,0.07274969173859437,-0.00460539,0.06364430173859437,0.05914430173859437,14,pump_le0,tdec_lt30,fund_flat,crowd_01,btc_up,-0.159636754689927,0.2350939667999352,0.00010000000347222237,0.4783582140509073
CUDISUSDT,2025-08-21,e2526,105640,short,1,0.2998632712356862,-0.00111608,0.29424719123568616,0.28974719123568615,36,pump_0_25,tdec_ge70,fund_flat,crowd_24,btc_down,0.22623912815676417,2.30932533082959,0.00010000002083333768,-0.015297333496190446
CUDISUSDT,2025-08-21,e2526,105640,long,1,-0.2998632712356862,0.00111608,-0.30324719123568616,-0.30774719123568617,36,pump_0_25,tdec_ge70,fund_flat,crowd_24,btc_down,0.22623912815676417,2.30932533082959,0.00010000002083333768,-0.015297333496190446
CUDISUSDT,2025-08-21,e2526,105640,short,2,0.08242804345391412,-0.00119959,0.07672845345391412,0.07222845345391413,30,pump_0_25,tdec_30_70,fund_neg,crowd_24,btc_down,0.22623912815676417,0.5953655026206925,-0.00092216,-0.024660528867409437
CUDISUSDT,2025-08-21,e2526,105640,long,2,-0.08242804345391412,0.00119959,-0.08572845345391412,-0.09022845345391411,30,pump_0_25,tdec_30_70,fund_neg,crowd_24,btc_down,0.22623912815676417,0.5953655026206925,-0.00092216,-0.024660528867409437
CUSDT,2025-07-16,e2526,105635,short,1,-1.8878394332939787,-0.00854777,-1.9008872032939788,-1.9053872032939787,36,pump_le0,tdec_30_70,fund_pos,crowd_ge5,btc_up,-0.2927799607072691,0.481499919284143,0.00079608,0.1403586328319364
CUSDT,2025-07-16,e2526,105635,long,1,1.8878394332939787,0.00854777,1.8918872032939789,1.887387203293979,36,pump_le0,tdec_30_70,fund_pos,crowd_ge5,btc_up,-0.2927799607072691,0.481499919284143,0.00079608,0.1403586328319364
CUSDT,2025-07-16,e2526,105635,short,2,-0.3406628836729431,0.00157456,-0.3435883236729431,-0.3480883236729431,30,pump_le0,tdec_ge70,fund_flat,crowd_ge5,btc_up,-0.2927799607072691,5.504416366050683,0.0001,0.12461367053059713
CUSDT,2025-07-16,e2526,105635,long,2,0.3406628836729431,-0.00157456,0.3345883236729431,0.3300883236729431,30,pump_le0,tdec_ge70,fund_flat,crowd_ge5,btc_up,-0.2927799607072691,5.504416366050683,0.0001,0.12461367053059713
CVXUSDT,2022-09-23,e2122,105488,short,1,-0.04082927861222754,0.0012445400000000001,-0.04408473861222754,-0.04858473861222754,18,pump_le0,tdec_ge70,fund_flat,crowd_01,btc_down,-0.005260942760942688,0.8685666143489297,0.00010000001736111412,-0.12239016534947067
CVXUSDT,2022-09-23,e2122,105488,long,1,0.04082927861222754,-0.0012445400000000001,0.035084738612227544,0.03058473861222754,18,pump_le0,tdec_ge70,fund_flat,crowd_01,btc_down,-0.005260942760942688,0.8685666143489297,0.00010000001736111412,-0.12239016534947067
CVXUSDT,2022-09-23,e2122,105488,short,2,-0.07072905331882486,0.0009445400000000001,-0.07428451331882487,-0.07878451331882486,15,pump_le0,tdec_30_70,fund_flat,crowd_01,btc_down,-0.005260942760942688,0.5634454458714522,0.00010000000694444493,-0.07064220637015728
CVXUSDT,2022-09-23,e2122,105488,long,2,0.07072905331882486,-0.0009445400000000001,0.06528451331882486,0.06078451331882486,15,pump_le0,tdec_30_70,fund_flat,crowd_01,btc_down,-0.005260942760942688,0.5634454458714522,0.00010000000694444493,-0.07064220637015728
CYBERUSDT,2023-08-22,e2324,105536,short,1,-0.7425790754257906,-0.01832479,-0.7654038654257905,-0.7699038654257906,17,pump_le0,tdec_30_70,fund_neg,crowd_01,btc_down,-0.15985282093213404,0.42645611928875277,-0.00207458,-0.09410982107955745
CYBERUSDT,2023-08-22,e2324,105536,long,1,0.7425790754257906,0.01832479,0.7564038654257906,0.7519038654257906,17,pump_le0,tdec_30_70,fund_neg,crowd_01,btc_down,-0.15985282093213404,0.42645611928875277,-0.00207458,-0.09410982107955745
CYBERUSDT,2023-08-22,e2324,105536,short,2,-0.8439752832131823,-0.0081536,-0.8566288832131822,-0.8611288832131823,14,pump_le0,tdec_lt30,fund_neg,crowd_01,btc_down,-0.15985282093213404,0.2020092644095647,-0.00372484,-0.10445196688150116
CYBERUSDT,2023-08-22,e2324,105536,long,2,0.8439752832131823,0.0081536,0.8476288832131823,0.8431288832131822,14,pump_le0,tdec_lt30,fund_neg,crowd_01,btc_down,-0.15985282093213404,0.2020092644095647,-0.00372484,-0.10445196688150116
CYSUSDT,2025-12-13,e2526,105656,short,1,0.0012414649286158022,0.01711505,0.013856514928615803,0.009356514928615804,35,pump_0_25,tdec_ge70,fund_pos,crowd_ge5,btc_down,0.09629125552909157,1.8310979630513498,0.00157084,-0.06796876404755825
CYSUSDT,2025-12-13,e2526,105656,long,1,-0.0012414649286158022,-0.01711505,-0.022856514928615804,-0.0273565149286158,35,pump_0_25,tdec_ge70,fund_pos,crowd_ge5,btc_down,0.09629125552909157,1.8310979630513498,0.00157084,-0.06796876404755825
CYSUSDT,2025-12-13,e2526,105656,short,2,0.048210588583259495,0.01541987,0.0591304585832595,0.054630458583259496,30,pump_0_25,tdec_ge70,fund_flat,crowd_ge5,btc_down,0.09629125552909157,0.7097465554367636,0.0001,-0.09596453757470425
CYSUSDT,2025-12-13,e2526,105656,long,2,-0.048210588583259495,-0.01541987,-0.0681304585832595,-0.07263045858325949,30,pump_0_25,tdec_ge70,fund_flat,crowd_ge5,btc_down,0.09629125552909157,0.7097465554367636,0.0001,-0.09596453757470425
DAMUSDT,2025-08-19,e2526,105640,short,1,0.21215272619224476,0.00254036,0.21019308619224475,0.20569308619224475,36,pump_le0,tdec_30_70,fund_flat,crowd_24,btc_down,-0.298415676464457,0.6697364146357739,0.00011728,-0.02650383277280699
DAMUSDT,2025-08-19,e2526,105640,long,1,-0.21215272619224476,-0.00254036,-0.21919308619224476,-0.22369308619224476,36,pump_le0,tdec_30_70,fund_flat,crowd_24,btc_down,-0.298415676464457,0.6697364146357739,0.00011728,-0.02650383277280699
DAMUSDT,2025-08-19,e2526,105640,short,2,0.18976317799847203,0.00216976,0.18743293799847202,0.18293293799847202,30,pump_le0,tdec_30_70,fund_flat,crowd_24,btc_down,-0.298415676464457,0.3574527879082731,0.0001,-0.06276579520424819
DAMUSDT,2025-08-19,e2526,105640,long,2,-0.18976317799847203,-0.00216976,-0.19643293799847203,-0.20093293799847203,30,pump_le0,tdec_30_70,fund_flat,crowd_24,btc_down,-0.298415676464457,0.3574527879082731,0.0001,-0.06276579520424819
DARUSDT,2022-04-29,e2122,105467,short,1,-0.022988505747126457,0.0013645,-0.026124005747126457,-0.030624005747126454,17,pump_le0,tdec_30_70,fund_flat,crowd_01,btc_down,-0.39193548387096777,0.31329002154414526,0.00010000002083333768,-0.17341669230431156
DARUSDT,2022-04-29,e2122,105467,long,1,0.022988505747126457,-0.0013645,0.017124005747126456,0.012624005747126457,17,pump_le0,tdec_30_70,fund_flat,crowd_01,btc_down,-0.39193548387096777,0.31329002154414526,0.00010000002083333768,-0.17341669230431156
DARUSDT,2022-04-29,e2122,105467,short,2,0.11881188118811875,0.0011645000000000002,0.11547638118811875,0.11097638118811876,15,pump_le0,tdec_lt30,fund_flat,crowd_01,btc_down,-0.39193548387096777,0.18792766834443309,0.0001,-0.16914507783219712
DARUSDT,2022-04-29,e2122,105467,long,2,-0.11881188118811875,-0.0011645000000000002,-0.12447638118811875,-0.12897638118811874,15,pump_le0,tdec_lt30,fund_flat,crowd_01,btc_down,-0.39193548387096777,0.18792766834443309,0.0001,-0.16914507783219712
DEEPUSDT,2025-04-23,e2526,105623,short,1,-0.13010084427767366,-0.02526077,-0.15986161427767365,-0.16436161427767365,36,pump_le0,tdec_lt30,fund_neg,crowd_24,btc_up,-0.04125913434513784,0.275903777732815,-0.00451256,0.07510375438652717
DEEPUSDT,2025-04-23,e2526,105623,long,1,0.13010084427767366,0.02526077,0.15086161427767364,0.14636161427767364,36,pump_le0,tdec_lt30,fund_neg,crowd_24,btc_up,-0.04125913434513784,0.275903777732815,-0.00451256,0.07510375438652717
DEEPUSDT,2025-04-23,e2526,105623,short,2,-0.10218435498627629,-0.01918009,-0.12586444498627627,-0.13036444498627628,30,pump_le0,tdec_lt30,fund_neg,crowd_24,btc_up,-0.04125913434513784,0.21425896539777295,-0.00265582,0.08884151493315584
DEEPUSDT,2025-04-23,e2526,105623,long,2,0.10218435498627629,0.01918009,0.11686444498627628,0.11236444498627629,30,pump_le0,tdec_lt30,fund_neg,crowd_24,btc_up,-0.04125913434513784,0.21425896539777295,-0.00265582,0.08884151493315584
DEGENUSDT,2024-11-16,e2324,105600,short,1,0.22313065565962845,0.01032817,0.22895882565962844,0.22445882565962844,35,pump_le0,tdec_ge70,fund_pos,crowd_24,btc_up,-0.042486889108459436,1.7723140751666002,0.00180592,0.31417616119799185
DEGENUSDT,2024-11-16,e2324,105600,long,1,-0.22313065565962845,-0.01032817,-0.23795882565962845,-0.24245882565962845,35,pump_le0,tdec_ge70,fund_pos,crowd_24,btc_up,-0.042486889108459436,1.7723140751666002,0.00180592,0.31417616119799185
DEGENUSDT,2024-11-16,e2324,105600,short,2,0.15767277734744817,0.0079144,0.16108717734744815,0.15658717734744815,29,pump_le0,tdec_ge70,fund_flat,crowd_24,btc_up,-0.042486889108459436,1.0884238654390086,0.0001,0.3240380296999139
DEGENUSDT,2024-11-16,e2324,105600,long,2,-0.15767277734744817,-0.0079144,-0.17008717734744816,-0.17458717734744816,29,pump_le0,tdec_ge70,fund_flat,crowd_24,btc_up,-0.042486889108459436,1.0884238654390086,0.0001,0.3240380296999139
DEGOUSDT,2024-12-14,e2324,105604,short,1,0.06470772116286336,0.00175,0.06195772116286336,0.05745772116286336,35,pump_le0,tdec_30_70,fund_flat,crowd_ge5,btc_up,-0.14095437578882364,0.3186309072367062,0.0001,0.1469762151027838
DEGOUSDT,2024-12-14,e2324,105604,long,1,-0.06470772116286336,-0.00175,-0.07095772116286336,-0.07545772116286335,35,pump_le0,tdec_30_70,fund_flat,crowd_ge5,btc_up,-0.14095437578882364,0.3186309072367062,0.0001,0.1469762151027838
DEGOUSDT,2024-12-14,e2324,105604,short,2,0.06121552508550094,0.0014500000000000001,0.05816552508550094,0.05366552508550094,29,pump_le0,tdec_30_70,fund_flat,crowd_ge5,btc_up,-0.14095437578882364,0.49930848454816074,0.0001,0.16967497873532844
DEGOUSDT,2024-12-14,e2324,105604,long,2,-0.06121552508550094,-0.0014500000000000001,-0.06716552508550094,-0.07166552508550093,29,pump_le0,tdec_30_70,fund_flat,crowd_ge5,btc_up,-0.14095437578882364,0.49930848454816074,0.0001,0.16967497873532844
DELLUSDT,2026-06-04,e2526,105681,short,1,-0.01892785208903575,0.0,-0.02342785208903575,-0.027927852089035747,0,pump_le0,tdec_ge70,fund_none,crowd_ge5,btc_down,-0.04721367941936272,0.840194253902436,,-0.2502527948730866
DELLUSDT,2026-06-04,e2526,105681,long,1,0.01892785208903575,-0.0,0.014427852089035749,0.00992785208903575,0,pump_le0,tdec_ge70,fund_none,crowd_ge5,btc_down,-0.04721367941936272,0.840194253902436,,-0.2502527948730866
DELLUSDT,2026-06-04,e2526,105681,short,2,-0.011328395314862646,0.0,-0.015828395314862645,-0.020328395314862645,0,pump_le0,tdec_lt30,fund_none,crowd_ge5,btc_down,-0.04721367941936272,0.2570659927581392,,-0.23908770104564991
DELLUSDT,2026-06-04,e2526,105681,long,2,0.011328395314862646,-0.0,0.0068283953148626465,0.002328395314862647,0,pump_le0,tdec_lt30,fund_none,crowd_ge5,btc_down,-0.04721367941936272,0.2570659927581392,,-0.23908770104564991
DEXEUSDT,2024-12-25,e2324,105606,short,1,-0.11660566220960633,0.0007431600000000001,-0.12036250220960633,-0.12486250220960632,35,pump_le0,tdec_ge70,fund_flat,crowd_ge5,btc_up,-0.08981506663040517,0.9181787370070603,0.0001,0.04052970287346214
DEXEUSDT,2024-12-25,e2324,105606,long,1,0.11660566220960633,-0.0007431600000000001,0.11136250220960632,0.10686250220960633,35,pump_le0,tdec_ge70,fund_flat,crowd_ge5,btc_up,-0.08981506663040517,0.9181787370070603,0.0001,0.04052970287346214
DEXEUSDT,2024-12-25,e2324,105606,short,2,-0.22474395739451047,0.0015,-0.22774395739451048,-0.23224395739451048,30,pump_le0,tdec_ge70,fund_flat,crowd_ge5,btc_down,-0.08981506663040517,2.049916160475469,0.0001,-0.017165909669131674
DEXEUSDT,2024-12-25,e2324,105606,long,2,0.22474395739451047,-0.0015,0.21874395739451047,0.21424395739451046,30,pump_le0,tdec_ge70,fund_flat,crowd_ge5,btc_down,-0.08981506663040517,2.049916160475469,0.0001,-0.017165909669131674
DFUSDT,2024-12-31,e2324,105607,short,1,0.13620885357548237,0.00175,0.13345885357548237,0.12895885357548237,35,pump_le0,tdec_ge70,fund_flat,crowd_24,btc_down,-0.058760683760683774,1.6903331437449507,0.0001,-0.013657244461130258
DFUSDT,2024-12-31,e2324,105607,long,1,-0.13620885357548237,-0.00175,-0.14245885357548238,-0.14695885357548238,35,pump_le0,tdec_ge70,fund_flat,crowd_24,btc_down,-0.058760683760683774,1.6903331437449507,0.0001,-0.013657244461130258
DFUSDT,2024-12-31,e2324,105607,short,2,0.11025371214778434,0.0014500000000000001,0.10720371214778435,0.10270371214778436,29,pump_le0,tdec_ge70,fund_flat,crowd_24,btc_up,-0.058760683760683774,0.8424465501505776,0.0001,0.01099117640619185
DFUSDT,2024-12-31,e2324,105607,long,2,-0.11025371214778434,-0.0014500000000000001,-0.11620371214778435,-0.12070371214778434,29,pump_le0,tdec_ge70,fund_flat,crowd_24,btc_up,-0.058760683760683774,0.8424465501505776,0.0001,0.01099117640619185
DIAUSDT,2024-10-03,e2324,105594,short,1,-0.010075245504399971,-0.03361088,-0.04818612550439997,-0.052686125504399973,35,pump_0_25,tdec_ge70,fund_neg,crowd_24,btc_up,0.16560130816114182,3.6459668075079974,-0.00337984,0.07092267123193108
DIAUSDT,2024-10-03,e2324,105594,long,1,0.010075245504399971,0.03361088,0.039186125504399975,0.03468612550439997,35,pump_0_25,tdec_ge70,fund_neg,crowd_24,btc_up,0.16560130816114182,3.6459668075079974,-0.00337984,0.07092267123193108
DIAUSDT,2024-10-03,e2324,105594,short,2,0.06249999999999995,-0.00693352,0.051066479999999956,0.04656647999999995,29,pump_0_25,tdec_ge70,fund_neg,crowd_24,btc_up,0.16560130816114182,9.43170314768751,-0.00225042,0.10468121334314118
DIAUSDT,2024-10-03,e2324,105594,long,2,-0.06249999999999995,0.00693352,-0.06006647999999995,-0.06456647999999995,29,pump_0_25,tdec_ge70,fund_neg,crowd_24,btc_up,0.16560130816114182,9.43170314768751,-0.00225042,0.10468121334314118
DISUSDT,2026-05-16,e2526,105678,short,1,-0.00028935185185172574,0.0,-0.004789351851851725,-0.009289351851851726,0,pump_le0,tdec_ge70,fund_none,crowd_ge5,btc_up,-0.0012522878335420318,2.5478887077960524,,0.00519014521501826
DISUSDT,2026-05-16,e2526,105678,long,1,0.00028935185185172574,-0.0,-0.004210648148148274,-0.008710648148148273,0,pump_le0,tdec_ge70,fund_none,crowd_ge5,btc_up,-0.0012522878335420318,2.5478887077960524,,0.00519014521501826
DISUSDT,2026-05-16,e2526,105678,short,2,0.002980196116131535,0.0,-0.0015198038838684647,-0.006019803883868464,0,pump_le0,tdec_ge70,fund_none,crowd_ge5,btc_up,-0.0012522878335420318,4.157550196790768,,0.017307788901548715
DISUSDT,2026-05-16,e2526,105678,long,2,-0.002980196116131535,-0.0,-0.007480196116131535,-0.011980196116131533,0,pump_le0,tdec_ge70,fund_none,crowd_ge5,btc_up,-0.0012522878335420318,4.157550196790768,,0.017307788901548715
DKNGUSDT,2026-06-11,e2526,105682,short,1,0.09100274725274732,0.00061516,0.08711790725274732,0.08261790725274733,18,pump_0_25,tdec_ge70,fund_flat,crowd_ge5,btc_down,0.007263922518159882,0.7001104746559282,0.00018951,-0.19853244425722338
DKNGUSDT,2026-06-11,e2526,105682,long,1,-0.09100274725274732,-0.00061516,-0.09611790725274733,-0.10061790725274732,18,pump_0_25,tdec_ge70,fund_flat,crowd_ge5,btc_down,0.007263922518159882,0.7001104746559282,0.00018951,-0.19853244425722338
DKNGUSDT,2026-06-11,e2526,105682,short,2,0.07898399443284619,0.00054714,0.07503113443284619,0.0705311344328462,15,pump_0_25,tdec_lt30,fund_flat,crowd_ge5,btc_down,0.007263922518159882,0.20478564959352852,0.00006802,-0.20519340793027419
DKNGUSDT,2026-06-11,e2526,105682,long,2,-0.07898399443284619,-0.00054714,-0.0840311344328462,-0.08853113443284619,15,pump_0_25,tdec_lt30,fund_flat,crowd_ge5,btc_down,0.007263922518159882,0.20478564959352852,0.00006802,-0.20519340793027419
DMCUSDT,2025-06-25,e2526,105632,short,1,-1.222308288148722,-0.01551503,-1.2423233181487219,-1.2468233181487218,35,pump_le0,tdec_30_70,fund_flat,crowd_24,btc_down,-0.5242599189288786,0.38933810883947007,0.0001,-0.018143196806297834
DMCUSDT,2025-06-25,e2526,105632,long,1,1.222308288148722,0.01551503,1.233323318148722,1.228823318148722,35,pump_le0,tdec_30_70,fund_flat,crowd_24,btc_down,-0.5242599189288786,0.38933810883947007,0.0001,-0.018143196806297834
DMCUSDT,2025-06-25,e2526,105632,short,2,-0.986842105263158,-0.01475628,-1.006098385263158,-1.010598385263158,30,pump_le0,tdec_lt30,fund_neg,crowd_24,btc_down,-0.5242599189288786,0.27066142434463974,-0.00065116,-0.006613251939463383
DMCUSDT,2025-06-25,e2526,105632,long,2,0.986842105263158,0.01475628,0.9970983852631581,0.992598385263158,30,pump_le0,tdec_lt30,fund_neg,crowd_24,btc_down,-0.5242599189288786,0.27066142434463974,-0.00065116,-0.006613251939463383
DODOXUSDT,2023-08-09,e2324,105534,short,1,0.05225863596102748,-0.00889246,0.03886617596102748,0.03436617596102748,17,pump_le0,tdec_lt30,fund_flat,crowd_01,btc_down,-0.11934477379095165,0.25313752038082815,-0.00043316,-0.03805164595339838
DODOXUSDT,2023-08-09,e2324,105534,long,1,-0.05225863596102748,0.00889246,-0.04786617596102748,-0.05236617596102748,17,pump_le0,tdec_lt30,fund_flat,crowd_01,btc_down,-0.11934477379095165,0.25313752038082815,-0.00043316,-0.03805164595339838
DODOXUSDT,2023-08-09,e2324,105534,short,2,0.0775862068965518,-0.00373574,0.06935046689655179,0.0648504668965518,14,pump_le0,tdec_30_70,fund_neg,crowd_01,btc_down,-0.11934477379095165,0.30098576670868876,-0.00093069,-0.03139395895142738
DODOXUSDT,2023-08-09,e2324,105534,long,2,-0.0775862068965518,0.00373574,-0.0783504668965518,-0.08285046689655179,14,pump_le0,tdec_30_70,fund_neg,crowd_01,btc_down,-0.11934477379095165,0.30098576670868876,-0.00093069,-0.03139395895142738
DOGSUSDT,2024-08-27,e2324,105589,short,1,0.31027948839412595,0.0018395,0.30761898839412594,0.30311898839412593,35,pump_0_25,tdec_ge70,fund_flat,crowd_ge5,btc_down,0.2096430910281597,2.0352626831707883,0.0001,-0.1159550561797753
DOGSUSDT,2024-08-27,e2324,105589,long,1,-0.31027948839412595,-0.0018395,-0.31661898839412594,-0.32111898839412595,35,pump_0_25,tdec_ge70,fund_flat,crowd_ge5,btc_down,0.2096430910281597,2.0352626831707883,0.0001,-0.1159550561797753
DOGSUSDT,2024-08-27,e2324,105589,short,2,0.22043750956096064,0.0015122500000000001,0.21744975956096063,0.21294975956096063,29,pump_0_25,tdec_ge70,fund_flat,crowd_ge5,btc_down,0.2096430910281597,1.0692324642383353,0.0001,-0.10332787680643551
DOGSUSDT,2024-08-27,e2324,105589,long,2,-0.22043750956096064,-0.0015122500000000001,-0.22644975956096064,-0.23094975956096064,29,pump_0_25,tdec_ge70,fund_flat,crowd_ge5,btc_down,0.2096430910281597,1.0692324642383353,0.0001,-0.10332787680643551
DOLOUSDT,2025-05-01,e2526,105624,short,1,0.21918823747451663,0.00189584,0.21658407747451663,0.21208407747451663,35,pump_25_100,tdec_lt30,fund_pos,crowd_ge5,btc_up,0.34891666666666654,0.2632663559791552,0.00138548,0.17392353285623696
DOLOUSDT,2025-05-01,e2526,105624,long,1,-0.21918823747451663,-0.00189584,-0.22558407747451664,-0.23008407747451665,35,pump_25_100,tdec_lt30,fund_pos,crowd_ge5,btc_up,0.34891666666666654,0.2632663559791552,0.00138548,0.17392353285623696
DOLOUSDT,2025-05-01,e2526,105624,short,2,0.04222790565501566,0.0015243000000000001,0.039252205655015665,0.03475220565501566,30,pump_25_100,tdec_lt30,fund_flat,crowd_ge5,btc_up,0.34891666666666654,0.2242131571119308,0.0001,0.15173806675763246
DOLOUSDT,2025-05-01,e2526,105624,long,2,-0.04222790565501566,-0.0015243000000000001,-0.04825220565501566,-0.05275220565501566,30,pump_25_100,tdec_lt30,fund_flat,crowd_ge5,btc_up,0.34891666666666654,0.2242131571119308,0.0001,0.15173806675763246
DOODUSDT,2025-05-10,e2526,105625,short,1,0.3428173556141894,0.00182288,0.34014023561418943,0.33564023561418943,36,pump_le0,tdec_30_70,fund_flat,crowd_ge5,btc_up,-0.19885382781581384,0.5879553590987275,0.0001,0.2481988718887287
DOODUSDT,2025-05-10,e2526,105625,long,1,-0.3428173556141894,-0.00182288,-0.34914023561418944,-0.35364023561418945,36,pump_le0,tdec_30_70,fund_flat,crowd_ge5,btc_up,-0.19885382781581384,0.5879553590987275,0.0001,0.2481988718887287
DOODUSDT,2025-05-10,e2526,105625,short,2,0.24708628623249254,0.0014500000000000001,0.24403628623249254,0.23953628623249254,29,pump_le0,tdec_30_70,fund_flat,crowd_ge5,btc_up,-0.19885382781581384,0.6763663447487697,0.0001,0.20532557151873942
DOODUSDT,2025-05-10,e2526,105625,long,2,-0.24708628623249254,-0.0014500000000000001,-0.2530362862324925,-0.25753628623249253,29,pump_le0,tdec_30_70,fund_flat,crowd_ge5,btc_up,-0.19885382781581384,0.6763663447487697,0.0001,0.20532557151873942
DRAMUSDT,2026-05-19,e2526,105679,short,1,-0.20259037309104977,0.0,-0.20709037309104977,-0.21159037309104978,0,pump_0_25,tdec_ge70,fund_none,crowd_ge5,btc_up,0.03896364731873869,1.0116953917198948,,0.02269689576870859
DRAMUSDT,2026-05-19,e2526,105679,long,1,0.20259037309104977,-0.0,0.19809037309104977,0.19359037309104976,0,pump_0_25,tdec_ge70,fund_none,crowd_ge5,btc_up,0.03896364731873869,1.0116953917198948,,0.02269689576870859
DRAMUSDT,2026-05-19,e2526,105679,short,2,-0.1348048157606713,0.0,-0.1393048157606713,-0.1438048157606713,0,pump_0_25,tdec_ge70,fund_none,crowd_ge5,btc_up,0.03896364731873869,1.3841384578279134,,0.017014426870734844
DRAMUSDT,2026-05-19,e2526,105679,long,2,0.1348048157606713,-0.0,0.1303048157606713,0.1258048157606713,0,pump_0_25,tdec_ge70,fund_none,crowd_ge5,btc_up,0.03896364731873869,1.3841384578279134,,0.017014426870734844
DRIFTUSDT,2024-11-09,e2324,105599,short,1,0.3116378582287034,-0.00426055,0.3028773082287034,0.2983773082287034,36,pump_25_100,tdec_30_70,fund_flat,crowd_ge5,btc_up,0.27282499641679814,0.34237610486664094,0.0001,0.28637476203426715
DRIFTUSDT,2024-11-09,e2324,105599,long,1,-0.3116378582287034,0.00426055,-0.3118773082287034,-0.3163773082287034,36,pump_25_100,tdec_30_70,fund_flat,crowd_ge5,btc_up,0.27282499641679814,0.34237610486664094,0.0001,0.28637476203426715
DRIFTUSDT,2024-11-09,e2324,105599,short,2,0.23816051844466607,0.0050910799999999996,0.23875159844466606,0.23425159844466606,30,pump_25_100,tdec_lt30,fund_neg,crowd_ge5,btc_up,0.27282499641679814,0.1363147439510507,-0.0031589,0.4044716347980244
DRIFTUSDT,2024-11-09,e2324,105599,long,2,-0.23816051844466607,-0.0050910799999999996,-0.24775159844466607,-0.25225159844466605,30,pump_25_100,tdec_lt30,fund_neg,crowd_ge5,btc_up,0.27282499641679814,0.1363147439510507,-0.0031589,0.4044716347980244
DUSDT,2025-01-10,e2526,105608,short,1,0.14821081656953047,0.00175,0.14546081656953047,0.14096081656953047,35,pump_le0,tdec_30_70,fund_flat,crowd_ge5,btc_down,-0.11937086092715232,0.5431982683013016,0.0001,-0.05420854070316372
DUSDT,2025-01-10,e2526,105608,long,1,-0.14821081656953047,-0.00175,-0.15446081656953048,-0.15896081656953048,35,pump_le0,tdec_30_70,fund_flat,crowd_ge5,btc_down,-0.11937086092715232,0.5431982683013016,0.0001,-0.05420854070316372
DUSDT,2025-01-10,e2526,105608,short,2,0.0765049599130316,0.0014500000000000001,0.07345495991303161,0.06895495991303162,29,pump_le0,tdec_30_70,fund_flat,crowd_ge5,btc_down,-0.11937086092715232,0.48165452550117244,0.0001,-0.06778998913900203
DUSDT,2025-01-10,e2526,105608,long,2,-0.0765049599130316,-0.0014500000000000001,-0.08245495991303162,-0.08695495991303161,29,pump_le0,tdec_30_70,fund_flat,crowd_ge5,btc_down,-0.11937086092715232,0.48165452550117244,0.0001,-0.06778998913900203
DUSKUSDT,2022-01-07,e2122,105451,short,1,-0.513576195509837,-0.00333229,-0.521408485509837,-0.525908485509837,18,pump_le0,tdec_ge70,fund_flat,crowd_01,btc_down,-0.15240706071142018,2.673427248273047,-0.00006182000214652786,-0.12309086120754498
DUSKUSDT,2022-01-07,e2122,105451,long,1,0.513576195509837,0.00333229,0.5124084855098371,0.507908485509837,18,pump_le0,tdec_ge70,fund_flat,crowd_01,btc_down,-0.15240706071142018,2.673427248273047,-0.00006182000214652786,-0.12309086120754498
DUSKUSDT,2022-01-07,e2122,105451,short,2,-0.4525482239651152,-0.00365864,-0.4607068639651152,-0.4652068639651152,14,pump_le0,tdec_ge70,fund_flat,crowd_01,btc_down,-0.15240706071142018,2.2799557314681906,0.0001,-0.1121242947321971
DUSKUSDT,2022-01-07,e2122,105451,long,2,0.4525482239651152,0.00365864,0.45170686396511517,0.44720686396511516,14,pump_le0,tdec_ge70,fund_flat,crowd_01,btc_down,-0.15240706071142018,2.2799557314681906,0.0001,-0.1121242947321971
DYDXUSDT,2021-09-10,e2122,105434,short,1,-0.5085411528272586,0.00242652,-0.5106146328272586,-0.5151146328272587,17,pump_le0,tdec_ge70,fund_flat,crowd_01,btc_up,-0.17524297445942894,0.9230315882874072,0.00010000000173611115,0.018219857163745745
DYDXUSDT,2021-09-10,e2122,105434,long,1,0.5085411528272586,-0.00242652,0.5016146328272587,0.49711463282725865,17,pump_le0,tdec_ge70,fund_flat,crowd_01,btc_up,-0.17524297445942894,0.9230315882874072,0.00010000000173611115,0.018219857163745745
DYDXUSDT,2021-09-10,e2122,105434,short,2,-0.46089879688605795,0.00211792,-0.46328087688605796,-0.46778087688605796,14,pump_le0,tdec_ge70,fund_flat,crowd_01,btc_down,-0.17524297445942894,0.7014177167326885,0.0001,-0.036528519525649505
DYDXUSDT,2021-09-10,e2122,105434,long,2,0.46089879688605795,-0.00211792,0.45428087688605795,0.44978087688605795,14,pump_le0,tdec_ge70,fund_flat,crowd_01,btc_down,-0.17524297445942894,0.7014177167326885,0.0001,-0.036528519525649505
DYMUSDT,2024-02-08,e2324,105560,short,1,-0.06549083948591743,0.00777694,-0.06221389948591742,-0.06671389948591742,36,pump_25_100,tdec_ge70,fund_flat,crowd_24,btc_up,0.2757718472004187,0.8079672420946123,0.0001,0.009712212485722072
DYMUSDT,2024-02-08,e2324,105560,long,1,0.06549083948591743,-0.00777694,0.053213899485917426,0.04871389948591742,36,pump_25_100,tdec_ge70,fund_flat,crowd_24,btc_up,0.2757718472004187,0.8079672420946123,0.0001,0.009712212485722072
DYMUSDT,2024-02-08,e2324,105560,short,2,-0.04505833445085159,0.00740579,-0.042152544450851585,-0.04665254445085159,29,pump_25_100,tdec_lt30,fund_flat,crowd_24,btc_up,0.2757718472004187,0.29580731271236427,0.0001,0.030100695328651783
DYMUSDT,2024-02-08,e2324,105560,long,2,0.04505833445085159,-0.00740579,0.03315254445085159,0.028652544450851587,29,pump_25_100,tdec_lt30,fund_flat,crowd_24,btc_up,0.2757718472004187,0.29580731271236427,0.0001,0.030100695328651783
EBAYUSDT,2026-06-10,e2526,105682,short,1,0.012109623964308461,0.00162536,0.009234983964308462,0.004734983964308461,18,pump_0_25,tdec_ge70,fund_none,crowd_ge5,btc_down,0.011325966850828761,1.014875484561335,,-0.20958103926125704
EBAYUSDT,2026-06-10,e2526,105682,long,1,-0.012109623964308461,-0.00162536,-0.01823498396430846,-0.02273498396430846,18,pump_0_25,tdec_ge70,fund_none,crowd_ge5,btc_down,0.011325966850828761,1.014875484561335,,-0.20958103926125704
EBAYUSDT,2026-06-10,e2526,105682,short,2,0.0034900808229242786,0.00061147,-0.0003984491770757208,-0.0048984491770757204,15,pump_0_25,tdec_ge70,fund_flat,crowd_ge5,btc_down,0.011325966850828761,0.849410601171118,0.0,-0.19853244425722338
EBAYUSDT,2026-06-10,e2526,105682,long,2,-0.0034900808229242786,-0.00061147,-0.008601550822924279,-0.013101550822924277,15,pump_0_25,tdec_ge70,fund_flat,crowd_ge5,btc_down,0.011325966850828761,0.849410601171118,0.0,-0.19853244425722338
EDENUSDT,2025-10-01,e2526,105646,short,1,0.20911245720305496,0.00256929,0.20718174720305496,0.20268174720305496,36,pump_le0,tdec_30_70,fund_flat,crowd_ge5,btc_up,-0.04837092731829584,0.48631543570799723,0.0001,0.08358186135194456
EDENUSDT,2025-10-01,e2526,105646,long,1,-0.20911245720305496,-0.00256929,-0.21618174720305497,-0.22068174720305497,36,pump_le0,tdec_30_70,fund_flat,crowd_ge5,btc_up,-0.04837092731829584,0.48631543570799723,0.0001,0.08358186135194456
EDENUSDT,2025-10-01,e2526,105646,short,2,0.16929460580912858,0.0022578900000000002,0.1670524958091286,0.1625524958091286,30,pump_le0,tdec_lt30,fund_flat,crowd_ge5,btc_up,-0.04837092731829584,0.25226477224816274,0.0001228,0.09424072047415444
EDENUSDT,2025-10-01,e2526,105646,long,2,-0.16929460580912858,-0.0022578900000000002,-0.1760524958091286,-0.1805524958091286,30,pump_le0,tdec_lt30,fund_flat,crowd_ge5,btc_up,-0.04837092731829584,0.25226477224816274,0.0001228,0.09424072047415444
EDGEUSDT,2026-03-20,e2526,105670,short,1,0.2030889145496535,0.0018000000000000002,0.2003889145496535,0.1958889145496535,36,pump_0_25,tdec_30_70,fund_flat,crowd_24,btc_up,0.1047679795885823,0.3659289742254062,0.0001,0.028481201660345734
EDGEUSDT,2026-03-20,e2526,105670,long,1,-0.2030889145496535,-0.0018000000000000002,-0.2093889145496535,-0.2138889145496535,36,pump_0_25,tdec_30_70,fund_flat,crowd_24,btc_up,0.1047679795885823,0.3659289742254062,0.0001,0.028481201660345734
EDGEUSDT,2026-03-20,e2526,105670,short,2,0.2623914495657983,0.0014500000000000001,0.2593414495657983,0.2548414495657983,29,pump_0_25,tdec_30_70,fund_flat,crowd_24,btc_down,0.1047679795885823,0.5513786515239331,0.0001,-0.0021874305854869824
EDGEUSDT,2026-03-20,e2526,105670,long,2,-0.2623914495657983,-0.0014500000000000001,-0.2683414495657983,-0.2728414495657983,29,pump_0_25,tdec_30_70,fund_flat,crowd_24,btc_down,0.1047679795885823,0.5513786515239331,0.0001,-0.0021874305854869824
EDUUSDT,2023-05-01,e2324,105520,short,1,0.18493757551349177,0.0017136200000000001,0.18215119551349176,0.17765119551349176,18,pump_le0,tdec_ge70,fund_flat,crowd_01,btc_up,-0.08679661640308933,0.7140282202053647,0.00009999998958333443,0.017588028919222065
EDUUSDT,2023-05-01,e2324,105520,long,1,-0.18493757551349177,-0.0017136200000000001,-0.19115119551349177,-0.19565119551349178,18,pump_le0,tdec_ge70,fund_flat,crowd_01,btc_up,-0.08679661640308933,0.7140282202053647,0.00009999998958333443,0.017588028919222065
EDUUSDT,2023-05-01,e2324,105520,short,2,0.139467641806276,0.0013136200000000002,0.13628126180627598,0.13178126180627597,14,pump_le0,tdec_ge70,fund_flat,crowd_01,btc_up,-0.08679661640308933,0.7264628525647532,0.00009999998958333443,0.04434951288593947
EDUUSDT,2023-05-01,e2324,105520,long,2,-0.139467641806276,-0.0013136200000000002,-0.14528126180627599,-0.149781261806276,14,pump_le0,tdec_ge70,fund_flat,crowd_01,btc_up,-0.08679661640308933,0.7264628525647532,0.00009999998958333443,0.04434951288593947
EIGENUSDT,2024-10-02,e2324,105594,short,1,-0.09367541766109787,0.00175,-0.09642541766109787,-0.10092541766109786,35,pump_le0,tdec_30_70,fund_flat,crowd_24,btc_up,-0.16554642768235017,0.6963752522913718,0.0001,0.057009428756925384
EIGENUSDT,2024-10-02,e2324,105594,long,1,0.09367541766109787,-0.00175,0.08742541766109786,0.08292541766109787,35,pump_le0,tdec_30_70,fund_flat,crowd_24,btc_up,-0.16554642768235017,0.6963752522913718,0.0001,0.057009428756925384
EIGENUSDT,2024-10-02,e2324,105594,short,2,-0.02488118535085266,0.0014500000000000001,-0.02793118535085266,-0.03243118535085266,29,pump_le0,tdec_30_70,fund_flat,crowd_24,btc_up,-0.16554642768235017,0.5142887887628826,0.0001,0.07092267123193108
EIGENUSDT,2024-10-02,e2324,105594,long,2,0.02488118535085266,-0.0014500000000000001,0.01893118535085266,0.01443118535085266,29,pump_le0,tdec_30_70,fund_flat,crowd_24,btc_up,-0.16554642768235017,0.5142887887628826,0.0001,0.07092267123193108
ELSAUSDT,2026-01-23,e2526,105662,short,1,0.16612422023325193,-0.04755082,0.11407340023325194,0.10957340023325195,50,pump_le0,tdec_30_70,fund_neg,crowd_24,btc_up,-0.13880291970802927,0.41880058712909585,-0.00072168,0.022916217419032048
ELSAUSDT,2026-01-23,e2526,105662,long,1,-0.16612422023325193,0.04755082,-0.12307340023325195,-0.12757340023325195,50,pump_le0,tdec_30_70,fund_neg,crowd_24,btc_up,-0.13880291970802927,0.41880058712909585,-0.00072168,0.022916217419032048
ELSAUSDT,2026-01-23,e2526,105662,short,2,-0.010102669404517527,-0.04557832,-0.06018098940451752,-0.06468098940451752,29,pump_le0,tdec_30_70,fund_flat,crowd_24,btc_down,-0.13880291970802927,0.3495756420436185,0.0004,-0.007894116003307472
ELSAUSDT,2026-01-23,e2526,105662,long,2,0.010102669404517527,0.04557832,0.05118098940451753,0.04668098940451752,29,pump_le0,tdec_30_70,fund_flat,crowd_24,btc_down,-0.13880291970802927,0.3495756420436185,0.0004,-0.007894116003307472
ENAUSDT,2024-04-03,e2324,105568,short,1,-0.5005149330587025,-0.00647568,-0.5114906130587025,-0.5159906130587025,35,pump_25_100,tdec_ge70,fund_flat,crowd_01,btc_up,0.25777202072538863,0.7574822311525825,0.0001,0.07439519101955527
ENAUSDT,2024-04-03,e2324,105568,long,1,0.5005149330587025,0.00647568,0.5024906130587026,0.4979906130587025,35,pump_25_100,tdec_ge70,fund_flat,crowd_01,btc_up,0.25777202072538863,0.7574822311525825,0.0001,0.07439519101955527
ENAUSDT,2024-04-03,e2324,105568,short,2,-0.4340551181102363,-0.00319905,-0.44175416811023627,-0.44625416811023627,29,pump_25_100,tdec_30_70,fund_neg,crowd_01,btc_up,0.25777202072538863,0.6023822068322227,-0.00163552,0.025671386294177312
ENAUSDT,2024-04-03,e2324,105568,long,2,0.4340551181102363,0.00319905,0.43275416811023626,0.42825416811023626,29,pump_25_100,tdec_30_70,fund_neg,crowd_01,btc_up,0.25777202072538863,0.6023822068322227,-0.00163552,0.025671386294177312
ENSOUSDT,2025-10-15,e2526,105648,short,1,0.3538862353452019,-0.020318450000000002,0.3290677853452019,0.3245677853452019,36,pump_le0,tdec_30_70,fund_neg,crowd_ge5,btc_down,-0.26374680306905374,0.40101547206076477,-0.0009439199344500047,-0.07381669640325739
ENSOUSDT,2025-10-15,e2526,105648,long,1,-0.3538862353452019,0.020318450000000002,-0.33806778534520193,-0.34256778534520194,36,pump_le0,tdec_30_70,fund_neg,crowd_ge5,btc_down,-0.26374680306905374,0.40101547206076477,-0.0009439199344500047,-0.07381669640325739
ENSOUSDT,2025-10-15,e2526,105648,short,2,0.22175732217573219,-0.01862861,0.1986287121757322,0.1941287121757322,29,pump_le0,tdec_30_70,fund_flat,crowd_ge5,btc_down,-0.26374680306905374,0.34302032775462094,-0.0002696599906368059,-0.08611412985116296
ENSOUSDT,2025-10-15,e2526,105648,long,2,-0.22175732217573219,0.01862861,-0.2076287121757322,-0.2121287121757322,29,pump_le0,tdec_30_70,fund_flat,crowd_ge5,btc_down,-0.26374680306905374,0.34302032775462094,-0.0002696599906368059,-0.08611412985116296
ENSUSDT,2021-11-30,e2122,105446,short,1,0.21817256377826452,0.00147547,0.21514803377826452,0.21064803377826452,17,pump_le0,tdec_ge70,fund_flat,crowd_01,btc_down,-0.0849117854622441,0.9786153654880797,0.0001,-0.061263606390706604
ENSUSDT,2021-11-30,e2122,105446,long,1,-0.21817256377826452,-0.00147547,-0.22414803377826453,-0.22864803377826454,17,pump_le0,tdec_ge70,fund_flat,crowd_01,btc_down,-0.0849117854622441,0.9786153654880797,0.0001,-0.061263606390706604
ENSUSDT,2021-11-30,e2122,105446,short,2,0.17868658554369135,0.0012754700000000001,0.17546205554369135,0.17096205554369134,15,pump_le0,tdec_ge70,fund_flat,crowd_01,btc_down,-0.0849117854622441,1.0131084158271433,0.00009999999826388893,-0.10674052965312397
ENSUSDT,2021-11-30,e2122,105446,long,2,-0.17868658554369135,-0.0012754700000000001,-0.18446205554369136,-0.18896205554369136,15,pump_le0,tdec_ge70,fund_flat,crowd_01,btc_down,-0.0849117854622441,1.0131084158271433,0.00009999999826388893,-0.10674052965312397
EPICUSDT,2025-03-14,e2526,105617,short,1,0.27089792336940627,0.00135165,0.26774957336940625,0.26324957336940624,35,pump_0_25,tdec_ge70,fund_neg,crowd_01,btc_down,0.06843749999999993,0.9568956546735744,-0.00057242,-0.12694308030397505
EPICUSDT,2025-03-14,e2526,105617,long,1,-0.27089792336940627,-0.00135165,-0.27674957336940625,-0.28124957336940626,35,pump_0_25,tdec_ge70,fund_neg,crowd_01,btc_down,0.06843749999999993,0.9568956546735744,-0.00057242,-0.12694308030397505
EPICUSDT,2025-03-14,e2526,105617,short,2,0.20403601762564666,0.00105462,0.20059063762564666,0.19609063762564666,29,pump_0_25,tdec_30_70,fund_flat,crowd_01,btc_down,0.06843749999999993,0.45051069636972785,0.0001,-0.15294252866485847
EPICUSDT,2025-03-14,e2526,105617,long,2,-0.20403601762564666,-0.00105462,-0.20959063762564667,-0.21409063762564667,29,pump_0_25,tdec_30_70,fund_flat,crowd_01,btc_down,0.06843749999999993,0.45051069636972785,0.0001,-0.15294252866485847
EPTUSDT,2025-04-22,e2526,105623,short,1,0.15555006587615283,-0.000021109999999999935,0.15102895587615284,0.14652895587615283,35,pump_le0,tdec_30_70,fund_flat,crowd_24,btc_up,-0.10600706713780916,0.6141708713874837,0.0001,0.0705289298152143
EPTUSDT,2025-04-22,e2526,105623,long,1,-0.15555006587615283,0.000021109999999999935,-0.16002895587615285,-0.16452895587615285,35,pump_le0,tdec_30_70,fund_flat,crowd_24,btc_up,-0.10600706713780916,0.6141708713874837,0.0001,0.0705289298152143
EPTUSDT,2025-04-22,e2526,105623,short,2,0.13968120805369125,0.00212766,0.13730886805369125,0.13280886805369124,30,pump_le0,tdec_30_70,fund_neg,crowd_24,btc_up,-0.10600706713780916,0.39763850215931856,-0.00118296,0.07510375438652717
EPTUSDT,2025-04-22,e2526,105623,long,2,-0.13968120805369125,-0.00212766,-0.14630886805369125,-0.15080886805369126,30,pump_le0,tdec_30_70,fund_neg,crowd_24,btc_up,-0.10600706713780916,0.39763850215931856,-0.00118296,0.07510375438652717
ERAUSDT,2025-07-18,e2526,105635,short,1,-0.03309692671394815,-0.03921532,-0.07681224671394815,-0.08131224671394814,80,pump_le0,tdec_30_70,fund_neg,crowd_24,btc_up,-0.27181526771933995,0.33337124153623193,-0.01167632,0.12625624838084581
ERAUSDT,2025-07-18,e2526,105635,long,1,0.03309692671394815,0.03921532,0.06781224671394814,0.06331224671394815,80,pump_le0,tdec_30_70,fund_neg,crowd_24,btc_up,-0.27181526771933995,0.33337124153623193,-0.01167632,0.12625624838084581
ERAUSDT,2025-07-18,e2526,105635,short,2,-0.0080337257397391,-0.02763262,-0.040166345739739095,-0.0446663457397391,57,pump_le0,tdec_lt30,fund_flat,crowd_24,btc_up,-0.27181526771933995,0.21948713248451795,0.0001,0.13530680577765164
ERAUSDT,2025-07-18,e2526,105635,long,2,0.0080337257397391,0.02763262,0.031166345739739098,0.026666345739739097,57,pump_le0,tdec_lt30,fund_flat,crowd_24,btc_up,-0.27181526771933995,0.21948713248451795,0.0001,0.13530680577765164
ESPORTSUSDT,2025-07-30,e2526,105637,short,1,0.029930928626247022,0.00270176,0.02813268862624702,0.02363268862624702,36,pump_0_25,tdec_ge70,fund_flat,crowd_24,btc_up,0.032488114104595844,2.4363576764066006,0.0001,0.09522529319496131
ESPORTSUSDT,2025-07-30,e2526,105637,long,1,-0.029930928626247022,-0.00270176,-0.03713268862624702,-0.04163268862624702,36,pump_0_25,tdec_ge70,fund_flat,crowd_24,btc_up,0.032488114104595844,2.4363576764066006,0.0001,0.09522529319496131
ESPORTSUSDT,2025-07-30,e2526,105637,short,2,-0.042904290429042986,0.00240176,-0.04500253042904298,-0.049502530429042985,30,pump_0_25,tdec_30_70,fund_flat,crowd_24,btc_up,0.032488114104595844,0.40478689983620414,0.0001,0.04085294117647065
ESPORTSUSDT,2025-07-30,e2526,105637,long,2,0.042904290429042986,-0.00240176,0.036002530429042987,0.03150253042904298,30,pump_0_25,tdec_30_70,fund_flat,crowd_24,btc_up,0.032488114104595844,0.40478689983620414,0.0001,0.04085294117647065
ESPUSDT,2026-02-11,e2526,105665,short,1,-0.25557269031263136,-0.08559201,-0.34566470031263136,-0.35016470031263136,36,pump_le0,tdec_ge70,fund_neg,crowd_ge5,btc_down,-0.09708860759493665,10.32573739708625,-0.00674006,-0.3054473280265728
ESPUSDT,2026-02-11,e2526,105665,long,1,0.25557269031263136,0.08559201,0.33666470031263135,0.33216470031263134,36,pump_le0,tdec_ge70,fund_neg,crowd_ge5,btc_down,-0.09708860759493665,10.32573739708625,-0.00674006,-0.3054473280265728
ESPUSDT,2026-02-11,e2526,105665,short,2,-0.46172678309123555,-0.058510770000000004,-0.5247375530912355,-0.5292375530912355,30,pump_le0,tdec_ge70,fund_neg,crowd_ge5,btc_down,-0.09708860759493665,9.317906976246993,-0.005932779588001418,-0.2898257004846869
ESPUSDT,2026-02-11,e2526,105665,long,2,0.46172678309123555,0.058510770000000004,0.5157375530912356,0.5112375530912355,30,pump_le0,tdec_ge70,fund_neg,crowd_ge5,btc_down,-0.09708860759493665,9.317906976246993,-0.005932779588001418,-0.2898257004846869
ETHFIUSDT,2024-03-19,e2324,105566,short,1,-0.3006411778674899,0.00418014,-0.3009610378674899,-0.3054610378674899,35,pump_25_100,tdec_ge70,fund_pos,crowd_24,btc_up,0.3483829650976624,2.758136559921362,0.00064626,0.3100062145605995
ETHFIUSDT,2024-03-19,e2324,105566,long,1,0.3006411778674899,-0.00418014,0.2919610378674899,0.2874610378674899,35,pump_25_100,tdec_ge70,fund_pos,crowd_24,btc_up,0.3483829650976624,2.758136559921362,0.00064626,0.3100062145605995
ETHFIUSDT,2024-03-19,e2324,105566,short,2,-0.4337696335078535,0.00329711,-0.43497252350785354,-0.43947252350785354,29,pump_25_100,tdec_ge70,fund_flat,crowd_24,btc_up,0.3483829650976624,1.9516023278612622,0.0001,0.2532152650036139
ETHFIUSDT,2024-03-19,e2324,105566,long,2,0.4337696335078535,-0.00329711,0.42597252350785353,0.4214725235078535,29,pump_25_100,tdec_ge70,fund_flat,crowd_24,btc_up,0.3483829650976624,1.9516023278612622,0.0001,0.2532152650036139
ETHWUSDT,2023-11-29,e2324,105550,short,1,0.01139287026828377,0.01004801,0.01694088026828377,0.01244088026828377,35,pump_le0,tdec_30_70,fund_pos,crowd_ge5,btc_up,-0.0847628657921291,0.6736462550233391,0.00054558,0.08846395816619235
ETHWUSDT,2023-11-29,e2324,105550,long,1,-0.01139287026828377,-0.01004801,-0.02594088026828377,-0.030440880268283767,35,pump_le0,tdec_30_70,fund_pos,crowd_ge5,btc_up,-0.0847628657921291,0.6736462550233391,0.00054558,0.08846395816619235
ETHWUSDT,2023-11-29,e2324,105550,short,2,-0.010518407212622097,0.00908809,-0.005930317212622097,-0.010430317212622097,29,pump_le0,tdec_30_70,fund_flat,crowd_ge5,btc_up,-0.0847628657921291,0.4967358476068346,0.00020418,0.0909378227522335
ETHWUSDT,2023-11-29,e2324,105550,long,2,0.010518407212622097,-0.00908809,-0.0030696827873779023,-0.007569682787377902,29,pump_le0,tdec_30_70,fund_flat,crowd_ge5,btc_up,-0.0847628657921291,0.4967358476068346,0.00020418,0.0909378227522335
EULUSDT,2025-10-14,e2526,105648,short,1,0.08122077282795954,0.00124164,0.07796241282795954,0.07346241282795955,35,pump_le0,tdec_30_70,fund_flat,crowd_ge5,btc_down,-0.1399237933954277,0.3452255079695359,0.0001,-0.039909592838198615
EULUSDT,2025-10-14,e2526,105648,long,1,-0.08122077282795954,-0.00124164,-0.08696241282795955,-0.09146241282795954,35,pump_le0,tdec_30_70,fund_flat,crowd_ge5,btc_down,-0.1399237933954277,0.3452255079695359,0.0001,-0.039909592838198615
EULUSDT,2025-10-14,e2526,105648,short,2,-0.014540019024323985,0.00135815,-0.017681869024323983,-0.022181869024323984,30,pump_le0,tdec_lt30,fund_flat,crowd_ge5,btc_down,-0.1399237933954277,0.17111816302014882,-0.00011666,-0.07381669640325739
EULUSDT,2025-10-14,e2526,105648,long,2,0.014540019024323985,-0.00135815,0.008681869024323986,0.004181869024323985,30,pump_le0,tdec_lt30,fund_flat,crowd_ge5,btc_down,-0.1399237933954277,0.17111816302014882,-0.00011666,-0.07381669640325739
EVAAUSDT,2025-10-04,e2526,105646,short,1,0.503781300767464,0.01647684,0.5157581407674641,0.511258140767464,36,pump_le0,tdec_30_70,fund_pos,crowd_ge5,btc_up,-0.47914508716901305,0.3671865987038477,0.00089524,0.11582345597202548
EVAAUSDT,2025-10-04,e2526,105646,long,1,-0.503781300767464,-0.01647684,-0.524758140767464,-0.529258140767464,36,pump_le0,tdec_30_70,fund_pos,crowd_ge5,btc_up,-0.47914508716901305,0.3671865987038477,0.00089524,0.11582345597202548
EVAAUSDT,2025-10-04,e2526,105646,short,2,0.5100934682816216,0.01158037,0.5171738382816217,0.5126738382816216,29,pump_le0,tdec_lt30,fund_pos,crowd_ge5,btc_up,-0.47914508716901305,0.1779060512073003,0.0027371200950388926,0.13159450239841353
EVAAUSDT,2025-10-04,e2526,105646,long,2,-0.5100934682816216,-0.01158037,-0.5261738382816216,-0.5306738382816216,29,pump_le0,tdec_lt30,fund_pos,crowd_ge5,btc_up,-0.47914508716901305,0.1779060512073003,0.0027371200950388926,0.13159450239841353
EWJUSDT,2026-03-20,e2526,105670,short,1,0.013084565059365307,-0.011074490000000001,-0.0024899249406346935,-0.006989924940634693,18,pump_le0,tdec_lt30,fund_pos,crowd_24,btc_up,-0.02423454309019979,0.2894718203165151,0.00127436,0.028481201660345734
EWJUSDT,2026-03-20,e2526,105670,long,1,-0.013084565059365307,0.011074490000000001,-0.006510075059365306,-0.011010075059365305,18,pump_le0,tdec_lt30,fund_pos,crowd_24,btc_up,-0.02423454309019979,0.2894718203165151,0.00127436,0.028481201660345734
EWJUSDT,2026-03-20,e2526,105670,short,2,-0.00012277470840995586,-0.0033850399999999998,-0.008007814708409954,-0.012507814708409955,14,pump_le0,tdec_30_70,fund_neg,crowd_24,btc_down,-0.02423454309019979,0.4470480893203595,-0.00537974,-0.0021874305854869824
EWJUSDT,2026-03-20,e2526,105670,long,2,0.00012277470840995586,0.0033850399999999998,-0.0009921852915900442,-0.005492185291590044,14,pump_le0,tdec_30_70,fund_neg,crowd_24,btc_down,-0.02423454309019979,0.4470480893203595,-0.00537974,-0.0021874305854869824
EWTUSDT,2026-06-02,e2526,105681,short,1,0.03779512566641292,0.0,0.03329512566641292,0.028795125666412916,0,pump_le0,tdec_30_70,fund_none,crowd_ge5,btc_down,-0.030728061271569573,0.6598460755053438,,-0.19678275651697885
EWTUSDT,2026-06-02,e2526,105681,long,1,-0.03779512566641292,-0.0,-0.042295125666412914,-0.04679512566641292,0,pump_le0,tdec_30_70,fund_none,crowd_ge5,btc_down,-0.030728061271569573,0.6598460755053438,,-0.19678275651697885
EWTUSDT,2026-06-02,e2526,105681,short,2,0.04171802408267759,0.0,0.037218024082677596,0.03271802408267759,0,pump_le0,tdec_30_70,fund_none,crowd_ge5,btc_down,-0.030728061271569573,0.5180316193201487,,-0.21034009836523748
EWTUSDT,2026-06-02,e2526,105681,long,2,-0.04171802408267759,-0.0,-0.04621802408267759,-0.050718024082677594,0,pump_le0,tdec_30_70,fund_none,crowd_ge5,btc_down,-0.030728061271569573,0.5180316193201487,,-0.21034009836523748
EWYUSDT,2026-03-17,e2526,105670,short,1,-0.003488548460488241,-0.00774079,-0.01572933846048824,-0.02022933846048824,18,pump_le0,tdec_ge70,fund_flat,crowd_24,btc_up,-0.014646540128530727,1.3417469800385875,0.0,0.033986567435106085
EWYUSDT,2026-03-17,e2526,105670,long,1,0.003488548460488241,0.00774079,0.006729338460488242,0.002229338460488242,18,pump_le0,tdec_ge70,fund_flat,crowd_24,btc_up,-0.014646540128530727,1.3417469800385875,0.0,0.033986567435106085
EWYUSDT,2026-03-17,e2526,105670,short,2,0.022386405615072043,-0.00875685,0.009129555615072043,0.004629555615072044,14,pump_le0,tdec_ge70,fund_pos,crowd_24,btc_up,-0.014646540128530727,1.1277279755893692,0.00071038,0.03573868596046892
EWYUSDT,2026-03-17,e2526,105670,long,2,-0.022386405615072043,0.00875685,-0.018129555615072044,-0.022629555615072044,14,pump_le0,tdec_ge70,fund_pos,crowd_24,btc_up,-0.014646540128530727,1.1277279755893692,0.00071038,0.03573868596046892
EWZUSDT,2026-06-11,e2526,105682,short,1,0.03778409090909106,0.00004246,0.03332655090909106,0.02882655090909106,18,pump_0_25,tdec_ge70,fund_flat,crowd_ge5,btc_down,0.046373365041617154,0.822838058943422,0.0,-0.19853244425722338
EWZUSDT,2026-06-11,e2526,105682,long,1,-0.03778409090909106,-0.00004246,-0.04232655090909106,-0.04682655090909106,18,pump_0_25,tdec_ge70,fund_flat,crowd_ge5,btc_down,0.046373365041617154,0.822838058943422,0.0,-0.19853244425722338
EWZUSDT,2026-06-11,e2526,105682,short,2,0.042679479932165205,0.00004246,0.03822193993216521,0.033721939932165206,15,pump_0_25,tdec_lt30,fund_flat,crowd_ge5,btc_down,0.046373365041617154,0.19396102320346487,0.0,-0.20519340793027419
EWZUSDT,2026-06-11,e2526,105682,long,2,-0.042679479932165205,-0.00004246,-0.047221939932165204,-0.05172193993216521,15,pump_0_25,tdec_lt30,fund_flat,crowd_ge5,btc_down,0.046373365041617154,0.19396102320346487,0.0,-0.20519340793027419
FARTCOINUSDT,2024-12-21,e2324,105605,short,1,-0.4113769881071787,0.0050216,-0.4108553881071787,-0.4153553881071787,35,pump_le0,tdec_ge70,fund_flat,crowd_ge5,btc_down,-0.33848341232227486,0.8197349078704799,0.00035862,-0.038089836981684444
FARTCOINUSDT,2024-12-21,e2324,105605,long,1,0.4113769881071787,-0.0050216,0.4018553881071787,0.3973553881071787,35,pump_le0,tdec_ge70,fund_flat,crowd_ge5,btc_down,-0.33848341232227486,0.8197349078704799,0.00035862,-0.038089836981684444
FARTCOINUSDT,2024-12-21,e2324,105605,short,2,-0.2292524647447897,0.0036558100000000002,-0.23009665474478969,-0.2345966547447897,29,pump_le0,tdec_ge70,fund_flat,crowd_ge5,btc_down,-0.33848341232227486,1.8510777112010088,0.0001,-0.029310671216826623
FARTCOINUSDT,2024-12-21,e2324,105605,long,2,0.2292524647447897,-0.0036558100000000002,0.22109665474478968,0.21659665474478967,29,pump_le0,tdec_ge70,fund_flat,crowd_ge5,btc_down,-0.33848341232227486,1.8510777112010088,0.0001,-0.029310671216826623
FETUSDT,2023-01-17,e2324,105505,short,1,-0.07039420756234922,0.00301673,-0.07187747756234923,-0.07637747756234922,17,pump_0_25,tdec_30_70,fund_flat,crowd_01,btc_up,0.10243902439024377,0.6130910732478868,0.00009999999652777789,0.2587344484211038
FETUSDT,2023-01-17,e2324,105505,long,1,0.07039420756234922,-0.00301673,0.06287747756234922,0.05837747756234923,17,pump_0_25,tdec_30_70,fund_flat,crowd_01,btc_up,0.10243902439024377,0.6130910732478868,0.00009999999652777789,0.2587344484211038
FETUSDT,2023-01-17,e2324,105505,short,2,0.022409992652461404,0.00271673,0.020626722652461404,0.016126722652461407,14,pump_0_25,tdec_lt30,fund_flat,crowd_01,btc_up,0.10243902439024377,0.20373951811876959,0.00009999999652777789,0.24758989056800407
FETUSDT,2023-01-17,e2324,105505,long,2,-0.022409992652461404,-0.00271673,-0.029626722652461406,-0.0341267226524614,14,pump_0_25,tdec_lt30,fund_flat,crowd_01,btc_up,0.10243902439024377,0.20373951811876959,0.00009999999652777789,0.24758989056800407
FFUSDT,2025-09-30,e2526,105646,short,1,0.19124146243471277,0.0022383200000000002,0.18897978243471275,0.18447978243471275,35,pump_le0,tdec_30_70,fund_flat,crowd_ge5,btc_up,-0.2918163388697229,0.5958968465964545,0.0001,0.08576499776989932
FFUSDT,2025-09-30,e2526,105646,long,1,-0.19124146243471277,-0.0022383200000000002,-0.19797978243471276,-0.20247978243471276,35,pump_le0,tdec_30_70,fund_flat,crowd_ge5,btc_up,-0.2918163388697229,0.5958968465964545,0.0001,0.08576499776989932
FFUSDT,2025-09-30,e2526,105646,short,2,0.12710716027968996,0.00200305,0.12461021027968996,0.12011021027968997,30,pump_le0,tdec_lt30,fund_flat,crowd_ge5,btc_up,-0.2918163388697229,0.224693569628559,0.0001,0.08358186135194456
FFUSDT,2025-09-30,e2526,105646,long,2,-0.12710716027968996,-0.00200305,-0.13361021027968997,-0.13811021027968998,30,pump_le0,tdec_lt30,fund_flat,crowd_ge5,btc_up,-0.2918163388697229,0.224693569628559,0.0001,0.08358186135194456
FHEUSDT,2025-04-13,e2526,105622,short,1,-0.7413455258001306,-0.0018818499999999998,-0.7477273758001305,-0.7522273758001305,35,pump_le0,tdec_30_70,fund_flat,crowd_ge5,btc_up,-0.29153169828782965,0.4076494991326656,0.0001,0.002977359023236481
FHEUSDT,2025-04-13,e2526,105622,long,1,0.7413455258001306,0.0018818499999999998,0.7387273758001306,0.7342273758001305,35,pump_le0,tdec_30_70,fund_flat,crowd_ge5,btc_up,-0.29153169828782965,0.4076494991326656,0.0001,0.002977359023236481
FHEUSDT,2025-04-13,e2526,105622,short,2,-0.41095527917438485,-0.00218185,-0.41763712917438484,-0.42213712917438484,29,pump_le0,tdec_ge70,fund_flat,crowd_ge5,btc_up,-0.29153169828782965,0.7585709031188432,0.0001,0.012928026595074416
FHEUSDT,2025-04-13,e2526,105622,long,2,0.41095527917438485,0.00218185,0.4086371291743848,0.4041371291743848,29,pump_le0,tdec_ge70,fund_flat,crowd_ge5,btc_up,-0.29153169828782965,0.7585709031188432,0.0001,0.012928026595074416
FIDAUSDT,2024-09-20,e2324,105592,short,1,-0.04374426430100942,-0.0066615400000000005,-0.054905804301009414,-0.05940580430100942,35,pump_le0,tdec_30_70,fund_flat,crowd_ge5,btc_up,-0.05273833671399597,0.31409226316082056,0.0001,0.0492246051774734
FIDAUSDT,2024-09-20,e2324,105592,long,1,0.04374426430100942,0.0066615400000000005,0.04590580430100942,0.041405804301009416,35,pump_le0,tdec_30_70,fund_flat,crowd_ge5,btc_up,-0.05273833671399597,0.31409226316082056,0.0001,0.0492246051774734
FIDAUSDT,2024-09-20,e2324,105592,short,2,-0.19050942079553376,-0.0069615400000000004,-0.20197096079553375,-0.20647096079553376,29,pump_le0,tdec_lt30,fund_flat,crowd_ge5,btc_down,-0.05273833671399597,0.20155495016892402,0.0001,-0.007208696046073215
FIDAUSDT,2024-09-20,e2324,105592,long,2,0.19050942079553376,0.0069615400000000004,0.19297096079553375,0.18847096079553374,29,pump_le0,tdec_lt30,fund_flat,crowd_ge5,btc_down,-0.05273833671399597,0.20155495016892402,0.0001,-0.007208696046073215
FIGHTUSDT,2026-01-24,e2526,105662,short,1,0.7097060314242271,-0.00415777,0.7010482614242272,0.6965482614242271,35,pump_0_25,tdec_30_70,fund_neg,crowd_ge5,btc_down,0.15990593768371553,0.553892460060328,-0.0005152600715638988,-0.007894116003307472
FIGHTUSDT,2026-01-24,e2526,105662,long,1,-0.7097060314242271,0.00415777,-0.7100482614242271,-0.7145482614242271,35,pump_0_25,tdec_30_70,fund_neg,crowd_ge5,btc_down,0.15990593768371553,0.553892460060328,-0.0005152600715638988,-0.007894116003307472
FIGHTUSDT,2026-01-24,e2526,105662,short,2,0.6921940077925568,-0.00142251,0.6862714977925568,0.6817714977925567,30,pump_0_25,tdec_lt30,fund_flat,crowd_ge5,btc_up,0.15990593768371553,0.27993668918894005,0.00010000000694444493,0.005364946134210236
FIGHTUSDT,2026-01-24,e2526,105662,long,2,-0.6921940077925568,0.00142251,-0.6952714977925567,-0.6997714977925568,30,pump_0_25,tdec_lt30,fund_flat,crowd_ge5,btc_up,0.15990593768371553,0.27993668918894005,0.00010000000694444493,0.005364946134210236
FIOUSDT,2024-09-21,e2324,105592,short,1,-0.032602423542989006,0.00233517,-0.034767253542989006,-0.039267253542989,35,pump_le0,tdec_30_70,fund_flat,crowd_ge5,btc_down,-0.22042285200179934,0.5718406965915296,0.0001,-0.007208696046073215
FIOUSDT,2024-09-21,e2324,105592,long,1,0.032602423542989006,-0.00233517,0.025767253542989005,0.021267253542989008,35,pump_le0,tdec_30_70,fund_flat,crowd_ge5,btc_down,-0.22042285200179934,0.5718406965915296,0.0001,-0.007208696046073215
FIOUSDT,2024-09-21,e2324,105592,short,2,0.00666111573688585,0.0011957600000000001,0.0033568757368858506,-0.001143124263114149,29,pump_le0,tdec_lt30,fund_pos,crowd_ge5,btc_down,-0.22042285200179934,0.2805851001926616,0.00177882,-0.012703438272519518
FIOUSDT,2024-09-21,e2324,105592,long,2,-0.00666111573688585,-0.0011957600000000001,-0.01235687573688585,-0.01685687573688585,29,pump_le0,tdec_lt30,fund_pos,crowd_ge5,btc_down,-0.22042285200179934,0.2805851001926616,0.00177882,-0.012703438272519518
FISUSDT,2025-04-26,e2526,105623,short,1,0.22288202692003162,0.00171699,0.22009901692003161,0.2155990169200316,36,pump_25_100,tdec_ge70,fund_flat,crowd_24,btc_up,0.38369603107414973,7.883266872407961,0.0001,0.11040781789222187
FISUSDT,2025-04-26,e2526,105623,long,1,-0.22288202692003162,-0.00171699,-0.22909901692003162,-0.23359901692003163,36,pump_25_100,tdec_ge70,fund_flat,crowd_24,btc_up,0.38369603107414973,7.883266872407961,0.0001,0.11040781789222187
FISUSDT,2025-04-26,e2526,105623,short,2,0.12472638832590187,0.00136699,0.12159337832590186,0.11709337832590187,29,pump_25_100,tdec_ge70,fund_flat,crowd_24,btc_up,0.38369603107414973,6.067304949924499,0.0001,0.1496803450651114
FISUSDT,2025-04-26,e2526,105623,long,2,-0.12472638832590187,-0.00136699,-0.13059337832590187,-0.13509337832590188,29,pump_25_100,tdec_ge70,fund_flat,crowd_24,btc_up,0.38369603107414973,6.067304949924499,0.0001,0.1496803450651114
FLNCUSDT,2026-05-19,e2526,105679,short,1,-0.11937172774869097,0.0,-0.12387172774869097,-0.12837172774869096,0,pump_le0,tdec_ge70,fund_none,crowd_ge5,btc_up,-0.02650356778797147,1.1613659879393698,,0.02269689576870859
FLNCUSDT,2026-05-19,e2526,105679,long,1,0.11937172774869097,-0.0,0.11487172774869096,0.11037172774869097,0,pump_le0,tdec_ge70,fund_none,crowd_ge5,btc_up,-0.02650356778797147,1.1613659879393698,,0.02269689576870859
FLNCUSDT,2026-05-19,e2526,105679,short,2,-0.04445530043966782,0.0,-0.048955300439667816,-0.05345530043966782,0,pump_le0,tdec_ge70,fund_none,crowd_ge5,btc_up,-0.02650356778797147,1.1307771622324256,,0.017014426870734844
FLNCUSDT,2026-05-19,e2526,105679,long,2,0.04445530043966782,-0.0,0.03995530043966782,0.03545530043966782,0,pump_le0,tdec_ge70,fund_none,crowd_ge5,btc_up,-0.02650356778797147,1.1307771622324256,,0.017014426870734844
FLOCKUSDT,2025-09-10,e2526,105643,short,1,-0.013127853881278519,0.00041205,-0.017215803881278517,-0.021715803881278518,36,pump_le0,tdec_ge70,fund_flat,crowd_ge5,btc_down,-0.14306676449009537,0.8202528073594536,0.00009999999305555606,-0.03875717224206998
FLOCKUSDT,2025-09-10,e2526,105643,long,1,0.013127853881278519,-0.00041205,0.00821580388127852,0.003715803881278519,36,pump_le0,tdec_ge70,fund_flat,crowd_ge5,btc_down,-0.14306676449009537,0.8202528073594536,0.00009999999305555606,-0.03875717224206998
FLOCKUSDT,2025-09-10,e2526,105643,short,2,0.07600208224882875,0.00010173000000000002,0.07160381224882874,0.06710381224882875,30,pump_le0,tdec_ge70,fund_flat,crowd_ge5,btc_down,-0.14306676449009537,0.7081420344518244,0.00009999999305555606,-0.05956266384699149
FLOCKUSDT,2025-09-10,e2526,105643,long,2,-0.07600208224882875,-0.00010173000000000002,-0.08060381224882875,-0.08510381224882874,30,pump_le0,tdec_ge70,fund_flat,crowd_ge5,btc_down,-0.14306676449009537,0.7081420344518244,0.00009999999305555606,-0.05956266384699149
FLOWUSDT,2022-02-10,e2122,105456,short,1,0.08885774351786958,0.00099316,0.08535090351786959,0.0808509035178696,18,pump_le0,tdec_30_70,fund_flat,crowd_01,btc_down,-0.13199513381995143,0.4829842153230988,0.00009999997916667102,-0.03451903250448041
FLOWUSDT,2022-02-10,e2122,105456,long,1,-0.08885774351786958,-0.00099316,-0.0943509035178696,-0.09885090351786958,18,pump_le0,tdec_30_70,fund_flat,crowd_01,btc_down,-0.13199513381995143,0.4829842153230988,0.00009999997916667102,-0.03451903250448041
FLOWUSDT,2022-02-10,e2122,105456,short,2,0.1181497558328811,0.0006931600000000001,0.1143429158328811,0.10984291583288111,15,pump_le0,tdec_30_70,fund_flat,crowd_01,btc_down,-0.13199513381995143,0.48320328806026425,0.00009999998090278143,-0.007863062110784802
FLOWUSDT,2022-02-10,e2122,105456,long,2,-0.1181497558328811,-0.0006931600000000001,-0.12334291583288111,-0.1278429158328811,15,pump_le0,tdec_30_70,fund_flat,crowd_01,btc_down,-0.13199513381995143,0.48320328806026425,0.00009999998090278143,-0.007863062110784802
FLUIDUSDT,2025-09-25,e2526,105645,short,1,0.05071903510128335,-0.0009644,0.04525463510128336,0.040754635101283354,35,pump_le0,tdec_ge70,fund_flat,crowd_ge5,btc_down,-0.07587882252072031,1.7214995877298542,0.0001,-0.014446705739202037
FLUIDUSDT,2025-09-25,e2526,105645,long,1,-0.05071903510128335,0.0009644,-0.05425463510128335,-0.058754635101283356,35,pump_le0,tdec_ge70,fund_flat,crowd_ge5,btc_down,-0.07587882252072031,1.7214995877298542,0.0001,-0.014446705739202037
FLUIDUSDT,2025-09-25,e2526,105645,short,2,-0.03664302600472822,-0.00052248,-0.041665506004728216,-0.04616550600472822,29,pump_le0,tdec_30_70,fund_flat,crowd_ge5,btc_down,-0.07587882252072031,0.3059234390789298,-0.00011654,-0.026042754559037484
FLUIDUSDT,2025-09-25,e2526,105645,long,2,0.03664302600472822,0.00052248,0.03266550600472822,0.028165506004728218,29,pump_le0,tdec_30_70,fund_flat,crowd_ge5,btc_down,-0.07587882252072031,0.3059234390789298,-0.00011654,-0.026042754559037484
FLUXUSDT,2024-09-04,e2324,105590,short,1,-0.08621960206337521,-0.00496003,-0.09567963206337522,-0.10017963206337521,35,pump_le0,tdec_30_70,fund_neg,crowd_24,btc_up,-0.10738365400427563,0.4617676377771994,-0.00080396,0.002759362185486225
FLUXUSDT,2024-09-04,e2324,105590,long,1,0.08621960206337521,0.00496003,0.08667963206337521,0.08217963206337522,35,pump_le0,tdec_30_70,fund_neg,crowd_24,btc_up,-0.10738365400427563,0.4617676377771994,-0.00080396,0.002759362185486225
FLUXUSDT,2024-09-04,e2324,105590,short,2,-0.11308287710024556,-0.00266785,-0.12025072710024556,-0.12475072710024555,29,pump_le0,tdec_30_70,fund_neg,crowd_24,btc_down,-0.10738365400427563,0.35085341133565745,-0.0012064,-0.021327371154694297
FLUXUSDT,2024-09-04,e2324,105590,long,2,0.11308287710024556,0.00266785,0.11125072710024556,0.10675072710024557,29,pump_le0,tdec_30_70,fund_neg,crowd_24,btc_down,-0.10738365400427563,0.35085341133565745,-0.0012064,-0.021327371154694297
FOGOUSDT,2026-01-11,e2526,105661,short,1,0.44760153769012195,-0.01218196,0.43091957769012196,0.42641957769012195,36,pump_le0,tdec_ge70,fund_flat,crowd_24,btc_up,-0.07712478790683319,0.9407543072009313,0.0001,0.011767210362862102
FOGOUSDT,2026-01-11,e2526,105661,long,1,-0.44760153769012195,0.01218196,-0.43991957769012197,-0.44441957769012197,36,pump_le0,tdec_ge70,fund_flat,crowd_24,btc_up,-0.07712478790683319,0.9407543072009313,0.0001,0.011767210362862102
FOGOUSDT,2026-01-11,e2526,105661,short,2,0.39941849900054516,-0.01253196,0.38238653900054514,0.37788653900054514,29,pump_le0,tdec_ge70,fund_flat,crowd_24,btc_up,-0.07712478790683319,0.7946328766609619,0.0001,0.08234792121545009
FOGOUSDT,2026-01-11,e2526,105661,long,2,-0.39941849900054516,0.01253196,-0.39138653900054515,-0.39588653900054516,29,pump_le0,tdec_ge70,fund_flat,crowd_24,btc_up,-0.07712478790683319,0.7946328766609619,0.0001,0.08234792121545009
FOLKSUSDT,2025-11-07,e2526,105651,short,1,0.0971935944188997,0.00413326,0.0968268544188997,0.0923268544188997,36,pump_25_100,tdec_ge70,fund_flat,crowd_ge5,btc_down,0.5371679259078725,2.0861551305818513,0.00043221996998472434,-0.15882637916158426
FOLKSUSDT,2025-11-07,e2526,105651,long,1,-0.0971935944188997,-0.00413326,-0.1058268544188997,-0.1103268544188997,36,pump_25_100,tdec_ge70,fund_flat,crowd_ge5,btc_down,0.5371679259078725,2.0861551305818513,0.00043221996998472434,-0.15882637916158426
FOLKSUSDT,2025-11-07,e2526,105651,short,2,0.08750000000000004,0.00358191,0.08658191000000003,0.08208191000000004,29,pump_25_100,tdec_ge70,fund_flat,crowd_ge5,btc_down,0.5371679259078725,0.9482602958281523,0.0001,-0.07136855908136364
FOLKSUSDT,2025-11-07,e2526,105651,long,2,-0.08750000000000004,-0.00358191,-0.09558191000000003,-0.10008191000000002,29,pump_25_100,tdec_ge70,fund_flat,crowd_ge5,btc_down,0.5371679259078725,0.9482602958281523,0.0001,-0.07136855908136364
FOOTBALLUSDT,2022-09-01,e2122,105485,short,1,0.09058961663833957,0.024810600000000002,0.11090021663833957,0.10640021663833958,17,pump_0_25,tdec_30_70,fund_pos,crowd_01,btc_down,0.1555123339658444,0.40527353401788213,0.0033675306431048104,-0.1254522728767844
FOOTBALLUSDT,2022-09-01,e2122,105485,long,1,-0.09058961663833957,-0.024810600000000002,-0.11990021663833958,-0.12440021663833957,17,pump_0_25,tdec_30_70,fund_pos,crowd_01,btc_down,0.1555123339658444,0.40527353401788213,0.0033675306431048104,-0.1254522728767844
FOOTBALLUSDT,2022-09-01,e2122,105485,short,2,0.04924674878750171,0.02277772,0.0675244687875017,0.06302446878750172,15,pump_0_25,tdec_30_70,fund_flat,crowd_01,btc_down,0.1555123339658444,0.30630935768471496,0.00009999999652777789,-0.12332311611798896
FOOTBALLUSDT,2022-09-01,e2122,105485,long,2,-0.04924674878750171,-0.02277772,-0.07652446878750171,-0.0810244687875017,15,pump_0_25,tdec_30_70,fund_flat,crowd_01,btc_down,0.1555123339658444,0.30630935768471496,0.00009999999652777789,-0.12332311611798896
FORMUSDT,2025-03-20,e2526,105618,short,1,-0.3280763983628922,0.0016549400000000001,-0.3309214583628922,-0.3354214583628922,35,pump_0_25,tdec_30_70,fund_flat,crowd_24,btc_down,0.0520725686071879,0.6082102803746148,0.0001,-0.12989606410070598
FORMUSDT,2025-03-20,e2526,105618,long,1,0.3280763983628922,-0.0016549400000000001,0.3219214583628922,0.3174214583628922,35,pump_0_25,tdec_30_70,fund_flat,crowd_24,btc_down,0.0520725686071879,0.6082102803746148,0.0001,-0.12989606410070598
FORMUSDT,2025-03-20,e2526,105618,short,2,-0.3087926862059694,0.00135494,-0.31193774620596937,-0.3164377462059694,29,pump_0_25,tdec_lt30,fund_flat,crowd_24,btc_down,0.0520725686071879,0.21771087079242774,0.0001,-0.14704909473409944
FORMUSDT,2025-03-20,e2526,105618,long,2,0.3087926862059694,-0.00135494,0.30293774620596936,0.29843774620596936,29,pump_0_25,tdec_lt30,fund_flat,crowd_24,btc_down,0.0520725686071879,0.21771087079242774,0.0001,-0.14704909473409944
FORTHUSDT,2025-04-09,e2526,105621,short,1,0.07025089605734773,0.00156032,0.06731121605734773,0.06281121605734774,36,pump_le0,tdec_lt30,fund_flat,crowd_24,btc_down,-0.09854604200323103,0.25338891024561017,0.0001,-0.040240783632503385
FORTHUSDT,2025-04-09,e2526,105621,long,1,-0.07025089605734773,-0.00156032,-0.07631121605734774,-0.08081121605734773,36,pump_le0,tdec_lt30,fund_flat,crowd_24,btc_down,-0.09854604200323103,0.25338891024561017,0.0001,-0.040240783632503385
FORTHUSDT,2025-04-09,e2526,105621,short,2,0.11073020226259855,0.00121032,0.10744052226259855,0.10294052226259856,29,pump_le0,tdec_lt30,fund_flat,crowd_24,btc_down,-0.09854604200323103,0.18713025544737338,0.0001,-0.003137228645862522
FORTHUSDT,2025-04-09,e2526,105621,long,2,-0.11073020226259855,-0.00121032,-0.11644052226259856,-0.12094052226259855,29,pump_le0,tdec_lt30,fund_flat,crowd_24,btc_down,-0.09854604200323103,0.18713025544737338,0.0001,-0.003137228645862522
FRAXUSDT,2026-01-16,e2526,105661,short,1,-0.18033989485267157,-0.02519603,-0.21003592485267158,-0.2145359248526716,36,pump_le0,tdec_30_70,fund_neg,crowd_24,btc_up,-0.12486625294243525,0.6521586937931311,-0.02181238,0.11276744858119314
FRAXUSDT,2026-01-16,e2526,105661,long,1,0.18033989485267157,0.02519603,0.20103592485267158,0.19653592485267157,36,pump_le0,tdec_30_70,fund_neg,crowd_24,btc_up,-0.12486625294243525,0.6521586937931311,-0.02181238,0.11276744858119314
FRAXUSDT,2026-01-16,e2526,105661,short,2,0.21024214659685855,-0.017476,0.18826614659685856,0.18376614659685855,30,pump_le0,tdec_ge70,fund_neg,crowd_24,btc_up,-0.12486625294243525,2.956579824038597,-0.00091936,0.06258796821793422
FRAXUSDT,2026-01-16,e2526,105661,long,2,-0.21024214659685855,0.017476,-0.19726614659685857,-0.20176614659685857,30,pump_le0,tdec_ge70,fund_neg,crowd_24,btc_up,-0.12486625294243525,2.956579824038597,-0.00091936,0.06258796821793422
FRONTUSDT,2023-09-23,e2324,105540,short,1,0.12300094073377237,-0.01853313,0.09996781073377237,0.09546781073377238,17,pump_0_25,tdec_ge70,fund_flat,crowd_24,btc_up,0.009976247030878849,1.7896825009185344,0.00007066,0.006936207617928902
FRONTUSDT,2023-09-23,e2324,105540,long,1,-0.12300094073377237,0.01853313,-0.10896781073377237,-0.11346781073377236,17,pump_0_25,tdec_ge70,fund_flat,crowd_24,btc_up,0.009976247030878849,1.7896825009185344,0.00007066,0.006936207617928902
FRONTUSDT,2023-09-23,e2324,105540,short,2,0.13740458015267176,-0.01877113,0.11413345015267176,0.10963345015267177,14,pump_0_25,tdec_ge70,fund_flat,crowd_24,btc_up,0.009976247030878849,1.000508287792446,0.0001,0.01100587210576709
FRONTUSDT,2023-09-23,e2324,105540,long,2,-0.13740458015267176,0.01877113,-0.12313345015267177,-0.12763345015267177,14,pump_0_25,tdec_ge70,fund_flat,crowd_24,btc_up,0.009976247030878849,1.000508287792446,0.0001,0.01100587210576709
FTTUSDT,2022-04-15,e2122,105465,short,1,0.011842105263157834,0.0016837100000000002,0.009025815263157835,0.004525815263157835,17,pump_le0,tdec_ge70,fund_flat,crowd_01,btc_down,-0.02768085601302639,1.0265158021373282,0.0000773500080572925,-0.013132639413566904
FTTUSDT,2022-04-15,e2122,105465,long,1,-0.011842105263157834,-0.0016837100000000002,-0.018025815263157833,-0.022525815263157833,17,pump_le0,tdec_ge70,fund_flat,crowd_01,btc_down,-0.02768085601302639,1.0265158021373282,0.0000773500080572925,-0.013132639413566904
FTTUSDT,2022-04-15,e2122,105465,short,2,0.07873313259730123,0.00148371,0.07571684259730123,0.07121684259730124,15,pump_le0,tdec_ge70,fund_flat,crowd_01,btc_down,-0.02768085601302639,23.022345803047948,0.00010000001041666775,-0.05035507706309961
FTTUSDT,2022-04-15,e2122,105465,long,2,-0.07873313259730123,-0.00148371,-0.08471684259730124,-0.08921684259730123,15,pump_le0,tdec_ge70,fund_flat,crowd_01,btc_down,-0.02768085601302639,23.022345803047948,0.00010000001041666775,-0.05035507706309961
FUNUSDT,2025-04-01,e2526,105620,short,1,-0.6415826221877424,-0.5129798,-1.1590624221877424,-1.1635624221877423,55,pump_le0,tdec_ge70,fund_neg,crowd_ge5,btc_down,-0.18692178301093343,1.6215509956437137,-0.00777976,-0.043015243750340715
FUNUSDT,2025-04-01,e2526,105620,long,1,0.6415826221877424,0.5129798,1.1500624221877425,1.1455624221877425,55,pump_le0,tdec_ge70,fund_neg,crowd_ge5,btc_down,-0.18692178301093343,1.6215509956437137,-0.00777976,-0.043015243750340715
FUNUSDT,2025-04-01,e2526,105620,short,2,-0.11622999824160368,-0.40706567,-0.5277956682416036,-0.5322956682416037,49,pump_le0,tdec_ge70,fund_neg,crowd_ge5,btc_down,-0.18692178301093343,13.797942663321946,-0.04,-0.04658557021017595
FUNUSDT,2025-04-01,e2526,105620,long,2,0.11622999824160368,0.40706567,0.5187956682416037,0.5142956682416037,49,pump_le0,tdec_ge70,fund_neg,crowd_ge5,btc_down,-0.18692178301093343,13.797942663321946,-0.04,-0.04658557021017595
FUSDT,2025-06-19,e2526,105631,short,1,0.02048626744709589,-0.0231184,-0.00713213255290411,-0.01163213255290411,36,pump_le0,tdec_30_70,fund_neg,crowd_24,btc_down,-0.057300509337860794,0.6720584234816341,-0.0009968,-0.058055186822310034
FUSDT,2025-06-19,e2526,105631,long,1,-0.02048626744709589,0.0231184,-0.0018678674470958894,-0.006367867447095889,36,pump_le0,tdec_30_70,fund_neg,crowd_24,btc_down,-0.057300509337860794,0.6720584234816341,-0.0009968,-0.058055186822310034
FUSDT,2025-06-19,e2526,105631,short,2,0.04226282192383894,-0.0130994,0.02466342192383894,0.020163421923838944,30,pump_le0,tdec_30_70,fund_neg,crowd_24,btc_down,-0.057300509337860794,0.36458635288899527,-0.0034069,-0.08582006345897053
FUSDT,2025-06-19,e2526,105631,long,2,-0.04226282192383894,0.0130994,-0.03366342192383894,-0.03816342192383894,30,pump_le0,tdec_30_70,fund_neg,crowd_24,btc_down,-0.057300509337860794,0.36458635288899527,-0.0034069,-0.08582006345897053
FXSUSDT,2023-01-20,e2324,105505,short,1,-0.050507020280811124,0.00307969,-0.05192733028081112,-0.05642733028081112,17,pump_0_25,tdec_30_70,fund_flat,crowd_01,btc_up,0.00558878321404066,0.42512615448515784,0.00023827,0.3548154976063751
FXSUSDT,2023-01-20,e2324,105505,long,1,0.050507020280811124,-0.00307969,0.042927330280811124,0.03842733028081112,17,pump_0_25,tdec_30_70,fund_flat,crowd_01,btc_up,0.00558878321404066,0.42512615448515784,0.00023827,0.3548154976063751
FXSUSDT,2023-01-20,e2324,105505,short,2,-0.07310756972111554,0.00253672,-0.07507084972111554,-0.07957084972111553,15,pump_0_25,tdec_30_70,fund_flat,crowd_01,btc_up,0.00558878321404066,0.3115986380990242,0.00025784,0.3533654419303305
FXSUSDT,2023-01-20,e2324,105505,long,2,0.07310756972111554,-0.00253672,0.06607084972111553,0.06157084972111553,15,pump_0_25,tdec_30_70,fund_flat,crowd_01,btc_up,0.00558878321404066,0.3115986380990242,0.00025784,0.3533654419303305
GALAUSDT,2021-09-18,e2122,105435,short,1,0.15967302452316073,0.00197088,0.15714390452316074,0.15264390452316073,18,pump_le0,tdec_ge70,fund_flat,crowd_01,btc_down,-0.03063919704173268,0.7271149131593818,0.00024431999151666695,-0.04207814121007658
GALAUSDT,2021-09-18,e2122,105435,long,1,-0.15967302452316073,-0.00197088,-0.16614390452316075,-0.17064390452316075,18,pump_le0,tdec_ge70,fund_flat,crowd_01,btc_down,-0.03063919704173268,0.7271149131593818,0.00024431999151666695,-0.04207814121007658
GALAUSDT,2021-09-18,e2122,105435,short,2,-0.02277249613088665,0.0015,-0.025772496130886648,-0.030272496130886645,15,pump_le0,tdec_ge70,fund_flat,crowd_01,btc_down,-0.03063919704173268,0.7660257050483684,0.00009999998958333443,-0.11917899275491528
GALAUSDT,2021-09-18,e2122,105435,long,2,0.02277249613088665,-0.0015,0.016772496130886647,0.012272496130886648,15,pump_le0,tdec_ge70,fund_flat,crowd_01,btc_down,-0.03063919704173268,0.7660257050483684,0.00009999998958333443,-0.11917899275491528
GALUSDT,2022-05-06,e2122,105468,short,1,0.3330599168170458,-0.00801772,0.32054219681704577,0.31604219681704576,17,pump_le0,tdec_30_70,fund_flat,crowd_01,btc_down,-0.403650823794808,0.6026543095193637,0.00009686001513437737,-0.18311679038904027
GALUSDT,2022-05-06,e2122,105468,long,1,-0.3330599168170458,0.00801772,-0.3295421968170458,-0.3340421968170458,17,pump_le0,tdec_30_70,fund_flat,crowd_01,btc_down,-0.403650823794808,0.6026543095193637,0.00009686001513437737,-0.18311679038904027
GALUSDT,2022-05-06,e2122,105468,short,2,0.30692245209037394,-0.00825207,0.29417038209037394,0.28967038209037393,14,pump_le0,tdec_30_70,fund_flat,crowd_01,btc_down,-0.403650823794808,0.6788279339491977,0.000034350004770834,-0.19411213094257052
GALUSDT,2022-05-06,e2122,105468,long,2,-0.30692245209037394,0.00825207,-0.30317038209037395,-0.30767038209037395,14,pump_le0,tdec_30_70,fund_flat,crowd_01,btc_down,-0.403650823794808,0.6788279339491977,0.000034350004770834,-0.19411213094257052
GASUSDT,2023-10-25,e2324,105545,short,1,-1.2952477249747218,0.01102392,-1.2887238049747218,-1.2932238049747218,35,pump_le0,tdec_30_70,fund_pos,crowd_ge5,btc_up,-0.08707692307692305,0.5171428475726917,0.0006699,0.3031500869936816
GASUSDT,2023-10-25,e2324,105545,long,1,1.2952477249747218,-0.01102392,1.279723804974722,1.275223804974722,35,pump_le0,tdec_30_70,fund_pos,crowd_ge5,btc_up,-0.08707692307692305,0.5171428475726917,0.0006699,0.3031500869936816
GASUSDT,2023-10-25,e2324,105545,short,2,-0.9059613769941225,0.00956967,-0.9008917069941225,-0.9053917069941225,29,pump_le0,tdec_ge70,fund_flat,crowd_ge5,btc_up,-0.08707692307692305,2.635734418682703,0.0001,0.2857972048134265
GASUSDT,2023-10-25,e2324,105545,long,2,0.9059613769941225,-0.00956967,0.8918917069941226,0.8873917069941225,29,pump_le0,tdec_ge70,fund_flat,crowd_ge5,btc_up,-0.08707692307692305,2.635734418682703,0.0001,0.2857972048134265
GENIUSUSDT,2026-04-16,e2526,105674,short,1,0.038853046594982094,-0.00464857,0.029704476594982095,0.025204476594982095,36,pump_0_25,tdec_30_70,fund_neg,crowd_01,btc_up,0.125,0.4316663384218332,-0.002425299915788197,0.08184638547025491
GENIUSUSDT,2026-04-16,e2526,105674,long,1,-0.038853046594982094,0.00464857,-0.03870447659498209,-0.0432044765949821,36,pump_0_25,tdec_30_70,fund_neg,crowd_01,btc_up,0.125,0.4316663384218332,-0.002425299915788197,0.08184638547025491
GENIUSUSDT,2026-04-16,e2526,105674,short,2,0.0973475158206544,-0.00462621,0.08822130582065439,0.0837213058206544,30,pump_0_25,tdec_ge70,fund_flat,crowd_01,btc_up,0.125,1.4307803496391616,0.000014339999502083349,0.08250986586995657
GENIUSUSDT,2026-04-16,e2526,105674,long,2,-0.0973475158206544,0.00462621,-0.0972213058206544,-0.10172130582065439,30,pump_0_25,tdec_ge70,fund_flat,crowd_01,btc_up,0.125,1.4307803496391616,0.000014339999502083349,0.08250986586995657
GHSTUSDT,2024-09-24,e2324,105593,short,1,0.08404966571155681,0.0018000000000000002,0.0813496657115568,0.07684966571155681,36,pump_le0,tdec_30_70,fund_flat,crowd_24,btc_up,-0.05505415162454885,0.3664300834210543,0.0001,0.004948445729497708
GHSTUSDT,2024-09-24,e2324,105593,long,1,-0.08404966571155681,-0.0018000000000000002,-0.09034966571155681,-0.0948496657115568,36,pump_le0,tdec_30_70,fund_flat,crowd_24,btc_up,-0.05505415162454885,0.3664300834210543,0.0001,0.004948445729497708
GHSTUSDT,2024-09-24,e2324,105593,short,2,0.11285846438482887,0.0014500000000000001,0.10980846438482887,0.10530846438482888,29,pump_le0,tdec_30_70,fund_flat,crowd_24,btc_up,-0.05505415162454885,0.3181204262640881,0.0001,0.09690575823657688
GHSTUSDT,2024-09-24,e2324,105593,long,2,-0.11285846438482887,-0.0014500000000000001,-0.11880846438482888,-0.12330846438482887,29,pump_le0,tdec_30_70,fund_flat,crowd_24,btc_up,-0.05505415162454885,0.3181204262640881,0.0001,0.09690575823657688
GIGGLEUSDT,2025-10-10,e2526,105647,short,1,0.11070420386053248,0.02042524,0.1266294438605325,0.1221294438605325,36,pump_25_100,tdec_ge70,fund_pos,crowd_24,btc_down,0.48504418762746404,0.7333806728860173,0.00072284,-0.04199970544153442
GIGGLEUSDT,2025-10-10,e2526,105647,long,1,-0.11070420386053248,-0.02042524,-0.1356294438605325,-0.1401294438605325,36,pump_25_100,tdec_ge70,fund_pos,crowd_24,btc_down,0.48504418762746404,0.7333806728860173,0.00072284,-0.04199970544153442
GIGGLEUSDT,2025-10-10,e2526,105647,short,2,0.17805514420703758,0.01257532,0.18613046420703758,0.18163046420703757,30,pump_25_100,tdec_30_70,fund_flat,crowd_24,btc_down,0.48504418762746404,0.49769022614955793,0.00049554,-0.009346567981624143
GIGGLEUSDT,2025-10-10,e2526,105647,long,2,-0.17805514420703758,-0.01257532,-0.19513046420703758,-0.1996304642070376,30,pump_25_100,tdec_30_70,fund_flat,crowd_24,btc_down,0.48504418762746404,0.49769022614955793,0.00049554,-0.009346567981624143
GLMRUSDT,2023-09-26,e2324,105541,short,1,0.17812006319115314,-0.00397109,0.16964897319115313,0.16514897319115313,17,pump_0_25,tdec_ge70,fund_neg,crowd_24,btc_up,0.07106598984771573,1.9603093087028305,-0.00090186,0.009694903568076896
GLMRUSDT,2023-09-26,e2324,105541,long,1,-0.17812006319115314,0.00397109,-0.17864897319115314,-0.18314897319115314,17,pump_0_25,tdec_ge70,fund_neg,crowd_24,btc_up,0.07106598984771573,1.9603093087028305,-0.00090186,0.009694903568076896
GLMRUSDT,2023-09-26,e2324,105541,short,2,0.15953150242326325,-0.0007229599999999999,0.15430854242326325,0.14980854242326325,14,pump_0_25,tdec_30_70,fund_flat,crowd_24,btc_down,0.07106598984771573,0.5317993247144872,-0.00021933,-0.024848285746260856
GLMRUSDT,2023-09-26,e2324,105541,long,2,-0.15953150242326325,0.0007229599999999999,-0.16330854242326326,-0.16780854242326326,14,pump_0_25,tdec_30_70,fund_flat,crowd_24,btc_down,0.07106598984771573,0.5317993247144872,-0.00021933,-0.024848285746260856
GLMUSDT,2024-02-23,e2324,105562,short,1,-0.12461147216727897,0.01246627,-0.11664520216727897,-0.12114520216727896,36,pump_le0,tdec_ge70,fund_flat,crowd_24,btc_up,-0.03962008141112616,0.8892626243272915,0.00031264,0.291560396763221
GLMUSDT,2024-02-23,e2324,105562,long,1,0.12461147216727897,-0.01246627,0.10764520216727896,0.10314520216727897,36,pump_le0,tdec_ge70,fund_flat,crowd_24,btc_up,-0.03962008141112616,0.8892626243272915,0.00031264,0.291560396763221
GLMUSDT,2024-02-23,e2324,105562,short,2,0.025942241801272633,0.01105266,0.03249490180127264,0.027994901801272634,29,pump_le0,tdec_ge70,fund_flat,crowd_24,btc_up,-0.03962008141112616,6.134030352460309,0.0004111,0.2382051551915496
GLMUSDT,2024-02-23,e2324,105562,long,2,-0.025942241801272633,-0.01105266,-0.04149490180127263,-0.045994901801272636,29,pump_le0,tdec_ge70,fund_flat,crowd_24,btc_up,-0.03962008141112616,6.134030352460309,0.0004111,0.2382051551915496
GLWUSDT,2026-06-12,e2526,105682,short,1,-0.10749167591564932,0.00676543,-0.10522624591564932,-0.1097262459156493,18,pump_le0,tdec_lt30,fund_flat,crowd_ge5,btc_down,-0.0014407624958440168,0.07026106717754615,0.0,-0.20519340793027419
GLWUSDT,2026-06-12,e2526,105682,long,1,0.10749167591564932,-0.00676543,0.09622624591564931,0.09172624591564932,18,pump_le0,tdec_lt30,fund_flat,crowd_ge5,btc_down,-0.0014407624958440168,0.07026106717754615,0.0,-0.20519340793027419
GLWUSDT,2026-06-12,e2526,105682,short,2,-0.08438382960226039,0.00676543,-0.08211839960226039,-0.08661839960226038,15,pump_le0,tdec_lt30,fund_flat,crowd_ge5,btc_down,-0.0014407624958440168,0.23251763753589663,0.0,-0.16910615372941795
GLWUSDT,2026-06-12,e2526,105682,long,2,0.08438382960226039,-0.00676543,0.07311839960226038,0.06861839960226039,15,pump_le0,tdec_lt30,fund_flat,crowd_ge5,btc_down,-0.0014407624958440168,0.23251763753589663,0.0,-0.16910615372941795
GMEUSDT,2026-06-11,e2526,105682,short,1,0.011029411764705973,0.00020487,0.006734281764705973,0.0022342817647059733,18,pump_le0,tdec_ge70,fund_flat,crowd_ge5,btc_down,-0.02813756141134427,1.0599414221275962,0.0,-0.19853244425722338
GMEUSDT,2026-06-11,e2526,105682,long,1,-0.011029411764705973,-0.00020487,-0.01573428176470597,-0.020234281764705972,18,pump_le0,tdec_ge70,fund_flat,crowd_ge5,btc_down,-0.02813756141134427,1.0599414221275962,0.0,-0.19853244425722338
GMEUSDT,2026-06-11,e2526,105682,short,2,0.04014272970562007,0.00020487,0.03584759970562008,0.03134759970562007,15,pump_le0,tdec_30_70,fund_flat,crowd_ge5,btc_down,-0.02813756141134427,0.48810881593820743,0.0,-0.20519340793027419
GMEUSDT,2026-06-11,e2526,105682,long,2,-0.04014272970562007,-0.00020487,-0.04484759970562007,-0.049347599705620075,15,pump_le0,tdec_30_70,fund_flat,crowd_ge5,btc_down,-0.02813756141134427,0.48810881593820743,0.0,-0.20519340793027419
GMTUSDT,2022-03-15,e2122,105461,short,1,-0.45074863515972685,-0.06523705,-0.5204856851597268,-0.5249856851597269,18,pump_25_100,tdec_ge70,fund_neg,crowd_01,btc_down,0.7220291653738755,7.1361979174295325,-0.009999747916719185,-0.033376492117368595
GMTUSDT,2022-03-15,e2122,105461,long,1,0.45074863515972685,0.06523705,0.5114856851597269,0.5069856851597269,18,pump_25_100,tdec_ge70,fund_neg,crowd_01,btc_down,0.7220291653738755,7.1361979174295325,-0.009999747916719185,-0.033376492117368595
GMTUSDT,2022-03-15,e2122,105461,short,2,0.030055533470661255,-0.02605774,-0.0005022065293387437,-0.005002206529338743,14,pump_25_100,tdec_ge70,fund_neg,crowd_01,btc_down,0.7220291653738755,13.425615920320904,-0.00999975138885436,-0.08155249541877763
GMTUSDT,2022-03-15,e2122,105461,long,2,-0.030055533470661255,0.02605774,-0.008497793470661257,-0.012997793470661255,14,pump_25_100,tdec_ge70,fund_neg,crowd_01,btc_down,0.7220291653738755,13.425615920320904,-0.00999975138885436,-0.08155249541877763
GMXUSDT,2023-02-18,e2324,105509,short,1,0.06930310446992137,0.00183857,0.06664167446992136,0.06214167446992137,18,pump_le0,tdec_30_70,fund_flat,crowd_24,btc_up,-0.05582583313062517,0.6339877683954034,0.00010000000694444493,0.07081739191830949
GMXUSDT,2023-02-18,e2324,105509,long,1,-0.06930310446992137,-0.00183857,-0.07564167446992137,-0.08014167446992136,18,pump_le0,tdec_30_70,fund_flat,crowd_24,btc_up,-0.05582583313062517,0.6339877683954034,0.00010000000694444493,0.07081739191830949
GMXUSDT,2023-02-18,e2324,105509,short,2,0.08148995677599792,0.0015,0.07848995677599792,0.07398995677599793,15,pump_le0,tdec_ge70,fund_flat,crowd_24,btc_up,-0.05582583313062517,0.7491529668609503,0.0001,0.09077381605572854
GMXUSDT,2023-02-18,e2324,105509,long,2,-0.08148995677599792,-0.0015,-0.08748995677599793,-0.09198995677599792,15,pump_le0,tdec_ge70,fund_flat,crowd_24,btc_up,-0.05582583313062517,0.7491529668609503,0.0001,0.09077381605572854
GOATUSDT,2024-10-25,e2324,105597,short,1,0.24871187856844448,0.00764772,0.2518595985684445,0.24735959856844447,35,pump_0_25,tdec_ge70,fund_pos,crowd_24,btc_up,0.08294374905745738,1.563372064368895,0.00144452,0.02966877087836517
GOATUSDT,2024-10-25,e2324,105597,long,1,-0.24871187856844448,-0.00764772,-0.2608595985684445,-0.2653595985684445,35,pump_0_25,tdec_ge70,fund_pos,crowd_24,btc_up,0.08294374905745738,1.563372064368895,0.00144452,0.02966877087836517
GOATUSDT,2024-10-25,e2324,105597,short,2,0.09616351147595914,0.00600114,0.09766465147595914,0.09316465147595915,29,pump_0_25,tdec_ge70,fund_pos,crowd_24,btc_up,0.08294374905745738,0.9694357220711599,0.00066274,0.0341142759803863
GOATUSDT,2024-10-25,e2324,105597,long,2,-0.09616351147595914,-0.00600114,-0.10666465147595915,-0.11116465147595914,29,pump_0_25,tdec_ge70,fund_pos,crowd_24,btc_up,0.08294374905745738,0.9694357220711599,0.00066274,0.0341142759803863
GOOGLUSDT,2026-03-27,e2526,105671,short,1,-0.08214809384164211,0.00844672,-0.07820137384164211,-0.0827013738416421,18,pump_le0,tdec_ge70,fund_pos,crowd_ge5,btc_down,-0.03265841636821387,1.0930307061830928,0.00260606,-0.016507482779377303
GOOGLUSDT,2026-03-27,e2526,105671,long,1,0.08214809384164211,-0.00844672,0.0692013738416421,0.06470137384164211,18,pump_le0,tdec_ge70,fund_pos,crowd_ge5,btc_down,-0.03265841636821387,1.0930307061830928,0.00260606,-0.016507482779377303
GOOGLUSDT,2026-03-27,e2526,105671,short,2,-0.08139492289094828,0.00270434,-0.08319058289094829,-0.08769058289094828,15,pump_le0,tdec_30_70,fund_pos,crowd_ge5,btc_up,-0.03265841636821387,0.44808907206830156,0.00146475,0.0021553557324258676
GOOGLUSDT,2026-03-27,e2526,105671,long,2,0.08139492289094828,-0.00270434,0.07419058289094828,0.06969058289094829,15,pump_le0,tdec_30_70,fund_pos,crowd_ge5,btc_up,-0.03265841636821387,0.44808907206830156,0.00146475,0.0021553557324258676
GPSUSDT,2025-02-18,e2526,105614,short,1,-0.0570247933884299,-0.02832161,-0.0898464033884299,-0.0943464033884299,35,pump_le0,tdec_ge70,fund_neg,crowd_ge5,btc_down,-0.01224489795918371,0.96607787036763,-0.0135124,-0.05525410865389513
GPSUSDT,2025-02-18,e2526,105614,long,1,0.0570247933884299,0.02832161,0.0808464033884299,0.0763464033884299,35,pump_le0,tdec_ge70,fund_neg,crowd_ge5,btc_down,-0.01224489795918371,0.96607787036763,-0.0135124,-0.05525410865389513
GPSUSDT,2025-02-18,e2526,105614,short,2,0.029590288315629643,-0.0096803,0.015409988315629643,0.010909988315629645,30,pump_le0,tdec_ge70,fund_flat,crowd_ge5,btc_down,-0.01224489795918371,0.7483832544977462,-0.00039024,-0.07408601086562161
GPSUSDT,2025-02-18,e2526,105614,long,2,-0.029590288315629643,0.0096803,-0.024409988315629644,-0.028909988315629645,30,pump_le0,tdec_ge70,fund_flat,crowd_ge5,btc_down,-0.01224489795918371,0.7483832544977462,-0.00039024,-0.07408601086562161
GRASSUSDT,2024-11-09,e2324,105599,short,1,0.12768599317076537,0.01143947,0.13462546317076537,0.13012546317076537,36,pump_le0,tdec_ge70,fund_pos,crowd_ge5,btc_up,-0.07680305683808297,0.9600731241487838,0.00153786,0.28637476203426715
GRASSUSDT,2024-11-09,e2324,105599,long,1,-0.12768599317076537,-0.01143947,-0.14362546317076538,-0.1481254631707654,36,pump_le0,tdec_ge70,fund_pos,crowd_ge5,btc_up,-0.07680305683808297,0.9600731241487838,0.00153786,0.28637476203426715
GRASSUSDT,2024-11-09,e2324,105599,short,2,0.27387309790410563,0.00924842,0.2786215179041056,0.2741215179041056,30,pump_le0,tdec_ge70,fund_pos,crowd_ge5,btc_up,-0.07680305683808297,1.3193188588744598,0.00146472,0.4044716347980244
GRASSUSDT,2024-11-09,e2324,105599,long,2,-0.27387309790410563,-0.00924842,-0.2876215179041056,-0.2921215179041056,30,pump_le0,tdec_ge70,fund_pos,crowd_ge5,btc_up,-0.07680305683808297,1.3193188588744598,0.00146472,0.4044716347980244
GRIFFAINUSDT,2025-01-03,e2526,105607,short,1,0.057201929703652725,0.00547663,0.05817855970365273,0.05367855970365273,35,pump_0_25,tdec_30_70,fund_flat,crowd_24,btc_up,0.015703385677952264,0.5046878398020489,0.00049336,0.012079194651628988
GRIFFAINUSDT,2025-01-03,e2526,105607,long,1,-0.057201929703652725,-0.00547663,-0.06717855970365273,-0.07167855970365272,35,pump_0_25,tdec_30_70,fund_flat,crowd_24,btc_up,0.015703385677952264,0.5046878398020489,0.00049336,0.012079194651628988
GRIFFAINUSDT,2025-01-03,e2526,105607,short,2,-0.06285447906145603,0.0046765900000000004,-0.06267788906145602,-0.06717788906145603,29,pump_0_25,tdec_30_70,fund_flat,crowd_24,btc_down,0.015703385677952264,0.4387912961459132,0.0001,-0.014651937576714014
GRIFFAINUSDT,2025-01-03,e2526,105607,long,2,0.06285447906145603,-0.0046765900000000004,0.05367788906145603,0.04917788906145602,29,pump_0_25,tdec_30_70,fund_flat,crowd_24,btc_down,0.015703385677952264,0.4387912961459132,0.0001,-0.014651937576714014
GTCUSDT,2021-06-11,e2122,105421,short,1,0.28870665834744624,-0.0010954799999999998,0.28311117834744626,0.27861117834744625,18,pump_le0,tdec_30_70,fund_neg,crowd_01,btc_down,-0.2657241966097258,0.5221340389484169,-0.002275730079018406,-0.2850824516827305
GTCUSDT,2021-06-11,e2122,105421,long,1,-0.28870665834744624,0.0010954799999999998,-0.29211117834744627,-0.29661117834744627,18,pump_le0,tdec_30_70,fund_neg,crowd_01,btc_down,-0.2657241966097258,0.5221340389484169,-0.002275730079018406,-0.2850824516827305
GTCUSDT,2021-06-11,e2122,105421,short,2,0.23702074768142262,0.0004782600000000001,0.23299900768142262,0.22849900768142262,14,pump_le0,tdec_30_70,fund_flat,crowd_01,btc_down,-0.2657241966097258,0.5723199320079878,-0.00026845001398177157,-0.21814531110552804
GTCUSDT,2021-06-11,e2122,105421,long,2,-0.23702074768142262,-0.0004782600000000001,-0.24199900768142263,-0.24649900768142263,14,pump_le0,tdec_30_70,fund_flat,crowd_01,btc_down,-0.2657241966097258,0.5723199320079878,-0.00026845001398177157,-0.21814531110552804
GUAUSDT,2025-12-22,e2526,105658,short,1,0.1009887005649717,0.00802397,0.1045126705649717,0.1000126705649717,36,pump_le0,tdec_30_70,fund_flat,crowd_24,btc_up,-0.08395629672225413,0.6279335615507693,0.00015316,0.007548869512727485
GUAUSDT,2025-12-22,e2526,105658,long,1,-0.1009887005649717,-0.00802397,-0.1135126705649717,-0.1180126705649717,36,pump_le0,tdec_30_70,fund_flat,crowd_24,btc_up,-0.08395629672225413,0.6279335615507693,0.00015316,0.007548869512727485
GUAUSDT,2025-12-22,e2526,105658,short,2,-0.04182958988815138,0.00650405,-0.03982553988815138,-0.04432553988815138,29,pump_le0,tdec_30_70,fund_pos,crowd_24,btc_down,-0.08395629672225413,0.4889193925427195,0.00067824,-0.007023460261017078
GUAUSDT,2025-12-22,e2526,105658,long,2,0.04182958988815138,-0.00650405,0.03082553988815138,0.02632553988815138,29,pump_le0,tdec_30_70,fund_pos,crowd_24,btc_down,-0.08395629672225413,0.4889193925427195,0.00067824,-0.007023460261017078
GUNUSDT,2025-04-01,e2526,105620,short,1,0.1852551984877127,-0.02640223,0.1543529684877127,0.1498529684877127,35,pump_le0,tdec_30_70,fund_flat,crowd_ge5,btc_down,-0.31653746770025837,0.6362511670479906,0.0001,-0.043015243750340715
GUNUSDT,2025-04-01,e2526,105620,long,1,-0.1852551984877127,0.02640223,-0.16335296848771272,-0.16785296848771272,35,pump_le0,tdec_30_70,fund_flat,crowd_ge5,btc_down,-0.31653746770025837,0.6362511670479906,0.0001,-0.043015243750340715
GUNUSDT,2025-04-01,e2526,105620,short,2,0.022675736961451268,-0.024765119999999998,-0.00658938303854873,-0.01108938303854873,29,pump_le0,tdec_30_70,fund_flat,crowd_ge5,btc_down,-0.31653746770025837,0.3506980298513791,0.0001,-0.04658557021017595
GUNUSDT,2025-04-01,e2526,105620,long,2,-0.022675736961451268,0.024765119999999998,-0.0024106169614512693,-0.006910616961451269,29,pump_le0,tdec_30_70,fund_flat,crowd_ge5,btc_down,-0.31653746770025837,0.3506980298513791,0.0001,-0.04658557021017595
GUSDT,2024-08-16,e2324,105587,short,1,0.025039476652379874,-0.00307306,0.017466416652379874,0.012966416652379876,35,pump_0_25,tdec_ge70,fund_flat,crowd_24,btc_down,0.18751674256630047,3.30527345954548,-0.00021634,-0.07022212354928636
GUSDT,2024-08-16,e2324,105587,long,1,-0.025039476652379874,0.00307306,-0.026466416652379875,-0.030966416652379876,35,pump_0_25,tdec_ge70,fund_flat,crowd_24,btc_down,0.18751674256630047,3.30527345954548,-0.00021634,-0.07022212354928636
GUSDT,2024-08-16,e2324,105587,short,2,-0.034713909504429014,0.00011329000000000005,-0.03910061950442901,-0.04360061950442901,29,pump_0_25,tdec_ge70,fund_neg,crowd_24,btc_down,0.18751674256630047,1.715974270757284,-0.00095768,-0.12364039689079187
GUSDT,2024-08-16,e2324,105587,long,2,0.034713909504429014,-0.00011329000000000005,0.03010061950442901,0.02560061950442901,29,pump_0_25,tdec_ge70,fund_neg,crowd_24,btc_down,0.18751674256630047,1.715974270757284,-0.00095768,-0.12364039689079187
GWEIUSDT,2026-01-30,e2526,105663,short,1,0.354659986028473,0.00459951,0.35475949602847295,0.35025949602847295,36,pump_le0,tdec_30_70,fund_flat,crowd_24,btc_down,-0.06760550726590753,0.5031189271261025,0.00010000000694444493,-0.11366216216216218
GWEIUSDT,2026-01-30,e2526,105663,long,1,-0.354659986028473,-0.00459951,-0.36375949602847296,-0.36825949602847297,36,pump_le0,tdec_30_70,fund_flat,crowd_24,btc_down,-0.06760550726590753,0.5031189271261025,0.00010000000694444493,-0.11366216216216218
GWEIUSDT,2026-01-30,e2526,105663,short,2,0.29196289346406956,0.00374621,0.29120910346406953,0.2867091034640695,29,pump_le0,tdec_30_70,fund_flat,crowd_24,btc_down,-0.06760550726590753,0.37181651654530173,0.0002179000151319455,-0.14474371716282342
GWEIUSDT,2026-01-30,e2526,105663,long,2,-0.29196289346406956,-0.00374621,-0.30020910346406954,-0.30470910346406954,29,pump_le0,tdec_30_70,fund_flat,crowd_24,btc_down,-0.06760550726590753,0.37181651654530173,0.0002179000151319455,-0.14474371716282342
HAEDALUSDT,2025-05-01,e2526,105624,short,1,0.2678615334180224,-0.03020587,0.23315566341802238,0.22865566341802238,35,pump_25_100,tdec_ge70,fund_neg,crowd_ge5,btc_up,0.8417358490566038,3.1258076857412895,-0.00504666,0.17392353285623696
HAEDALUSDT,2025-05-01,e2526,105624,long,1,-0.2678615334180224,0.03020587,-0.2421556634180224,-0.2466556634180224,35,pump_25_100,tdec_ge70,fund_neg,crowd_ge5,btc_up,0.8417358490566038,3.1258076857412895,-0.00504666,0.17392353285623696
HAEDALUSDT,2025-05-01,e2526,105624,short,2,0.07037352602584697,-0.02244878,0.04342474602584697,0.03892474602584697,30,pump_25_100,tdec_ge70,fund_neg,crowd_ge5,btc_up,0.8417358490566038,2.280740636364078,-0.00470792,0.15173806675763246
HAEDALUSDT,2025-05-01,e2526,105624,long,2,-0.07037352602584697,0.02244878,-0.052424746025846965,-0.05692474602584697,30,pump_25_100,tdec_ge70,fund_neg,crowd_ge5,btc_up,0.8417358490566038,2.280740636364078,-0.00470792,0.15173806675763246
HANAUSDT,2025-09-27,e2526,105645,short,1,0.19514955537590953,0.0114287,0.2020782553759095,0.1975782553759095,35,pump_le0,tdec_30_70,fund_pos,crowd_ge5,btc_up,-0.004987129987129912,0.4559182775660772,0.00098152,0.03495907041660673
HANAUSDT,2025-09-27,e2526,105645,long,1,-0.19514955537590953,-0.0114287,-0.21107825537590952,-0.21557825537590952,35,pump_le0,tdec_30_70,fund_pos,crowd_ge5,btc_up,-0.004987129987129912,0.4559182775660772,0.00098152,0.03495907041660673
HANAUSDT,2025-09-27,e2526,105645,short,2,-0.06504065040650409,0.00895038,-0.06059027040650408,-0.06509027040650409,30,pump_le0,tdec_30_70,fund_flat,crowd_ge5,btc_up,-0.004987129987129912,0.3596788194873813,0.00040456,0.050563683189911
HANAUSDT,2025-09-27,e2526,105645,long,2,0.06504065040650409,-0.00895038,0.05159027040650409,0.047090270406504084,30,pump_le0,tdec_30_70,fund_flat,crowd_ge5,btc_up,-0.004987129987129912,0.3596788194873813,0.00040456,0.050563683189911
HDUSDT,2026-05-16,e2526,105678,short,1,-0.06565844107619076,0.0,-0.07015844107619076,-0.07465844107619075,0,pump_le0,tdec_lt30,fund_none,crowd_ge5,btc_up,-0.0016513885144243678,0.21599641431495872,,0.00519014521501826
HDUSDT,2026-05-16,e2526,105678,long,1,0.06565844107619076,-0.0,0.06115844107619076,0.05665844107619076,0,pump_le0,tdec_lt30,fund_none,crowd_ge5,btc_up,-0.0016513885144243678,0.21599641431495872,,0.00519014521501826
HDUSDT,2026-05-16,e2526,105678,short,2,-0.048979863095633715,0.0,-0.05347986309563371,-0.057979863095633716,0,pump_le0,tdec_ge70,fund_none,crowd_ge5,btc_up,-0.0016513885144243678,1.9597526241851762,,0.017307788901548715
HDUSDT,2026-05-16,e2526,105678,long,2,0.048979863095633715,-0.0,0.04447986309563372,0.039979863095633714,0,pump_le0,tdec_ge70,fund_none,crowd_ge5,btc_up,-0.0016513885144243678,1.9597526241851762,,0.017307788901548715
HEIUSDT,2025-02-14,e2526,105613,short,1,0.16464120370370372,-0.0009480099999999999,0.15919319370370372,0.1546931937037037,35,pump_le0,tdec_30_70,fund_flat,crowd_24,btc_down,-0.11236676512135602,0.5029805059728143,0.0001,-0.024009029652562464
HEIUSDT,2025-02-14,e2526,105613,long,1,-0.16464120370370372,0.0009480099999999999,-0.16819319370370373,-0.17269319370370373,35,pump_le0,tdec_30_70,fund_flat,crowd_24,btc_down,-0.11236676512135602,0.5029805059728143,0.0001,-0.024009029652562464
HEIUSDT,2025-02-14,e2526,105613,short,2,0.17337151037938436,-0.0008254899999999999,0.16804602037938435,0.16354602037938434,29,pump_le0,tdec_30_70,fund_flat,crowd_24,btc_down,-0.11236676512135602,0.3196060431149056,0.0001,-0.07665617415959824
HEIUSDT,2025-02-14,e2526,105613,long,2,-0.17337151037938436,0.0008254899999999999,-0.17704602037938436,-0.18154602037938436,29,pump_le0,tdec_30_70,fund_flat,crowd_24,btc_down,-0.11236676512135602,0.3196060431149056,0.0001,-0.07665617415959824
HEMIUSDT,2025-08-29,e2526,105641,short,1,-0.8981471389645775,0.00512724,-0.8975198989645775,-0.9020198989645776,36,pump_le0,tdec_30_70,fund_flat,crowd_ge5,btc_down,-0.16590909090909078,0.33916388416389,0.0001,-0.059978927771002555
HEMIUSDT,2025-08-29,e2526,105641,long,1,0.8981471389645775,-0.00512724,0.8885198989645776,0.8840198989645776,36,pump_le0,tdec_30_70,fund_flat,crowd_ge5,btc_down,-0.16590909090909078,0.33916388416389,0.0001,-0.059978927771002555
HEMIUSDT,2025-08-29,e2526,105641,short,2,-0.12408829794100565,0.00307132,-0.12551697794100564,-0.13001697794100564,29,pump_le0,tdec_ge70,fund_flat,crowd_ge5,btc_down,-0.16590909090909078,1.9755296067657933,0.0001,-0.044473565232134304
HEMIUSDT,2025-08-29,e2526,105641,long,2,0.12408829794100565,-0.00307132,0.11651697794100564,0.11201697794100565,29,pump_le0,tdec_ge70,fund_flat,crowd_ge5,btc_down,-0.16590909090909078,1.9755296067657933,0.0001,-0.044473565232134304
HFTUSDT,2023-04-07,e2324,105516,short,1,-0.20575370121130546,0.0018000000000000002,-0.20845370121130546,-0.21295370121130547,18,pump_le0,tdec_ge70,fund_flat,crowd_01,btc_up,-0.10075642965204235,0.728035228473949,0.0001,0.3723456013524473
HFTUSDT,2023-04-07,e2324,105516,long,1,0.20575370121130546,-0.0018000000000000002,0.19945370121130546,0.19495370121130545,18,pump_le0,tdec_ge70,fund_flat,crowd_01,btc_up,-0.10075642965204235,0.728035228473949,0.0001,0.3723456013524473
HFTUSDT,2023-04-07,e2324,105516,short,2,-0.1860003309614431,0.0014,-0.1891003309614431,-0.1936003309614431,14,pump_le0,tdec_30_70,fund_flat,crowd_01,btc_up,-0.10075642965204235,0.3765025277300098,0.00010000000347222237,0.4056096483170559
HFTUSDT,2023-04-07,e2324,105516,long,2,0.1860003309614431,-0.0014,0.1801003309614431,0.1756003309614431,14,pump_le0,tdec_30_70,fund_flat,crowd_01,btc_up,-0.10075642965204235,0.3765025277300098,0.00010000000347222237,0.4056096483170559
HIFIUSDT,2023-09-17,e2324,105540,short,1,0.12456787278174691,0.00101888,0.12108675278174691,0.11658675278174692,17,pump_le0,tdec_30_70,fund_neg,crowd_01,btc_up,-0.5170571539874227,0.3693890778718912,-0.00185924,0.025360027291927878
HIFIUSDT,2023-09-17,e2324,105540,long,1,-0.12456787278174691,-0.00101888,-0.13008675278174692,-0.13458675278174692,17,pump_le0,tdec_30_70,fund_neg,crowd_01,btc_up,-0.5170571539874227,0.3693890778718912,-0.00185924,0.025360027291927878
HIFIUSDT,2023-09-17,e2324,105540,short,2,0.14678796046720569,0.0012824400000000001,0.14357040046720568,0.13907040046720567,14,pump_le0,tdec_lt30,fund_flat,crowd_01,btc_up,-0.5170571539874227,0.1743828219770076,0.00006133333475308645,0.03897096183894333
HIFIUSDT,2023-09-17,e2324,105540,long,2,-0.14678796046720569,-0.0012824400000000001,-0.15257040046720569,-0.1570704004672057,14,pump_le0,tdec_lt30,fund_flat,crowd_01,btc_up,-0.5170571539874227,0.1743828219770076,0.00006133333475308645,0.03897096183894333
HIGHUSDT,2023-02-07,e2324,105508,short,1,0.1374025974025974,0.00185639,0.1347589874025974,0.1302589874025974,18,pump_le0,tdec_ge70,fund_pos,crowd_24,btc_up,-0.13072928426281327,1.053640146735054,0.0006838299762559035,0.337000646487708
HIGHUSDT,2023-02-07,e2324,105508,long,1,-0.1374025974025974,-0.00185639,-0.1437589874025974,-0.1482589874025974,18,pump_le0,tdec_ge70,fund_pos,crowd_24,btc_up,-0.13072928426281327,1.053640146735054,0.0006838299762559035,0.337000646487708
HIGHUSDT,2023-02-07,e2324,105508,short,2,-0.09279368213228036,0.0015,-0.09579368213228036,-0.10029368213228035,15,pump_le0,tdec_ge70,fund_flat,crowd_24,btc_up,-0.13072928426281327,1.5348868957395294,0.00010000000694444493,0.2504245845956119
HIGHUSDT,2023-02-07,e2324,105508,long,2,0.09279368213228036,-0.0015,0.08679368213228035,0.08229368213228036,15,pump_le0,tdec_ge70,fund_flat,crowd_24,btc_up,-0.13072928426281327,1.5348868957395294,0.00010000000694444493,0.2504245845956119
HIMSUSDT,2026-06-10,e2526,105682,short,1,-0.11736111111111107,0.0001365,-0.12172461111111108,-0.12622461111111108,18,pump_0_25,tdec_ge70,fund_none,crowd_ge5,btc_down,0.01194659170765977,1.1522712216344189,,-0.20958103926125704
HIMSUSDT,2026-06-10,e2526,105682,long,1,0.11736111111111107,-0.0001365,0.11272461111111107,0.10822461111111108,18,pump_0_25,tdec_ge70,fund_none,crowd_ge5,btc_down,0.01194659170765977,1.1522712216344189,,-0.20958103926125704
HIMSUSDT,2026-06-10,e2526,105682,short,2,-0.19583797844667408,0.0001365,-0.20020147844667407,-0.20470147844667408,15,pump_0_25,tdec_30_70,fund_flat,crowd_ge5,btc_down,0.01194659170765977,0.637579880253884,0.0,-0.19853244425722338
HIMSUSDT,2026-06-10,e2526,105682,long,2,0.19583797844667408,-0.0001365,0.19120147844667407,0.18670147844667406,15,pump_0_25,tdec_30_70,fund_flat,crowd_ge5,btc_down,0.01194659170765977,0.637579880253884,0.0,-0.19853244425722338
HIPPOUSDT,2024-11-14,e2324,105600,short,1,0.3123764333728747,0.01736166,0.3252380933728747,0.3207380933728747,36,pump_0_25,tdec_ge70,fund_flat,crowd_ge5,btc_up,0.19971537001897532,2.1087273809498623,0.0001,0.34741685406557
HIPPOUSDT,2024-11-14,e2324,105600,long,1,-0.3123764333728747,-0.01736166,-0.3342380933728747,-0.3387380933728747,36,pump_0_25,tdec_ge70,fund_flat,crowd_ge5,btc_up,0.19971537001897532,2.1087273809498623,0.0001,0.34741685406557
HIPPOUSDT,2024-11-14,e2324,105600,short,2,0.37242872609166366,0.01397465,0.38190337609166364,0.37740337609166363,29,pump_0_25,tdec_ge70,fund_pos,crowd_ge5,btc_up,0.19971537001897532,1.2062474134218715,0.00260296,0.34482615372061454
HIPPOUSDT,2024-11-14,e2324,105600,long,2,-0.37242872609166366,-0.01397465,-0.39090337609166365,-0.39540337609166365,29,pump_0_25,tdec_ge70,fund_pos,crowd_ge5,btc_up,0.19971537001897532,1.2062474134218715,0.00260296,0.34482615372061454
HIVEUSDT,2024-12-24,e2324,105606,short,1,-0.18806841108731406,-0.12263678,-0.3152051910873141,-0.3197051910873141,35,pump_le0,tdec_ge70,fund_neg,crowd_ge5,btc_up,-0.10738924445183262,0.8467330964615444,-0.0008086,0.06786405054586098
HIVEUSDT,2024-12-24,e2324,105606,long,1,0.18806841108731406,0.12263678,0.3062051910873141,0.3017051910873141,35,pump_le0,tdec_ge70,fund_neg,crowd_ge5,btc_up,-0.10738924445183262,0.8467330964615444,-0.0008086,0.06786405054586098
HIVEUSDT,2024-12-24,e2324,105606,short,2,-0.13507903087097053,-0.10910092,-0.24867995087097056,-0.25317995087097056,29,pump_le0,tdec_ge70,fund_neg,crowd_ge5,btc_up,-0.10738924445183262,1.553365040397438,-0.0072424,0.04052970287346214
HIVEUSDT,2024-12-24,e2324,105606,long,2,0.13507903087097053,0.10910092,0.23967995087097055,0.23517995087097054,29,pump_le0,tdec_ge70,fund_neg,crowd_ge5,btc_up,-0.10738924445183262,1.553365040397438,-0.0072424,0.04052970287346214
HMSTRUSDT,2024-09-27,e2324,105593,short,1,0.24528598365807666,0.00169442,0.24248040365807666,0.23798040365807666,36,pump_le0,tdec_30_70,fund_flat,crowd_24,btc_up,-0.02016936104695921,0.44868403282462493,0.0001,0.10955916066564186
HMSTRUSDT,2024-09-27,e2324,105593,long,1,-0.24528598365807666,-0.00169442,-0.25148040365807667,-0.25598040365807667,36,pump_le0,tdec_30_70,fund_flat,crowd_24,btc_up,-0.02016936104695921,0.44868403282462493,0.0001,0.10955916066564186
HMSTRUSDT,2024-09-27,e2324,105593,short,2,0.16571130797290254,0.00134442,0.16255572797290255,0.15805572797290254,29,pump_le0,tdec_30_70,fund_flat,crowd_24,btc_up,-0.02016936104695921,0.5683470384947648,0.0001,0.10951277829576478
HMSTRUSDT,2024-09-27,e2324,105593,long,2,-0.16571130797290254,-0.00134442,-0.17155572797290256,-0.17605572797290256,29,pump_le0,tdec_30_70,fund_flat,crowd_24,btc_up,-0.02016936104695921,0.5683470384947648,0.0001,0.10951277829576478
HOLOUSDT,2025-09-12,e2526,105643,short,1,0.19801757152511834,0.0005781900000000001,0.19409576152511834,0.18959576152511834,36,pump_le0,tdec_30_70,fund_flat,crowd_24,btc_down,-0.042080276219248924,0.5560956490252171,0.0001,-0.020123948979298478
HOLOUSDT,2025-09-12,e2526,105643,long,1,-0.19801757152511834,-0.0005781900000000001,-0.20309576152511835,-0.20759576152511836,36,pump_le0,tdec_30_70,fund_flat,crowd_24,btc_down,-0.042080276219248924,0.5560956490252171,0.0001,-0.020123948979298478
HOLOUSDT,2025-09-12,e2526,105643,short,2,0.17687861271676303,0.0002781900000000001,0.17265680271676304,0.16815680271676303,30,pump_le0,tdec_30_70,fund_flat,crowd_24,btc_down,-0.042080276219248924,0.6082161823674955,0.0001,-0.017643367280813615
HOLOUSDT,2025-09-12,e2526,105643,long,2,-0.17687861271676303,-0.0002781900000000001,-0.18165680271676304,-0.18615680271676305,30,pump_le0,tdec_30_70,fund_flat,crowd_24,btc_down,-0.042080276219248924,0.6082161823674955,0.0001,-0.017643367280813615
HOMEUSDT,2025-06-11,e2526,105630,short,1,0.17220813052718165,-0.053277029999999996,0.11443110052718164,0.10993110052718165,35,pump_le0,tdec_ge70,fund_neg,crowd_ge5,btc_up,-0.08185680566483078,1.2975031938782198,-0.006021639581830585,0.014675928594761745
HOMEUSDT,2025-06-11,e2526,105630,long,1,-0.17220813052718165,0.053277029999999996,-0.12343110052718165,-0.12793110052718165,35,pump_le0,tdec_ge70,fund_neg,crowd_ge5,btc_up,-0.08185680566483078,1.2975031938782198,-0.006021639581830585,0.014675928594761745
HOMEUSDT,2025-06-11,e2526,105630,short,2,0.08286495518760442,-0.03368264,0.044682315187604425,0.04018231518760442,29,pump_le0,tdec_ge70,fund_neg,crowd_ge5,btc_up,-0.08185680566483078,0.9438302726884941,-0.002827680098183337,0.024833241669816042
HOMEUSDT,2025-06-11,e2526,105630,long,2,-0.08286495518760442,0.03368264,-0.05368231518760442,-0.05818231518760442,29,pump_le0,tdec_ge70,fund_neg,crowd_ge5,btc_up,-0.08185680566483078,0.9438302726884941,-0.002827680098183337,0.024833241669816042
HOODUSDT,2026-02-03,e2526,105664,short,1,0.015587978550941513,0.00898706,0.020075038550941515,0.015575038550941516,18,pump_le0,tdec_ge70,fund_flat,crowd_ge5,btc_down,-0.11294247787610623,1.0088150814504597,0.0,-0.22046973856989383
HOODUSDT,2026-02-03,e2526,105664,long,1,-0.015587978550941513,-0.00898706,-0.029075038550941516,-0.033575038550941516,18,pump_le0,tdec_ge70,fund_flat,crowd_ge5,btc_down,-0.11294247787610623,1.0088150814504597,0.0,-0.22046973856989383
HOODUSDT,2026-02-03,e2526,105664,short,2,-0.1288431288431287,0.00899271,-0.12435041884312871,-0.1288504188431287,15,pump_le0,tdec_ge70,fund_flat,crowd_ge5,btc_down,-0.11294247787610623,1.3211708097672412,-0.00034612,-0.32910637298843215
HOODUSDT,2026-02-03,e2526,105664,long,2,0.1288431288431287,-0.00899271,0.1153504188431287,0.11085041884312871,15,pump_le0,tdec_ge70,fund_flat,crowd_ge5,btc_down,-0.11294247787610623,1.3211708097672412,-0.00034612,-0.32910637298843215
HOOKUSDT,2023-01-23,e2324,105506,short,1,-0.11808846761453394,0.0066783,-0.11591016761453395,-0.12041016761453394,18,pump_le0,tdec_ge70,fund_flat,crowd_24,btc_up,-0.02239382239382237,1.2042033014795595,0.00047549,0.34491571764817763
HOOKUSDT,2023-01-23,e2324,105506,long,1,0.11808846761453394,-0.0066783,0.10691016761453394,0.10241016761453395,18,pump_le0,tdec_ge70,fund_flat,crowd_24,btc_up,-0.02239382239382237,1.2042033014795595,0.00047549,0.34491571764817763
HOOKUSDT,2023-01-23,e2324,105506,short,2,0.0742315238718116,0.00618344,0.0759149638718116,0.07141496387181161,15,pump_le0,tdec_ge70,fund_flat,crowd_24,btc_up,-0.02239382239382237,1.181461092557072,0.00012055,0.3634917725523119
HOOKUSDT,2023-01-23,e2324,105506,long,2,-0.0742315238718116,-0.00618344,-0.0849149638718116,-0.0894149638718116,15,pump_le0,tdec_ge70,fund_flat,crowd_24,btc_up,-0.02239382239382237,1.181461092557072,0.00012055,0.3634917725523119
HPEUSDT,2026-06-09,e2526,105682,short,1,-0.08238446081714663,-0.00009902000000000012,-0.08698348081714664,-0.09148348081714663,24,pump_le0,tdec_30_70,fund_none,crowd_ge5,btc_down,-0.09861139062185553,0.4427888175242677,,-0.24743724227072272
HPEUSDT,2026-06-09,e2526,105682,long,1,0.08238446081714663,0.00009902000000000012,0.07798348081714664,0.07348348081714665,24,pump_le0,tdec_30_70,fund_none,crowd_ge5,btc_down,-0.09861139062185553,0.4427888175242677,,-0.24743724227072272
HPEUSDT,2026-06-09,e2526,105682,short,2,-0.02798982188295166,-0.00009902000000000012,-0.032588841882951664,-0.03708884188295166,24,pump_le0,tdec_30_70,fund_none,crowd_ge5,btc_down,-0.09861139062185553,0.41527676664963487,,-0.20958103926125704
HPEUSDT,2026-06-09,e2526,105682,long,2,0.02798982188295166,0.00009902000000000012,0.023588841882951662,0.019088841882951665,24,pump_le0,tdec_30_70,fund_none,crowd_ge5,btc_down,-0.09861139062185553,0.41527676664963487,,-0.20958103926125704
HUMAUSDT,2025-05-27,e2526,105628,short,1,0.20334422448587353,-0.0005463299999999999,0.1982978944858735,0.1937978944858735,35,pump_le0,tdec_30_70,fund_flat,crowd_24,btc_up,-0.22212089045703953,0.5106069790061489,0.0001,0.13429750760774573
HUMAUSDT,2025-05-27,e2526,105628,long,1,-0.20334422448587353,0.0005463299999999999,-0.20729789448587352,-0.21179789448587352,35,pump_le0,tdec_30_70,fund_flat,crowd_24,btc_up,-0.22212089045703953,0.5106069790061489,0.0001,0.13429750760774573
HUMAUSDT,2025-05-27,e2526,105628,short,2,0.19506748227983298,-0.00078338,0.18978410227983297,0.18528410227983297,30,pump_le0,tdec_30_70,fund_flat,crowd_24,btc_up,-0.22212089045703953,0.38338700340732285,0.0001,0.1203799146710034
HUMAUSDT,2025-05-27,e2526,105628,long,2,-0.19506748227983298,0.00078338,-0.19878410227983298,-0.20328410227983298,30,pump_le0,tdec_30_70,fund_flat,crowd_24,btc_up,-0.22212089045703953,0.38338700340732285,0.0001,0.1203799146710034
HUSDT,2025-06-26,e2526,105632,short,1,-3.292013718765311,-0.22879771,-3.525311428765311,-3.529811428765311,66,pump_le0,tdec_30_70,fund_neg,crowd_24,btc_down,-0.4594809322033898,0.48169884317119027,-0.00498856,-0.006613251939463383
HUSDT,2025-06-26,e2526,105632,long,1,3.292013718765311,0.22879771,3.5163114287653108,3.511811428765311,66,pump_le0,tdec_30_70,fund_neg,crowd_24,btc_down,-0.4594809322033898,0.48169884317119027,-0.00498856,-0.006613251939463383
HUSDT,2025-06-26,e2526,105632,short,2,-3.0953716690042072,-0.21903031,-3.3189019790042074,-3.323401979004207,60,pump_le0,tdec_lt30,fund_neg,crowd_24,btc_up,-0.4594809322033898,0.17427099307983962,-0.00241484,0.016118074775511415
HUSDT,2025-06-26,e2526,105632,long,2,3.0953716690042072,0.21903031,3.309901979004207,3.3054019790042073,60,pump_le0,tdec_lt30,fund_neg,crowd_24,btc_up,-0.4594809322033898,0.17427099307983962,-0.00241484,0.016118074775511415
HYPERUSDT,2025-04-23,e2526,105623,short,1,0.12384044526901669,0.0002830400000000001,0.11962348526901669,0.1151234852690167,36,pump_le0,tdec_30_70,fund_flat,crowd_24,btc_up,-0.20589318600368323,0.32138295003139083,0.0001,0.07510375438652717
HYPERUSDT,2025-04-23,e2526,105623,long,1,-0.12384044526901669,-0.0002830400000000001,-0.12862348526901668,-0.13312348526901668,36,pump_le0,tdec_30_70,fund_flat,crowd_24,btc_up,-0.20589318600368323,0.32138295003139083,0.0001,0.07510375438652717
HYPERUSDT,2025-04-23,e2526,105623,short,2,0.05691462805791309,0.00005932000000000005,0.0524739480579131,0.04797394805791309,30,pump_le0,tdec_lt30,fund_flat,crowd_24,btc_up,-0.20589318600368323,0.21352165634630385,-0.00003728,0.08884151493315584
HYPERUSDT,2025-04-23,e2526,105623,long,2,-0.05691462805791309,-0.00005932000000000005,-0.06147394805791309,-0.0659739480579131,30,pump_le0,tdec_lt30,fund_flat,crowd_24,btc_up,-0.20589318600368323,0.21352165634630385,-0.00003728,0.08884151493315584
HYPEUSDT,2025-05-31,e2526,105628,short,1,-0.022516982899976525,0.00352541,-0.023491572899976526,-0.027991572899976523,36,pump_0_25,tdec_30_70,fund_flat,crowd_24,btc_up,0.04026804751751456,0.6236095991383093,0.0001,0.09038512380307173
HYPEUSDT,2025-05-31,e2526,105628,long,1,0.022516982899976525,-0.00352541,0.014491572899976525,0.009991572899976526,36,pump_0_25,tdec_30_70,fund_flat,crowd_24,btc_up,0.04026804751751456,0.6236095991383093,0.0001,0.09038512380307173
HYPEUSDT,2025-05-31,e2526,105628,short,2,0.042578274935570475,0.00265249,0.04073076493557048,0.036230764935570474,29,pump_0_25,tdec_ge70,fund_flat,crowd_24,btc_up,0.04026804751751456,0.9038198698171733,0.0001,0.10449535663176523
HYPEUSDT,2025-05-31,e2526,105628,long,2,-0.042578274935570475,-0.00265249,-0.04973076493557047,-0.054230764935570476,29,pump_0_25,tdec_ge70,fund_flat,crowd_24,btc_up,0.04026804751751456,0.9038198698171733,0.0001,0.10449535663176523
HYUNDAIUSDT,2026-06-02,e2526,105681,short,1,0.12769426964647834,0.0,0.12319426964647834,0.11869426964647835,0,pump_0_25,tdec_ge70,fund_none,crowd_ge5,btc_down,0.24854480436428172,0.7060686390494354,,-0.19678275651697885
HYUNDAIUSDT,2026-06-02,e2526,105681,long,1,-0.12769426964647834,-0.0,-0.13219426964647835,-0.13669426964647835,0,pump_0_25,tdec_ge70,fund_none,crowd_ge5,btc_down,0.24854480436428172,0.7060686390494354,,-0.19678275651697885
HYUNDAIUSDT,2026-06-02,e2526,105681,short,2,0.06665921037915225,0.0,0.06215921037915225,0.05765921037915225,0,pump_0_25,tdec_30_70,fund_none,crowd_ge5,btc_down,0.24854480436428172,0.5787515283190614,,-0.21034009836523748
HYUNDAIUSDT,2026-06-02,e2526,105681,long,2,-0.06665921037915225,-0.0,-0.07115921037915225,-0.07565921037915224,0,pump_0_25,tdec_30_70,fund_none,crowd_ge5,btc_down,0.24854480436428172,0.5787515283190614,,-0.21034009836523748
IBMUSDT,2026-06-04,e2526,105681,short,1,0.011073526793662145,0.0,0.006573526793662145,0.0020735267936621456,0,pump_le0,tdec_ge70,fund_none,crowd_ge5,btc_down,-0.044500391249617244,0.8409706248008073,,-0.2502527948730866
IBMUSDT,2026-06-04,e2526,105681,long,1,-0.011073526793662145,-0.0,-0.015573526793662144,-0.020073526793662144,0,pump_le0,tdec_ge70,fund_none,crowd_ge5,btc_down,-0.044500391249617244,0.8409706248008073,,-0.2502527948730866
IBMUSDT,2026-06-04,e2526,105681,short,2,0.004409076244757565,0.0,-0.00009092375524243426,-0.004590923755242434,0,pump_le0,tdec_30_70,fund_none,crowd_ge5,btc_down,-0.044500391249617244,0.37469366266386134,,-0.23908770104564991
IBMUSDT,2026-06-04,e2526,105681,long,2,-0.004409076244757565,-0.0,-0.008909076244757565,-0.013409076244757564,0,pump_le0,tdec_30_70,fund_none,crowd_ge5,btc_down,-0.044500391249617244,0.37469366266386134,,-0.23908770104564991
ICNTUSDT,2025-07-04,e2526,105633,short,1,-0.16016260162601623,-0.00395729,-0.16861989162601623,-0.17311989162601624,36,pump_le0,tdec_30_70,fund_neg,crowd_01,btc_up,-0.21330348576910774,0.47662896312853975,-0.0032391797750569605,0.06598553498668402
ICNTUSDT,2025-07-04,e2526,105633,long,1,0.16016260162601623,0.00395729,0.15961989162601622,0.15511989162601622,36,pump_le0,tdec_30_70,fund_neg,crowd_01,btc_up,-0.21330348576910774,0.47662896312853975,-0.0032391797750569605,0.06598553498668402
ICNTUSDT,2025-07-04,e2526,105633,short,2,-0.04849375459221157,-0.0014961599999999999,-0.054489914592211565,-0.05898991459221157,29,pump_le0,tdec_30_70,fund_flat,crowd_01,btc_up,-0.21330348576910774,0.3349537805755999,0.00009999999305555606,0.04706254796623188
ICNTUSDT,2025-07-04,e2526,105633,long,2,0.04849375459221157,0.0014961599999999999,0.04548991459221157,0.04098991459221157,29,pump_le0,tdec_30_70,fund_flat,crowd_01,btc_up,-0.21330348576910774,0.3349537805755999,0.00009999999305555606,0.04706254796623188
ICPUSDT,2021-05-11,e2122,105417,short,1,0.3658063264117989,0.00240384,0.3637101664117989,0.35921016641179887,18,pump_le0,tdec_ge70,fund_flat,crowd_01,btc_down,-0.3219736842105264,1.1194454370879756,0.00019355998319791812,-0.17217854831101642
ICPUSDT,2021-05-11,e2122,105417,long,1,-0.3658063264117989,-0.00240384,-0.3727101664117989,-0.3772101664117989,18,pump_le0,tdec_ge70,fund_flat,crowd_01,btc_down,-0.3219736842105264,1.1194454370879756,0.00019355998319791812,-0.17217854831101642
ICPUSDT,2021-05-11,e2122,105417,short,2,0.4583305708413446,0.0030517400000000003,0.4568823108413446,0.4523823108413446,15,pump_le0,tdec_ge70,fund_flat,crowd_01,btc_down,-0.3219736842105264,0.8327232470893269,-0.00044332995381979654,-0.21903964684206723
ICPUSDT,2021-05-11,e2122,105417,long,2,-0.4583305708413446,-0.0030517400000000003,-0.4658823108413446,-0.47038231084134463,15,pump_le0,tdec_ge70,fund_flat,crowd_01,btc_down,-0.3219736842105264,0.8327232470893269,-0.00044332995381979654,-0.21903964684206723
IDEXUSDT,2023-05-04,e2324,105520,short,1,0.1895958727429063,-0.007429069999999999,0.17766680274290628,0.17316680274290627,18,pump_le0,tdec_ge70,fund_neg,crowd_24,btc_up,-0.03139835096193888,5.020539531325079,-0.00902473,0.047506571002344344
IDEXUSDT,2023-05-04,e2324,105520,long,1,-0.1895958727429063,0.007429069999999999,-0.18666680274290628,-0.1911668027429063,18,pump_le0,tdec_ge70,fund_neg,crowd_24,btc_up,-0.03139835096193888,5.020539531325079,-0.00902473,0.047506571002344344
IDEXUSDT,2023-05-04,e2324,105520,short,2,0.073072383949646,-0.00318601,0.065386373949646,0.060886373949646,14,pump_le0,tdec_ge70,fund_flat,crowd_24,btc_up,-0.03139835096193888,0.8885373585058346,-0.00019207,0.029083460610645595
IDEXUSDT,2023-05-04,e2324,105520,long,2,-0.073072383949646,0.00318601,-0.074386373949646,-0.078886373949646,14,pump_le0,tdec_ge70,fund_flat,crowd_24,btc_up,-0.03139835096193888,0.8885373585058346,-0.00019207,0.029083460610645595
IDOLUSDT,2025-07-05,e2526,105633,short,1,0.029335071707953,0.0014533,0.026288371707953,0.021788371707953003,35,pump_0_25,tdec_ge70,fund_flat,crowd_24,btc_up,0.1647684130599849,1.7066035510083017,0.00009999999305555606,0.04706254796623188
IDOLUSDT,2025-07-05,e2526,105633,long,1,-0.029335071707953,-0.0014533,-0.035288371707953,-0.039788371707953,35,pump_0_25,tdec_ge70,fund_flat,crowd_24,btc_up,0.1647684130599849,1.7066035510083017,0.00009999999305555606,0.04706254796623188
IDOLUSDT,2025-07-05,e2526,105633,short,2,-0.156055900621118,0.0012033,-0.159352600621118,-0.163852600621118,30,pump_0_25,tdec_ge70,fund_flat,crowd_24,btc_up,0.1647684130599849,1.1248382213194956,0.00009999999305555606,0.025556477027699476
IDOLUSDT,2025-07-05,e2526,105633,long,2,0.156055900621118,-0.0012033,0.150352600621118,0.145852600621118,30,pump_0_25,tdec_ge70,fund_flat,crowd_24,btc_up,0.1647684130599849,1.1248382213194956,0.00009999999305555606,0.025556477027699476
IDUSDT,2023-03-24,e2324,105514,short,1,-0.012022780004218482,0.0005083700000000001,-0.016014410004218483,-0.020514410004218483,17,pump_le0,tdec_30_70,fund_flat,crowd_01,btc_up,-0.10327217703801761,0.3485081871745472,0.00009896000859027853,0.14704038647989037
IDUSDT,2023-03-24,e2324,105514,long,1,0.012022780004218482,-0.0005083700000000001,0.007014410004218483,0.002514410004218483,17,pump_le0,tdec_30_70,fund_flat,crowd_01,btc_up,-0.10327217703801761,0.3485081871745472,0.00009896000859027853,0.14704038647989037
IDUSDT,2023-03-24,e2324,105514,short,2,0.015794871794871764,0.00145422,0.012749091794871763,0.008249091794871764,15,pump_le0,tdec_30_70,fund_neg,crowd_01,btc_up,-0.10327217703801761,0.4102603890198598,-0.0005950300516519143,0.20619530885931758
IDUSDT,2023-03-24,e2324,105514,long,2,-0.015794871794871764,-0.00145422,-0.021749091794871764,-0.02624909179487176,15,pump_le0,tdec_30_70,fund_neg,crowd_01,btc_up,-0.10327217703801761,0.4102603890198598,-0.0005950300516519143,0.20619530885931758
ILVUSDT,2023-11-11,e2324,105547,short,1,0.024758521150216387,0.00448486,0.024743381150216386,0.020243381150216386,35,pump_le0,tdec_30_70,fund_pos,crowd_24,btc_up,-0.06098832360300255,0.5291976949962214,0.0008942,0.3812207167278714
ILVUSDT,2023-11-11,e2324,105547,long,1,-0.024758521150216387,-0.00448486,-0.033743381150216384,-0.03824338115021639,35,pump_le0,tdec_30_70,fund_pos,crowd_24,btc_up,-0.06098832360300255,0.5291976949962214,0.0008942,0.3812207167278714
ILVUSDT,2023-11-11,e2324,105547,short,2,-0.03952662721893495,0.00326786,-0.04075876721893495,-0.04525876721893495,29,pump_le0,tdec_ge70,fund_flat,crowd_24,btc_up,-0.06098832360300255,0.7436125394528148,0.00022786,0.35958384725167014
ILVUSDT,2023-11-11,e2324,105547,long,2,0.03952662721893495,-0.00326786,0.031758767218934954,0.02725876721893495,29,pump_le0,tdec_ge70,fund_flat,crowd_24,btc_up,-0.06098832360300255,0.7436125394528148,0.00022786,0.35958384725167014
IMXUSDT,2022-02-11,e2122,105456,short,1,0.10999521759923486,0.0018000000000000002,0.10729521759923485,0.10279521759923486,18,pump_le0,tdec_30_70,fund_flat,crowd_01,btc_down,-0.0910851181537976,0.5205309020110586,0.00009999998090278143,-0.007863062110784802
IMXUSDT,2022-02-11,e2122,105456,long,1,-0.10999521759923486,-0.0018000000000000002,-0.11629521759923486,-0.12079521759923485,18,pump_le0,tdec_30_70,fund_flat,crowd_01,btc_down,-0.0910851181537976,0.5205309020110586,0.00009999998090278143,-0.007863062110784802
IMXUSDT,2022-02-11,e2122,105456,short,2,0.10630402514624991,0.0015,0.10330402514624991,0.09880402514624992,15,pump_le0,tdec_ge70,fund_flat,crowd_01,btc_down,-0.0910851181537976,1.7140020935618834,0.00009999997916667102,-0.023262411017973106
IMXUSDT,2022-02-11,e2122,105456,long,2,-0.10630402514624991,-0.0015,-0.11230402514624992,-0.1168040251462499,15,pump_le0,tdec_ge70,fund_flat,crowd_01,btc_down,-0.0910851181537976,1.7140020935618834,0.00009999997916667102,-0.023262411017973106
INITUSDT,2025-04-17,e2526,105622,short,1,0.015131750587007494,-0.00251178,0.008119970587007495,0.003619970587007495,35,pump_0_25,tdec_30_70,fund_flat,crowd_ge5,btc_down,0.0478403499179878,0.5634002564989139,0.0001,-0.027517630497939205
INITUSDT,2025-04-17,e2526,105622,long,1,-0.015131750587007494,0.00251178,-0.017119970587007493,-0.021619970587007493,35,pump_0_25,tdec_30_70,fund_flat,crowd_ge5,btc_down,0.0478403499179878,0.5634002564989139,0.0001,-0.027517630497939205
INITUSDT,2025-04-17,e2526,105622,short,2,-0.014921360397902941,-0.00281178,-0.02223314039790294,-0.026733140397902942,29,pump_0_25,tdec_lt30,fund_flat,crowd_ge5,btc_up,0.0478403499179878,0.2224370559211279,0.0001,0.010254966525546472
INITUSDT,2025-04-17,e2526,105622,long,2,0.014921360397902941,0.00281178,0.01323314039790294,0.008733140397902942,29,pump_0_25,tdec_lt30,fund_flat,crowd_ge5,btc_up,0.0478403499179878,0.2224370559211279,0.0001,0.010254966525546472
INJUSDT,2022-08-17,e2122,105483,short,1,0.011235955056179785,-0.0066000600000000005,0.00013589505617978524,-0.004364104943820214,17,pump_le0,tdec_lt30,fund_flat,crowd_01,btc_down,-0.12098765432098757,0.26406166349599575,0.00010000000520833362,-0.00858637041978294
INJUSDT,2022-08-17,e2122,105483,long,1,-0.011235955056179785,0.0066000600000000005,-0.009135895056179785,-0.013635895056179785,17,pump_le0,tdec_lt30,fund_flat,crowd_01,btc_down,-0.12098765432098757,0.26406166349599575,0.00010000000520833362,-0.00858637041978294
INJUSDT,2022-08-17,e2122,105483,short,2,-0.052002390914524785,-0.00690006,-0.06340245091452479,-0.06790245091452478,14,pump_le0,tdec_30_70,fund_flat,crowd_01,btc_down,-0.12098765432098757,0.334913233938186,0.0001,-0.10320608057188374
INJUSDT,2022-08-17,e2122,105483,long,2,0.052002390914524785,0.00690006,0.05440245091452479,0.04990245091452478,14,pump_le0,tdec_30_70,fund_flat,crowd_01,btc_down,-0.12098765432098757,0.334913233938186,0.0001,-0.10320608057188374
INTCUSDT,2026-02-03,e2526,105664,short,1,0.031205091357010946,0.00256143,0.029266521357010942,0.02476652135701094,18,pump_le0,tdec_30_70,fund_flat,crowd_ge5,btc_down,-0.0046996322026970905,0.5442177425039749,0.00015351,-0.22046973856989383
INTCUSDT,2026-02-03,e2526,105664,long,1,-0.031205091357010946,-0.00256143,-0.03826652135701094,-0.04276652135701094,18,pump_le0,tdec_30_70,fund_flat,crowd_ge5,btc_down,-0.0046996322026970905,0.5442177425039749,0.00015351,-0.22046973856989383
INTCUSDT,2026-02-03,e2526,105664,short,2,0.0016924053310769071,0.0023813999999999997,-0.00042619466892309266,-0.004926194668923092,15,pump_le0,tdec_30_70,fund_flat,crowd_ge5,btc_down,-0.0046996322026970905,0.5672963806233307,0.00006073,-0.32910637298843215
INTCUSDT,2026-02-03,e2526,105664,long,2,-0.0016924053310769071,-0.0023813999999999997,-0.008573805331076906,-0.013073805331076906,15,pump_le0,tdec_30_70,fund_flat,crowd_ge5,btc_down,-0.0046996322026970905,0.5672963806233307,0.00006073,-0.32910637298843215
INUSDT,2025-08-08,e2526,105638,short,1,0.2750089637863034,-0.00142157,0.2690873937863034,0.2645873937863034,36,pump_0_25,tdec_ge70,fund_pos,crowd_ge5,btc_up,0.2073593073593074,2.7951564885133657,0.002207299846715289,0.0038187881965043857
INUSDT,2025-08-08,e2526,105638,long,1,-0.2750089637863034,0.00142157,-0.2780873937863034,-0.28258739378630343,36,pump_0_25,tdec_ge70,fund_pos,crowd_ge5,btc_up,0.2073593073593074,2.7951564885133657,0.002207299846715289,0.0038187881965043857
INUSDT,2025-08-08,e2526,105638,short,2,0.15863934255695414,-0.00322834,0.15091100255695414,0.14641100255695413,29,pump_0_25,tdec_ge70,fund_flat,crowd_ge5,btc_up,0.2073593073593074,1.0209666024976602,0.00019531999321805577,0.014938723404255283
INUSDT,2025-08-08,e2526,105638,long,2,-0.15863934255695414,0.00322834,-0.15991100255695415,-0.16441100255695415,29,pump_0_25,tdec_ge70,fund_flat,crowd_ge5,btc_up,0.2073593073593074,1.0209666024976602,0.00019531999321805577,0.014938723404255283
INXUSDT,2026-01-31,e2526,105663,short,1,0.14957899950470527,-0.00713108,0.13794791950470525,0.13344791950470525,35,pump_le0,tdec_30_70,fund_neg,crowd_ge5,btc_down,-0.33432245301681507,0.3938068614810374,-0.0010027600348180568,-0.14474371716282342
INXUSDT,2026-01-31,e2526,105663,long,1,-0.14957899950470527,0.00713108,-0.14694791950470526,-0.15144791950470526,35,pump_le0,tdec_30_70,fund_neg,crowd_ge5,btc_down,-0.33432245301681507,0.3938068614810374,-0.0010027600348180568,-0.14474371716282342
INXUSDT,2026-01-31,e2526,105663,short,2,0.08419689119170985,-0.00661186,0.07308503119170985,0.06858503119170986,29,pump_le0,tdec_lt30,fund_flat,crowd_ge5,btc_down,-0.33432245301681507,0.19333566300217078,0.0001,-0.13138909309261582
INXUSDT,2026-01-31,e2526,105663,long,2,-0.08419689119170985,0.00661186,-0.08208503119170986,-0.08658503119170985,29,pump_le0,tdec_lt30,fund_flat,crowd_ge5,btc_down,-0.33432245301681507,0.19333566300217078,0.0001,-0.13138909309261582
IOTXUSDT,2021-08-12,e2122,105430,short,1,0.183291394061399,0.008683109999999999,0.18747450406139898,0.18297450406139898,18,pump_le0,tdec_30_70,fund_flat,crowd_01,btc_up,-0.27481751824817524,0.6516571176549735,0.00020233,0.4569553220878204
IOTXUSDT,2021-08-12,e2122,105430,long,1,-0.183291394061399,-0.008683109999999999,-0.196474504061399,-0.200974504061399,18,pump_le0,tdec_30_70,fund_flat,crowd_01,btc_up,-0.27481751824817524,0.6516571176549735,0.00020233,0.4569553220878204
IOTXUSDT,2021-08-12,e2122,105430,short,2,0.11746791385686307,0.00613957,0.11910748385686307,0.11460748385686308,15,pump_le0,tdec_30_70,fund_pos,crowd_01,btc_up,-0.27481751824817524,0.40793561130238243,0.00095607,0.4775341950761349
IOTXUSDT,2021-08-12,e2122,105430,long,2,-0.11746791385686307,-0.00613957,-0.12810748385686307,-0.13260748385686308,15,pump_le0,tdec_30_70,fund_pos,crowd_01,btc_up,-0.27481751824817524,0.40793561130238243,0.00095607,0.4775341950761349
IOUSDT,2024-06-12,e2324,105578,short,1,0.22413096200485053,0.00132484,0.22095580200485052,0.2164558020048505,35,pump_0_25,tdec_ge70,fund_flat,crowd_01,btc_up,0.18771003360537675,0.8183888766212765,-0.00009388,0.08507485723105401
IOUSDT,2024-06-12,e2324,105578,long,1,-0.22413096200485053,-0.00132484,-0.22995580200485052,-0.23445580200485053,35,pump_0_25,tdec_ge70,fund_flat,crowd_01,btc_up,0.18771003360537675,0.8183888766212765,-0.00009388,0.08507485723105401
IOUSDT,2024-06-12,e2324,105578,short,2,0.2516569200779727,0.0012136,0.24837052007797267,0.24387052007797266,29,pump_0_25,tdec_30_70,fund_flat,crowd_01,btc_down,0.18771003360537675,0.5177667167371676,0.0001,-0.0020506109521060134
IOUSDT,2024-06-12,e2324,105578,long,2,-0.2516569200779727,-0.0012136,-0.2573705200779727,-0.2618705200779727,29,pump_0_25,tdec_30_70,fund_flat,crowd_01,btc_down,0.18771003360537675,0.5177667167371676,0.0001,-0.0020506109521060134
IPUSDT,2025-02-14,e2526,105613,short,1,-2.110898830568398,-0.15234629,-2.2677451205683985,-2.2722451205683982,35,pump_le0,tdec_30_70,fund_neg,crowd_24,btc_down,-0.21906774486431368,0.4271445225081822,-0.001657,-0.024009029652562464
IPUSDT,2025-02-14,e2526,105613,long,1,2.110898830568398,0.15234629,2.258745120568398,2.2542451205683984,35,pump_le0,tdec_30_70,fund_neg,crowd_24,btc_down,-0.21906774486431368,0.4271445225081822,-0.001657,-0.024009029652562464
IPUSDT,2025-02-14,e2526,105613,short,2,-1.6448034682080928,-0.12176156,-1.7710650282080926,-1.7755650282080926,29,pump_le0,tdec_ge70,fund_neg,crowd_24,btc_down,-0.21906774486431368,1.3487206278821429,-0.00075684,-0.07665617415959824
IPUSDT,2025-02-14,e2526,105613,long,2,1.6448034682080928,0.12176156,1.7620650282080927,1.7575650282080928,29,pump_le0,tdec_ge70,fund_neg,crowd_24,btc_down,-0.21906774486431368,1.3487206278821429,-0.00075684,-0.07665617415959824
IRENUSDT,2026-06-04,e2526,105681,short,1,-0.08072085601651956,0.0,-0.08522085601651956,-0.08972085601651955,0,pump_le0,tdec_30_70,fund_none,crowd_ge5,btc_down,-0.14740717029449413,0.5160988197598014,,-0.2502527948730866
IRENUSDT,2026-06-04,e2526,105681,long,1,0.08072085601651956,-0.0,0.07622085601651955,0.07172085601651956,0,pump_le0,tdec_30_70,fund_none,crowd_ge5,btc_down,-0.14740717029449413,0.5160988197598014,,-0.2502527948730866
IRENUSDT,2026-06-04,e2526,105681,short,2,-0.08132982719759575,0.0,-0.08582982719759576,-0.09032982719759575,0,pump_le0,tdec_lt30,fund_none,crowd_ge5,btc_down,-0.14740717029449413,0.09835544435278369,,-0.23908770104564991
IRENUSDT,2026-06-04,e2526,105681,long,2,0.08132982719759575,-0.0,0.07682982719759575,0.07232982719759576,0,pump_le0,tdec_lt30,fund_none,crowd_ge5,btc_down,-0.14740717029449413,0.09835544435278369,,-0.23908770104564991
IRUSDT,2025-12-22,e2526,105658,short,1,0.25792444637429435,0.00576363,0.25918807637429436,0.25468807637429436,36,pump_le0,tdec_ge70,fund_flat,crowd_24,btc_up,-0.27854644181068244,0.8005303256638339,0.0001,0.007548869512727485
IRUSDT,2025-12-22,e2526,105658,long,1,-0.25792444637429435,-0.00576363,-0.26818807637429437,-0.2726880763742944,36,pump_le0,tdec_ge70,fund_flat,crowd_24,btc_up,-0.27854644181068244,0.8005303256638339,0.0001,0.007548869512727485
IRUSDT,2025-12-22,e2526,105658,short,2,0.27482319660537474,0.00521314,0.27553633660537474,0.27103633660537474,29,pump_le0,tdec_ge70,fund_flat,crowd_24,btc_down,-0.27854644181068244,2.3914058234550355,0.00011588,-0.007023460261017078
IRUSDT,2025-12-22,e2526,105658,long,2,-0.27482319660537474,-0.00521314,-0.28453633660537475,-0.28903633660537476,29,pump_le0,tdec_ge70,fund_flat,crowd_24,btc_down,-0.27854644181068244,2.3914058234550355,0.00011588,-0.007023460261017078
IRYSUSDT,2025-11-27,e2526,105654,short,1,-0.10661401776900298,-0.00256209,-0.11367610776900298,-0.11817610776900297,35,pump_le0,tdec_lt30,fund_neg,crowd_01,btc_down,-0.30391462131460845,0.29036155465728236,-0.0012370199140958394,-0.17400277854555513
IRYSUSDT,2025-11-27,e2526,105654,long,1,0.10661401776900298,0.00256209,0.10467610776900298,0.10017610776900299,35,pump_le0,tdec_lt30,fund_neg,crowd_01,btc_down,-0.30391462131460845,0.29036155465728236,-0.0012370199140958394,-0.17400277854555513
IRYSUSDT,2025-11-27,e2526,105654,short,2,0.04251968503937001,-0.00052371,0.037495975039370015,0.03299597503937001,30,pump_le0,tdec_lt30,fund_neg,crowd_01,btc_down,-0.30391462131460845,0.29401274997762533,-0.00091018,-0.1616288037981406
IRYSUSDT,2025-11-27,e2526,105654,long,2,-0.04251968503937001,0.00052371,-0.04649597503937001,-0.05099597503937001,30,pump_le0,tdec_lt30,fund_neg,crowd_01,btc_down,-0.30391462131460845,0.29401274997762533,-0.00091018,-0.1616288037981406
IWMUSDT,2026-06-09,e2526,105682,short,1,-0.0423027536025111,0.00013968999999999999,-0.0466630636025111,-0.051163063602511105,15,pump_le0,tdec_ge70,fund_none,crowd_ge5,btc_down,-0.011633645914122526,0.8529050862746443,,-0.24743724227072272
IWMUSDT,2026-06-09,e2526,105682,long,1,0.0423027536025111,-0.00013968999999999999,0.03766306360251111,0.0331630636025111,15,pump_le0,tdec_ge70,fund_none,crowd_ge5,btc_down,-0.011633645914122526,0.8529050862746443,,-0.24743724227072272
IWMUSDT,2026-06-09,e2526,105682,short,2,-0.0035027472527473856,0.00013968999999999999,-0.007863057252747385,-0.012363057252747386,15,pump_le0,tdec_ge70,fund_none,crowd_ge5,btc_down,-0.011633645914122526,1.5173050921543079,,-0.20958103926125704
IWMUSDT,2026-06-09,e2526,105682,long,2,0.0035027472527473856,-0.00013968999999999999,-0.0011369427472526141,-0.005636942747252614,15,pump_le0,tdec_ge70,fund_none,crowd_ge5,btc_down,-0.011633645914122526,1.5173050921543079,,-0.20958103926125704
JASMYUSDT,2022-04-20,e2122,105466,short,1,0.0910667823070252,0.00102585,0.08759263230702519,0.0830926323070252,18,pump_0_25,tdec_ge70,fund_flat,crowd_01,btc_down,0.048181818181818326,0.9988860752951736,0.0001,-0.044864438556970754
JASMYUSDT,2022-04-20,e2122,105466,long,1,-0.0910667823070252,-0.00102585,-0.0965926323070252,-0.10109263230702518,18,pump_0_25,tdec_ge70,fund_flat,crowd_01,btc_down,0.048181818181818326,0.9988860752951736,0.0001,-0.044864438556970754
JASMYUSDT,2022-04-20,e2122,105466,short,2,0.11261642675698558,0.0006258500000000001,0.10874227675698557,0.10424227675698558,14,pump_0_25,tdec_30_70,fund_flat,crowd_01,btc_down,0.048181818181818326,0.4135696488956832,0.0001,-0.0745009669239689
JASMYUSDT,2022-04-20,e2122,105466,long,2,-0.11261642675698558,-0.0006258500000000001,-0.11774227675698558,-0.12224227675698557,14,pump_0_25,tdec_30_70,fund_flat,crowd_01,btc_down,0.048181818181818326,0.4135696488956832,0.0001,-0.0745009669239689
JCTUSDT,2025-11-11,e2526,105652,short,1,0.211734693877551,0.00946226,0.216696953877551,0.212196953877551,36,pump_le0,tdec_30_70,fund_flat,crowd_ge5,btc_down,-0.3186558516801855,0.5478381473506141,0.00045234,-0.11733018045918786
JCTUSDT,2025-11-11,e2526,105652,long,1,-0.211734693877551,-0.00946226,-0.225696953877551,-0.230196953877551,36,pump_le0,tdec_30_70,fund_flat,crowd_ge5,btc_down,-0.3186558516801855,0.5478381473506141,0.00045234,-0.11733018045918786
JCTUSDT,2025-11-11,e2526,105652,short,2,0.21190223166843786,0.00740348,0.21480571166843784,0.21030571166843784,29,pump_le0,tdec_ge70,fund_flat,crowd_ge5,btc_down,-0.3186558516801855,0.7840526318059744,0.00028424,-0.11797709052094196
JCTUSDT,2025-11-11,e2526,105652,long,2,-0.21190223166843786,-0.00740348,-0.22380571166843785,-0.22830571166843786,29,pump_le0,tdec_ge70,fund_flat,crowd_ge5,btc_down,-0.3186558516801855,0.7840526318059744,0.00028424,-0.11797709052094196
JELLYJELLYUSDT,2025-03-27,e2526,105619,short,1,0.20120320855614965,0.00204499,0.19874819855614964,0.19424819855614964,35,pump_le0,tdec_30_70,fund_flat,crowd_ge5,btc_up,-0.26305418719211826,0.319597128020141,0.0001,0.0020461117345635937
JELLYJELLYUSDT,2025-03-27,e2526,105619,long,1,-0.20120320855614965,-0.00204499,-0.20774819855614965,-0.21224819855614965,35,pump_le0,tdec_30_70,fund_flat,crowd_ge5,btc_up,-0.26305418719211826,0.319597128020141,0.0001,0.0020461117345635937
JELLYJELLYUSDT,2025-03-27,e2526,105619,short,2,0.20013386880856757,0.00159896,0.19723282880856757,0.19273282880856757,29,pump_le0,tdec_30_70,fund_flat,crowd_ge5,btc_down,-0.26305418719211826,0.3287162115659726,0.0001,-0.024370453571061712
JELLYJELLYUSDT,2025-03-27,e2526,105619,long,2,-0.20013386880856757,-0.00159896,-0.20623282880856758,-0.21073282880856758,29,pump_le0,tdec_30_70,fund_flat,crowd_ge5,btc_down,-0.26305418719211826,0.3287162115659726,0.0001,-0.024370453571061712
JOEUSDT,2023-03-30,e2324,105515,short,1,0.02793850223177389,0.00129878,0.024737282231773888,0.020237282231773887,17,pump_0_25,tdec_ge70,fund_flat,crowd_24,btc_up,0.048535274744323065,0.9839574371795432,-0.00009018999530260441,0.204705374304609
JOEUSDT,2023-03-30,e2324,105515,long,1,-0.02793850223177389,-0.00129878,-0.033737282231773885,-0.03823728223177389,17,pump_0_25,tdec_ge70,fund_flat,crowd_24,btc_up,0.048535274744323065,0.9839574371795432,-0.00009018999530260441,0.204705374304609
JOEUSDT,2023-03-30,e2324,105515,short,2,0.04140854254972282,0.00130282,0.03821136254972283,0.033711362549722824,15,pump_0_25,tdec_lt30,fund_flat,crowd_24,btc_up,0.048535274744323065,0.2927543329690489,0.000042329997795312615,0.2125880863363332
JOEUSDT,2023-03-30,e2324,105515,long,2,-0.04140854254972282,-0.00130282,-0.04721136254972282,-0.05171136254972283,15,pump_0_25,tdec_lt30,fund_flat,crowd_24,btc_up,0.048535274744323065,0.2927543329690489,0.000042329997795312615,0.2125880863363332
JPMUSDT,2026-05-19,e2526,105679,short,1,-0.019997342545841023,0.0,-0.024497342545841023,-0.02899734254584102,0,pump_0_25,tdec_ge70,fund_none,crowd_ge5,btc_up,0.0011639894908377357,0.8064317429879243,,0.02269689576870859
JPMUSDT,2026-05-19,e2526,105679,long,1,0.019997342545841023,-0.0,0.015497342545841022,0.010997342545841024,0,pump_0_25,tdec_ge70,fund_none,crowd_ge5,btc_up,0.0011639894908377357,0.8064317429879243,,0.02269689576870859
JPMUSDT,2026-05-19,e2526,105679,short,2,-0.012029926502092801,0.0,-0.0165299265020928,-0.021029926502092802,0,pump_0_25,tdec_30_70,fund_none,crowd_ge5,btc_up,0.0011639894908377357,0.651585359548891,,0.017014426870734844
JPMUSDT,2026-05-19,e2526,105679,long,2,0.012029926502092801,-0.0,0.0075299265020928015,0.003029926502092802,0,pump_0_25,tdec_30_70,fund_none,crowd_ge5,btc_up,0.0011639894908377357,0.651585359548891,,0.017014426870734844
JSTUSDT,2025-04-29,e2526,105624,short,1,0.08746051293034211,0.00135523,0.08431574293034211,0.07981574293034212,35,pump_le0,tdec_30_70,fund_flat,crowd_ge5,btc_up,-0.06615000000000004,0.38046681776117647,0.0001,0.140668343078741
JSTUSDT,2025-04-29,e2526,105624,long,1,-0.08746051293034211,-0.00135523,-0.09331574293034212,-0.0978157429303421,35,pump_le0,tdec_30_70,fund_flat,crowd_ge5,btc_up,-0.06615000000000004,0.38046681776117647,0.0001,0.140668343078741
JSTUSDT,2025-04-29,e2526,105624,short,2,0.08875344186916896,0.00105523,0.08530867186916896,0.08080867186916897,29,pump_le0,tdec_30_70,fund_flat,crowd_ge5,btc_up,-0.06615000000000004,0.5149948822815178,0.0001,0.13278055095752062
JSTUSDT,2025-04-29,e2526,105624,long,2,-0.08875344186916896,-0.00105523,-0.09430867186916897,-0.09880867186916896,29,pump_le0,tdec_30_70,fund_flat,crowd_ge5,btc_up,-0.06615000000000004,0.5149948822815178,0.0001,0.13278055095752062
JTOUSDT,2023-12-09,e2324,105551,short,1,0.15464840815854855,0.00946045,0.15960885815854856,0.15510885815854855,35,pump_le0,tdec_30_70,fund_flat,crowd_01,btc_up,-0.034746235359732314,0.46678037890416463,0.0001,0.17357435227053553
JTOUSDT,2023-12-09,e2324,105551,long,1,-0.15464840815854855,-0.00946045,-0.16860885815854856,-0.17310885815854857,35,pump_le0,tdec_30_70,fund_flat,crowd_01,btc_up,-0.034746235359732314,0.46678037890416463,0.0001,0.17357435227053553
JTOUSDT,2023-12-09,e2324,105551,short,2,0.025705057769786547,0.00869081,0.02989586776978655,0.02539586776978655,29,pump_le0,tdec_30_70,fund_flat,crowd_01,btc_up,-0.034746235359732314,0.4348929020239948,0.00031518,0.11056694858471405
JTOUSDT,2023-12-09,e2324,105551,long,2,-0.025705057769786547,-0.00869081,-0.03889586776978655,-0.04339586776978655,29,pump_le0,tdec_30_70,fund_flat,crowd_01,btc_up,-0.034746235359732314,0.4348929020239948,0.00031518,0.11056694858471405
JUPUSDT,2024-02-01,e2324,105559,short,1,0.17502426399223547,0.00358802,0.17411228399223547,0.16961228399223546,35,pump_le0,tdec_ge70,fund_flat,crowd_24,btc_up,-0.06743098506562084,0.7870446365973337,0.00033444,0.007759717149558254
JUPUSDT,2024-02-01,e2324,105559,long,1,-0.17502426399223547,-0.00358802,-0.18311228399223548,-0.18761228399223548,35,pump_le0,tdec_ge70,fund_flat,crowd_24,btc_up,-0.06743098506562084,0.7870446365973337,0.00033444,0.007759717149558254
JUPUSDT,2024-02-01,e2324,105559,short,2,0.0979837283339229,0.00308608,0.0965698083339229,0.0920698083339229,29,pump_le0,tdec_30_70,fund_flat,crowd_24,btc_down,-0.06743098506562084,0.4715913934944811,0.00023818,-0.02608293803433326
JUPUSDT,2024-02-01,e2324,105559,long,2,-0.0979837283339229,-0.00308608,-0.1055698083339229,-0.1100698083339229,29,pump_le0,tdec_30_70,fund_flat,crowd_24,btc_down,-0.06743098506562084,0.4715913934944811,0.00023818,-0.02608293803433326
KAIAUSDT,2024-12-05,e2324,105603,short,1,0.16757246376811594,0.00389524,0.16696770376811593,0.16246770376811592,35,pump_le0,tdec_ge70,fund_flat,crowd_01,btc_up,-0.043051141288644956,0.9833651979148754,0.00039992,0.32048997154005243
KAIAUSDT,2024-12-05,e2324,105603,long,1,-0.16757246376811594,-0.00389524,-0.17596770376811594,-0.18046770376811594,35,pump_le0,tdec_ge70,fund_flat,crowd_01,btc_up,-0.043051141288644956,0.9833651979148754,0.00039992,0.32048997154005243
KAIAUSDT,2024-12-05,e2324,105603,short,2,0.13083228247162668,0.00255228,0.12888456247162666,0.12438456247162667,29,pump_le0,tdec_30_70,fund_flat,crowd_01,btc_up,-0.043051141288644956,0.6770374541215963,0.00030726,0.3168994218251133
KAIAUSDT,2024-12-05,e2324,105603,long,2,-0.13083228247162668,-0.00255228,-0.13788456247162667,-0.14238456247162667,29,pump_le0,tdec_30_70,fund_flat,crowd_01,btc_up,-0.043051141288644956,0.6770374541215963,0.00030726,0.3168994218251133
KAITOUSDT,2025-02-21,e2526,105614,short,1,-0.28872599896211715,-0.07666501,-0.3698910089621172,-0.3743910089621172,35,pump_le0,tdec_30_70,fund_neg,crowd_24,btc_down,-0.060858970453853134,0.4742012967316936,-0.0027821,-0.07086953047299305
KAITOUSDT,2025-02-21,e2526,105614,long,1,0.28872599896211715,0.07666501,0.3608910089621172,0.3563910089621172,35,pump_le0,tdec_30_70,fund_neg,crowd_24,btc_down,-0.060858970453853134,0.4742012967316936,-0.0027821,-0.07086953047299305
KAITOUSDT,2025-02-21,e2526,105614,short,2,-0.26589779533579716,-0.05572547,-0.32612326533579716,-0.33062326533579717,29,pump_le0,tdec_lt30,fund_neg,crowd_24,btc_down,-0.060858970453853134,0.21709792603392042,-0.00990492,-0.08195645183912326
KAITOUSDT,2025-02-21,e2526,105614,long,2,0.26589779533579716,0.05572547,0.31712326533579716,0.31262326533579715,29,pump_le0,tdec_lt30,fund_neg,crowd_24,btc_down,-0.060858970453853134,0.21709792603392042,-0.00990492,-0.08195645183912326
KASUSDT,2023-11-17,e2324,105548,short,1,-0.00106913756236624,0.00408564,-0.0014834975623662398,-0.0059834975623662395,35,pump_0_25,tdec_ge70,fund_flat,crowd_24,btc_up,0.03313696612665695,1.7739617392449765,0.0001,0.2747335078004942
KASUSDT,2023-11-17,e2324,105548,long,1,0.00106913756236624,-0.00408564,-0.0075165024376337595,-0.01201650243763376,35,pump_0_25,tdec_ge70,fund_flat,crowd_24,btc_up,0.03313696612665695,1.7739617392449765,0.0001,0.2747335078004942
KASUSDT,2023-11-17,e2324,105548,short,2,0.021117925843323147,0.00350901,0.020126935843323146,0.01562693584332315,29,pump_0_25,tdec_ge70,fund_pos,crowd_24,btc_up,0.03313696612665695,1.089024617835567,0.00065326,0.26044245101676067
KASUSDT,2023-11-17,e2324,105548,long,2,-0.021117925843323147,-0.00350901,-0.029126935843323147,-0.033626935843323144,29,pump_0_25,tdec_ge70,fund_pos,crowd_24,btc_up,0.03313696612665695,1.089024617835567,0.00065326,0.26044245101676067
KATUSDT,2026-03-03,e2526,105668,short,1,0.1231367465975372,0.00175,0.1203867465975372,0.11588674659753721,35,pump_le0,tdec_30_70,fund_flat,crowd_01,btc_down,-0.3991433021806854,0.6469005902424075,0.0001,-0.07689551100803771
KATUSDT,2026-03-03,e2526,105668,long,1,-0.1231367465975372,-0.00175,-0.1293867465975372,-0.13388674659753722,35,pump_le0,tdec_30_70,fund_flat,crowd_01,btc_down,-0.3991433021806854,0.6469005902424075,0.0001,-0.07689551100803771
KATUSDT,2026-03-03,e2526,105668,short,2,0.10634081902245708,0.0015,0.10334081902245708,0.09884081902245709,30,pump_le0,tdec_30_70,fund_flat,crowd_01,btc_down,-0.3991433021806854,0.3676031231840446,0.0001,-0.0644057233099703
KATUSDT,2026-03-03,e2526,105668,long,2,-0.10634081902245708,-0.0015,-0.11234081902245709,-0.11684081902245708,30,pump_le0,tdec_30_70,fund_flat,crowd_01,btc_down,-0.3991433021806854,0.3676031231840446,0.0001,-0.0644057233099703
KDAUSDT,2024-09-19,e2324,105592,short,1,-0.03475028285113942,0.00177311,-0.03747717285113942,-0.04197717285113942,36,pump_le0,tdec_30_70,fund_flat,crowd_24,btc_up,-0.0824558801720302,0.3246424896503293,0.0001,0.0336338350785339
KDAUSDT,2024-09-19,e2324,105592,long,1,0.03475028285113942,-0.00177311,0.02847717285113942,0.02397717285113942,36,pump_le0,tdec_30_70,fund_flat,crowd_24,btc_up,-0.0824558801720302,0.3246424896503293,0.0001,0.0336338350785339
KDAUSDT,2024-09-19,e2324,105592,short,2,0.015985244389793984,0.00142311,0.012908354389793982,0.008408354389793983,29,pump_le0,tdec_lt30,fund_flat,crowd_24,btc_up,-0.0824558801720302,0.25239380516775506,0.0001,0.0492246051774734
KDAUSDT,2024-09-19,e2324,105592,long,2,-0.015985244389793984,-0.00142311,-0.021908354389793983,-0.026408354389793984,29,pump_le0,tdec_lt30,fund_flat,crowd_24,btc_up,-0.0824558801720302,0.25239380516775506,0.0001,0.0492246051774734
KEEPUSDT,2021-06-22,e2122,105423,short,1,-0.05571955719557196,-0.0221061,-0.08232565719557196,-0.08682565719557195,18,pump_le0,tdec_30_70,fund_neg,crowd_01,btc_down,-0.131131773004168,0.5899807981702474,-0.005313700276755223,-0.13230286186108908
KEEPUSDT,2021-06-22,e2122,105423,long,1,0.05571955719557196,0.0221061,0.07332565719557195,0.06882565719557196,18,pump_le0,tdec_30_70,fund_neg,crowd_01,btc_down,-0.131131773004168,0.5899807981702474,-0.005313700276755223,-0.13230286186108908
KEEPUSDT,2021-06-22,e2122,105423,short,2,-0.06080830552465712,-0.01834766,-0.08365596552465712,-0.08815596552465711,15,pump_le0,tdec_lt30,fund_flat,crowd_01,btc_down,-0.131131773004168,0.2571915695396858,-0.00049257,-0.09607366534783446
KEEPUSDT,2021-06-22,e2122,105423,long,2,0.06080830552465712,0.01834766,0.07465596552465711,0.07015596552465712,15,pump_le0,tdec_lt30,fund_flat,crowd_01,btc_down,-0.131131773004168,0.2571915695396858,-0.00049257,-0.09607366534783446
KERNELUSDT,2025-04-15,e2526,105622,short,1,0.2379647749510763,-0.03802791,0.1954368649510763,0.19093686495107628,36,pump_le0,tdec_ge70,fund_neg,crowd_ge5,btc_up,-0.21529484029484025,0.7283632515405228,-0.00773956,0.0003227616006593603
KERNELUSDT,2025-04-15,e2526,105622,long,1,-0.2379647749510763,0.03802791,-0.2044368649510763,-0.2089368649510763,36,pump_le0,tdec_ge70,fund_neg,crowd_ge5,btc_up,-0.21529484029484025,0.7283632515405228,-0.00773956,0.0003227616006593603
KERNELUSDT,2025-04-15,e2526,105622,short,2,0.08548614372945042,-0.01571849,0.06526765372945041,0.060767653729450415,29,pump_le0,tdec_30_70,fund_neg,crowd_ge5,btc_up,-0.21529484029484025,0.42749979678662886,-0.00200534,0.027204621967166664
KERNELUSDT,2025-04-15,e2526,105622,long,2,-0.08548614372945042,0.01571849,-0.07426765372945042,-0.07876765372945041,29,pump_le0,tdec_30_70,fund_neg,crowd_ge5,btc_up,-0.21529484029484025,0.42749979678662886,-0.00200534,0.027204621967166664
KEYUSDT,2023-05-25,e2324,105523,short,1,-0.5768374164810691,-0.00271738,-0.5840547964810691,-0.5885547964810691,18,pump_le0,tdec_ge70,fund_neg,crowd_01,btc_down,-0.06597325408618127,0.760080933742252,-0.0005995301873531837,-0.06007909592582028
KEYUSDT,2023-05-25,e2324,105523,long,1,0.5768374164810691,0.00271738,0.5750547964810692,0.5705547964810691,18,pump_le0,tdec_ge70,fund_neg,crowd_01,btc_down,-0.06597325408618127,0.760080933742252,-0.0005995301873531837,-0.06007909592582028
KEYUSDT,2023-05-25,e2324,105523,short,2,-0.3450943140181844,-0.00282301,-0.35241732401818443,-0.35691732401818443,15,pump_le0,tdec_ge70,fund_flat,crowd_01,btc_down,-0.06597325408618127,1.8785374357690496,0.00010000001562500245,-0.08884890865270378
KEYUSDT,2023-05-25,e2324,105523,long,2,0.3450943140181844,0.00282301,0.3434173240181844,0.3389173240181844,15,pump_le0,tdec_ge70,fund_flat,crowd_01,btc_down,-0.06597325408618127,1.8785374357690496,0.00010000001562500245,-0.08884890865270378
KGENUSDT,2025-10-08,e2526,105647,short,1,-0.5566763333753624,0.00390849,-0.5572678433753623,-0.5617678433753623,36,pump_le0,tdec_ge70,fund_flat,crowd_ge5,btc_up,-0.4184631177592022,0.7619854058519384,0.0002171199849222233,0.09039828735272426
KGENUSDT,2025-10-08,e2526,105647,long,1,0.5566763333753624,-0.00390849,0.5482678433753624,0.5437678433753623,36,pump_le0,tdec_ge70,fund_flat,crowd_ge5,btc_up,-0.4184631177592022,0.7619854058519384,0.0002171199849222233,0.09039828735272426
KGENUSDT,2025-10-08,e2526,105647,short,2,-0.25947462382045394,0.00250397,-0.2614706538204539,-0.26597065382045393,29,pump_le0,tdec_ge70,fund_flat,crowd_ge5,btc_down,-0.4184631177592022,2.023754809056087,0.0001,-0.01037693771905801
KGENUSDT,2025-10-08,e2526,105647,long,2,0.25947462382045394,-0.00250397,0.2524706538204539,0.2479706538204539,29,pump_le0,tdec_ge70,fund_flat,crowd_ge5,btc_down,-0.4184631177592022,2.023754809056087,0.0001,-0.01037693771905801
KITEUSDT,2025-10-30,e2526,105650,short,1,0.5372017792155278,-0.07312597,0.4595758092155278,0.4550758092155278,36,pump_0_25,tdec_ge70,fund_flat,crowd_ge5,btc_down,0.011176230066784809,0.7304591627107845,0.00010000000694444493,-0.07587446563713596
KITEUSDT,2025-10-30,e2526,105650,long,1,-0.5372017792155278,0.07312597,-0.4685758092155278,-0.47307580921552783,36,pump_0_25,tdec_ge70,fund_flat,crowd_ge5,btc_down,0.011176230066784809,0.7304591627107845,0.00010000000694444493,-0.07587446563713596
KITEUSDT,2025-10-30,e2526,105650,short,2,0.5385700846660396,-0.07342597000000001,0.4606441146660396,0.4561441146660396,30,pump_0_25,tdec_lt30,fund_flat,crowd_ge5,btc_down,0.011176230066784809,0.29000487747738696,0.0001,-0.08660348120413708
KITEUSDT,2025-10-30,e2526,105650,long,2,-0.5385700846660396,0.07342597000000001,-0.4696441146660396,-0.4741441146660396,30,pump_0_25,tdec_lt30,fund_flat,crowd_ge5,btc_down,0.011176230066784809,0.29000487747738696,0.0001,-0.08660348120413708
KLAYUSDT,2021-10-12,e2122,105439,short,1,-0.005031993539168787,0.00677005,-0.002761943539168787,-0.007261943539168787,18,pump_0_25,tdec_30_70,fund_flat,crowd_01,btc_up,0.07643439882305736,0.3389869877317106,0.0001,0.27609616337261067
KLAYUSDT,2021-10-12,e2122,105439,long,1,0.005031993539168787,-0.00677005,-0.006238056460831212,-0.010738056460831213,18,pump_0_25,tdec_30_70,fund_flat,crowd_01,btc_up,0.07643439882305736,0.3389869877317106,0.0001,0.27609616337261067
KLAYUSDT,2021-10-12,e2122,105439,short,2,0.012512970762375746,0.00594156,0.013954530762375746,0.009454530762375747,15,pump_0_25,tdec_30_70,fund_flat,crowd_01,btc_up,0.07643439882305736,0.3408437028351099,0.0000999999913194452,0.2185522683668888
KLAYUSDT,2021-10-12,e2122,105439,long,2,-0.012512970762375746,-0.00594156,-0.022954530762375747,-0.027454530762375744,15,pump_0_25,tdec_30_70,fund_flat,crowd_01,btc_up,0.07643439882305736,0.3408437028351099,0.0000999999913194452,0.2185522683668888
KMNOUSDT,2024-12-21,e2324,105605,short,1,0.019682059046177036,0.00182665,0.017008709046177035,0.012508709046177036,35,pump_le0,tdec_ge70,fund_flat,crowd_ge5,btc_down,-0.16664914309746615,0.8380066013171018,0.0001,-0.038089836981684444
KMNOUSDT,2024-12-21,e2324,105605,long,1,-0.019682059046177036,-0.00182665,-0.026008709046177036,-0.030508709046177036,35,pump_le0,tdec_ge70,fund_flat,crowd_ge5,btc_down,-0.16664914309746615,0.8380066013171018,0.0001,-0.038089836981684444
KMNOUSDT,2024-12-21,e2324,105605,short,2,0.07212801528540709,0.00152665,0.06915466528540709,0.0646546652854071,29,pump_le0,tdec_30_70,fund_flat,crowd_ge5,btc_down,-0.16664914309746615,0.583418598494075,0.0001,-0.029310671216826623
KMNOUSDT,2024-12-21,e2324,105605,long,2,-0.07212801528540709,-0.00152665,-0.0781546652854071,-0.08265466528540709,29,pump_le0,tdec_30_70,fund_flat,crowd_ge5,btc_down,-0.16664914309746615,0.583418598494075,0.0001,-0.029310671216826623
KOMAUSDT,2024-12-11,e2324,105604,short,1,0.2577341890819932,0.00991665,0.2631508390819932,0.2586508390819932,35,pump_le0,tdec_30_70,fund_pos,crowd_ge5,btc_up,-0.13331250000000006,0.4223611858245268,0.0014705,0.13652525803664806
KOMAUSDT,2024-12-11,e2324,105604,long,1,-0.2577341890819932,-0.00991665,-0.2721508390819932,-0.2766508390819932,35,pump_le0,tdec_30_70,fund_pos,crowd_ge5,btc_up,-0.13331250000000006,0.4223611858245268,0.0014705,0.13652525803664806
KOMAUSDT,2024-12-11,e2324,105604,short,2,0.20308144936512856,0.00724194,0.20582338936512856,0.20132338936512856,29,pump_le0,tdec_lt30,fund_pos,crowd_ge5,btc_up,-0.13331250000000006,0.28697197488830073,0.00092856,0.12120561908480276
KOMAUSDT,2024-12-11,e2324,105604,long,2,-0.20308144936512856,-0.00724194,-0.21482338936512857,-0.21932338936512857,29,pump_le0,tdec_lt30,fund_pos,crowd_ge5,btc_up,-0.13331250000000006,0.28697197488830073,0.00092856,0.12120561908480276
LABUSDT,2025-10-18,e2526,105648,short,1,-0.2280382115422493,0.01019836,-0.2223398515422493,-0.2268398515422493,36,pump_le0,tdec_30_70,fund_flat,crowd_ge5,btc_down,-0.339061381240643,0.638925592688998,0.0001,-0.060425112161945904
LABUSDT,2025-10-18,e2526,105648,long,1,0.2280382115422493,-0.01019836,0.2133398515422493,0.2088398515422493,36,pump_le0,tdec_30_70,fund_flat,crowd_ge5,btc_down,-0.339061381240643,0.638925592688998,0.0001,-0.060425112161945904
LABUSDT,2025-10-18,e2526,105648,short,2,-0.3284504341341287,0.00976278,-0.3231876541341287,-0.3276876541341287,30,pump_le0,tdec_30_70,fund_flat,crowd_ge5,btc_down,-0.339061381240643,0.6945407296656207,0.0001,-0.044583822342765256
LABUSDT,2025-10-18,e2526,105648,long,2,0.3284504341341287,-0.00976278,0.3141876541341287,0.3096876541341287,30,pump_le0,tdec_30_70,fund_flat,crowd_ge5,btc_down,-0.339061381240643,0.6945407296656207,0.0001,-0.044583822342765256
LAUSDT,2025-06-06,e2526,105629,short,1,0.20689655172413793,-0.02459357,0.17780298172413792,0.1733029817241379,143,pump_le0,tdec_30_70,fund_neg,crowd_ge5,btc_up,-0.2022304832713755,0.39008321113421857,-0.0071652,0.022081196883406706
LAUSDT,2025-06-06,e2526,105629,long,1,-0.20689655172413793,0.02459357,-0.18680298172413792,-0.19130298172413793,143,pump_le0,tdec_30_70,fund_neg,crowd_ge5,btc_up,-0.2022304832713755,0.39008321113421857,-0.0071652,0.022081196883406706
LAUSDT,2025-06-06,e2526,105629,short,2,0.2561188811188811,-0.00345117,0.24816771111888108,0.24366771111888108,119,pump_le0,tdec_30_70,fund_neg,crowd_ge5,btc_up,-0.2022304832713755,0.38468565922648446,-0.00873096,0.026564499003806974
LAUSDT,2025-06-06,e2526,105629,long,2,-0.2561188811188811,0.00345117,-0.2571677111188811,-0.2616677111188811,119,pump_le0,tdec_30_70,fund_neg,crowd_ge5,btc_up,-0.2022304832713755,0.38468565922648446,-0.00873096,0.026564499003806974
LAYERUSDT,2025-02-12,e2526,105613,short,1,0.2344802694898942,-0.02161418,0.20836608948989419,0.20386608948989418,55,pump_le0,tdec_lt30,fund_neg,crowd_24,btc_up,-0.0802257386300762,0.14814165440640994,-0.01065472,0.00047350201885931753
LAYERUSDT,2025-02-12,e2526,105613,long,1,-0.2344802694898942,0.02161418,-0.2173660894898942,-0.2218660894898942,55,pump_le0,tdec_lt30,fund_neg,crowd_24,btc_up,-0.0802257386300762,0.14814165440640994,-0.01065472,0.00047350201885931753
LAYERUSDT,2025-02-12,e2526,105613,short,2,0.2074978204010462,-0.0050675,0.1979303204010462,0.19343032040104619,43,pump_le0,tdec_lt30,fund_flat,crowd_24,btc_down,-0.0802257386300762,0.0882041612540802,0.0001,-0.03001094963169415
LAYERUSDT,2025-02-12,e2526,105613,long,2,-0.2074978204010462,0.0050675,-0.2069303204010462,-0.2114303204010462,43,pump_le0,tdec_lt30,fund_flat,crowd_24,btc_down,-0.0802257386300762,0.0882041612540802,0.0001,-0.03001094963169415
LDOUSDT,2022-09-23,e2122,105488,short,1,0.0613095238095238,-0.00021364999999999996,0.0565958738095238,0.052095873809523796,18,pump_le0,tdec_30_70,fund_flat,crowd_01,btc_down,-0.06354515050167231,0.5216437936743353,0.0000838600145590303,-0.12239016534947067
LDOUSDT,2022-09-23,e2122,105488,long,1,-0.0613095238095238,0.00021364999999999996,-0.0655958738095238,-0.0700958738095238,18,pump_le0,tdec_30_70,fund_flat,crowd_01,btc_down,-0.06354515050167231,0.5216437936743353,0.0000838600145590303,-0.12239016534947067
LDOUSDT,2022-09-23,e2122,105488,short,2,-0.002542911633820727,-0.00044387999999999996,-0.007486791633820726,-0.011986791633820725,15,pump_le0,tdec_30_70,fund_flat,crowd_01,btc_down,-0.06354515050167231,0.6159942106407088,0.00010000000694444493,-0.07064220637015728
LDOUSDT,2022-09-23,e2122,105488,long,2,0.002542911633820727,0.00044387999999999996,-0.001513208366179273,-0.006013208366179273,15,pump_le0,tdec_30_70,fund_flat,crowd_01,btc_down,-0.06354515050167231,0.6159942106407088,0.00010000000694444493,-0.07064220637015728
LEVERUSDT,2023-03-31,e2324,105515,short,1,0.05208822149225715,0.0018000000000000002,0.049388221492257155,0.04488822149225715,18,pump_0_25,tdec_lt30,fund_flat,crowd_24,btc_up,0.06337325349301404,0.2826155968222056,0.00009999998958333443,0.2125880863363332
LEVERUSDT,2023-03-31,e2324,105515,long,1,-0.05208822149225715,-0.0018000000000000002,-0.05838822149225715,-0.06288822149225715,18,pump_0_25,tdec_lt30,fund_flat,crowd_24,btc_up,0.06337325349301404,0.2826155968222056,0.00009999998958333443,0.2125880863363332
LEVERUSDT,2023-03-31,e2324,105515,short,2,0.01941747572815539,0.0014,0.016317475728155388,0.01181747572815539,14,pump_0_25,tdec_lt30,fund_flat,crowd_24,btc_up,0.06337325349301404,0.18195745022124454,0.0001,0.2604149882736273
LEVERUSDT,2023-03-31,e2324,105515,long,2,-0.01941747572815539,-0.0014,-0.02531747572815539,-0.029817475728155386,14,pump_0_25,tdec_lt30,fund_flat,crowd_24,btc_up,0.06337325349301404,0.18195745022124454,0.0001,0.2604149882736273
LIGHTUSDT,2025-09-28,e2526,105646,short,1,0.34070514860306744,0.00638079,0.34258593860306746,0.33808593860306746,36,pump_25_100,tdec_30_70,fund_pos,crowd_ge5,btc_up,0.5491281040113376,0.5527019424603038,0.0021276,0.050563683189911
LIGHTUSDT,2025-09-28,e2526,105646,long,1,-0.34070514860306744,-0.00638079,-0.35158593860306747,-0.3560859386030675,36,pump_25_100,tdec_30_70,fund_pos,crowd_ge5,btc_up,0.5491281040113376,0.5527019424603038,0.0021276,0.050563683189911
LIGHTUSDT,2025-09-28,e2526,105646,short,2,0.10350049759854613,0.00420738,0.10320787759854612,0.09870787759854613,29,pump_25_100,tdec_30_70,fund_pos,crowd_ge5,btc_up,0.5491281040113376,0.34698795477142325,0.00063632,0.0534191430609825
LIGHTUSDT,2025-09-28,e2526,105646,long,2,-0.10350049759854613,-0.00420738,-0.11220787759854613,-0.11670787759854612,29,pump_25_100,tdec_30_70,fund_pos,crowd_ge5,btc_up,0.5491281040113376,0.34698795477142325,0.00063632,0.0534191430609825
LINEAUSDT,2025-09-02,e2526,105642,short,1,0.08816705336426912,0.0018000000000000002,0.08546705336426912,0.08096705336426913,36,pump_le0,tdec_ge70,fund_flat,crowd_24,btc_down,-0.2710799710074898,0.8770935490776749,0.00010000000694444493,-0.029062947546175222
LINEAUSDT,2025-09-02,e2526,105642,long,1,-0.08816705336426912,-0.0018000000000000002,-0.09446705336426912,-0.09896705336426911,36,pump_le0,tdec_ge70,fund_flat,crowd_24,btc_down,-0.2710799710074898,0.8770935490776749,0.00010000000694444493,-0.029062947546175222
LINEAUSDT,2025-09-02,e2526,105642,short,2,-0.048399390243902454,0.0015,-0.05139939024390245,-0.055899390243902454,30,pump_le0,tdec_30_70,fund_flat,crowd_24,btc_down,-0.2710799710074898,0.5557314337840222,0.00010000000694444493,-0.029720451373547507
LINEAUSDT,2025-09-02,e2526,105642,long,2,0.048399390243902454,-0.0015,0.042399390243902456,0.03789939024390245,30,pump_le0,tdec_30_70,fund_flat,crowd_24,btc_down,-0.2710799710074898,0.5557314337840222,0.00010000000694444493,-0.029720451373547507
LISTAUSDT,2024-06-21,e2324,105579,short,1,-0.08446822308690019,-0.0018597,-0.0908279230869002,-0.09532792308690019,35,pump_le0,tdec_30_70,fund_flat,crowd_24,btc_down,-0.08309796343094988,0.5869397045915822,0.0001,-0.05529272837165933
LISTAUSDT,2024-06-21,e2324,105579,long,1,0.08446822308690019,0.0018597,0.08182792308690019,0.0773279230869002,35,pump_le0,tdec_30_70,fund_flat,crowd_24,btc_down,-0.08309796343094988,0.5869397045915822,0.0001,-0.05529272837165933
LISTAUSDT,2024-06-21,e2324,105579,short,2,-0.17309715889161698,-0.00207013,-0.17966728889161698,-0.184167288891617,30,pump_le0,tdec_lt30,fund_flat,crowd_24,btc_down,-0.08309796343094988,0.27794399833692107,0.0001,-0.0785779794442153
LISTAUSDT,2024-06-21,e2324,105579,long,2,0.17309715889161698,0.00207013,0.17066728889161698,0.16616728889161697,30,pump_le0,tdec_lt30,fund_flat,crowd_24,btc_down,-0.08309796343094988,0.27794399833692107,0.0001,-0.0785779794442153
LITEUSDT,2026-05-16,e2526,105678,short,1,0.01743140940700341,0.0,0.012931409407003408,0.00843140940700341,0,pump_0_25,tdec_ge70,fund_none,crowd_ge5,btc_up,0.016306333580399013,1.4988799263803008,,0.00519014521501826
LITEUSDT,2026-05-16,e2526,105678,long,1,-0.01743140940700341,-0.0,-0.02193140940700341,-0.026431409407003406,0,pump_0_25,tdec_ge70,fund_none,crowd_ge5,btc_up,0.016306333580399013,1.4988799263803008,,0.00519014521501826
LITEUSDT,2026-05-16,e2526,105678,short,2,-0.07558414104841783,0.0,-0.08008414104841784,-0.08458414104841783,0,pump_0_25,tdec_ge70,fund_none,crowd_ge5,btc_up,0.016306333580399013,7.548069260133775,,0.017307788901548715
LITEUSDT,2026-05-16,e2526,105678,long,2,0.07558414104841783,-0.0,0.07108414104841783,0.06658414104841784,0,pump_0_25,tdec_ge70,fund_none,crowd_ge5,btc_up,0.016306333580399013,7.548069260133775,,0.017307788901548715
LLYUSDT,2026-06-02,e2526,105681,short,1,-0.05221682132861985,0.0,-0.05671682132861985,-0.06121682132861985,0,pump_0_25,tdec_ge70,fund_none,crowd_ge5,btc_down,0.002880567250166388,1.4425595467743804,,-0.19678275651697885
LLYUSDT,2026-06-02,e2526,105681,long,1,0.05221682132861985,-0.0,0.04771682132861985,0.04321682132861985,0,pump_0_25,tdec_ge70,fund_none,crowd_ge5,btc_down,0.002880567250166388,1.4425595467743804,,-0.19678275651697885
LLYUSDT,2026-06-02,e2526,105681,short,2,-0.015017095155632595,0.0,-0.019517095155632595,-0.024017095155632592,0,pump_0_25,tdec_ge70,fund_none,crowd_ge5,btc_down,0.002880567250166388,4.373877466072657,,-0.21034009836523748
LLYUSDT,2026-06-02,e2526,105681,long,2,0.015017095155632595,-0.0,0.010517095155632594,0.0060170951556325954,0,pump_0_25,tdec_ge70,fund_none,crowd_ge5,btc_down,0.002880567250166388,4.373877466072657,,-0.21034009836523748
LOKAUSDT,2024-09-25,e2324,105593,short,1,0.20266333749479826,0.00201096,0.20017429749479826,0.19567429749479825,35,pump_le0,tdec_30_70,fund_flat,crowd_ge5,btc_up,-0.09457422758100986,0.5474935330517815,0.0001,0.09690575823657688
LOKAUSDT,2024-09-25,e2324,105593,long,1,-0.20266333749479826,-0.00201096,-0.20917429749479827,-0.21367429749479827,35,pump_le0,tdec_30_70,fund_flat,crowd_ge5,btc_up,-0.09457422758100986,0.5474935330517815,0.0001,0.09690575823657688
LOKAUSDT,2024-09-25,e2324,105593,short,2,0.2128184059161874,0.0014500000000000001,0.2097684059161874,0.2052684059161874,29,pump_le0,tdec_30_70,fund_pos,crowd_ge5,btc_up,-0.09457422758100986,0.3335526161852643,0.00062192,0.11421115065243193
LOKAUSDT,2024-09-25,e2324,105593,long,2,-0.2128184059161874,-0.0014500000000000001,-0.2187684059161874,-0.2232684059161874,29,pump_le0,tdec_30_70,fund_pos,crowd_ge5,btc_up,-0.09457422758100986,0.3335526161852643,0.00062192,0.11421115065243193
LOOMUSDT,2023-10-12,e2324,105543,short,1,0.6065451840833023,-0.43842327,0.1636219140833023,0.15912191408330228,35,pump_25_100,tdec_ge70,fund_neg,crowd_01,btc_up,0.3028100775193796,0.7860078361701559,-0.00256572,0.02441443881891958
LOOMUSDT,2023-10-12,e2324,105543,long,1,-0.6065451840833023,0.43842327,-0.1726219140833023,-0.1771219140833023,35,pump_25_100,tdec_ge70,fund_neg,crowd_01,btc_up,0.3028100775193796,0.7860078361701559,-0.00256572,0.02441443881891958
LOOMUSDT,2023-10-12,e2324,105543,short,2,0.6893716970052848,-0.37441718,0.31045451700528476,0.30595451700528475,29,pump_25_100,tdec_ge70,fund_neg,crowd_01,btc_up,0.3028100775193796,1.7651874648181338,-0.01612138,0.012297107162121845
LOOMUSDT,2023-10-12,e2324,105543,long,2,-0.6893716970052848,0.37441718,-0.31945451700528477,-0.32395451700528477,29,pump_25_100,tdec_ge70,fund_neg,crowd_01,btc_up,0.3028100775193796,1.7651874648181338,-0.01612138,0.012297107162121845
LPTUSDT,2021-11-11,e2122,105443,short,1,0.20132792202278865,0.00304448,0.19987240202278864,0.19537240202278863,17,pump_le0,tdec_30_70,fund_flat,crowd_01,btc_up,-0.14597926183743015,0.5338520813806189,0.000213850029701393,0.11782540402988828
LPTUSDT,2021-11-11,e2122,105443,long,1,-0.20132792202278865,-0.00304448,-0.20887240202278864,-0.21337240202278865,17,pump_le0,tdec_30_70,fund_flat,crowd_01,btc_up,-0.14597926183743015,0.5338520813806189,0.000213850029701393,0.11782540402988828
LPTUSDT,2021-11-11,e2122,105443,short,2,0.3093133223684211,0.00283451,0.3076478323684211,0.3031478323684211,15,pump_le0,tdec_ge70,fund_flat,crowd_01,btc_up,-0.14597926183743015,3.5739244004991386,0.00010997,0.12284824599730304
LPTUSDT,2021-11-11,e2122,105443,long,2,-0.3093133223684211,-0.00283451,-0.3166478323684211,-0.3211478323684211,15,pump_le0,tdec_ge70,fund_flat,crowd_01,btc_up,-0.14597926183743015,3.5739244004991386,0.00010997,0.12284824599730304
LQTYUSDT,2023-03-11,e2324,105512,short,1,-0.15634136154809966,-0.0157435,-0.17658486154809966,-0.18108486154809966,18,pump_0_25,tdec_30_70,fund_neg,crowd_24,btc_up,0.016462264150943318,0.6403123063456091,-0.0045466301578691035,0.01700387629171196
LQTYUSDT,2023-03-11,e2324,105512,long,1,0.15634136154809966,0.0157435,0.16758486154809965,0.16308486154809965,18,pump_0_25,tdec_30_70,fund_neg,crowd_24,btc_up,0.016462264150943318,0.6403123063456091,-0.0045466301578691035,0.01700387629171196
LQTYUSDT,2023-03-11,e2324,105512,short,2,0.07851041011796898,-0.008716690000000001,0.06529372011796898,0.060793720117968984,15,pump_0_25,tdec_ge70,fund_neg,crowd_24,btc_up,0.016462264150943318,1.0884442615300332,-0.0010008699304951438,0.10380160448119802
LQTYUSDT,2023-03-11,e2324,105512,long,2,-0.07851041011796898,0.008716690000000001,-0.07429372011796899,-0.07879372011796898,15,pump_0_25,tdec_ge70,fund_neg,crowd_24,btc_up,0.016462264150943318,1.0884442615300332,-0.0010008699304951438,0.10380160448119802
LSKUSDT,2024-01-26,e2324,105558,short,1,-0.13744855967078173,0.00165433,-0.14029422967078173,-0.14479422967078173,35,pump_le0,tdec_30_70,fund_flat,crowd_24,btc_down,-0.04929577464788726,0.41094504399070325,0.0001,-0.011687765991159726
LSKUSDT,2024-01-26,e2324,105558,long,1,0.13744855967078173,-0.00165433,0.13129422967078172,0.12679422967078172,35,pump_le0,tdec_30_70,fund_flat,crowd_24,btc_down,-0.04929577464788726,0.41094504399070325,0.0001,-0.011687765991159726
LSKUSDT,2024-01-26,e2324,105558,short,2,0.02124645892351277,0.0013543300000000002,0.01810078892351277,0.01360078892351277,29,pump_le0,tdec_ge70,fund_flat,crowd_24,btc_down,-0.04929577464788726,4.318871977307707,0.0001,-0.0017555487455784835
LSKUSDT,2024-01-26,e2324,105558,long,2,-0.02124645892351277,-0.0013543300000000002,-0.02710078892351277,-0.03160078892351277,29,pump_le0,tdec_ge70,fund_flat,crowd_24,btc_down,-0.04929577464788726,4.318871977307707,0.0001,-0.0017555487455784835
LUMIAUSDT,2024-12-19,e2324,105605,short,1,0.17033312382149585,0.0006872500000000001,0.16652037382149584,0.16202037382149584,35,pump_le0,tdec_ge70,fund_flat,crowd_ge5,btc_up,-0.04387019230769229,0.7340729120260818,0.0001,0.03687001527235689
LUMIAUSDT,2024-12-19,e2324,105605,long,1,-0.17033312382149585,-0.0006872500000000001,-0.17552037382149585,-0.18002037382149585,35,pump_le0,tdec_ge70,fund_flat,crowd_ge5,btc_up,-0.04387019230769229,0.7340729120260818,0.0001,0.03687001527235689
LUMIAUSDT,2024-12-19,e2324,105605,short,2,0.0762771168649405,0.0005247400000000001,0.07230185686494049,0.0678018568649405,29,pump_le0,tdec_30_70,fund_flat,crowd_ge5,btc_down,-0.04387019230769229,0.5520753680667173,0.0001,-0.011233464949556127
LUMIAUSDT,2024-12-19,e2324,105605,long,2,-0.0762771168649405,-0.0005247400000000001,-0.0813018568649405,-0.08580185686494049,29,pump_le0,tdec_30_70,fund_flat,crowd_ge5,btc_down,-0.04387019230769229,0.5520753680667173,0.0001,-0.011233464949556127
LUNA2USDT,2022-09-10,e2122,105486,short,1,0.46331999091083886,-0.02558657,0.4332334209108389,0.4287334209108389,18,pump_0_25,tdec_ge70,fund_neg,crowd_24,btc_down,0.11296786242315782,0.7432211709441148,-0.0009274400966083434,-0.10526704254228603
LUNA2USDT,2022-09-10,e2122,105486,long,1,-0.46331999091083886,0.02558657,-0.4422334209108389,-0.4467334209108389,18,pump_0_25,tdec_ge70,fund_neg,crowd_24,btc_down,0.11296786242315782,0.7432211709441148,-0.0009274400966083434,-0.10526704254228603
LUNA2USDT,2022-09-10,e2122,105486,short,2,0.23640885351902516,-0.02488181,0.20702704351902515,0.20252704351902515,15,pump_0_25,tdec_ge70,fund_flat,crowd_24,btc_down,0.11296786242315782,0.8466816286217483,0.00010000000173611115,-0.0836301117524254
LUNA2USDT,2022-09-10,e2122,105486,long,2,-0.23640885351902516,0.02488181,-0.21602704351902516,-0.22052704351902516,15,pump_0_25,tdec_ge70,fund_flat,crowd_24,btc_down,0.11296786242315782,0.8466816286217483,0.00010000000173611115,-0.0836301117524254
LYNUSDT,2025-10-07,e2526,105647,short,1,0.37778709722513454,0.01249951,0.3857866072251345,0.3812866072251345,144,pump_0_25,tdec_ge70,fund_pos,crowd_ge5,btc_up,0.0295027703820967,0.8930165297841678,0.00186496,0.10021104768570677
LYNUSDT,2025-10-07,e2526,105647,long,1,-0.37778709722513454,-0.01249951,-0.39478660722513453,-0.39928660722513454,144,pump_0_25,tdec_ge70,fund_pos,crowd_ge5,btc_up,0.0295027703820967,0.8930165297841678,0.00186496,0.10021104768570677
LYNUSDT,2025-10-07,e2526,105647,short,2,0.06853615151198075,0.00965967,0.07369582151198074,0.06919582151198075,120,pump_0_25,tdec_30_70,fund_pos,crowd_ge5,btc_up,0.0295027703820967,0.6299523400860314,0.00101368,0.09039828735272426
LYNUSDT,2025-10-07,e2526,105647,long,2,-0.06853615151198075,-0.00965967,-0.08269582151198075,-0.08719582151198074,120,pump_0_25,tdec_30_70,fund_pos,crowd_ge5,btc_up,0.0295027703820967,0.6299523400860314,0.00101368,0.09039828735272426
MAGICUSDT,2023-01-25,e2324,105506,short,1,-0.41061498200850505,0.00498185,-0.41013313200850504,-0.41463313200850505,18,pump_le0,tdec_ge70,fund_flat,crowd_24,btc_up,-0.052093023255813886,1.879354240682175,0.00026351,0.3775077553269215
MAGICUSDT,2023-01-25,e2324,105506,long,1,0.41061498200850505,-0.00498185,0.40113313200850503,0.39663313200850503,18,pump_le0,tdec_ge70,fund_flat,crowd_24,btc_up,-0.052093023255813886,1.879354240682175,0.00026351,0.3775077553269215
MAGICUSDT,2023-01-25,e2324,105506,short,2,-0.06495029943816767,0.00379392,-0.06565637943816767,-0.07015637943816767,15,pump_le0,tdec_ge70,fund_pos,crowd_24,btc_up,-0.052093023255813886,3.087379096693681,0.0006110300742571271,0.3947638914081868
MAGICUSDT,2023-01-25,e2324,105506,long,2,0.06495029943816767,-0.00379392,0.056656379438167676,0.05215637943816767,15,pump_le0,tdec_ge70,fund_pos,crowd_24,btc_up,-0.052093023255813886,3.087379096693681,0.0006110300742571271,0.3947638914081868
MAGMAUSDT,2026-01-01,e2526,105659,short,1,0.006265664160400893,0.00402029,0.005785954160400894,0.0012859541604008946,36,pump_le0,tdec_ge70,fund_flat,crowd_24,btc_down,-0.010062026188835449,0.8045339608298047,0.0001401,-0.036682598549745316
MAGMAUSDT,2026-01-01,e2526,105659,long,1,-0.006265664160400893,-0.00402029,-0.014785954160400894,-0.019285954160400895,36,pump_le0,tdec_ge70,fund_flat,crowd_24,btc_down,-0.010062026188835449,0.8045339608298047,0.0001401,-0.036682598549745316
MAGMAUSDT,2026-01-01,e2526,105659,short,2,0.008336807002917928,0.00323456,0.007071367002917929,0.0025713670029179295,29,pump_le0,tdec_ge70,fund_flat,crowd_24,btc_down,-0.010062026188835449,0.988573449639841,0.0001,-0.01563432053345093
MAGMAUSDT,2026-01-01,e2526,105659,long,2,-0.008336807002917928,-0.00323456,-0.01607136700291793,-0.02057136700291793,29,pump_le0,tdec_ge70,fund_flat,crowd_24,btc_down,-0.010062026188835449,0.988573449639841,0.0001,-0.01563432053345093
MANTAUSDT,2024-01-19,e2324,105557,short,1,-0.5358324145534729,0.00135559,-0.5389768245534728,-0.5434768245534729,35,pump_0_25,tdec_30_70,fund_flat,crowd_01,btc_down,0.04464203446051784,0.3533973419481696,0.0001,-0.05022063362971363
MANTAUSDT,2024-01-19,e2324,105557,long,1,0.5358324145534729,-0.00135559,0.529976824553473,0.5254768245534729,35,pump_0_25,tdec_30_70,fund_flat,crowd_01,btc_down,0.04464203446051784,0.3533973419481696,0.0001,-0.05022063362971363
MANTAUSDT,2024-01-19,e2324,105557,short,2,-0.3042094225151674,0.00110512,-0.3076043025151674,-0.3121043025151674,29,pump_0_25,tdec_ge70,fund_flat,crowd_01,btc_down,0.04464203446051784,1.2655304867672543,9.4e-7,-0.05498281786941572
MANTAUSDT,2024-01-19,e2324,105557,long,2,0.3042094225151674,-0.00110512,0.2986043025151674,0.2941043025151674,29,pump_0_25,tdec_ge70,fund_flat,crowd_01,btc_down,0.04464203446051784,1.2655304867672543,9.4e-7,-0.05498281786941572
MANTRAUSDT,2026-03-05,e2526,105668,short,1,0.1515469323544835,-0.08260781,0.06443912235448349,0.05993912235448349,36,pump_le0,tdec_30_70,fund_neg,crowd_24,btc_down,-0.19806560134566864,0.31820841046779935,-0.00664168,-0.06910828112566203
MANTRAUSDT,2026-03-05,e2526,105668,long,1,-0.1515469323544835,0.08260781,-0.0734391223544835,-0.07793912235448348,36,pump_le0,tdec_30_70,fund_neg,crowd_24,btc_down,-0.19806560134566864,0.31820841046779935,-0.00664168,-0.06910828112566203
MANTRAUSDT,2026-03-05,e2526,105668,short,2,0.07171543316121635,-0.06798714,-0.0007717068387836463,-0.005271706838783646,30,pump_le0,tdec_lt30,fund_neg,crowd_24,btc_up,-0.19806560134566864,0.17550086784766275,-0.00530796,0.06941517240062933
MANTRAUSDT,2026-03-05,e2526,105668,long,2,-0.07171543316121635,0.06798714,-0.008228293161216354,-0.012728293161216353,30,pump_le0,tdec_lt30,fund_neg,crowd_24,btc_up,-0.19806560134566864,0.17550086784766275,-0.00530796,0.06941517240062933
MASKUSDT,2021-08-27,e2122,105432,short,1,0.18482940919991275,0.0074493499999999995,0.18777875919991274,0.18327875919991274,17,pump_0_25,tdec_ge70,fund_flat,crowd_01,btc_up,0.09540298507462674,1.2338068684335912,0.00035386,0.22290536302042585
MASKUSDT,2021-08-27,e2122,105432,long,1,-0.18482940919991275,-0.0074493499999999995,-0.19677875919991275,-0.20127875919991275,17,pump_0_25,tdec_ge70,fund_flat,crowd_01,btc_up,0.09540298507462674,1.2338068684335912,0.00035386,0.22290536302042585
MASKUSDT,2021-08-27,e2122,105432,short,2,0.14311290622896347,0.00699975,0.14561265622896347,0.14111265622896346,15,pump_0_25,tdec_30_70,fund_flat,crowd_01,btc_up,0.09540298507462674,0.6251203777026834,0.00031095,0.15620029263149182
MASKUSDT,2021-08-27,e2122,105432,long,2,-0.14311290622896347,-0.00699975,-0.15461265622896347,-0.15911265622896348,15,pump_0_25,tdec_30_70,fund_flat,crowd_01,btc_up,0.09540298507462674,0.6251203777026834,0.00031095,0.15620029263149182
MAVIAUSDT,2024-02-22,e2324,105562,short,1,0.20999171404897285,0.01777217,0.22326388404897285,0.21876388404897285,35,pump_le0,tdec_30_70,fund_flat,crowd_24,btc_up,-0.05159472129637166,0.6980226522608097,0.00015596,0.2668050610423993
MAVIAUSDT,2024-02-22,e2324,105562,long,1,-0.20999171404897285,-0.01777217,-0.23226388404897286,-0.23676388404897286,35,pump_le0,tdec_30_70,fund_flat,crowd_24,btc_up,-0.05159472129637166,0.6980226522608097,0.00015596,0.2668050610423993
MAVIAUSDT,2024-02-22,e2324,105562,short,2,0.25266572065680115,0.01669773,0.26486345065680117,0.26036345065680117,30,pump_le0,tdec_30_70,fund_pos,crowd_24,btc_up,-0.05159472129637166,0.5049555442270317,0.0008266,0.291560396763221
MAVIAUSDT,2024-02-22,e2324,105562,long,2,-0.25266572065680115,-0.01669773,-0.2738634506568012,-0.2783634506568012,30,pump_le0,tdec_30_70,fund_pos,crowd_24,btc_up,-0.05159472129637166,0.5049555442270317,0.0008266,0.291560396763221
MAVUSDT,2023-06-30,e2324,105528,short,1,0.043699421965317856,-0.00305582,0.03614360196531786,0.031643601965317854,17,pump_0_25,tdec_30_70,fund_neg,crowd_01,btc_up,0.03295915930260329,0.5679420715130343,-0.00216696,0.14058040760595847
MAVUSDT,2023-06-30,e2324,105528,long,1,-0.043699421965317856,0.00305582,-0.04514360196531785,-0.049643601965317856,17,pump_0_25,tdec_30_70,fund_neg,crowd_01,btc_up,0.03295915930260329,0.5679420715130343,-0.00216696,0.14058040760595847
MAVUSDT,2023-06-30,e2324,105528,short,2,-0.007306380905991238,-0.0006031200000000001,-0.012409500905991237,-0.016909500905991238,14,pump_0_25,tdec_30_70,fund_neg,crowd_01,btc_up,0.03295915930260329,0.34651664355224887,-0.00062511,0.12431779284407862
MAVUSDT,2023-06-30,e2324,105528,long,2,0.007306380905991238,0.0006031200000000001,0.003409500905991239,-0.0010904990940087608,14,pump_0_25,tdec_30_70,fund_neg,crowd_01,btc_up,0.03295915930260329,0.34651664355224887,-0.00062511,0.12431779284407862
MBLUSDT,2023-11-15,e2324,105548,short,1,0.07781228433402347,-0.00265767,0.07065461433402347,0.06615461433402348,35,pump_le0,tdec_30_70,fund_flat,crowd_24,btc_up,-0.09888059701492546,0.5228421463444589,0.0001,0.2746151596616153
MBLUSDT,2023-11-15,e2324,105548,long,1,-0.07781228433402347,0.00265767,-0.07965461433402347,-0.08415461433402346,35,pump_le0,tdec_30_70,fund_flat,crowd_24,btc_up,-0.09888059701492546,0.5228421463444589,0.0001,0.2746151596616153
MBLUSDT,2023-11-15,e2324,105548,short,2,0.027297543221110093,-0.00295767,0.019839873221110093,0.015339873221110094,29,pump_le0,tdec_30_70,fund_flat,crowd_24,btc_up,-0.09888059701492546,0.4083940643489883,0.0001,0.2937354939220196
MBLUSDT,2023-11-15,e2324,105548,long,2,-0.027297543221110093,0.00295767,-0.028839873221110094,-0.033339873221110095,29,pump_le0,tdec_30_70,fund_flat,crowd_24,btc_up,-0.09888059701492546,0.4083940643489883,0.0001,0.2937354939220196
MBOXUSDT,2024-08-29,e2324,105589,short,1,0.16566265060240962,0.0015668700000000002,0.1627295206024096,0.1582295206024096,35,pump_le0,tdec_30_70,fund_flat,crowd_ge5,btc_down,-0.05895691609977316,0.3312709877966863,0.0001,-0.0852220835951939
MBOXUSDT,2024-08-29,e2324,105589,long,1,-0.16566265060240962,-0.0015668700000000002,-0.17172952060240962,-0.17622952060240962,35,pump_le0,tdec_30_70,fund_flat,crowd_ge5,btc_down,-0.05895691609977316,0.3312709877966863,0.0001,-0.0852220835951939
MBOXUSDT,2024-08-29,e2324,105589,short,2,0.14188351920693915,0.00126687,0.13865038920693915,0.13415038920693914,29,pump_le0,tdec_lt30,fund_flat,crowd_ge5,btc_down,-0.05895691609977316,0.10143045037438662,0.0001,-0.09776683825994315
MBOXUSDT,2024-08-29,e2324,105589,long,2,-0.14188351920693915,-0.00126687,-0.14765038920693915,-0.15215038920693916,29,pump_le0,tdec_lt30,fund_flat,crowd_ge5,btc_down,-0.05895691609977316,0.10143045037438662,0.0001,-0.09776683825994315
MDTUSDT,2023-07-01,e2324,105528,short,1,-0.037765538945711996,0.00170318,-0.040562358945711995,-0.045062358945712,17,pump_le0,tdec_ge70,fund_flat,crowd_01,btc_up,-0.005866249511145782,3.8584819462748694,-2.02e-6,0.12431779284407862
MDTUSDT,2023-07-01,e2324,105528,long,1,0.037765538945711996,-0.00170318,0.031562358945712,0.027062358945711996,17,pump_le0,tdec_ge70,fund_flat,crowd_01,btc_up,-0.005866249511145782,3.8584819462748694,-2.02e-6,0.12431779284407862
MDTUSDT,2023-07-01,e2324,105528,short,2,0.269656699889258,0.00150318,0.266659879889258,0.262159879889258,15,pump_le0,tdec_ge70,fund_flat,crowd_01,btc_up,-0.005866249511145782,23.885048473398808,0.0001,0.15132563786966502
MDTUSDT,2023-07-01,e2324,105528,long,2,-0.269656699889258,-0.00150318,-0.275659879889258,-0.280159879889258,15,pump_le0,tdec_ge70,fund_flat,crowd_01,btc_up,-0.005866249511145782,23.885048473398808,0.0001,0.15132563786966502
MEGAUSDT,2026-01-31,e2526,105663,short,1,0.02263134914859536,0.00175,0.01988134914859536,0.015381349148595362,35,pump_le0,tdec_ge70,fund_flat,crowd_ge5,btc_down,-0.01483977346046328,1.8443878197050607,0.00010000000347222237,-0.14474371716282342
MEGAUSDT,2026-01-31,e2526,105663,long,1,-0.02263134914859536,-0.00175,-0.028881349148595362,-0.03338134914859536,35,pump_le0,tdec_ge70,fund_flat,crowd_ge5,btc_down,-0.01483977346046328,1.8443878197050607,0.00010000000347222237,-0.14474371716282342
MEGAUSDT,2026-01-31,e2526,105663,short,2,-0.006595218466611854,0.0014500000000000001,-0.009645218466611854,-0.014145218466611854,29,pump_le0,tdec_ge70,fund_flat,crowd_ge5,btc_down,-0.01483977346046328,1.0907414074464068,0.0001,-0.13138909309261582
MEGAUSDT,2026-01-31,e2526,105663,long,2,0.006595218466611854,-0.0014500000000000001,0.0006452184666118545,-0.003854781533388145,29,pump_le0,tdec_ge70,fund_flat,crowd_ge5,btc_down,-0.01483977346046328,1.0907414074464068,0.0001,-0.13138909309261582
MELANIAUSDT,2025-01-21,e2526,105610,short,1,0.33448773448773444,0.00416394,0.3341516744877344,0.3296516744877344,36,pump_le0,tdec_30_70,fund_flat,crowd_ge5,btc_up,-0.08187599364069953,0.36495735536524476,0.00039518,0.09280727294960722
MELANIAUSDT,2025-01-21,e2526,105610,long,1,-0.33448773448773444,-0.00416394,-0.3431516744877344,-0.34765167448773443,36,pump_le0,tdec_30_70,fund_flat,crowd_ge5,btc_up,-0.08187599364069953,0.36495735536524476,0.00039518,0.09280727294960722
MELANIAUSDT,2025-01-21,e2526,105610,short,2,0.16023306627822284,0.00307228,0.15880534627822285,0.15430534627822284,29,pump_le0,tdec_30_70,fund_flat,crowd_ge5,btc_up,-0.08187599364069953,0.5356836689151271,0.0001,0.05309792836053351
MELANIAUSDT,2025-01-21,e2526,105610,long,2,-0.16023306627822284,-0.00307228,-0.16780534627822286,-0.17230534627822286,29,pump_le0,tdec_30_70,fund_flat,crowd_ge5,btc_up,-0.08187599364069953,0.5356836689151271,0.0001,0.05309792836053351
MEMEFIUSDT,2025-04-26,e2526,105623,short,1,-0.3532898636633076,-0.0005088599999999999,-0.3582987236633076,-0.3627987236633076,36,pump_25_100,tdec_ge70,fund_flat,crowd_24,btc_up,0.3189992181391712,0.718774849616291,0.0001,0.11040781789222187
MEMEFIUSDT,2025-04-26,e2526,105623,long,1,0.3532898636633076,0.0005088599999999999,0.3492987236633076,0.3447987236633076,36,pump_25_100,tdec_ge70,fund_flat,crowd_24,btc_up,0.3189992181391712,0.718774849616291,0.0001,0.11040781789222187
MEMEFIUSDT,2025-04-26,e2526,105623,short,2,-0.017606418542456002,-0.0008518999999999999,-0.022958318542456002,-0.027458318542456,29,pump_25_100,tdec_ge70,fund_flat,crowd_24,btc_up,0.3189992181391712,1.2198523438834765,0.0001,0.1496803450651114
MEMEFIUSDT,2025-04-26,e2526,105623,long,2,0.017606418542456002,0.0008518999999999999,0.013958318542456001,0.009458318542456002,29,pump_25_100,tdec_ge70,fund_flat,crowd_24,btc_up,0.3189992181391712,1.2198523438834765,0.0001,0.1496803450651114
MEMEUSDT,2023-11-04,e2324,105546,short,1,-0.11977856064418724,0.00687064,-0.11740792064418724,-0.12190792064418723,35,pump_le0,tdec_ge70,fund_pos,crowd_ge5,btc_up,-0.24218154080854315,0.8815276297564009,0.00057748,0.25466125525230776
MEMEUSDT,2023-11-04,e2324,105546,long,1,0.11977856064418724,-0.00687064,0.10840792064418724,0.10390792064418725,35,pump_le0,tdec_ge70,fund_pos,crowd_ge5,btc_up,-0.24218154080854315,0.8815276297564009,0.00057748,0.25466125525230776
MEMEUSDT,2023-11-04,e2324,105546,short,2,-0.05917075260627398,0.0062317299999999996,-0.05743902260627398,-0.061939022606273986,30,pump_le0,tdec_30_70,fund_flat,crowd_ge5,btc_up,-0.24218154080854315,0.4480315433326859,0.0004831,0.25460401531689514
MEMEUSDT,2023-11-04,e2324,105546,long,2,0.05917075260627398,-0.0062317299999999996,0.04843902260627399,0.043939022606273984,30,pump_le0,tdec_30_70,fund_flat,crowd_ge5,btc_up,-0.24218154080854315,0.4480315433326859,0.0004831,0.25460401531689514
MERLUSDT,2025-05-30,e2526,105628,short,1,0.13928052636076216,-0.0012771,0.13350342636076215,0.12900342636076215,36,pump_le0,tdec_30_70,fund_neg,crowd_24,btc_up,-0.13098685676097133,0.6574181581059186,-0.00076148,0.08422653030958283
MERLUSDT,2025-05-30,e2526,105628,long,1,-0.13928052636076216,0.0012771,-0.14250342636076216,-0.14700342636076216,36,pump_le0,tdec_30_70,fund_neg,crowd_24,btc_up,-0.13098685676097133,0.6574181581059186,-0.00076148,0.08422653030958283
MERLUSDT,2025-05-30,e2526,105628,short,2,0.15988323603002508,-0.0006637199999999999,0.15471951603002507,0.15021951603002506,30,pump_le0,tdec_30_70,fund_flat,crowd_24,btc_up,-0.13098685676097133,0.40897605435574147,-0.0002357,0.09038512380307173
MERLUSDT,2025-05-30,e2526,105628,long,2,-0.15988323603002508,0.0006637199999999999,-0.16371951603002508,-0.16821951603002508,30,pump_le0,tdec_30_70,fund_flat,crowd_24,btc_up,-0.13098685676097133,0.40897605435574147,-0.0002357,0.09038512380307173
METAUSDT,2026-03-27,e2526,105671,short,1,-0.10374623168647648,0.00292561,-0.10532062168647649,-0.10982062168647648,18,pump_le0,tdec_lt30,fund_pos,crowd_ge5,btc_down,-0.05384880911287537,0.22885501233354646,0.00104723,-0.016507482779377303
METAUSDT,2026-03-27,e2526,105671,long,1,0.10374623168647648,-0.00292561,0.09632062168647648,0.09182062168647649,18,pump_le0,tdec_lt30,fund_pos,crowd_ge5,btc_down,-0.05384880911287537,0.22885501233354646,0.00104723,-0.016507482779377303
METAUSDT,2026-03-27,e2526,105671,short,2,-0.10693446821621848,0.00097072,-0.11046374821621849,-0.11496374821621848,15,pump_le0,tdec_lt30,fund_pos,crowd_ge5,btc_up,-0.05384880911287537,0.1057943360506944,0.00056941,0.0021553557324258676
METAUSDT,2026-03-27,e2526,105671,long,2,0.10693446821621848,-0.00097072,0.10146374821621848,0.09696374821621849,15,pump_le0,tdec_lt30,fund_pos,crowd_ge5,btc_up,-0.05384880911287537,0.1057943360506944,0.00056941,0.0021553557324258676
METISUSDT,2024-03-13,e2324,105565,short,1,0.17394049404151207,0.00606546,0.17550595404151206,0.17100595404151206,35,pump_le0,tdec_ge70,fund_pos,crowd_01,btc_up,-0.03752373718192181,0.8564288205486636,0.00176286,0.4378405679284616
METISUSDT,2024-03-13,e2324,105565,long,1,-0.17394049404151207,-0.00606546,-0.18450595404151207,-0.18900595404151208,35,pump_le0,tdec_ge70,fund_pos,crowd_01,btc_up,-0.03752373718192181,0.8564288205486636,0.00176286,0.4378405679284616
METISUSDT,2024-03-13,e2324,105565,short,2,0.08377100840336128,0.00436096,0.08363196840336128,0.07913196840336129,29,pump_le0,tdec_ge70,fund_pos,crowd_01,btc_up,-0.03752373718192181,1.0238244418355897,0.00059506,0.3421054662776517
METISUSDT,2024-03-13,e2324,105565,long,2,-0.08377100840336128,-0.00436096,-0.09263196840336128,-0.09713196840336127,29,pump_le0,tdec_ge70,fund_pos,crowd_01,btc_up,-0.03752373718192181,1.0238244418355897,0.00059506,0.3421054662776517
METUSDT,2025-10-12,e2526,105648,short,1,0.28786816269284704,0.00175,0.285118162692847,0.280618162692847,35,pump_le0,tdec_ge70,fund_flat,crowd_ge5,btc_down,-0.0946606564662561,1.0298295774843287,0.00010000000694444493,-0.006480083754305754
METUSDT,2025-10-12,e2526,105648,long,1,-0.28786816269284704,-0.00175,-0.294118162692847,-0.298618162692847,35,pump_le0,tdec_ge70,fund_flat,crowd_ge5,btc_down,-0.0946606564662561,1.0298295774843287,0.00010000000694444493,-0.006480083754305754
METUSDT,2025-10-12,e2526,105648,short,2,0.3238564484985684,0.0015,0.3208564484985684,0.3163564484985684,30,pump_le0,tdec_ge70,fund_flat,crowd_ge5,btc_down,-0.0946606564662561,0.7797373334975801,0.0001,-0.019322975436160017
METUSDT,2025-10-12,e2526,105648,long,2,-0.3238564484985684,-0.0015,-0.32985644849856843,-0.33435644849856844,30,pump_le0,tdec_ge70,fund_flat,crowd_ge5,btc_down,-0.0946606564662561,0.7797373334975801,0.0001,-0.019322975436160017
MEUSDT,2024-12-11,e2324,105604,short,1,0.3784807306749833,0.00175742,0.3757381506749833,0.3712381506749833,35,pump_le0,tdec_lt30,fund_flat,crowd_ge5,btc_up,-0.20492383988664542,0.2840668705383356,0.0001,0.13652525803664806
MEUSDT,2024-12-11,e2324,105604,long,1,-0.3784807306749833,-0.00175742,-0.3847381506749833,-0.3892381506749833,35,pump_le0,tdec_lt30,fund_flat,crowd_ge5,btc_up,-0.20492383988664542,0.2840668705383356,0.0001,0.13652525803664806
MEUSDT,2024-12-11,e2324,105604,short,2,0.34629803186504216,0.00145742,0.34325545186504214,0.33875545186504213,29,pump_le0,tdec_lt30,fund_flat,crowd_ge5,btc_up,-0.20492383988664542,0.2663929087538198,0.0001,0.12120561908480276
MEUSDT,2024-12-11,e2324,105604,long,2,-0.34629803186504216,-0.00145742,-0.35225545186504215,-0.35675545186504215,29,pump_le0,tdec_lt30,fund_flat,crowd_ge5,btc_up,-0.20492383988664542,0.2663929087538198,0.0001,0.12120561908480276
MEWUSDT,2024-06-18,e2324,105579,short,1,0.06160799238820184,0.00175,0.05885799238820184,0.05435799238820183,35,pump_le0,tdec_30_70,fund_flat,crowd_24,btc_down,-0.1321222130470685,0.46947752059781833,0.0001,-0.09141206019603587
MEWUSDT,2024-06-18,e2324,105579,long,1,-0.06160799238820184,-0.00175,-0.06785799238820184,-0.07235799238820183,35,pump_le0,tdec_30_70,fund_flat,crowd_24,btc_down,-0.1321222130470685,0.46947752059781833,0.0001,-0.09141206019603587
MEWUSDT,2024-06-18,e2324,105579,short,2,-0.026007802340702168,0.0014500000000000001,-0.02905780234070217,-0.033557802340702166,29,pump_le0,tdec_30_70,fund_flat,crowd_24,btc_down,-0.1321222130470685,0.3974074983402086,0.0001,-0.0757430652939769
MEWUSDT,2024-06-18,e2324,105579,long,2,0.026007802340702168,-0.0014500000000000001,0.020057802340702167,0.015557802340702169,29,pump_le0,tdec_30_70,fund_flat,crowd_24,btc_down,-0.1321222130470685,0.3974074983402086,0.0001,-0.0757430652939769
MILKUSDT,2025-05-07,e2526,105625,short,1,0.10278855698944148,0.00491325,0.10320180698944147,0.09870180698944148,36,pump_le0,tdec_30_70,fund_flat,crowd_ge5,btc_up,-0.14114090838629667,0.6967071057924741,0.00030088,0.3529612217374267
MILKUSDT,2025-05-07,e2526,105625,long,1,-0.10278855698944148,-0.00491325,-0.11220180698944147,-0.11670180698944146,36,pump_le0,tdec_30_70,fund_flat,crowd_ge5,btc_up,-0.14114090838629667,0.6967071057924741,0.00030088,0.3529612217374267
MILKUSDT,2025-05-07,e2526,105625,short,2,0.15076449987187154,0.00342528,0.14968977987187154,0.14518977987187154,30,pump_le0,tdec_30_70,fund_flat,crowd_ge5,btc_up,-0.14114090838629667,0.35868115810344736,0.0001,0.24645105826512315
MILKUSDT,2025-05-07,e2526,105625,long,2,-0.15076449987187154,-0.00342528,-0.15868977987187155,-0.16318977987187155,30,pump_le0,tdec_30_70,fund_flat,crowd_ge5,btc_up,-0.14114090838629667,0.35868115810344736,0.0001,0.24645105826512315
MINAUSDT,2023-02-08,e2324,105508,short,1,-0.6124240378122888,0.00192439,-0.6149996478122888,-0.6194996478122888,18,pump_le0,tdec_ge70,fund_flat,crowd_24,btc_up,-0.14224487431947175,2.7451635863370893,0.00010000001736111412,0.2504245845956119
MINAUSDT,2023-02-08,e2324,105508,long,1,0.6124240378122888,-0.00192439,0.6059996478122889,0.6014996478122888,18,pump_le0,tdec_ge70,fund_flat,crowd_24,btc_up,-0.14224487431947175,2.7451635863370893,0.00010000001736111412,0.2504245845956119
MINAUSDT,2023-02-08,e2324,105508,short,2,-0.3393157599551318,0.00152749,-0.3422882699551318,-0.3467882699551318,15,pump_le0,tdec_ge70,fund_flat,crowd_24,btc_up,-0.14224487431947175,12.130039284422125,0.00019690001367361206,0.20533907235290494
MINAUSDT,2023-02-08,e2324,105508,long,2,0.3393157599551318,-0.00152749,0.3332882699551318,0.3287882699551318,15,pump_le0,tdec_ge70,fund_flat,crowd_24,btc_up,-0.14224487431947175,12.130039284422125,0.00019690001367361206,0.20533907235290494
MIRAUSDT,2025-09-27,e2526,105645,short,1,0.45631756158071946,-0.023580920000000002,0.42823664158071945,0.42373664158071944,143,pump_le0,tdec_30_70,fund_flat,crowd_ge5,btc_up,-0.21630442330393718,0.48134678914669754,0.0001,0.03495907041660673
MIRAUSDT,2025-09-27,e2526,105645,long,1,-0.45631756158071946,0.023580920000000002,-0.43723664158071945,-0.44173664158071946,143,pump_le0,tdec_30_70,fund_flat,crowd_ge5,btc_up,-0.21630442330393718,0.48134678914669754,0.0001,0.03495907041660673
MIRAUSDT,2025-09-27,e2526,105645,short,2,0.24237560192616364,-0.02193421,0.21594139192616363,0.21144139192616362,120,pump_le0,tdec_30_70,fund_flat,crowd_ge5,btc_up,-0.21630442330393718,0.4990446055953417,0.0001,0.050563683189911
MIRAUSDT,2025-09-27,e2526,105645,long,2,-0.24237560192616364,0.02193421,-0.22494139192616364,-0.22944139192616364,120,pump_le0,tdec_30_70,fund_flat,crowd_ge5,btc_up,-0.21630442330393718,0.4990446055953417,0.0001,0.050563683189911
MITOUSDT,2025-08-29,e2526,105641,short,1,0.19268635724331926,-0.01765247,0.17053388724331925,0.16603388724331924,36,pump_0_25,tdec_30_70,fund_neg,crowd_ge5,btc_down,0.089376915219612,0.3028599182293383,-0.00335194,-0.059978927771002555
MITOUSDT,2025-08-29,e2526,105641,long,1,-0.19268635724331926,0.01765247,-0.17953388724331926,-0.18403388724331926,36,pump_0_25,tdec_30_70,fund_neg,crowd_ge5,btc_down,0.089376915219612,0.3028599182293383,-0.00335194,-0.059978927771002555
MITOUSDT,2025-08-29,e2526,105641,short,2,0.17893368010403116,-0.0011036800000000001,0.17333000010403116,0.16883000010403115,29,pump_0_25,tdec_30_70,fund_flat,crowd_ge5,btc_down,0.089376915219612,0.5785223046142456,-0.00026828,-0.044473565232134304
MITOUSDT,2025-08-29,e2526,105641,long,2,-0.17893368010403116,0.0011036800000000001,-0.18233000010403116,-0.18683000010403117,29,pump_0_25,tdec_30_70,fund_flat,crowd_ge5,btc_down,0.089376915219612,0.5785223046142456,-0.00026828,-0.044473565232134304
MLNUSDT,2025-04-01,e2526,105620,short,1,0.17527675276752772,-0.01159792,0.1591788327675277,0.1546788327675277,35,pump_le0,tdec_30_70,fund_neg,crowd_ge5,btc_down,-0.16934865900383145,0.31150084212595086,-0.0016635,-0.043015243750340715
MLNUSDT,2025-04-01,e2526,105620,long,1,-0.17527675276752772,0.01159792,-0.1681788327675277,-0.1726788327675277,35,pump_le0,tdec_30_70,fund_neg,crowd_ge5,btc_down,-0.16934865900383145,0.31150084212595086,-0.0016635,-0.043015243750340715
MLNUSDT,2025-04-01,e2526,105620,short,2,0.13623188405797104,-0.01000172,0.12173016405797105,0.11723016405797106,29,pump_le0,tdec_lt30,fund_flat,crowd_ge5,btc_down,-0.16934865900383145,0.17623641846836374,0.0001,-0.04658557021017595
MLNUSDT,2025-04-01,e2526,105620,long,2,-0.13623188405797104,0.01000172,-0.13073016405797105,-0.13523016405797106,29,pump_le0,tdec_lt30,fund_flat,crowd_ge5,btc_down,-0.16934865900383145,0.17623641846836374,0.0001,-0.04658557021017595
MMTUSDT,2025-11-05,e2526,105651,short,1,0.15505397448478894,-0.041839470000000004,0.10871450448478893,0.10421450448478894,36,pump_le0,tdec_lt30,fund_neg,crowd_24,btc_down,-0.805214665290362,0.23087365814726876,-0.00073148,-0.16474133559794368
MMTUSDT,2025-11-05,e2526,105651,long,1,-0.15505397448478894,0.041839470000000004,-0.11771450448478894,-0.12221450448478893,36,pump_le0,tdec_lt30,fund_neg,crowd_24,btc_down,-0.805214665290362,0.23087365814726876,-0.00073148,-0.16474133559794368
MMTUSDT,2025-11-05,e2526,105651,short,2,0.23220973782771534,-0.02478444,0.20292529782771535,0.19842529782771534,30,pump_le0,tdec_lt30,fund_neg,crowd_24,btc_down,-0.805214665290362,0.2006261970651368,-0.00570276,-0.16173891875443758
MMTUSDT,2025-11-05,e2526,105651,long,2,-0.23220973782771534,0.02478444,-0.21192529782771535,-0.21642529782771536,30,pump_le0,tdec_lt30,fund_neg,crowd_24,btc_down,-0.805214665290362,0.2006261970651368,-0.00570276,-0.16173891875443758
MOCAUSDT,2024-12-17,e2324,105605,short,1,-1.5159090909090909,-0.07890414,-1.5993132309090907,-1.6038132309090907,35,pump_le0,tdec_ge70,fund_neg,crowd_ge5,btc_up,-0.22444183313748522,1.0120761547915202,-0.00219762,0.10688297310496164
MOCAUSDT,2024-12-17,e2324,105605,long,1,1.5159090909090909,0.07890414,1.5903132309090908,1.5858132309090909,35,pump_le0,tdec_ge70,fund_neg,crowd_ge5,btc_up,-0.22444183313748522,1.0120761547915202,-0.00219762,0.10688297310496164
MOCAUSDT,2024-12-17,e2324,105605,short,2,-1.1805646749835852,-0.07303042,-1.2580950949835852,-1.2625950949835851,29,pump_le0,tdec_ge70,fund_flat,crowd_ge5,btc_up,-0.22444183313748522,1.5981532470702795,-0.00045218,0.05521687664277919
MOCAUSDT,2024-12-17,e2324,105605,long,2,1.1805646749835852,0.07303042,1.2490950949835853,1.2445950949835853,29,pump_le0,tdec_ge70,fund_flat,crowd_ge5,btc_up,-0.22444183313748522,1.5981532470702795,-0.00045218,0.05521687664277919
MONUSDT,2025-10-11,e2526,105647,short,1,0.2542452830188679,0.0018000000000000002,0.2515452830188679,0.2470452830188679,36,pump_0_25,tdec_ge70,fund_flat,crowd_ge5,btc_down,0.015812170579779572,0.7782919829276135,0.0001,-0.009346567981624143
MONUSDT,2025-10-11,e2526,105647,long,1,-0.2542452830188679,-0.0018000000000000002,-0.2605452830188679,-0.2650452830188679,36,pump_0_25,tdec_ge70,fund_flat,crowd_ge5,btc_down,0.015812170579779572,0.7782919829276135,0.0001,-0.009346567981624143
MONUSDT,2025-10-11,e2526,105647,short,2,0.2130413140866102,0.0014500000000000001,0.2099913140866102,0.2054913140866102,29,pump_0_25,tdec_ge70,fund_flat,crowd_ge5,btc_down,0.015812170579779572,0.8652586159153897,0.0001,-0.006480083754305754
MONUSDT,2025-10-11,e2526,105647,long,2,-0.2130413140866102,-0.0014500000000000001,-0.2189913140866102,-0.22349131408661022,29,pump_0_25,tdec_ge70,fund_flat,crowd_ge5,btc_down,0.015812170579779572,0.8652586159153897,0.0001,-0.006480083754305754
MOODENGUSDT,2024-10-26,e2324,105597,short,1,0.1973775017253279,0.00700063,0.1998781317253279,0.1953781317253279,35,pump_le0,tdec_ge70,fund_flat,crowd_24,btc_up,-0.06339166166489674,0.733305908405684,0.00013734,0.0341142759803863
MOODENGUSDT,2024-10-26,e2324,105597,long,1,-0.1973775017253279,-0.00700063,-0.2088781317253279,-0.2133781317253279,35,pump_le0,tdec_ge70,fund_flat,crowd_24,btc_up,-0.06339166166489674,0.733305908405684,0.00013734,0.0341142759803863
MOODENGUSDT,2024-10-26,e2324,105597,short,2,0.18663203117194527,0.00611086,0.18824289117194526,0.18374289117194526,29,pump_le0,tdec_30_70,fund_flat,crowd_24,btc_up,-0.06339166166489674,0.5706601939429032,0.00047086,0.06255298332183767
MOODENGUSDT,2024-10-26,e2324,105597,long,2,-0.18663203117194527,-0.00611086,-0.19724289117194527,-0.20174289117194527,29,pump_le0,tdec_30_70,fund_flat,crowd_24,btc_up,-0.06339166166489674,0.5706601939429032,0.00047086,0.06255298332183767
MORPHOUSDT,2024-11-28,e2324,105602,short,1,-0.9059688648986935,0.00805312,-0.9024157448986935,-0.9069157448986935,35,pump_le0,tdec_ge70,fund_flat,crowd_ge5,btc_up,-0.22681908909453818,0.7670265094251867,0.0001,0.34785968016143975
MORPHOUSDT,2024-11-28,e2324,105602,long,1,0.9059688648986935,-0.00805312,0.8934157448986936,0.8889157448986935,35,pump_le0,tdec_ge70,fund_flat,crowd_ge5,btc_up,-0.22681908909453818,0.7670265094251867,0.0001,0.34785968016143975
MORPHOUSDT,2024-11-28,e2324,105602,short,2,-0.6188704318936877,0.00746865,-0.6159017818936877,-0.6204017818936878,29,pump_le0,tdec_ge70,fund_flat,crowd_ge5,btc_up,-0.22681908909453818,2.475263296439025,0.00030444,0.3719069024016701
MORPHOUSDT,2024-11-28,e2324,105602,long,2,0.6188704318936877,-0.00746865,0.6069017818936878,0.6024017818936878,29,pump_le0,tdec_ge70,fund_flat,crowd_ge5,btc_up,-0.22681908909453818,2.475263296439025,0.00030444,0.3719069024016701
MOVEUSDT,2024-12-10,e2324,105604,short,1,0.15287049399198938,0.0018000000000000002,0.15017049399198937,0.14567049399198936,36,pump_0_25,tdec_30_70,fund_flat,crowd_24,btc_up,0.017386579733768004,0.3125567572183728,0.0001,0.13959825941716852
MOVEUSDT,2024-12-10,e2324,105604,long,1,-0.15287049399198938,-0.0018000000000000002,-0.15917049399198938,-0.16367049399198938,36,pump_0_25,tdec_30_70,fund_flat,crowd_24,btc_up,0.017386579733768004,0.3125567572183728,0.0001,0.13959825941716852
MOVEUSDT,2024-12-10,e2324,105604,short,2,0.022191400832177653,0.0014500000000000001,0.019141400832177653,0.014641400832177654,29,pump_0_25,tdec_lt30,fund_flat,crowd_24,btc_up,0.017386579733768004,0.1441881933882776,0.0001,0.13652525803664806
MOVEUSDT,2024-12-10,e2324,105604,long,2,-0.022191400832177653,-0.0014500000000000001,-0.028141400832177654,-0.032641400832177654,29,pump_0_25,tdec_lt30,fund_flat,crowd_24,btc_up,0.017386579733768004,0.1441881933882776,0.0001,0.13652525803664806
MOVRUSDT,2023-12-27,e2324,105554,short,1,-0.14953314014994717,-0.014656869999999999,-0.16869001014994717,-0.17319001014994717,36,pump_le0,tdec_ge70,fund_pos,crowd_01,btc_up,-0.2553176913855112,0.816995342017309,0.00129598,0.12662613290454638
MOVRUSDT,2023-12-27,e2324,105554,long,1,0.14953314014994717,0.014656869999999999,0.15969001014994716,0.15519001014994716,36,pump_le0,tdec_ge70,fund_pos,crowd_01,btc_up,-0.2553176913855112,0.816995342017309,0.00129598,0.12662613290454638
MOVRUSDT,2023-12-27,e2324,105554,short,2,0.14149290646147503,0.00133463,0.13832753646147503,0.13382753646147502,30,pump_le0,tdec_ge70,fund_neg,crowd_01,btc_up,-0.2553176913855112,5.97700991852319,-0.01261268,0.11253505157636279
MOVRUSDT,2023-12-27,e2324,105554,long,2,-0.14149290646147503,-0.00133463,-0.14732753646147503,-0.15182753646147504,30,pump_le0,tdec_ge70,fund_neg,crowd_01,btc_up,-0.2553176913855112,5.97700991852319,-0.01261268,0.11253505157636279
MRVLUSDT,2026-05-16,e2526,105678,short,1,-0.12378956905827049,0.0,-0.1282895690582705,-0.1327895690582705,0,pump_0_25,tdec_ge70,fund_none,crowd_ge5,btc_up,0.009316415180612658,1.0073197596714418,,0.00519014521501826
MRVLUSDT,2026-05-16,e2526,105678,long,1,0.12378956905827049,-0.0,0.11928956905827048,0.1147895690582705,0,pump_0_25,tdec_ge70,fund_none,crowd_ge5,btc_up,0.009316415180612658,1.0073197596714418,,0.00519014521501826
MRVLUSDT,2026-05-16,e2526,105678,short,2,-0.1714184522755445,0.0,-0.1759184522755445,-0.1804184522755445,0,pump_0_25,tdec_ge70,fund_none,crowd_ge5,btc_up,0.009316415180612658,2.6574760292908723,,0.017307788901548715
MRVLUSDT,2026-05-16,e2526,105678,long,2,0.1714184522755445,-0.0,0.1669184522755445,0.1624184522755445,0,pump_0_25,tdec_ge70,fund_none,crowd_ge5,btc_up,0.009316415180612658,2.6574760292908723,,0.017307788901548715
MSFTUSDT,2026-04-21,e2526,105675,short,1,-0.0021745230078563573,0.00258339,-0.0040911330078563565,-0.008591133007856357,18,pump_0_25,tdec_ge70,fund_flat,crowd_24,btc_up,0.023255813953488413,1.107852839498111,0.0,0.10264316123833894
MSFTUSDT,2026-04-21,e2526,105675,long,1,0.0021745230078563573,-0.00258339,-0.004908866992143643,-0.009408866992143642,18,pump_0_25,tdec_ge70,fund_flat,crowd_24,btc_up,0.023255813953488413,1.107852839498111,0.0,0.10264316123833894
MSFTUSDT,2026-04-21,e2526,105675,short,2,-0.02303322512889067,0.00258339,-0.02494983512889067,-0.02944983512889067,15,pump_0_25,tdec_ge70,fund_flat,crowd_24,btc_up,0.023255813953488413,1.063750527517133,0.0,0.10908216930714287
MSFTUSDT,2026-04-21,e2526,105675,long,2,0.02303322512889067,-0.00258339,0.015949835128890668,0.01144983512889067,15,pump_0_25,tdec_ge70,fund_flat,crowd_24,btc_up,0.023255813953488413,1.063750527517133,0.0,0.10908216930714287
MSTRUSDT,2026-02-10,e2526,105665,short,1,-0.018109610802223994,0.01327192,-0.009337690802223995,-0.013837690802223994,18,pump_le0,tdec_ge70,fund_flat,crowd_ge5,btc_down,-0.08014904654051291,1.0965383771867683,0.0,-0.2651781976623133
MSTRUSDT,2026-02-10,e2526,105665,long,1,0.018109610802223994,-0.01327192,0.00033769080222399456,-0.004162309197776005,18,pump_le0,tdec_ge70,fund_flat,crowd_ge5,btc_down,-0.08014904654051291,1.0965383771867683,0.0,-0.2651781976623133
MSTRUSDT,2026-02-10,e2526,105665,short,2,-0.03104890604890616,0.01321659,-0.02233231604890616,-0.02683231604890616,15,pump_le0,tdec_ge70,fund_flat,crowd_ge5,btc_down,-0.08014904654051291,0.9884066971351007,0.00005533,-0.3054473280265728
MSTRUSDT,2026-02-10,e2526,105665,long,2,0.03104890604890616,-0.01321659,0.01333231604890616,0.008832316048906162,15,pump_le0,tdec_ge70,fund_flat,crowd_ge5,btc_down,-0.08014904654051291,0.9884066971351007,0.00005533,-0.3054473280265728
MUBARAKUSDT,2025-03-18,e2526,105618,short,1,-0.09940652818991094,0.00494818,-0.09895834818991095,-0.10345834818991094,35,pump_le0,tdec_ge70,fund_flat,crowd_24,btc_down,-0.22305475504322758,0.7019959877285341,0.0001,-0.09330584313037371
MUBARAKUSDT,2025-03-18,e2526,105618,long,1,0.09940652818991094,-0.00494818,0.08995834818991094,0.08545834818991095,35,pump_le0,tdec_ge70,fund_flat,crowd_24,btc_down,-0.22305475504322758,0.7019959877285341,0.0001,-0.09330584313037371
MUBARAKUSDT,2025-03-18,e2526,105618,short,2,-0.14794732765298224,0.00409735,-0.14834997765298225,-0.15284997765298225,29,pump_le0,tdec_30_70,fund_flat,crowd_24,btc_down,-0.22305475504322758,0.341585714415445,0.00028482,-0.11962100771788908
MUBARAKUSDT,2025-03-18,e2526,105618,long,2,0.14794732765298224,-0.00409735,0.13934997765298224,0.13484997765298223,29,pump_le0,tdec_30_70,fund_flat,crowd_24,btc_down,-0.22305475504322758,0.341585714415445,0.00028482,-0.11962100771788908
MUSDT,2025-07-08,e2526,105634,short,1,-0.3967191161700703,-0.33406324,-0.7352823561700702,-0.7397823561700703,135,pump_25_100,tdec_ge70,fund_neg,crowd_24,btc_up,0.8622194513715713,1.330348184679649,-0.01297935909865562,0.008818094148577593
MUSDT,2025-07-08,e2526,105634,long,1,0.3967191161700703,0.33406324,0.7262823561700703,0.7217823561700702,135,pump_25_100,tdec_ge70,fund_neg,crowd_24,btc_up,0.8622194513715713,1.330348184679649,-0.01297935909865562,0.008818094148577593
MUSDT,2025-07-08,e2526,105634,short,2,0.046617915904935955,-0.25831141,-0.21619349409506405,-0.22069349409506406,120,pump_25_100,tdec_ge70,fund_flat,crowd_24,btc_up,0.8622194513715713,2.151913969358777,0.00002500000868055857,0.052104859237595225
MUSDT,2025-07-08,e2526,105634,long,2,-0.046617915904935955,0.25831141,0.20719349409506405,0.20269349409506404,120,pump_25_100,tdec_ge70,fund_flat,crowd_24,btc_up,0.8622194513715713,2.151913969358777,0.00002500000868055857,0.052104859237595225
MUUSDT,2026-04-08,e2526,105673,short,1,-0.0836738107184671,-0.0122369,-0.1004107107184671,-0.1049107107184671,18,pump_0_25,tdec_ge70,fund_flat,crowd_ge5,btc_up,0.04034302759134967,0.883763499913724,9.35e-6,0.026444202518100424
MUUSDT,2026-04-08,e2526,105673,long,1,0.0836738107184671,0.0122369,0.0914107107184671,0.08691071071846711,18,pump_0_25,tdec_ge70,fund_flat,crowd_ge5,btc_up,0.04034302759134967,0.883763499913724,9.35e-6,0.026444202518100424
MUUSDT,2026-04-08,e2526,105673,short,2,-0.08137427876591483,-0.01226788,-0.09814215876591482,-0.10264215876591481,15,pump_0_25,tdec_ge70,fund_flat,crowd_ge5,btc_up,0.04034302759134967,0.7096651594083309,0.00003098,0.039449750534568784
MUUSDT,2026-04-08,e2526,105673,long,2,0.08137427876591483,0.01226788,0.08914215876591482,0.08464215876591483,15,pump_0_25,tdec_ge70,fund_flat,crowd_ge5,btc_up,0.04034302759134967,0.7096651594083309,0.00003098,0.039449750534568784
MYROUSDT,2024-03-06,e2324,105564,short,1,-0.24737732656514383,0.02970639,-0.22217093656514383,-0.22667093656514384,35,pump_le0,tdec_30_70,fund_pos,crowd_24,btc_up,-0.0404909569113876,0.39944472796640906,0.00292104,0.5522608411039229
MYROUSDT,2024-03-06,e2324,105564,long,1,0.24737732656514383,-0.02970639,0.21317093656514383,0.20867093656514382,35,pump_le0,tdec_30_70,fund_pos,crowd_24,btc_up,-0.0404909569113876,0.39944472796640906,0.00292104,0.5522608411039229
MYROUSDT,2024-03-06,e2324,105564,short,2,0.11596114642043412,0.02423354,0.1356946864204341,0.1311946864204341,29,pump_le0,tdec_ge70,fund_pos,crowd_24,btc_up,-0.0404909569113876,0.870357653613556,0.00326768,0.5381467394001742
MYROUSDT,2024-03-06,e2324,105564,long,2,-0.11596114642043412,-0.02423354,-0.14469468642043412,-0.14919468642043412,29,pump_le0,tdec_ge70,fund_pos,crowd_24,btc_up,-0.0404909569113876,0.870357653613556,0.00326768,0.5381467394001742
MYXUSDT,2025-06-19,e2526,105631,short,1,-1.1552312357846855,-0.1080766,-1.2678078357846854,-1.2723078357846853,36,pump_le0,tdec_ge70,fund_neg,crowd_24,btc_down,-0.08861634133701846,2.0120893439582903,-0.0088808,-0.058055186822310034
MYXUSDT,2025-06-19,e2526,105631,long,1,1.1552312357846855,0.1080766,1.2588078357846855,1.2543078357846855,36,pump_le0,tdec_ge70,fund_neg,crowd_24,btc_down,-0.08861634133701846,2.0120893439582903,-0.0088808,-0.058055186822310034
MYXUSDT,2025-06-19,e2526,105631,short,2,-1.0207926070730409,-0.08443837,-1.1097309770730408,-1.1142309770730408,30,pump_le0,tdec_ge70,fund_flat,crowd_24,btc_down,-0.08861634133701846,2.2127165424630006,0.0001,-0.08582006345897053
MYXUSDT,2025-06-19,e2526,105631,long,2,1.0207926070730409,0.08443837,1.100730977073041,1.096230977073041,30,pump_le0,tdec_ge70,fund_flat,crowd_24,btc_down,-0.08861634133701846,2.2127165424630006,0.0001,-0.08582006345897053
NAORISUSDT,2025-08-01,e2526,105637,short,1,0.0689655172413793,0.01056092,0.07502643724137929,0.0705264372413793,35,pump_le0,tdec_ge70,fund_flat,crowd_ge5,btc_up,-0.3579335793357934,0.7507848030977662,0.00010000000347222237,0.02705367282181248
NAORISUSDT,2025-08-01,e2526,105637,long,1,-0.0689655172413793,-0.01056092,-0.0840264372413793,-0.08852643724137929,35,pump_le0,tdec_ge70,fund_flat,crowd_ge5,btc_up,-0.3579335793357934,0.7507848030977662,0.00010000000347222237,0.02705367282181248
NAORISUSDT,2025-08-01,e2526,105637,short,2,0.19602977667493807,0.009652,0.20118177667493806,0.19668177667493805,30,pump_le0,tdec_ge70,fund_flat,crowd_ge5,btc_up,-0.3579335793357934,1.5415330781426864,0.0001,0.057584444028558
NAORISUSDT,2025-08-01,e2526,105637,long,2,-0.19602977667493807,-0.009652,-0.21018177667493806,-0.21468177667493807,30,pump_le0,tdec_ge70,fund_flat,crowd_ge5,btc_up,-0.3579335793357934,1.5415330781426864,0.0001,0.057584444028558
NATGASUSDT,2026-04-02,e2526,105672,short,1,0.028113879003558783,0.0265353,0.05014917900355879,0.04564917900355878,36,pump_le0,tdec_lt30,fund_flat,crowd_ge5,btc_down,-0.0031926214969847377,0.09320733381197631,0.00003082,-0.07862458597989563
NATGASUSDT,2026-04-02,e2526,105672,long,1,-0.028113879003558783,-0.0265353,-0.05914917900355878,-0.06364917900355878,36,pump_le0,tdec_lt30,fund_flat,crowd_ge5,btc_down,-0.0031926214969847377,0.09320733381197631,0.00003082,-0.07862458597989563
NATGASUSDT,2026-04-02,e2526,105672,short,2,0.02742165242165241,0.02588829,0.04880994242165241,0.044309942421652405,30,pump_le0,tdec_lt30,fund_flat,crowd_ge5,btc_down,-0.0031926214969847377,0.06413932162317192,0.00048892,-0.05057949496717229
NATGASUSDT,2026-04-02,e2526,105672,long,2,-0.02742165242165241,-0.02588829,-0.057809942421652404,-0.06230994242165241,30,pump_le0,tdec_lt30,fund_flat,crowd_ge5,btc_down,-0.0031926214969847377,0.06413932162317192,0.00048892,-0.05057949496717229
NBISUSDT,2026-05-27,e2526,105680,short,1,-0.04862956991590046,0.0,-0.053129569915900454,-0.05762956991590046,0,pump_0_25,tdec_ge70,fund_none,crowd_ge5,btc_down,0.09322599085365857,2.74097940355956,,-0.03547532638427442
NBISUSDT,2026-05-27,e2526,105680,long,1,0.04862956991590046,-0.0,0.04412956991590046,0.039629569915900456,0,pump_0_25,tdec_ge70,fund_none,crowd_ge5,btc_down,0.09322599085365857,2.74097940355956,,-0.03547532638427442
NBISUSDT,2026-05-27,e2526,105680,short,2,-0.05091925411590024,0.0,-0.055419254115900235,-0.05991925411590024,0,pump_0_25,tdec_ge70,fund_none,crowd_ge5,btc_down,0.09322599085365857,1.3581811339658765,,-0.030649545411941093
NBISUSDT,2026-05-27,e2526,105680,long,2,0.05091925411590024,-0.0,0.04641925411590024,0.04191925411590024,0,pump_0_25,tdec_ge70,fund_none,crowd_ge5,btc_down,0.09322599085365857,1.3581811339658765,,-0.030649545411941093
NEIROETHUSDT,2024-09-07,e2324,105590,short,1,0.00597213005972138,0.00037712999999999993,0.0018492600597213799,-0.0026507399402786198,35,pump_0_25,tdec_ge70,fund_flat,crowd_24,btc_down,0.09919766593727197,1.1036168870873373,0.0001,-0.09816045756685732
NEIROETHUSDT,2024-09-07,e2324,105590,long,1,-0.00597213005972138,-0.00037712999999999993,-0.01084926005972138,-0.015349260059721379,35,pump_0_25,tdec_ge70,fund_flat,crowd_24,btc_down,0.09919766593727197,1.1036168870873373,0.0001,-0.09816045756685732
NEIROETHUSDT,2024-09-07,e2324,105590,short,2,0.13209733487833147,0.0011533,0.12875063487833147,0.12425063487833148,29,pump_0_25,tdec_ge70,fund_flat,crowd_24,btc_down,0.09919766593727197,1.7544103815811987,0.0001,-0.06371992727857989
NEIROETHUSDT,2024-09-07,e2324,105590,long,2,-0.13209733487833147,-0.0011533,-0.13775063487833147,-0.14225063487833148,29,pump_0_25,tdec_ge70,fund_flat,crowd_24,btc_down,0.09919766593727197,1.7544103815811987,0.0001,-0.06371992727857989
NEIROUSDT,2024-09-17,e2324,105592,short,1,-0.26220145379023885,0.0037683,-0.26293315379023885,-0.26743315379023885,35,pump_gt100,tdec_ge70,fund_flat,crowd_24,btc_up,1.680957683741648,1.6175739447213844,-0.00013084,0.03934106080119881
NEIROUSDT,2024-09-17,e2324,105592,long,1,0.26220145379023885,-0.0037683,0.25393315379023884,0.24943315379023884,35,pump_gt100,tdec_ge70,fund_flat,crowd_24,btc_up,1.680957683741648,1.6175739447213844,-0.00013084,0.03934106080119881
NEIROUSDT,2024-09-17,e2324,105592,short,2,-0.3230652008272558,0.00324503,-0.32432017082725584,-0.32882017082725584,29,pump_gt100,tdec_ge70,fund_flat,crowd_24,btc_up,1.680957683741648,0.9944849760891661,0.0002704,0.06686683767668256
NEIROUSDT,2024-09-17,e2324,105592,long,2,0.3230652008272558,-0.00324503,0.31532017082725583,0.3108201708272558,29,pump_gt100,tdec_ge70,fund_flat,crowd_24,btc_up,1.680957683741648,0.9944849760891661,0.0002704,0.06686683767668256
NEWTUSDT,2025-06-20,e2526,105631,short,1,-0.37601986520042585,-0.25039925,-0.6309191152004259,-0.6354191152004259,96,pump_0_25,tdec_ge70,fund_flat,crowd_24,btc_down,0.21299483648881234,0.7805528919725512,0.0001,-0.08582006345897053
NEWTUSDT,2025-06-20,e2526,105631,long,1,0.37601986520042585,0.25039925,0.621919115200426,0.6174191152004259,96,pump_0_25,tdec_ge70,fund_flat,crowd_24,btc_down,0.21299483648881234,0.7805528919725512,0.0001,-0.08582006345897053
NEWTUSDT,2025-06-20,e2526,105631,short,2,-0.20578178427106011,-0.25074925,-0.4610310342710601,-0.46553103427106013,89,pump_0_25,tdec_30_70,fund_flat,crowd_24,btc_down,0.21299483648881234,0.6118485986700714,0.0001,-0.05935220445318656
NEWTUSDT,2025-06-20,e2526,105631,long,2,0.20578178427106011,0.25074925,0.4520310342710601,0.4475310342710601,89,pump_0_25,tdec_30_70,fund_flat,crowd_24,btc_down,0.21299483648881234,0.6118485986700714,0.0001,-0.05935220445318656
NFLXUSDT,2026-06-10,e2526,105682,short,1,0.05197352292228481,0.0,0.047473522922284815,0.04297352292228481,18,pump_le0,tdec_30_70,fund_none,crowd_ge5,btc_down,-0.003907203907204004,0.5894540398412894,,-0.20958103926125704
NFLXUSDT,2026-06-10,e2526,105682,long,1,-0.05197352292228481,-0.0,-0.05647352292228481,-0.06097352292228481,18,pump_le0,tdec_30_70,fund_none,crowd_ge5,btc_down,-0.003907203907204004,0.5894540398412894,,-0.20958103926125704
NFLXUSDT,2026-06-10,e2526,105682,short,2,0.037700634565136254,0.0,0.03320063456513626,0.028700634565136253,15,pump_le0,tdec_lt30,fund_flat,crowd_ge5,btc_down,-0.003907203907204004,0.29690342846924883,0.0,-0.19853244425722338
NFLXUSDT,2026-06-10,e2526,105682,long,2,-0.037700634565136254,-0.0,-0.04220063456513625,-0.046700634565136255,15,pump_le0,tdec_lt30,fund_flat,crowd_ge5,btc_down,-0.003907203907204004,0.29690342846924883,0.0,-0.19853244425722338
NFPUSDT,2023-12-28,e2324,105554,short,1,0.34821161701703696,0.00370833,0.34741994701703693,0.34291994701703693,36,pump_le0,tdec_ge70,fund_pos,crowd_01,btc_up,-0.13061931572109142,1.1833920755956093,0.00128196,0.11253505157636279
NFPUSDT,2023-12-28,e2324,105554,long,1,-0.34821161701703696,-0.00370833,-0.35641994701703694,-0.36091994701703695,36,pump_le0,tdec_ge70,fund_pos,crowd_01,btc_up,-0.13061931572109142,1.1833920755956093,0.00128196,0.11253505157636279
NFPUSDT,2023-12-28,e2324,105554,short,2,0.3393921034030092,0.0008976100000000001,0.33578971340300917,0.33128971340300917,29,pump_le0,tdec_30_70,fund_pos,crowd_01,btc_up,-0.13061931572109142,0.5079393973674907,0.00105898,0.11818075764645974
NFPUSDT,2023-12-28,e2324,105554,long,2,-0.3393921034030092,-0.0008976100000000001,-0.3447897134030092,-0.3492897134030092,29,pump_le0,tdec_30_70,fund_pos,crowd_01,btc_up,-0.13061931572109142,0.5079393973674907,0.00105898,0.11818075764645974
NIGHTUSDT,2025-12-11,e2526,105656,short,1,-0.28473758294791873,-0.04324321,-0.3324807929479187,-0.3369807929479187,36,pump_le0,tdec_30_70,fund_neg,crowd_24,btc_down,-0.33050619278406024,0.6768124425139532,-0.0085024,-0.11196408079066344
NIGHTUSDT,2025-12-11,e2526,105656,long,1,0.28473758294791873,0.04324321,0.3234807929479187,0.3189807929479187,36,pump_le0,tdec_30_70,fund_neg,crowd_24,btc_down,-0.33050619278406024,0.6768124425139532,-0.0085024,-0.11196408079066344
NIGHTUSDT,2025-12-11,e2526,105656,short,2,-0.3241450777202073,-0.02864464,-0.3572897177202073,-0.3617897177202073,29,pump_le0,tdec_30_70,fund_neg,crowd_24,btc_down,-0.33050619278406024,0.47832908409771047,-0.00628684,-0.09495827074195495
NIGHTUSDT,2025-12-11,e2526,105656,long,2,0.3241450777202073,0.02864464,0.3482897177202073,0.3437897177202073,29,pump_le0,tdec_30_70,fund_neg,crowd_24,btc_down,-0.33050619278406024,0.47832908409771047,-0.00628684,-0.09495827074195495
NILUSDT,2025-03-25,e2526,105619,short,1,0.10205173951828729,0.0018000000000000002,0.09935173951828728,0.09485173951828729,36,pump_le0,tdec_30_70,fund_flat,crowd_ge5,btc_down,-0.2298708436383622,0.349647200989652,0.0001,-0.05070999677646704
NILUSDT,2025-03-25,e2526,105619,long,1,-0.10205173951828729,-0.0018000000000000002,-0.10835173951828729,-0.11285173951828728,36,pump_le0,tdec_30_70,fund_flat,crowd_ge5,btc_down,-0.2298708436383622,0.349647200989652,0.0001,-0.05070999677646704
NILUSDT,2025-03-25,e2526,105619,short,2,0.1933002083667255,0.0015,0.1903002083667255,0.1858002083667255,30,pump_le0,tdec_30_70,fund_flat,crowd_ge5,btc_down,-0.2298708436383622,0.36194556478672113,0.0001,-0.016334777767373687
NILUSDT,2025-03-25,e2526,105619,long,2,-0.1933002083667255,-0.0015,-0.19930020836672552,-0.20380020836672552,30,pump_le0,tdec_30_70,fund_flat,crowd_ge5,btc_down,-0.2298708436383622,0.36194556478672113,0.0001,-0.016334777767373687
NMRUSDT,2023-06-23,e2324,105527,short,1,-0.015969581749049357,-0.00840149,-0.02887107174904936,-0.03337107174904936,17,pump_le0,tdec_30_70,fund_flat,crowd_01,btc_up,-0.0266469282013323,0.5132862324615804,0.0001,0.15351941288952387
NMRUSDT,2023-06-23,e2324,105527,long,1,0.015969581749049357,0.00840149,0.019871071749049358,0.015371071749049359,17,pump_le0,tdec_30_70,fund_flat,crowd_01,btc_up,-0.0266469282013323,0.5132862324615804,0.0001,0.15351941288952387
NMRUSDT,2023-06-23,e2324,105527,short,2,0.01329394387001475,-0.00813639,0.0006575538700147503,-0.0038424461299852494,14,pump_le0,tdec_30_70,fund_flat,crowd_01,btc_up,-0.0266469282013323,0.3791820348195258,-0.00026448,0.14118074627480803
NMRUSDT,2023-06-23,e2324,105527,long,2,-0.01329394387001475,0.00813639,-0.00965755387001475,-0.01415755387001475,14,pump_le0,tdec_30_70,fund_flat,crowd_01,btc_up,-0.0266469282013323,0.3791820348195258,-0.00026448,0.14118074627480803
NOKUSDT,2026-06-02,e2526,105681,short,1,0.140625,0.0,0.136125,0.131625,0,pump_le0,tdec_ge70,fund_none,crowd_ge5,btc_down,-0.019607843137254943,1.540718185343371,,-0.19678275651697885
NOKUSDT,2026-06-02,e2526,105681,long,1,-0.140625,-0.0,-0.145125,-0.149625,0,pump_le0,tdec_ge70,fund_none,crowd_ge5,btc_down,-0.019607843137254943,1.540718185343371,,-0.19678275651697885
NOKUSDT,2026-06-02,e2526,105681,short,2,0.15018541409147093,0.0,0.14568541409147093,0.14118541409147092,0,pump_le0,tdec_ge70,fund_none,crowd_ge5,btc_down,-0.019607843137254943,0.7179317155691101,,-0.21034009836523748
NOKUSDT,2026-06-02,e2526,105681,long,2,-0.15018541409147093,-0.0,-0.15468541409147094,-0.15918541409147094,0,pump_le0,tdec_ge70,fund_none,crowd_ge5,btc_down,-0.019607843137254943,0.7179317155691101,,-0.21034009836523748
NOMUSDT,2025-10-02,e2526,105646,short,1,0.18295739348370918,0.0018000000000000002,0.18025739348370917,0.17575739348370917,36,pump_le0,tdec_30_70,fund_flat,crowd_ge5,btc_up,-0.09660377358490568,0.5987815032983288,0.0001,0.09424072047415444
NOMUSDT,2025-10-02,e2526,105646,long,1,-0.18295739348370918,-0.0018000000000000002,-0.18925739348370918,-0.19375739348370918,36,pump_le0,tdec_30_70,fund_flat,crowd_ge5,btc_up,-0.09660377358490568,0.5987815032983288,0.0001,0.09424072047415444
NOMUSDT,2025-10-02,e2526,105646,short,2,0.13958944281524918,0.0014500000000000001,0.13653944281524918,0.13203944281524918,29,pump_le0,tdec_30_70,fund_flat,crowd_ge5,btc_up,-0.09660377358490568,0.5156478166041303,0.0001,0.10538365766348567
NOMUSDT,2025-10-02,e2526,105646,long,2,-0.13958944281524918,-0.0014500000000000001,-0.1455394428152492,-0.1500394428152492,29,pump_le0,tdec_30_70,fund_flat,crowd_ge5,btc_up,-0.09660377358490568,0.5156478166041303,0.0001,0.10538365766348567
NOTUSDT,2024-05-17,e2324,105574,short,1,0.2679057116953762,0.0007961400000000001,0.2642018516953762,0.2597018516953762,35,pump_le0,tdec_30_70,fund_neg,crowd_01,btc_up,-0.12355979340484713,0.3962322059475658,-0.00120772,0.05421861454803367
NOTUSDT,2024-05-17,e2324,105574,long,1,-0.2679057116953762,-0.0007961400000000001,-0.2732018516953762,-0.2777018516953762,35,pump_le0,tdec_30_70,fund_neg,crowd_01,btc_up,-0.12355979340484713,0.3962322059475658,-0.00120772,0.05421861454803367
NOTUSDT,2024-05-17,e2324,105574,short,2,0.1265548945375878,0.00111921,0.12317410453758781,0.11867410453758782,29,pump_le0,tdec_30_70,fund_flat,crowd_01,btc_up,-0.12355979340484713,0.5201061215910959,-0.00040644,0.038440193517842
NOTUSDT,2024-05-17,e2324,105574,long,2,-0.1265548945375878,-0.00111921,-0.13217410453758782,-0.13667410453758783,29,pump_le0,tdec_30_70,fund_flat,crowd_01,btc_up,-0.12355979340484713,0.5201061215910959,-0.00040644,0.038440193517842
NOWUSDT,2026-06-04,e2526,105681,short,1,0.0642548596112311,0.0,0.05975485961123111,0.055254859611231104,0,pump_le0,tdec_ge70,fund_none,crowd_ge5,btc_down,-0.027140605848362753,0.9415068677082717,,-0.2502527948730866
NOWUSDT,2026-06-04,e2526,105681,long,1,-0.0642548596112311,-0.0,-0.06875485961123111,-0.0732548596112311,0,pump_le0,tdec_ge70,fund_none,crowd_ge5,btc_down,-0.027140605848362753,0.9415068677082717,,-0.2502527948730866
NOWUSDT,2026-06-04,e2526,105681,short,2,0.05153698805071597,0.0,0.047036988050715975,0.04253698805071597,0,pump_le0,tdec_lt30,fund_none,crowd_ge5,btc_down,-0.027140605848362753,0.25945166811017617,,-0.23908770104564991
NOWUSDT,2026-06-04,e2526,105681,long,2,-0.05153698805071597,-0.0,-0.05603698805071597,-0.06053698805071597,0,pump_le0,tdec_lt30,fund_none,crowd_ge5,btc_down,-0.027140605848362753,0.25945166811017617,,-0.23908770104564991
NTRNUSDT,2023-11-15,e2324,105548,short,1,-0.03769497400346614,0.00192453,-0.04027044400346614,-0.044770444003466144,35,pump_le0,tdec_30_70,fund_flat,crowd_24,btc_up,-0.13574237034263248,0.3641066663249151,0.0001,0.2746151596616153
NTRNUSDT,2023-11-15,e2324,105548,long,1,0.03769497400346614,-0.00192453,0.031270444003466145,0.02677044400346614,35,pump_le0,tdec_30_70,fund_flat,crowd_24,btc_up,-0.13574237034263248,0.3641066663249151,0.0001,0.2746151596616153
NTRNUSDT,2023-11-15,e2324,105548,short,2,-0.06468104023116239,0.00150643,-0.06767461023116239,-0.07217461023116238,29,pump_le0,tdec_lt30,fund_flat,crowd_24,btc_up,-0.13574237034263248,0.2025413764299779,0.0003362,0.2937354939220196
NTRNUSDT,2023-11-15,e2324,105548,long,2,0.06468104023116239,-0.00150643,0.05867461023116239,0.054174610231162386,29,pump_le0,tdec_lt30,fund_flat,crowd_24,btc_up,-0.13574237034263248,0.2025413764299779,0.0003362,0.2937354939220196
NULSUSDT,2024-08-27,e2324,105589,short,1,0.012100677637947735,-0.00234033,0.005260347637947736,0.0007603476379477361,35,pump_le0,tdec_30_70,fund_flat,crowd_ge5,btc_down,-0.14839241549876336,0.4544556313587297,0.0001,-0.1159550561797753
NULSUSDT,2024-08-27,e2324,105589,long,1,-0.012100677637947735,0.00234033,-0.014260347637947736,-0.018760347637947733,35,pump_le0,tdec_30_70,fund_flat,crowd_ge5,btc_down,-0.14839241549876336,0.4544556313587297,0.0001,-0.1159550561797753
NULSUSDT,2024-08-27,e2324,105589,short,2,-0.0036882222768625556,-0.00251741,-0.010705632276862555,-0.015205632276862554,29,pump_le0,tdec_30_70,fund_flat,crowd_ge5,btc_down,-0.14839241549876336,0.4207408135176183,0.0001,-0.10332787680643551
NULSUSDT,2024-08-27,e2324,105589,long,2,0.0036882222768625556,0.00251741,0.0017056322768625558,-0.002794367723137444,29,pump_le0,tdec_30_70,fund_flat,crowd_ge5,btc_down,-0.14839241549876336,0.4207408135176183,0.0001,-0.10332787680643551
NUUSDT,2021-10-21,e2122,105440,short,1,0.14952939087195888,0.00767983,0.15270922087195887,0.14820922087195887,18,pump_le0,tdec_30_70,fund_flat,crowd_01,btc_up,-0.03055866402685703,0.3386899317502006,0.00023718,0.3955484834558822
NUUSDT,2021-10-21,e2122,105440,long,1,-0.14952939087195888,-0.00767983,-0.16170922087195888,-0.16620922087195888,18,pump_le0,tdec_30_70,fund_flat,crowd_01,btc_up,-0.03055866402685703,0.3386899317502006,0.00023718,0.3955484834558822
NUUSDT,2021-10-21,e2122,105440,short,2,0.1703049203049204,0.00702759,0.1728325103049204,0.16833251030492039,15,pump_le0,tdec_30_70,fund_flat,crowd_01,btc_up,-0.03055866402685703,0.43642557538835874,0.00021548,0.36800020701213443
NUUSDT,2021-10-21,e2122,105440,long,2,-0.1703049203049204,-0.00702759,-0.1818325103049204,-0.1863325103049204,15,pump_le0,tdec_30_70,fund_flat,crowd_01,btc_up,-0.03055866402685703,0.43642557538835874,0.00021548,0.36800020701213443
NVDAUSDT,2026-03-27,e2526,105671,short,1,-0.0610797162438379,-0.0007551,-0.0663348162438379,-0.0708348162438379,18,pump_le0,tdec_lt30,fund_flat,crowd_ge5,btc_down,-0.0354864896207816,0.18247088769441255,0.00030093,-0.016507482779377303
NVDAUSDT,2026-03-27,e2526,105671,long,1,0.0610797162438379,0.0007551,0.057334816243837905,0.0528348162438379,18,pump_le0,tdec_lt30,fund_flat,crowd_ge5,btc_down,-0.0354864896207816,0.18247088769441255,0.00030093,-0.016507482779377303
NVDAUSDT,2026-03-27,e2526,105671,short,2,-0.06504948105237751,-0.00256795,-0.07211743105237751,-0.0766174310523775,15,pump_le0,tdec_lt30,fund_flat,crowd_ge5,btc_up,-0.0354864896207816,0.12051743954480992,0.00009651,0.0021553557324258676
NVDAUSDT,2026-03-27,e2526,105671,long,2,0.06504948105237751,0.00256795,0.0631174310523775,0.05861743105237751,15,pump_le0,tdec_lt30,fund_flat,crowd_ge5,btc_up,-0.0354864896207816,0.12051743954480992,0.00009651,0.0021553557324258676
NVOUSDT,2026-06-02,e2526,105681,short,1,-0.0047709923664121115,0.0,-0.009270992366412111,-0.013770992366412112,0,pump_le0,tdec_30_70,fund_none,crowd_ge5,btc_down,-0.042266392506282835,0.4474324506204723,,-0.19678275651697885
NVOUSDT,2026-06-02,e2526,105681,long,1,0.0047709923664121115,-0.0,0.00027099236641211187,-0.004229007633587888,0,pump_le0,tdec_30_70,fund_none,crowd_ge5,btc_down,-0.042266392506282835,0.4474324506204723,,-0.19678275651697885
NVOUSDT,2026-06-02,e2526,105681,short,2,0.03681683055110907,0.0,0.03231683055110907,0.02781683055110907,0,pump_le0,tdec_ge70,fund_none,crowd_ge5,btc_down,-0.042266392506282835,0.8430729572341901,,-0.21034009836523748
NVOUSDT,2026-06-02,e2526,105681,long,2,-0.03681683055110907,-0.0,-0.04131683055110907,-0.04581683055110907,0,pump_le0,tdec_ge70,fund_none,crowd_ge5,btc_down,-0.042266392506282835,0.8430729572341901,,-0.21034009836523748
NXPCUSDT,2025-05-16,e2526,105626,short,1,0.133430407756569,-0.01681552,0.112114887756569,0.10761488775656901,35,pump_le0,tdec_30_70,fund_flat,crowd_24,btc_up,-0.1329768366128743,0.63592514814929,0.0001,0.21391509156215038
NXPCUSDT,2025-05-16,e2526,105626,long,1,-0.133430407756569,0.01681552,-0.121114887756569,-0.125614887756569,35,pump_le0,tdec_30_70,fund_flat,crowd_24,btc_up,-0.1329768366128743,0.63592514814929,0.0001,0.21391509156215038
NXPCUSDT,2025-05-16,e2526,105626,short,2,0.13982166406120367,-0.01265996,0.12266170406120366,0.11816170406120367,29,pump_le0,tdec_30_70,fund_neg,crowd_24,btc_up,-0.1329768366128743,0.43224451018560384,-0.00195814,0.26043993793013587
NXPCUSDT,2025-05-16,e2526,105626,long,2,-0.13982166406120367,0.01265996,-0.13166170406120367,-0.13616170406120368,29,pump_le0,tdec_30_70,fund_neg,crowd_24,btc_up,-0.1329768366128743,0.43224451018560384,-0.00195814,0.26043993793013587
OBOLUSDT,2025-05-08,e2526,105625,short,1,0.30071433777972156,0.00225531,0.29846964777972157,0.29396964777972157,36,pump_0_25,tdec_30_70,fund_flat,crowd_ge5,btc_up,0.003584491587417915,0.3542226126779465,0.0001,0.24645105826512315
OBOLUSDT,2025-05-08,e2526,105625,long,1,-0.30071433777972156,-0.00225531,-0.3074696477797216,-0.3119696477797216,36,pump_0_25,tdec_30_70,fund_flat,crowd_ge5,btc_up,0.003584491587417915,0.3542226126779465,0.0001,0.24645105826512315
OBOLUSDT,2025-05-08,e2526,105625,short,2,0.34695891902930465,0.00192931,0.34438822902930466,0.33988822902930466,29,pump_0_25,tdec_30_70,fund_flat,crowd_ge5,btc_up,0.003584491587417915,0.30355435667694247,0.0001,0.3171007614359944
OBOLUSDT,2025-05-08,e2526,105625,long,2,-0.34695891902930465,-0.00192931,-0.35338822902930467,-0.35788822902930467,29,pump_0_25,tdec_30_70,fund_flat,crowd_ge5,btc_up,0.003584491587417915,0.30355435667694247,0.0001,0.3171007614359944
OGUSDT,2025-05-13,e2526,105626,short,1,0.03417366946778724,0.00175,0.03142366946778725,0.026923669467787244,35,pump_le0,tdec_30_70,fund_flat,crowd_ge5,btc_up,-0.01670951156812328,0.5245133459860166,0.00009999999652777789,0.22357573098343209
OGUSDT,2025-05-13,e2526,105626,long,1,-0.03417366946778724,-0.00175,-0.04042366946778724,-0.044923669467787246,35,pump_le0,tdec_30_70,fund_flat,crowd_ge5,btc_up,-0.01670951156812328,0.5245133459860166,0.00009999999652777789,0.22357573098343209
OGUSDT,2025-05-13,e2526,105626,short,2,-0.0672719768881551,0.0015,-0.0702719768881551,-0.0747719768881551,30,pump_le0,tdec_30_70,fund_flat,crowd_ge5,btc_up,-0.01670951156812328,0.4308080394297699,0.0001,0.24047497449428112
OGUSDT,2025-05-13,e2526,105626,long,2,0.0672719768881551,-0.0015,0.061271976888155104,0.0567719768881551,30,pump_le0,tdec_30_70,fund_flat,crowd_ge5,btc_up,-0.01670951156812328,0.4308080394297699,0.0001,0.24047497449428112
OLUSDT,2025-06-26,e2526,105632,short,1,-0.030199039121482578,0.0018000000000000002,-0.03289903912148258,-0.037399039121482576,36,pump_le0,tdec_30_70,fund_flat,crowd_24,btc_down,-0.16480366867297214,0.4255258815583588,0.0001,-0.006613251939463383
OLUSDT,2025-06-26,e2526,105632,long,1,0.030199039121482578,-0.0018000000000000002,0.023899039121482578,0.01939903912148258,36,pump_le0,tdec_30_70,fund_flat,crowd_24,btc_down,-0.16480366867297214,0.4255258815583588,0.0001,-0.006613251939463383
OLUSDT,2025-06-26,e2526,105632,short,2,-0.023176550783912748,0.0015,-0.026176550783912747,-0.030676550783912744,30,pump_le0,tdec_lt30,fund_flat,crowd_24,btc_up,-0.16480366867297214,0.2353822681231245,0.0001,0.016118074775511415
OLUSDT,2025-06-26,e2526,105632,long,2,0.023176550783912748,-0.0015,0.017176550783912746,0.012676550783912747,30,pump_le0,tdec_lt30,fund_flat,crowd_24,btc_up,-0.16480366867297214,0.2353822681231245,0.0001,0.016118074775511415
OMNIUSDT,2024-04-18,e2324,105570,short,1,0.1421819614021268,0.00178502,0.1394669814021268,0.1349669814021268,35,pump_le0,tdec_30_70,fund_flat,crowd_01,btc_down,-0.0644804716285925,0.5093606718003706,0.0001,-0.060241851365128274
OMNIUSDT,2024-04-18,e2324,105570,long,1,-0.1421819614021268,-0.00178502,-0.1484669814021268,-0.1529669814021268,35,pump_le0,tdec_30_70,fund_flat,crowd_01,btc_down,-0.0644804716285925,0.5093606718003706,0.0001,-0.060241851365128274
OMNIUSDT,2024-04-18,e2324,105570,short,2,0.24584487534626032,0.00148502,0.24282989534626032,0.2383298953462603,29,pump_le0,tdec_30_70,fund_flat,crowd_01,btc_down,-0.0644804716285925,0.38613719776932265,0.0001,-0.009806240168202862
OMNIUSDT,2024-04-18,e2324,105570,long,2,-0.24584487534626032,-0.00148502,-0.2518298953462603,-0.25632989534626033,29,pump_le0,tdec_30_70,fund_flat,crowd_01,btc_down,-0.0644804716285925,0.38613719776932265,0.0001,-0.009806240168202862
OMUSDT,2024-02-14,e2324,105561,short,1,0.17124406457739785,0.00789097,0.17463503457739785,0.17013503457739784,35,pump_le0,tdec_ge70,fund_pos,crowd_01,btc_up,-0.07638060486983378,0.9113498073059013,0.00086496,0.2032202721813925
OMUSDT,2024-02-14,e2324,105561,long,1,-0.17124406457739785,-0.00789097,-0.18363503457739785,-0.18813503457739786,35,pump_le0,tdec_ge70,fund_pos,crowd_01,btc_up,-0.07638060486983378,0.9113498073059013,0.00086496,0.2032202721813925
OMUSDT,2024-02-14,e2324,105561,short,2,0.10166350984106065,0.00569288,0.10285638984106064,0.09835638984106065,29,pump_le0,tdec_ge70,fund_pos,crowd_01,btc_up,-0.07638060486983378,1.0204934716478848,0.00079276,0.21889798379745407
OMUSDT,2024-02-14,e2324,105561,long,2,-0.10166350984106065,-0.00569288,-0.11185638984106065,-0.11635638984106064,29,pump_le0,tdec_ge70,fund_pos,crowd_01,btc_up,-0.07638060486983378,1.0204934716478848,0.00079276,0.21889798379745407
ONDOUSDT,2024-01-21,e2324,105558,short,1,-0.04820261437908499,0.00794433,-0.04475828437908499,-0.04925828437908499,35,pump_0_25,tdec_ge70,fund_pos,crowd_24,btc_down,0.18777292576419202,1.4669212135545324,0.00113296,-0.09509847868048626
ONDOUSDT,2024-01-21,e2324,105558,long,1,0.04820261437908499,-0.00794433,0.035758284379084994,0.03125828437908499,35,pump_0_25,tdec_ge70,fund_pos,crowd_24,btc_down,0.18777292576419202,1.4669212135545324,0.00113296,-0.09509847868048626
ONDOUSDT,2024-01-21,e2324,105558,short,2,-0.01785005950019835,0.00714226,-0.015207799500198349,-0.019707799500198346,29,pump_0_25,tdec_ge70,fund_flat,crowd_24,btc_down,0.18777292576419202,0.7973573870736342,-0.0001664,-0.07250676612010676
ONDOUSDT,2024-01-21,e2324,105558,long,2,0.01785005950019835,-0.00714226,0.006207799500198349,0.0017077995001983492,29,pump_0_25,tdec_ge70,fund_flat,crowd_24,btc_down,0.18777292576419202,0.7973573870736342,-0.0001664,-0.07250676612010676
ONDSUSDT,2026-06-04,e2526,105681,short,1,0.013631937682570476,0.0,0.009131937682570476,0.004631937682570477,0,pump_le0,tdec_30_70,fund_none,crowd_ge5,btc_down,-0.08548530721282288,0.6647936337808885,,-0.2502527948730866
ONDSUSDT,2026-06-04,e2526,105681,long,1,-0.013631937682570476,-0.0,-0.018131937682570477,-0.022631937682570477,0,pump_le0,tdec_30_70,fund_none,crowd_ge5,btc_down,-0.08548530721282288,0.6647936337808885,,-0.2502527948730866
ONDSUSDT,2026-06-04,e2526,105681,short,2,0.02030947775628618,0.0,0.01580947775628618,0.01130947775628618,0,pump_le0,tdec_lt30,fund_none,crowd_ge5,btc_down,-0.08548530721282288,0.2591706863690148,,-0.23908770104564991
ONDSUSDT,2026-06-04,e2526,105681,long,2,-0.02030947775628618,-0.0,-0.02480947775628618,-0.02930947775628618,0,pump_le0,tdec_lt30,fund_none,crowd_ge5,btc_down,-0.08548530721282288,0.2591706863690148,,-0.23908770104564991
ONGUSDT,2023-11-28,e2324,105550,short,1,0.04459980713596918,0.00533922,0.04543902713596918,0.040939027135969176,35,pump_le0,tdec_30_70,fund_flat,crowd_24,btc_up,-0.04379898570769947,0.32674500859510025,0.0001,0.09724276326854908
ONGUSDT,2023-11-28,e2324,105550,long,1,-0.04459980713596918,-0.00533922,-0.054439027135969174,-0.05893902713596918,35,pump_le0,tdec_30_70,fund_flat,crowd_24,btc_up,-0.04379898570769947,0.32674500859510025,0.0001,0.09724276326854908
ONGUSDT,2023-11-28,e2324,105550,short,2,-0.02801556420233457,0.00503922,-0.02747634420233457,-0.03197634420233457,29,pump_le0,tdec_lt30,fund_flat,crowd_24,btc_up,-0.04379898570769947,0.18487571777262965,0.0001,0.08846395816619235
ONGUSDT,2023-11-28,e2324,105550,long,2,0.02801556420233457,-0.00503922,0.018476344202334568,0.01397634420233457,29,pump_le0,tdec_lt30,fund_flat,crowd_24,btc_up,-0.04379898570769947,0.18487571777262965,0.0001,0.08846395816619235
ONUSDT,2025-10-25,e2526,105649,short,1,0.4096207646875971,0.00517896,0.4102997246875971,0.4057997246875971,35,pump_0_25,tdec_ge70,fund_pos,crowd_ge5,btc_up,0.0179977057869547,0.7496240916795699,0.00093002,0.04479758368806941
ONUSDT,2025-10-25,e2526,105649,long,1,-0.4096207646875971,-0.00517896,-0.41929972468759713,-0.42379972468759713,35,pump_0_25,tdec_ge70,fund_pos,crowd_ge5,btc_up,0.0179977057869547,0.7496240916795699,0.00093002,0.04479758368806941
ONUSDT,2025-10-25,e2526,105649,short,2,0.3101162368325463,0.00380497,0.3094212068325463,0.3049212068325463,29,pump_0_25,tdec_30_70,fund_flat,crowd_ge5,btc_up,0.0179977057869547,0.4607326220287209,0.00014938,0.04094643689888322
ONUSDT,2025-10-25,e2526,105649,long,2,-0.3101162368325463,-0.00380497,-0.3184212068325463,-0.3229212068325463,29,pump_0_25,tdec_30_70,fund_flat,crowd_ge5,btc_up,0.0179977057869547,0.4607326220287209,0.00014938,0.04094643689888322
OPENAIUSDT,2026-05-27,e2526,105680,short,1,-0.04274727498771205,0.0,-0.04724727498771205,-0.051747274987712054,0,pump_le0,tdec_ge70,fund_none,crowd_ge5,btc_down,-0.054386384607498006,1.4000212901826092,,-0.03547532638427442
OPENAIUSDT,2026-05-27,e2526,105680,long,1,0.04274727498771205,-0.0,0.038247274987712056,0.03374727498771205,0,pump_le0,tdec_ge70,fund_none,crowd_ge5,btc_down,-0.054386384607498006,1.4000212901826092,,-0.03547532638427442
OPENAIUSDT,2026-05-27,e2526,105680,short,2,-0.028965556593747478,0.0,-0.033465556593747475,-0.03796555659374748,0,pump_le0,tdec_ge70,fund_none,crowd_ge5,btc_down,-0.054386384607498006,0.8298769730788703,,-0.030649545411941093
OPENAIUSDT,2026-05-27,e2526,105680,long,2,0.028965556593747478,-0.0,0.024465556593747478,0.019965556593747477,0,pump_le0,tdec_ge70,fund_none,crowd_ge5,btc_down,-0.054386384607498006,0.8298769730788703,,-0.030649545411941093
OPENUSDT,2025-09-09,e2526,105643,short,1,0.16470927993839038,-0.00012697999999999995,0.16008229993839038,0.15558229993839037,35,pump_le0,tdec_ge70,fund_neg,crowd_24,btc_down,-0.27305808257522746,0.8120411059500964,-0.00093318,-0.03999514505415025
OPENUSDT,2025-09-09,e2526,105643,long,1,-0.16470927993839038,0.00012697999999999995,-0.16908229993839038,-0.1735822999383904,35,pump_le0,tdec_ge70,fund_neg,crowd_24,btc_down,-0.27305808257522746,0.8120411059500964,-0.00093318,-0.03999514505415025
OPENUSDT,2025-09-09,e2526,105643,short,2,0.04322417025030324,0.00128234,0.040006510250303245,0.03550651025030324,30,pump_le0,tdec_30_70,fund_neg,crowd_24,btc_down,-0.27305808257522746,0.3193516238644,-0.00083352,-0.03875717224206998
OPENUSDT,2025-09-09,e2526,105643,long,2,-0.04322417025030324,-0.00128234,-0.04900651025030324,-0.053506510250303244,30,pump_le0,tdec_30_70,fund_neg,crowd_24,btc_down,-0.27305808257522746,0.3193516238644,-0.00083352,-0.03875717224206998
OPGUSDT,2026-04-23,e2526,105675,short,1,0.16690699351117513,-0.00049027,0.16191672351117514,0.15741672351117514,35,pump_le0,tdec_30_70,fund_flat,crowd_24,btc_up,-0.2709592641261499,0.4936123555343748,0.0001,0.08552754304148102
OPGUSDT,2026-04-23,e2526,105675,long,1,-0.16690699351117513,0.00049027,-0.17091672351117515,-0.17541672351117515,35,pump_le0,tdec_30_70,fund_flat,crowd_24,btc_up,-0.2709592641261499,0.4936123555343748,0.0001,0.08552754304148102
OPGUSDT,2026-04-23,e2526,105675,short,2,0.17168458781362014,-0.00070462,0.16647996781362015,0.16197996781362015,30,pump_le0,tdec_30_70,fund_flat,crowd_24,btc_up,-0.2709592641261499,0.32739208959475313,0.0001,0.12788567773448856
OPGUSDT,2026-04-23,e2526,105675,long,2,-0.17168458781362014,0.00070462,-0.17547996781362016,-0.17997996781362016,30,pump_le0,tdec_30_70,fund_flat,crowd_24,btc_up,-0.2709592641261499,0.32739208959475313,0.0001,0.12788567773448856
OPNUSDT,2026-02-22,e2526,105667,short,1,0.2823472823472824,0.0018000000000000002,0.2796472823472824,0.2751472823472824,36,pump_le0,tdec_30_70,fund_flat,crowd_01,btc_down,-0.03242320819112621,0.44278813849662646,0.0001,-0.2753387223917282
OPNUSDT,2026-02-22,e2526,105667,long,1,-0.2823472823472824,-0.0018000000000000002,-0.28864728234728243,-0.29314728234728243,36,pump_le0,tdec_30_70,fund_flat,crowd_01,btc_down,-0.03242320819112621,0.44278813849662646,0.0001,-0.2753387223917282
OPNUSDT,2026-02-22,e2526,105667,short,2,0.16116941529235376,0.0015,0.15816941529235376,0.15366941529235376,30,pump_le0,tdec_lt30,fund_flat,crowd_01,btc_down,-0.03242320819112621,0.23817162500537248,0.0001,-0.26085521113623733
OPNUSDT,2026-02-22,e2526,105667,long,2,-0.16116941529235376,-0.0015,-0.16716941529235377,-0.17166941529235377,30,pump_le0,tdec_lt30,fund_flat,crowd_01,btc_down,-0.03242320819112621,0.23817162500537248,0.0001,-0.26085521113623733
OPUSDT,2022-06-02,e2122,105472,short,1,0.39537275064267347,0.00016155000000000005,0.39103430064267347,0.38653430064267347,18,pump_0_25,tdec_ge70,fund_flat,crowd_01,btc_down,0.1044860874503124,0.8307891271159298,-0.00032651,-0.2520209656284649
OPUSDT,2022-06-02,e2122,105472,long,1,-0.39537275064267347,-0.00016155000000000005,-0.4000343006426735,-0.4045343006426735,18,pump_0_25,tdec_ge70,fund_flat,crowd_01,btc_down,0.1044860874503124,0.8307891271159298,-0.00032651,-0.2520209656284649
OPUSDT,2022-06-02,e2122,105472,short,2,0.4086631707492277,0.00055342,0.4047165907492277,0.4002165907492277,15,pump_0_25,tdec_30_70,fund_flat,crowd_01,btc_down,0.1044860874503124,0.502886281631194,-0.00013293000923125063,-0.18301231432035836
OPUSDT,2022-06-02,e2122,105472,long,2,-0.4086631707492277,-0.00055342,-0.41371659074922773,-0.41821659074922773,15,pump_0_25,tdec_30_70,fund_flat,crowd_01,btc_down,0.1044860874503124,0.502886281631194,-0.00013293000923125063,-0.18301231432035836
ORBSUSDT,2023-10-18,e2324,105544,short,1,0.10497614178595771,-0.03935691,0.06111923178595772,0.056619231785957715,35,pump_le0,tdec_ge70,fund_neg,crowd_24,btc_up,-0.26281407035175886,0.9166922798596168,-0.0051818,0.05518826297985013
ORBSUSDT,2023-10-18,e2324,105544,long,1,-0.10497614178595771,0.03935691,-0.07011923178595772,-0.07461923178595771,35,pump_le0,tdec_ge70,fund_neg,crowd_24,btc_up,-0.26281407035175886,0.9166922798596168,-0.0051818,0.05518826297985013
ORBSUSDT,2023-10-18,e2324,105544,short,2,0.07491780178487549,-0.02873608,0.041681721784875496,0.03718172178487549,29,pump_le0,tdec_30_70,fund_neg,crowd_24,btc_up,-0.26281407035175886,0.32004588236659015,-0.00205492,0.09389583033603
ORBSUSDT,2023-10-18,e2324,105544,long,2,-0.07491780178487549,0.02873608,-0.05068172178487549,-0.055181721784875494,29,pump_le0,tdec_30_70,fund_neg,crowd_24,btc_up,-0.26281407035175886,0.32004588236659015,-0.00205492,0.09389583033603
ORCAUSDT,2024-12-07,e2324,105603,short,1,0.1991627757204959,0.0019713,0.1966340757204959,0.1921340757204959,35,pump_le0,tdec_30_70,fund_flat,crowd_24,btc_up,-0.11233385736744317,0.697545594580773,0.0004925,0.32318369502969313
ORCAUSDT,2024-12-07,e2324,105603,long,1,-0.1991627757204959,-0.0019713,-0.2056340757204959,-0.21013407572049592,35,pump_le0,tdec_30_70,fund_flat,crowd_24,btc_up,-0.11233385736744317,0.697545594580773,0.0004925,0.32318369502969313
ORCAUSDT,2024-12-07,e2324,105603,short,2,-0.04605678233438492,0.00145947,-0.04909731233438492,-0.053597312334384924,30,pump_le0,tdec_ge70,fund_flat,crowd_24,btc_up,-0.11233385736744317,0.8384671946080348,0.0001,0.2696312101321028
ORCAUSDT,2024-12-07,e2324,105603,long,2,0.04605678233438492,-0.00145947,0.040097312334384926,0.03559731233438492,30,pump_le0,tdec_ge70,fund_flat,crowd_24,btc_up,-0.11233385736744317,0.8384671946080348,0.0001,0.2696312101321028
ORCLUSDT,2026-05-16,e2526,105678,short,1,-0.01745817312688343,0.0,-0.021958173126883432,-0.02645817312688343,0,pump_0_25,tdec_ge70,fund_none,crowd_ge5,btc_up,0.0025524821586706548,2.4766303923131403,,0.00519014521501826
ORCLUSDT,2026-05-16,e2526,105678,long,1,0.01745817312688343,-0.0,0.01295817312688343,0.008458173126883432,0,pump_0_25,tdec_ge70,fund_none,crowd_ge5,btc_up,0.0025524821586706548,2.4766303923131403,,0.00519014521501826
ORCLUSDT,2026-05-16,e2526,105678,short,2,-0.04823082276109411,0.0,-0.05273082276109411,-0.05723082276109411,0,pump_0_25,tdec_ge70,fund_none,crowd_ge5,btc_up,0.0025524821586706548,8.945589441830823,,0.017307788901548715
ORCLUSDT,2026-05-16,e2526,105678,long,2,0.04823082276109411,-0.0,0.043730822761094114,0.03923082276109411,0,pump_0_25,tdec_ge70,fund_none,crowd_ge5,btc_up,0.0025524821586706548,8.945589441830823,,0.017307788901548715
ORDERUSDT,2025-09-27,e2526,105645,short,1,-0.4444651718091259,0.00064926,-0.44831591180912594,-0.45281591180912595,17,pump_le0,tdec_30_70,fund_flat,crowd_ge5,btc_up,-0.19893003377267704,0.36804265310667666,0.0001,0.03495907041660673
ORDERUSDT,2025-09-27,e2526,105645,long,1,0.4444651718091259,-0.00064926,0.43931591180912594,0.43481591180912593,17,pump_le0,tdec_30_70,fund_flat,crowd_ge5,btc_up,-0.19893003377267704,0.36804265310667666,0.0001,0.03495907041660673
ORDERUSDT,2025-09-27,e2526,105645,short,2,-0.03432983356041791,0.00089316,-0.03793667356041791,-0.042436673560417915,15,pump_le0,tdec_ge70,fund_flat,crowd_ge5,btc_up,-0.19893003377267704,4.190928122786517,-0.0003439,0.050563683189911
ORDERUSDT,2025-09-27,e2526,105645,long,2,0.03432983356041791,-0.00089316,0.028936673560417913,0.024436673560417912,15,pump_le0,tdec_ge70,fund_flat,crowd_ge5,btc_up,-0.19893003377267704,4.190928122786517,-0.0003439,0.050563683189911
ORDIUSDT,2023-11-08,e2324,105547,short,1,-0.28020725388601025,0.00892076,-0.27578649388601023,-0.28028649388601024,35,pump_25_100,tdec_ge70,fund_pos,crowd_ge5,btc_up,0.4233038348082596,1.4781130832369276,0.00109352,0.3410478722627204
ORDIUSDT,2023-11-08,e2324,105547,long,1,0.28020725388601025,-0.00892076,0.2667864938860102,0.2622864938860102,35,pump_25_100,tdec_ge70,fund_pos,crowd_ge5,btc_up,0.4233038348082596,1.4781130832369276,0.00109352,0.3410478722627204
ORDIUSDT,2023-11-08,e2324,105547,short,2,-0.24630517023959644,0.0067875999999999995,-0.24401757023959644,-0.24851757023959645,29,pump_25_100,tdec_ge70,fund_pos,crowd_ge5,btc_up,0.4233038348082596,1.0761750869593198,0.00120974,0.3895810456178228
ORDIUSDT,2023-11-08,e2324,105547,long,2,0.24630517023959644,-0.0067875999999999995,0.23501757023959643,0.23051757023959643,29,pump_25_100,tdec_ge70,fund_pos,crowd_ge5,btc_up,0.4233038348082596,1.0761750869593198,0.00120974,0.3895810456178228
OXTUSDT,2023-08-12,e2324,105534,short,1,0.1530244173140955,-0.01988047,0.12864394731409548,0.12414394731409549,18,pump_le0,tdec_lt30,fund_neg,crowd_24,btc_down,-0.11460508537034753,0.23321153962565255,-0.001745,-0.03301059970356479
OXTUSDT,2023-08-12,e2324,105534,long,1,-0.1530244173140955,0.01988047,-0.1376439473140955,-0.1421439473140955,18,pump_le0,tdec_lt30,fund_neg,crowd_24,btc_down,-0.11460508537034753,0.23321153962565255,-0.001745,-0.03301059970356479
OXTUSDT,2023-08-12,e2324,105534,short,2,0.13917089678510994,-0.01785208,0.11681881678510994,0.11231881678510995,15,pump_le0,tdec_lt30,fund_flat,crowd_24,btc_down,-0.11460508537034753,0.1335432383382382,0.00004029,-0.028302572300537787
OXTUSDT,2023-08-12,e2324,105534,long,2,-0.13917089678510994,0.01785208,-0.12581881678510995,-0.13031881678510995,15,pump_le0,tdec_lt30,fund_flat,crowd_24,btc_down,-0.11460508537034753,0.1335432383382382,0.00004029,-0.028302572300537787
PARTIUSDT,2025-03-26,e2526,105619,short,1,0.46387832699619774,-0.00109561,0.4582827169961977,0.4537827169961977,36,pump_0_25,tdec_30_70,fund_flat,crowd_ge5,btc_down,0.04269594388533071,0.4804840534770642,0.0001,-0.016334777767373687
PARTIUSDT,2025-03-26,e2526,105619,long,1,-0.46387832699619774,0.00109561,-0.4672827169961977,-0.4717827169961977,36,pump_0_25,tdec_30_70,fund_flat,crowd_ge5,btc_down,0.04269594388533071,0.4804840534770642,0.0001,-0.016334777767373687
PARTIUSDT,2025-03-26,e2526,105619,short,2,0.4113680154142582,0.00101327,0.4078812854142582,0.4033812854142582,29,pump_0_25,tdec_lt30,fund_flat,crowd_ge5,btc_up,0.04269594388533071,0.2734331097164779,0.0001,0.0020461117345635937
PARTIUSDT,2025-03-26,e2526,105619,long,2,-0.4113680154142582,-0.00101327,-0.41688128541425823,-0.42138128541425823,29,pump_0_25,tdec_lt30,fund_flat,crowd_ge5,btc_up,0.04269594388533071,0.2734331097164779,0.0001,0.0020461117345635937
PAXGUSDT,2025-03-28,e2526,105619,short,1,0.019611619940994897,0.0007166100000000001,0.015828229940994896,0.011328229940994897,35,pump_0_25,tdec_ge70,fund_flat,crowd_ge5,btc_down,0.019379730804347073,0.706739707476853,-0.00027848,-0.024370453571061712
PAXGUSDT,2025-03-28,e2526,105619,long,1,-0.019611619940994897,-0.0007166100000000001,-0.024828229940994897,-0.029328229940994897,35,pump_0_25,tdec_ge70,fund_flat,crowd_ge5,btc_down,0.019379730804347073,0.706739707476853,-0.00027848,-0.024370453571061712
PAXGUSDT,2025-03-28,e2526,105619,short,2,0.016511173301300728,0.00041661000000000004,0.012427783301300729,0.00792778330130073,29,pump_0_25,tdec_ge70,fund_flat,crowd_ge5,btc_down,0.019379730804347073,0.7364684318536592,0.0001,-0.023093822509240858
PAXGUSDT,2025-03-28,e2526,105619,long,2,-0.016511173301300728,-0.00041661000000000004,-0.02142778330130073,-0.02592778330130073,29,pump_0_25,tdec_ge70,fund_flat,crowd_ge5,btc_down,0.019379730804347073,0.7364684318536592,0.0001,-0.023093822509240858
PAYPUSDT,2026-03-24,e2526,105671,short,1,0.09970918155380135,0.0019427700000000001,0.09715195155380134,0.09265195155380135,18,pump_le0,tdec_30_70,fund_flat,crowd_24,btc_up,-0.013524590163934369,0.43781922014582325,0.0,0.10323585936266944
PAYPUSDT,2026-03-24,e2526,105671,long,1,-0.09970918155380135,-0.0019427700000000001,-0.10615195155380135,-0.11065195155380134,18,pump_le0,tdec_30_70,fund_flat,crowd_24,btc_up,-0.013524590163934369,0.43781922014582325,0.0,0.10323585936266944
PAYPUSDT,2026-03-24,e2526,105671,short,2,0.060684872128305097,-0.00220288,0.0539819921283051,0.0494819921283051,15,pump_le0,tdec_30_70,fund_flat,crowd_24,btc_up,-0.013524590163934369,0.4785637490464516,-1.47e-6,0.07428710646199588
PAYPUSDT,2026-03-24,e2526,105671,long,2,-0.060684872128305097,0.00220288,-0.0629819921283051,-0.0674819921283051,15,pump_le0,tdec_30_70,fund_flat,crowd_24,btc_up,-0.013524590163934369,0.4785637490464516,-1.47e-6,0.07428710646199588
PENDLEUSDT,2023-07-28,e2324,105532,short,1,0.05209176788124152,-0.00162399,0.045967777881241526,0.04146777788124152,17,pump_le0,tdec_30_70,fund_neg,crowd_24,btc_down,-0.029850746268656803,0.5506045738146458,-0.00080715,-0.03616306229652533
PENDLEUSDT,2023-07-28,e2324,105532,long,1,-0.05209176788124152,0.00162399,-0.05496777788124152,-0.059467777881241524,17,pump_le0,tdec_30_70,fund_neg,crowd_24,btc_down,-0.029850746268656803,0.5506045738146458,-0.00080715,-0.03616306229652533
PENDLEUSDT,2023-07-28,e2324,105532,short,2,0.007208480565371015,0.00043379,0.0031422705653710156,-0.001357729434628984,14,pump_le0,tdec_lt30,fund_flat,crowd_24,btc_down,-0.029850746268656803,0.2914494230825636,-0.00039124,-0.03903782640954434
PENDLEUSDT,2023-07-28,e2324,105532,long,2,-0.007208480565371015,-0.00043379,-0.012142270565371014,-0.016642270565371015,14,pump_le0,tdec_lt30,fund_flat,crowd_24,btc_down,-0.029850746268656803,0.2914494230825636,-0.00039124,-0.03903782640954434
PENGUUSDT,2024-12-18,e2324,105605,short,1,-0.3174658610693955,0.00175,-0.32021586106939554,-0.32471586106939554,35,pump_le0,tdec_30_70,fund_flat,crowd_ge5,btc_up,-0.0008026242322725086,0.49123990990411587,0.0001,0.05521687664277919
PENGUUSDT,2024-12-18,e2324,105605,long,1,0.3174658610693955,-0.00175,0.3112158610693955,0.3067158610693955,35,pump_le0,tdec_30_70,fund_flat,crowd_ge5,btc_up,-0.0008026242322725086,0.49123990990411587,0.0001,0.05521687664277919
PENGUUSDT,2024-12-18,e2324,105605,short,2,-0.35582072386155333,0.0014500000000000001,-0.35887072386155333,-0.36337072386155334,29,pump_le0,tdec_lt30,fund_flat,crowd_ge5,btc_up,-0.0008026242322725086,0.2908846934524391,0.0001,0.03687001527235689
PENGUUSDT,2024-12-18,e2324,105605,long,2,0.35582072386155333,-0.0014500000000000001,0.3498707238615533,0.3453707238615533,29,pump_le0,tdec_lt30,fund_flat,crowd_ge5,btc_up,-0.0008026242322725086,0.2908846934524391,0.0001,0.03687001527235689
PEOPLEUSDT,2021-12-24,e2122,105449,short,1,0.1969593673302427,0.00200006,0.19445942733024268,0.18995942733024268,18,pump_le0,tdec_ge70,fund_flat,crowd_01,btc_down,-0.14819976771196275,1.2999012012437496,0.00009999999652777789,-0.14553026782809653
PEOPLEUSDT,2021-12-24,e2122,105449,long,1,-0.1969593673302427,-0.00200006,-0.2034594273302427,-0.2079594273302427,18,pump_le0,tdec_ge70,fund_flat,crowd_01,btc_down,-0.14819976771196275,1.2999012012437496,0.00009999999652777789,-0.14553026782809653
PEOPLEUSDT,2021-12-24,e2122,105449,short,2,0.20621335669519503,0.00165296,0.20336631669519503,0.19886631669519503,15,pump_le0,tdec_ge70,fund_flat,crowd_01,btc_down,-0.14819976771196275,0.8230762436761416,0.00014710000766145873,-0.05562057197708514
PEOPLEUSDT,2021-12-24,e2122,105449,long,2,-0.20621335669519503,-0.00165296,-0.21236631669519504,-0.21686631669519504,15,pump_le0,tdec_ge70,fund_flat,crowd_01,btc_down,-0.14819976771196275,0.8230762436761416,0.00014710000766145873,-0.05562057197708514
PERPUSDT,2023-03-07,e2324,105512,short,1,-0.06685267857142851,0.0018000000000000002,-0.06955267857142852,-0.07405267857142851,18,pump_le0,tdec_30_70,fund_flat,crowd_01,btc_down,-0.16394513389941223,0.3886001955030331,0.00009999997569445035,-0.04667870654767392
PERPUSDT,2023-03-07,e2324,105512,long,1,0.06685267857142851,-0.0018000000000000002,0.06055267857142852,0.05605267857142852,18,pump_le0,tdec_30_70,fund_flat,crowd_01,btc_down,-0.16394513389941223,0.3886001955030331,0.00009999997569445035,-0.04667870654767392
PERPUSDT,2023-03-07,e2324,105512,short,2,-0.1814361636386107,0.0014,-0.1845361636386107,-0.1890361636386107,14,pump_le0,tdec_30_70,fund_flat,crowd_01,btc_down,-0.16394513389941223,0.4014607657660443,0.00009999999652777789,-0.12420537055448666
PERPUSDT,2023-03-07,e2324,105512,long,2,0.1814361636386107,-0.0014,0.1755361636386107,0.17103616363861068,14,pump_le0,tdec_30_70,fund_flat,crowd_01,btc_down,-0.16394513389941223,0.4014607657660443,0.00009999999652777789,-0.12420537055448666
PHAROSUSDT,2026-05-15,e2526,105678,short,1,0.1649686520376175,0.0,0.1604686520376175,0.1559686520376175,0,pump_0_25,tdec_ge70,fund_none,crowd_01,btc_up,0.03222327086423071,1.0770191547925634,,0.03990850362417242
PHAROSUSDT,2026-05-15,e2526,105678,long,1,-0.1649686520376175,-0.0,-0.16946865203761752,-0.17396865203761752,0,pump_0_25,tdec_ge70,fund_none,crowd_01,btc_up,0.03222327086423071,1.0770191547925634,,0.03990850362417242
PHAROSUSDT,2026-05-15,e2526,105678,short,2,0.1144202798171492,0.0,0.10992027981714919,0.1054202798171492,0,pump_0_25,tdec_30_70,fund_none,crowd_01,btc_up,0.03222327086423071,0.48675462190358215,,0.00519014521501826
PHAROSUSDT,2026-05-15,e2526,105678,long,2,-0.1144202798171492,-0.0,-0.1189202798171492,-0.12342027981714919,0,pump_0_25,tdec_30_70,fund_none,crowd_01,btc_up,0.03222327086423071,0.48675462190358215,,0.00519014521501826
PHAUSDT,2024-12-31,e2324,105607,short,1,0.13379226114472886,0.00178574,0.13107800114472887,0.12657800114472886,35,pump_le0,tdec_ge70,fund_neg,crowd_24,btc_down,-0.1256249696616668,0.8522806526686498,-0.00153704,-0.013657244461130258
PHAUSDT,2024-12-31,e2324,105607,long,1,-0.13379226114472886,-0.00178574,-0.14007800114472888,-0.14457800114472888,35,pump_le0,tdec_ge70,fund_neg,crowd_24,btc_down,-0.1256249696616668,0.8522806526686498,-0.00153704,-0.013657244461130258
PHAUSDT,2024-12-31,e2324,105607,short,2,0.07251976460797711,0.0014857400000000002,0.06950550460797711,0.06500550460797712,29,pump_le0,tdec_ge70,fund_flat,crowd_24,btc_up,-0.1256249696616668,0.9642044349357087,0.0001,0.01099117640619185
PHAUSDT,2024-12-31,e2324,105607,long,2,-0.07251976460797711,-0.0014857400000000002,-0.07850550460797712,-0.08300550460797711,29,pump_le0,tdec_ge70,fund_flat,crowd_24,btc_up,-0.1256249696616668,0.9642044349357087,0.0001,0.01099117640619185
PHBUSDT,2023-02-17,e2324,105509,short,1,0.036331149493746245,0.00207364,0.03390478949374625,0.029404789493746246,18,pump_25_100,tdec_ge70,fund_flat,crowd_24,btc_up,0.25791346694137474,3.523401565993757,0.00009999997569445035,0.16938243712117274
PHBUSDT,2023-02-17,e2324,105509,long,1,-0.036331149493746245,-0.00207364,-0.042904789493746244,-0.04740478949374625,18,pump_25_100,tdec_ge70,fund_flat,crowd_24,btc_up,0.25791346694137474,3.523401565993757,0.00009999997569445035,0.16938243712117274
PHBUSDT,2023-02-17,e2324,105509,short,2,-0.025104933871861933,0.00177364,-0.027831293871861933,-0.032331293871861934,15,pump_25_100,tdec_ge70,fund_flat,crowd_24,btc_up,0.25791346694137474,1.2082620884819792,0.0000999999913194452,0.07081739191830949
PHBUSDT,2023-02-17,e2324,105509,long,2,0.025104933871861933,-0.00177364,0.018831293871861932,0.014331293871861934,15,pump_25_100,tdec_ge70,fund_flat,crowd_24,btc_up,0.25791346694137474,1.2082620884819792,0.0000999999913194452,0.07081739191830949
PIEVERSEUSDT,2025-11-15,e2526,105652,short,1,-0.11206349206349206,-0.0013045399999999999,-0.11786803206349206,-0.12236803206349205,36,pump_gt100,tdec_ge70,fund_flat,crowd_ge5,btc_down,1.3899848254931713,1.1941443208337272,0.00029912,-0.11427956374684389
PIEVERSEUSDT,2025-11-15,e2526,105652,long,1,0.11206349206349206,0.0013045399999999999,0.10886803206349205,0.10436803206349206,36,pump_gt100,tdec_ge70,fund_flat,crowd_ge5,btc_down,1.3899848254931713,1.1941443208337272,0.00029912,-0.11427956374684389
PIEVERSEUSDT,2025-11-15,e2526,105652,short,2,-0.33957934990439764,-0.0019503099999999998,-0.34602965990439766,-0.35052965990439766,30,pump_gt100,tdec_30_70,fund_flat,crowd_ge5,btc_down,1.3899848254931713,0.4580531460757859,0.00032538,-0.13954582584545017
PIEVERSEUSDT,2025-11-15,e2526,105652,long,2,0.33957934990439764,0.0019503099999999998,0.33702965990439765,0.33252965990439765,30,pump_gt100,tdec_30_70,fund_flat,crowd_ge5,btc_down,1.3899848254931713,0.4580531460757859,0.00032538,-0.13954582584545017
PIPPINUSDT,2025-01-25,e2526,105610,short,1,0.6559188892948483,0.00379614,0.6552150292948483,0.6507150292948483,35,pump_le0,tdec_30_70,fund_neg,crowd_ge5,btc_up,-0.023459102667023557,0.4056020760634023,-0.00197546,0.08806807633019287
PIPPINUSDT,2025-01-25,e2526,105610,long,1,-0.6559188892948483,-0.00379614,-0.6642150292948482,-0.6687150292948483,35,pump_le0,tdec_30_70,fund_neg,crowd_ge5,btc_up,-0.023459102667023557,0.4056020760634023,-0.00197546,0.08806807633019287
PIPPINUSDT,2025-01-25,e2526,105610,short,2,0.6338452566096422,0.00297703,0.6323222866096423,0.6278222866096422,29,pump_le0,tdec_30_70,fund_flat,crowd_ge5,btc_up,-0.023459102667023557,0.5442259052924173,0.0001,0.07098744371928767
PIPPINUSDT,2025-01-25,e2526,105610,long,2,-0.6338452566096422,-0.00297703,-0.6413222866096422,-0.6458222866096422,29,pump_le0,tdec_30_70,fund_flat,crowd_ge5,btc_up,-0.023459102667023557,0.5442259052924173,0.0001,0.07098744371928767
PIXELUSDT,2024-02-20,e2324,105562,short,1,-0.08167983047582353,0.01533183,-0.07084800047582353,-0.07534800047582352,36,pump_le0,tdec_30_70,fund_pos,crowd_01,btc_up,-0.0537732409770324,0.39899679887321166,0.0008752,0.3111380696034576
PIXELUSDT,2024-02-20,e2324,105562,long,1,0.08167983047582353,-0.01533183,0.06184800047582353,0.05734800047582352,36,pump_le0,tdec_30_70,fund_pos,crowd_01,btc_up,-0.0537732409770324,0.39899679887321166,0.0008752,0.3111380696034576
PIXELUSDT,2024-02-20,e2324,105562,short,2,-0.0717694216453521,0.01276517,-0.0635042516453521,-0.0680042516453521,29,pump_le0,tdec_30_70,fund_pos,crowd_01,btc_up,-0.0537732409770324,0.3751368265148363,0.00091848,0.28646026573075956
PIXELUSDT,2024-02-20,e2324,105562,long,2,0.0717694216453521,-0.01276517,0.05450425164535211,0.050004251645352105,29,pump_le0,tdec_30_70,fund_pos,crowd_01,btc_up,-0.0537732409770324,0.3751368265148363,0.00091848,0.28646026573075956
PLAYUSDT,2025-08-01,e2526,105637,short,1,-0.5015055202408834,0.02556215,-0.48044337024088335,-0.48494337024088335,35,pump_le0,tdec_ge70,fund_pos,crowd_ge5,btc_up,-0.1566027088036117,0.7371454244553233,0.001035340035949307,0.02705367282181248
PLAYUSDT,2025-08-01,e2526,105637,long,1,0.5015055202408834,-0.02556215,0.47144337024088334,0.46694337024088334,35,pump_le0,tdec_ge70,fund_pos,crowd_ge5,btc_up,-0.1566027088036117,0.7371454244553233,0.001035340035949307,0.02705367282181248
PLAYUSDT,2025-08-01,e2526,105637,short,2,-0.37710954280454134,0.0218913,-0.35971824280454134,-0.36421824280454135,30,pump_le0,tdec_30_70,fund_pos,crowd_ge5,btc_up,-0.1566027088036117,0.5577047199824399,0.00150702,0.057584444028558
PLAYUSDT,2025-08-01,e2526,105637,long,2,0.37710954280454134,-0.0218913,0.35071824280454134,0.34621824280454133,30,pump_le0,tdec_30_70,fund_pos,crowd_ge5,btc_up,-0.1566027088036117,0.5577047199824399,0.00150702,0.057584444028558
PLTRUSDT,2026-02-10,e2526,105665,short,1,0.018168335187245005,-0.00259123,0.011077105187245005,0.006577105187245006,18,pump_le0,tdec_ge70,fund_flat,crowd_ge5,btc_down,-0.06250000000000011,1.4143476491808162,-0.00017061,-0.2651781976623133
PLTRUSDT,2026-02-10,e2526,105665,long,1,-0.018168335187245005,0.00259123,-0.020077105187245006,-0.024577105187245006,18,pump_le0,tdec_ge70,fund_flat,crowd_ge5,btc_down,-0.06250000000000011,1.4143476491808162,-0.00017061,-0.2651781976623133
PLTRUSDT,2026-02-10,e2526,105665,short,2,-0.03051058530510598,-0.00259123,-0.03760181530510597,-0.042101815305105976,15,pump_le0,tdec_ge70,fund_flat,crowd_ge5,btc_down,-0.06250000000000011,2.5089974104034574,0.0,-0.3054473280265728
PLTRUSDT,2026-02-10,e2526,105665,long,2,0.03051058530510598,0.00259123,0.028601815305105974,0.024101815305105974,15,pump_le0,tdec_ge70,fund_flat,crowd_ge5,btc_down,-0.06250000000000011,2.5089974104034574,0.0,-0.3054473280265728
PLUMEUSDT,2025-03-22,e2526,105618,short,1,0.17129863567458306,0.0016541300000000002,0.16845276567458306,0.16395276567458306,35,pump_le0,tdec_30_70,fund_flat,crowd_ge5,btc_down,-0.00252016129032262,0.6826065752009707,0.0001,-0.10489878588838408
PLUMEUSDT,2025-03-22,e2526,105618,long,1,-0.17129863567458306,-0.0016541300000000002,-0.17745276567458307,-0.18195276567458307,35,pump_le0,tdec_30_70,fund_flat,crowd_ge5,btc_down,-0.00252016129032262,0.6826065752009707,0.0001,-0.10489878588838408
PLUMEUSDT,2025-03-22,e2526,105618,short,2,0.14805194805194805,0.00140413,0.14495607805194805,0.14045607805194804,30,pump_le0,tdec_ge70,fund_flat,crowd_ge5,btc_down,-0.00252016129032262,1.4501982487773726,0.0001,-0.0936745168299945
PLUMEUSDT,2025-03-22,e2526,105618,long,2,-0.14805194805194805,-0.00140413,-0.15395607805194805,-0.15845607805194806,30,pump_le0,tdec_ge70,fund_flat,crowd_ge5,btc_down,-0.00252016129032262,1.4501982487773726,0.0001,-0.0936745168299945
PNUTUSDT,2024-11-12,e2324,105600,short,1,-0.0063190499553705225,0.00908665,-0.0017323999553705222,-0.006232399955370522,36,pump_gt100,tdec_ge70,fund_pos,crowd_ge5,btc_up,3.3270667075915696,10.883522125489614,0.00142358,0.36855274131952087
PNUTUSDT,2024-11-12,e2324,105600,long,1,0.0063190499553705225,-0.00908665,-0.007267600044629477,-0.011767600044629477,36,pump_gt100,tdec_ge70,fund_pos,crowd_ge5,btc_up,3.3270667075915696,10.883522125489614,0.00142358,0.36855274131952087
PNUTUSDT,2024-11-12,e2324,105600,short,2,0.03629735298779531,0.00747063,0.03926798298779531,0.03476798298779531,29,pump_gt100,tdec_ge70,fund_flat,crowd_ge5,btc_up,3.3270667075915696,7.969744267878333,0.00020964,0.3033615187615315
PNUTUSDT,2024-11-12,e2324,105600,long,2,-0.03629735298779531,-0.00747063,-0.048267982987795305,-0.05276798298779531,29,pump_gt100,tdec_ge70,fund_flat,crowd_ge5,btc_up,3.3270667075915696,7.969744267878333,0.00020964,0.3033615187615315
POLUSDT,2024-09-14,e2324,105591,short,1,-0.058142526369951146,0.0008466700000000001,-0.06179585636995114,-0.06629585636995114,35,pump_le0,tdec_ge70,fund_flat,crowd_24,btc_up,-0.05310596833130321,0.7299686606445697,0.0001,0.0041729745526710715
POLUSDT,2024-09-14,e2324,105591,long,1,0.058142526369951146,-0.0008466700000000001,0.05279585636995115,0.048295856369951144,35,pump_le0,tdec_ge70,fund_flat,crowd_24,btc_up,-0.05310596833130321,0.7299686606445697,0.0001,0.0041729745526710715
POLUSDT,2024-09-14,e2324,105591,short,2,-0.09533954727030626,0.00113782,-0.09870172727030627,-0.10320172727030626,30,pump_le0,tdec_ge70,fund_flat,crowd_24,btc_down,-0.05310596833130321,0.7620040748372253,-0.00036644,-0.021549223538511963
POLUSDT,2024-09-14,e2324,105591,long,2,0.09533954727030626,-0.00113782,0.08970172727030626,0.08520172727030627,30,pump_le0,tdec_ge70,fund_flat,crowd_24,btc_down,-0.05310596833130321,0.7620040748372253,-0.00036644,-0.021549223538511963
POLYXUSDT,2023-10-25,e2324,105545,short,1,0.10206422018348625,-0.04344738,0.05411684018348625,0.04961684018348625,35,pump_le0,tdec_ge70,fund_pos,crowd_ge5,btc_up,-0.026423520655005528,0.9017437360959918,0.00074202,0.3031500869936816
POLYXUSDT,2023-10-25,e2324,105545,long,1,-0.10206422018348625,0.04344738,-0.06311684018348625,-0.06761684018348625,35,pump_le0,tdec_ge70,fund_pos,crowd_ge5,btc_up,-0.026423520655005528,0.9017437360959918,0.00074202,0.3031500869936816
POLYXUSDT,2023-10-25,e2324,105545,short,2,0.016331658291457347,-0.0429248,-0.031093141708542653,-0.03559314170854265,29,pump_le0,tdec_30_70,fund_flat,crowd_ge5,btc_up,-0.026423520655005528,0.6411100523659393,0.0001,0.2857972048134265
POLYXUSDT,2023-10-25,e2324,105545,long,2,-0.016331658291457347,0.0429248,0.022093141708542652,0.017593141708542655,29,pump_le0,tdec_30_70,fund_flat,crowd_ge5,btc_up,-0.026423520655005528,0.6411100523659393,0.0001,0.2857972048134265
PONKEUSDT,2024-11-05,e2324,105599,short,1,0.04129867620059899,0.00442163,0.041220306200598994,0.03672030620059899,35,pump_25_100,tdec_ge70,fund_flat,crowd_01,btc_up,0.27325295275590555,1.0464404583024856,0.0001,0.21529264021791028
PONKEUSDT,2024-11-05,e2324,105599,long,1,-0.04129867620059899,-0.00442163,-0.05022030620059899,-0.05472030620059899,35,pump_25_100,tdec_ge70,fund_flat,crowd_01,btc_up,0.27325295275590555,1.0464404583024856,0.0001,0.21529264021791028
PONKEUSDT,2024-11-05,e2324,105599,short,2,0.04240903387703888,0.00393387,0.04184290387703888,0.037342903877038876,29,pump_25_100,tdec_30_70,fund_flat,crowd_01,btc_up,0.27325295275590555,0.38429424049073957,0.0001,0.22094518579082822
PONKEUSDT,2024-11-05,e2324,105599,long,2,-0.04240903387703888,-0.00393387,-0.050842903877038874,-0.05534290387703888,29,pump_25_100,tdec_30_70,fund_flat,crowd_01,btc_up,0.27325295275590555,0.38429424049073957,0.0001,0.22094518579082822
POPCATUSDT,2024-08-23,e2324,105588,short,1,0.21177095788494749,0.00240856,0.20967951788494749,0.20517951788494748,35,pump_25_100,tdec_ge70,fund_pos,crowd_ge5,btc_down,0.2937435544860778,0.8066567598820353,0.00122966,-0.025185106350630204
POPCATUSDT,2024-08-23,e2324,105588,long,1,-0.21177095788494749,-0.00240856,-0.2186795178849475,-0.2231795178849475,35,pump_25_100,tdec_ge70,fund_pos,crowd_ge5,btc_down,0.2937435544860778,0.8066567598820353,0.00122966,-0.025185106350630204
POPCATUSDT,2024-08-23,e2324,105588,short,2,0.219444809893435,0.0016435100000000002,0.216588319893435,0.212088319893435,29,pump_25_100,tdec_30_70,fund_flat,crowd_ge5,btc_down,0.2937435544860778,0.6131439030392549,0.0001,-0.05439251648068355
POPCATUSDT,2024-08-23,e2324,105588,long,2,-0.219444809893435,-0.0016435100000000002,-0.225588319893435,-0.230088319893435,29,pump_25_100,tdec_30_70,fund_flat,crowd_ge5,btc_down,0.2937435544860778,0.6131439030392549,0.0001,-0.05439251648068355
PORT3USDT,2025-06-05,e2526,105629,short,1,0.05428103236378532,0.00175,0.051531032363785326,0.04703103236378532,35,pump_le0,tdec_30_70,fund_flat,crowd_24,btc_up,-0.053141970519782755,0.4832084990350965,0.0001,0.07476770417905643
PORT3USDT,2025-06-05,e2526,105629,long,1,-0.05428103236378532,-0.00175,-0.06053103236378532,-0.06503103236378532,35,pump_le0,tdec_30_70,fund_flat,crowd_24,btc_up,-0.053141970519782755,0.4832084990350965,0.0001,0.07476770417905643
PORT3USDT,2025-06-05,e2526,105629,short,2,0.05505525992632006,0.0014500000000000001,0.05200525992632006,0.047505259926320056,29,pump_le0,tdec_ge70,fund_flat,crowd_24,btc_up,-0.053141970519782755,1.1674925782790242,0.0001,0.022081196883406706
PORT3USDT,2025-06-05,e2526,105629,long,2,-0.05505525992632006,-0.0014500000000000001,-0.061005259926320055,-0.06550525992632006,29,pump_le0,tdec_ge70,fund_flat,crowd_24,btc_up,-0.053141970519782755,1.1674925782790242,0.0001,0.022081196883406706
PORTALUSDT,2024-03-01,e2324,105563,short,1,-0.028964049414704002,0.014918859999999999,-0.018545189414704004,-0.023045189414704,35,pump_le0,tdec_30_70,fund_pos,crowd_01,btc_up,-0.09900783725195927,0.6103417005704634,0.00172244,0.4403565143501902
PORTALUSDT,2024-03-01,e2324,105563,long,1,0.028964049414704002,-0.014918859999999999,0.009545189414704003,0.005045189414704004,35,pump_le0,tdec_30_70,fund_pos,crowd_01,btc_up,-0.09900783725195927,0.6103417005704634,0.00172244,0.4403565143501902
PORTALUSDT,2024-03-01,e2324,105563,short,2,0.062436762225969604,0.01261124,0.0705480022259696,0.06604800222596961,29,pump_le0,tdec_ge70,fund_pos,crowd_01,btc_up,-0.09900783725195927,0.8278216393128782,0.00104042,0.4630748923162429
PORTALUSDT,2024-03-01,e2324,105563,long,2,-0.062436762225969604,-0.01261124,-0.07954800222596961,-0.0840480022259696,29,pump_le0,tdec_ge70,fund_pos,crowd_01,btc_up,-0.09900783725195927,0.8278216393128782,0.00104042,0.4630748923162429
POWERUSDT,2025-12-07,e2526,105656,short,1,0.2542730039803325,0.010038749999999999,0.25981175398033246,0.25531175398033246,36,pump_25_100,tdec_ge70,fund_pos,crowd_01,btc_down,0.30754428165318193,2.765004471424008,0.00171236,-0.11399804242328837
POWERUSDT,2025-12-07,e2526,105656,long,1,-0.2542730039803325,-0.010038749999999999,-0.26881175398033247,-0.2733117539803325,36,pump_25_100,tdec_ge70,fund_pos,crowd_01,btc_down,0.30754428165318193,2.765004471424008,0.00171236,-0.11399804242328837
POWERUSDT,2025-12-07,e2526,105656,short,2,-0.01033217020890925,0.00746209,-0.007370080208909249,-0.01187008020890925,30,pump_25_100,tdec_ge70,fund_pos,crowd_01,btc_down,0.30754428165318193,1.5272134535401851,0.0006646,-0.11495300495076943
POWERUSDT,2025-12-07,e2526,105656,long,2,0.01033217020890925,-0.00746209,-0.0016299197910907507,-0.00612991979109075,30,pump_25_100,tdec_ge70,fund_pos,crowd_01,btc_down,0.30754428165318193,1.5272134535401851,0.0006646,-0.11495300495076943
POWRUSDT,2023-10-27,e2324,105545,short,1,0.08944765045342125,0.00473279,0.08968044045342125,0.08518044045342126,35,pump_0_25,tdec_ge70,fund_flat,crowd_24,btc_up,0.005804311774461057,0.748674900119315,0.0001,0.2619151630028358
POWRUSDT,2023-10-27,e2324,105545,long,1,-0.08944765045342125,-0.00473279,-0.09868044045342125,-0.10318044045342124,35,pump_0_25,tdec_ge70,fund_flat,crowd_24,btc_up,0.005804311774461057,0.748674900119315,0.0001,0.2619151630028358
POWRUSDT,2023-10-27,e2324,105545,short,2,0.07958333333333324,0.00383758,0.07892091333333323,0.07442091333333324,29,pump_0_25,tdec_30_70,fund_flat,crowd_24,btc_up,0.005804311774461057,0.6852577335174701,0.00011978,0.2840254509889961
POWRUSDT,2023-10-27,e2324,105545,long,2,-0.07958333333333324,-0.00383758,-0.08792091333333324,-0.09242091333333323,29,pump_0_25,tdec_30_70,fund_flat,crowd_24,btc_up,0.005804311774461057,0.6852577335174701,0.00011978,0.2840254509889961
PRLUSDT,2026-04-02,e2526,105672,short,1,-0.17013888888888906,-0.00920341,-0.18384229888888906,-0.18834229888888906,35,pump_le0,tdec_ge70,fund_flat,crowd_ge5,btc_down,-0.04063957361758841,0.9008323920805804,0.00010000000347222237,-0.07862458597989563
PRLUSDT,2026-04-02,e2526,105672,long,1,0.17013888888888906,0.00920341,0.17484229888888905,0.17034229888888905,35,pump_le0,tdec_ge70,fund_flat,crowd_ge5,btc_down,-0.04063957361758841,0.9008323920805804,0.00010000000347222237,-0.07862458597989563
PRLUSDT,2026-04-02,e2526,105672,short,2,-0.01997578692493945,-0.00903525,-0.033511036924939445,-0.03801103692493945,30,pump_le0,tdec_ge70,fund_flat,crowd_ge5,btc_down,-0.04063957361758841,1.2013876901767757,0.0001,-0.05057949496717229
PRLUSDT,2026-04-02,e2526,105672,long,2,0.01997578692493945,0.00903525,0.024511036924939448,0.020011036924939447,30,pump_le0,tdec_ge70,fund_flat,crowd_ge5,btc_down,-0.04063957361758841,1.2013876901767757,0.0001,-0.05057949496717229
PROMPTUSDT,2025-04-12,e2526,105621,short,1,0.4672245467224547,0.00142252,0.4641470667224547,0.4596470667224547,35,pump_0_25,tdec_30_70,fund_flat,crowd_24,btc_down,0.1558301988178401,0.37362499737008764,0.0001,-0.0026935970779059515
PROMPTUSDT,2025-04-12,e2526,105621,long,1,-0.4672245467224547,-0.00142252,-0.4731470667224547,-0.4776470667224547,35,pump_0_25,tdec_30_70,fund_flat,crowd_24,btc_down,0.1558301988178401,0.37362499737008764,0.0001,-0.0026935970779059515
PROMPTUSDT,2025-04-12,e2526,105621,short,2,0.33488102147417304,0.0011225200000000001,0.33150354147417305,0.32700354147417304,29,pump_0_25,tdec_lt30,fund_flat,crowd_24,btc_up,0.1558301988178401,0.17352093337838892,0.0001,0.002977359023236481
PROMPTUSDT,2025-04-12,e2526,105621,long,2,-0.33488102147417304,-0.0011225200000000001,-0.34050354147417305,-0.34500354147417306,29,pump_0_25,tdec_lt30,fund_flat,crowd_24,btc_up,0.1558301988178401,0.17352093337838892,0.0001,0.002977359023236481
PROMUSDT,2025-01-16,e2526,105609,short,1,0.2701227830832197,0.00158123,0.26720401308321967,0.26270401308321967,35,pump_le0,tdec_30_70,fund_flat,crowd_01,btc_up,-0.08397900524868784,0.5321870898854792,0.0001,0.038544196460210456
PROMUSDT,2025-01-16,e2526,105609,long,1,-0.2701227830832197,-0.00158123,-0.2762040130832197,-0.2807040130832197,35,pump_le0,tdec_30_70,fund_flat,crowd_01,btc_up,-0.08397900524868784,0.5321870898854792,0.0001,0.038544196460210456
PROMUSDT,2025-01-16,e2526,105609,short,2,0.20658460625834207,0.0014500000000000001,0.20353460625834208,0.19903460625834207,29,pump_le0,tdec_30_70,fund_flat,crowd_01,btc_up,-0.08397900524868784,0.32910676237221287,0.0001,0.07276588145459928
PROMUSDT,2025-01-16,e2526,105609,long,2,-0.20658460625834207,-0.0014500000000000001,-0.21253460625834208,-0.2170346062583421,29,pump_le0,tdec_30_70,fund_flat,crowd_01,btc_up,-0.08397900524868784,0.32910676237221287,0.0001,0.07276588145459928
PROVEUSDT,2025-08-06,e2526,105638,short,1,-0.4766046790641873,-0.00322671,-0.4843313890641873,-0.4888313890641873,36,pump_0_25,tdec_lt30,fund_neg,crowd_24,btc_up,0.008164499546416737,0.21656474187325622,-0.0029377,0.07850240325663527
PROVEUSDT,2025-08-06,e2526,105638,long,1,0.4766046790641873,0.00322671,0.4753313890641873,0.4708313890641873,36,pump_0_25,tdec_lt30,fund_neg,crowd_24,btc_up,0.008164499546416737,0.21656474187325622,-0.0029377,0.07850240325663527
PROVEUSDT,2025-08-06,e2526,105638,short,2,-0.4100630131754821,-0.00068786,-0.4152508731754821,-0.4197508731754821,30,pump_0_25,tdec_lt30,fund_flat,crowd_24,btc_up,0.008164499546416737,0.10344799330870152,0.0001,0.04881569138101738
PROVEUSDT,2025-08-06,e2526,105638,long,2,0.4100630131754821,0.00068786,0.4062508731754821,0.4017508731754821,30,pump_0_25,tdec_lt30,fund_flat,crowd_24,btc_up,0.008164499546416737,0.10344799330870152,0.0001,0.04881569138101738
PTBUSDT,2025-09-04,e2526,105642,short,1,-0.23964143426294818,-0.02481101,-0.2689524442629482,-0.2734524442629482,35,pump_25_100,tdec_ge70,fund_neg,crowd_ge5,btc_down,0.9502719502719503,4.030730947226237,-0.0057482,-0.03763757057968875
PTBUSDT,2025-09-04,e2526,105642,long,1,0.23964143426294818,0.02481101,0.25995244426294817,0.25545244426294816,35,pump_25_100,tdec_ge70,fund_neg,crowd_ge5,btc_down,0.9502719502719503,4.030730947226237,-0.0057482,-0.03763757057968875
PTBUSDT,2025-09-04,e2526,105642,short,2,-0.3037921642572805,-0.0017819300000000004,-0.3100740942572805,-0.3145740942572805,29,pump_25_100,tdec_ge70,fund_neg,crowd_ge5,btc_down,0.9502719502719503,1.816764005077043,-0.00052132,-0.06203888778648248
PTBUSDT,2025-09-04,e2526,105642,long,2,0.3037921642572805,0.0017819300000000004,0.3010740942572805,0.2965740942572805,29,pump_25_100,tdec_ge70,fund_neg,crowd_ge5,btc_down,0.9502719502719503,1.816764005077043,-0.00052132,-0.06203888778648248
PUFFERUSDT,2025-06-05,e2526,105629,short,1,0.005006129955046899,-0.01319883,-0.012692700044953101,-0.017192700044953102,35,pump_le0,tdec_30_70,fund_flat,crowd_24,btc_up,-0.09521168422998705,0.5245296160127816,-0.00007078,0.07476770417905643
PUFFERUSDT,2025-06-05,e2526,105629,long,1,-0.005006129955046899,0.01319883,0.0036927000449531013,-0.0008072999550468984,35,pump_le0,tdec_30_70,fund_flat,crowd_24,btc_up,-0.09521168422998705,0.5245296160127816,-0.00007078,0.07476770417905643
PUFFERUSDT,2025-06-05,e2526,105629,short,2,-0.00776076158940398,-0.01043131,-0.02269207158940398,-0.027192071589403982,29,pump_le0,tdec_30_70,fund_flat,crowd_24,btc_up,-0.09521168422998705,0.4476858210297707,-0.00035024,0.022081196883406706
PUFFERUSDT,2025-06-05,e2526,105629,long,2,0.00776076158940398,0.01043131,0.01369207158940398,0.009192071589403982,29,pump_le0,tdec_30_70,fund_flat,crowd_24,btc_up,-0.09521168422998705,0.4476858210297707,-0.00035024,0.022081196883406706
PUMPBTCUSDT,2025-06-14,e2526,105630,short,1,0.15029036004645754,-0.0023651,0.14342526004645753,0.13892526004645753,35,pump_le0,tdec_30_70,fund_flat,crowd_ge5,btc_up,-0.1364092276830492,0.4105708265967945,0.0001,0.020523690628378555
PUMPBTCUSDT,2025-06-14,e2526,105630,long,1,-0.15029036004645754,0.0023651,-0.15242526004645754,-0.15692526004645754,35,pump_le0,tdec_30_70,fund_flat,crowd_ge5,btc_up,-0.1364092276830492,0.4105708265967945,0.0001,0.020523690628378555
PUMPBTCUSDT,2025-06-14,e2526,105630,short,2,0.16958002270147554,-0.0023763800000000004,0.16270364270147553,0.15820364270147552,29,pump_le0,tdec_lt30,fund_pos,crowd_ge5,btc_up,-0.1364092276830492,0.27695563204562546,0.00052142,0.035608403602652716
PUMPBTCUSDT,2025-06-14,e2526,105630,long,2,-0.16958002270147554,0.0023763800000000004,-0.17170364270147553,-0.17620364270147554,29,pump_le0,tdec_lt30,fund_pos,crowd_ge5,btc_up,-0.1364092276830492,0.27695563204562546,0.00052142,0.035608403602652716
PUMPUSDT,2025-04-13,e2526,105622,short,1,-0.6571813112862911,0.00188943,-0.6597918812862911,-0.6642918812862911,35,pump_le0,tdec_30_70,fund_flat,crowd_ge5,btc_up,-0.14800556966172496,0.3777496056630828,0.0001,0.002977359023236481
PUMPUSDT,2025-04-13,e2526,105622,long,1,0.6571813112862911,-0.00188943,0.6507918812862912,0.6462918812862911,35,pump_le0,tdec_30_70,fund_flat,crowd_ge5,btc_up,-0.14800556966172496,0.3777496056630828,0.0001,0.002977359023236481
PUMPUSDT,2025-04-13,e2526,105622,short,2,-0.7536113936927773,0.00158943,-0.7565219636927772,-0.7610219636927773,29,pump_le0,tdec_lt30,fund_flat,crowd_ge5,btc_up,-0.14800556966172496,0.27273245925071465,0.0001,0.012928026595074416
PUMPUSDT,2025-04-13,e2526,105622,long,2,0.7536113936927773,-0.00158943,0.7475219636927773,0.7430219636927773,29,pump_le0,tdec_lt30,fund_flat,crowd_ge5,btc_up,-0.14800556966172496,0.27273245925071465,0.0001,0.012928026595074416
PUNDIXUSDT,2025-05-01,e2526,105624,short,1,0.21300372502539794,-0.03314314,0.17536058502539792,0.17086058502539792,35,pump_0_25,tdec_ge70,fund_neg,crowd_ge5,btc_up,0.15261514441842317,4.487293555155775,-0.00068226,0.17392353285623696
PUNDIXUSDT,2025-05-01,e2526,105624,long,1,-0.21300372502539794,0.03314314,-0.18436058502539793,-0.18886058502539793,35,pump_0_25,tdec_ge70,fund_neg,crowd_ge5,btc_up,0.15261514441842317,4.487293555155775,-0.00068226,0.17392353285623696
PUNDIXUSDT,2025-05-01,e2526,105624,short,2,0.20912029947252,-0.02950351,0.17511678947252,0.17061678947252,30,pump_0_25,tdec_ge70,fund_neg,crowd_ge5,btc_up,0.15261514441842317,4.50705084344756,-0.00205486,0.15173806675763246
PUNDIXUSDT,2025-05-01,e2526,105624,long,2,-0.20912029947252,0.02950351,-0.18411678947252,-0.18861678947252,30,pump_0_25,tdec_ge70,fund_neg,crowd_ge5,btc_up,0.15261514441842317,4.50705084344756,-0.00205486,0.15173806675763246
PYTHUSDT,2023-11-23,e2324,105549,short,1,0.19849561220225664,0.01112392,0.20511953220225665,0.20061953220225665,35,pump_0_25,tdec_ge70,fund_pos,crowd_24,btc_up,0.13144208037825078,1.108463917595618,0.00182114,0.09332602638041987
PYTHUSDT,2023-11-23,e2324,105549,long,1,-0.19849561220225664,-0.01112392,-0.21411953220225666,-0.21861953220225666,35,pump_0_25,tdec_ge70,fund_pos,crowd_24,btc_up,0.13144208037825078,1.108463917595618,0.00182114,0.09332602638041987
PYTHUSDT,2023-11-23,e2324,105549,short,2,0.22080032500507824,0.00920582,0.22550614500507823,0.22100614500507823,29,pump_0_25,tdec_30_70,fund_pos,crowd_24,btc_up,0.13144208037825078,0.5240784436697308,0.00055876,0.10577384786555011
PYTHUSDT,2023-11-23,e2324,105549,long,2,-0.22080032500507824,-0.00920582,-0.23450614500507824,-0.23900614500507825,29,pump_0_25,tdec_30_70,fund_pos,crowd_24,btc_up,0.13144208037825078,0.5240784436697308,0.00055876,0.10577384786555011
QCOMUSDT,2026-05-07,e2526,105677,short,1,0.06825046206554575,0.0,0.06375046206554574,0.059250462065545746,0,pump_0_25,tdec_ge70,fund_none,crowd_24,btc_up,0.16697353885001842,1.20933441504277,,0.1283409888496454
QCOMUSDT,2026-05-07,e2526,105677,long,1,-0.06825046206554575,-0.0,-0.07275046206554575,-0.07725046206554574,0,pump_0_25,tdec_ge70,fund_none,crowd_24,btc_up,0.16697353885001842,1.20933441504277,,0.1283409888496454
QCOMUSDT,2026-05-07,e2526,105677,short,2,0.06373437216887115,0.0,0.059234372168871154,0.05473437216887115,0,pump_0_25,tdec_lt30,fund_none,crowd_24,btc_up,0.16697353885001842,0.11641217536204036,,0.12381255017393644
QCOMUSDT,2026-05-07,e2526,105677,long,2,-0.06373437216887115,-0.0,-0.06823437216887115,-0.07273437216887114,0,pump_0_25,tdec_lt30,fund_none,crowd_24,btc_up,0.16697353885001842,0.11641217536204036,,0.12381255017393644
QNTUSDT,2022-10-20,e2122,105492,short,1,0.12223054693353314,-0.01795706,0.09977348693353313,0.09527348693353314,17,pump_0_25,tdec_ge70,fund_neg,crowd_01,btc_up,0.07144495412844032,3.3423047681117937,-0.0075,0.038129827889958
QNTUSDT,2022-10-20,e2122,105492,long,1,-0.12223054693353314,0.01795706,-0.10877348693353314,-0.11327348693353313,17,pump_0_25,tdec_ge70,fund_neg,crowd_01,btc_up,0.07144495412844032,3.3423047681117937,-0.0075,0.038129827889958
QNTUSDT,2022-10-20,e2122,105492,short,2,0.07978007181328545,-0.01083811,0.06444196181328544,0.05994196181328545,15,pump_0_25,tdec_ge70,fund_neg,crowd_01,btc_down,0.07144495412844032,1.9919909685667205,-0.00394972,-0.010179192986979557
QNTUSDT,2022-10-20,e2122,105492,long,2,-0.07978007181328545,0.01083811,-0.07344196181328545,-0.07794196181328544,15,pump_0_25,tdec_ge70,fund_neg,crowd_01,btc_down,0.07144495412844032,1.9919909685667205,-0.00394972,-0.010179192986979557
QNTXUSDT,2026-05-30,e2526,105680,short,1,0.4627044276027124,0.0,0.4582044276027124,0.4537044276027124,0,pump_0_25,tdec_ge70,fund_none,crowd_ge5,btc_down,0.036700093042489446,1.6155411727743607,,-0.05804685901370987
QNTXUSDT,2026-05-30,e2526,105680,long,1,-0.4627044276027124,-0.0,-0.4672044276027124,-0.4717044276027124,0,pump_0_25,tdec_ge70,fund_none,crowd_ge5,btc_down,0.036700093042489446,1.6155411727743607,,-0.05804685901370987
QNTXUSDT,2026-05-30,e2526,105680,short,2,0.4238665526090675,0.0,0.4193665526090675,0.4148665526090675,0,pump_0_25,tdec_ge70,fund_none,crowd_ge5,btc_down,0.036700093042489446,1.2123879737885448,,-0.09232208856888935
QNTXUSDT,2026-05-30,e2526,105680,long,2,-0.4238665526090675,-0.0,-0.42836655260906753,-0.43286655260906753,0,pump_0_25,tdec_ge70,fund_none,crowd_ge5,btc_down,0.036700093042489446,1.2123879737885448,,-0.09232208856888935
QQQUSDT,2026-04-07,e2526,105673,short,1,-0.03987161670306384,-0.014210859999999999,-0.05858247670306384,-0.06308247670306384,18,pump_0_25,tdec_ge70,fund_flat,crowd_ge5,btc_up,0.029552538793029992,1.1037997731058138,0.0,0.038658305321657815
QQQUSDT,2026-04-07,e2526,105673,long,1,0.03987161670306384,0.014210859999999999,0.049582476703063844,0.04508247670306384,18,pump_0_25,tdec_ge70,fund_flat,crowd_ge5,btc_up,0.029552538793029992,1.1037997731058138,0.0,0.038658305321657815
QQQUSDT,2026-04-07,e2526,105673,short,2,-0.0318820593643288,-0.014210859999999999,-0.050592919364328796,-0.0550929193643288,15,pump_0_25,tdec_30_70,fund_flat,crowd_ge5,btc_up,0.029552538793029992,0.6109647039573802,0.0,0.026444202518100424
QQQUSDT,2026-04-07,e2526,105673,long,2,0.0318820593643288,0.014210859999999999,0.0415929193643288,0.0370929193643288,15,pump_0_25,tdec_30_70,fund_flat,crowd_ge5,btc_up,0.029552538793029992,0.6109647039573802,0.0,0.026444202518100424
QUICKUSDT,2024-09-07,e2324,105590,short,1,-0.16013546202225448,-0.00422913,-0.16886459202225448,-0.1733645920222545,35,pump_le0,tdec_30_70,fund_flat,crowd_24,btc_down,-0.08842337375964715,0.3932318342972765,0.0001,-0.09816045756685732
QUICKUSDT,2024-09-07,e2324,105590,long,1,0.16013546202225448,0.00422913,0.15986459202225448,0.15536459202225447,35,pump_le0,tdec_30_70,fund_flat,crowd_24,btc_down,-0.08842337375964715,0.3932318342972765,0.0001,-0.09816045756685732
QUICKUSDT,2024-09-07,e2324,105590,short,2,-0.1737640724424866,-0.00452913,-0.1827932024424866,-0.1872932024424866,29,pump_le0,tdec_30_70,fund_flat,crowd_24,btc_down,-0.08842337375964715,0.3566590818171599,0.0001,-0.06371992727857989
QUICKUSDT,2024-09-07,e2324,105590,long,2,0.1737640724424866,0.00452913,0.17379320244248658,0.16929320244248658,29,pump_le0,tdec_30_70,fund_flat,crowd_24,btc_down,-0.08842337375964715,0.3566590818171599,0.0001,-0.06371992727857989
QUSDT,2025-09-03,e2526,105642,short,1,-0.623762376237624,0.00557637,-0.6226860062376239,-0.627186006237624,36,pump_0_25,tdec_30_70,fund_flat,crowd_24,btc_down,0.08930112165660042,0.3485736794814877,0.00010000000694444493,-0.029720451373547507
QUSDT,2025-09-03,e2526,105642,long,1,0.623762376237624,-0.00557637,0.613686006237624,0.609186006237624,36,pump_0_25,tdec_30_70,fund_flat,crowd_24,btc_down,0.08930112165660042,0.3485736794814877,0.00010000000694444493,-0.029720451373547507
QUSDT,2025-09-03,e2526,105642,short,2,-0.9883608147429681,0.00483674,-0.988024074742968,-0.9925240747429681,29,pump_0_25,tdec_lt30,fund_flat,crowd_24,btc_down,0.08930112165660042,0.21659208450245673,0.00010000000347222237,-0.03763757057968875
QUSDT,2025-09-03,e2526,105642,long,2,0.9883608147429681,-0.00483674,0.9790240747429682,0.9745240747429681,29,pump_0_25,tdec_lt30,fund_flat,crowd_24,btc_down,0.08930112165660042,0.21659208450245673,0.00010000000347222237,-0.03763757057968875
RADUSDT,2023-05-11,e2324,105521,short,1,0.07203201422854598,0.0003307500000000001,0.06786276422854598,0.06336276422854599,17,pump_le0,tdec_30_70,fund_flat,crowd_24,btc_down,-0.09314516129032258,0.5885397055857178,-0.00004116000357291698,-0.10342761506276155
RADUSDT,2023-05-11,e2324,105521,long,1,-0.07203201422854598,-0.0003307500000000001,-0.07686276422854599,-0.08136276422854598,17,pump_le0,tdec_30_70,fund_flat,crowd_24,btc_down,-0.09314516129032258,0.5885397055857178,-0.00004116000357291698,-0.10342761506276155
RADUSDT,2023-05-11,e2324,105521,short,2,0.05906221821460766,0.0007071000000000001,0.05526931821460766,0.05076931821460766,15,pump_le0,tdec_ge70,fund_flat,crowd_24,btc_down,-0.09314516129032258,1.7065851844004483,-0.00036090996867100964,-0.11856653064450795
RADUSDT,2023-05-11,e2324,105521,long,2,-0.05906221821460766,-0.0007071000000000001,-0.06426931821460766,-0.06876931821460766,15,pump_le0,tdec_ge70,fund_flat,crowd_24,btc_down,-0.09314516129032258,1.7065851844004483,-0.00036090996867100964,-0.11856653064450795
RAREUSDT,2024-08-16,e2324,105587,short,1,-0.1711181530104118,-0.09560965,-0.2712278030104118,-0.27572780301041183,35,pump_gt100,tdec_ge70,fund_neg,crowd_24,btc_down,1.1763546798029556,2.5607284095716443,-0.02612494,-0.07022212354928636
RAREUSDT,2024-08-16,e2324,105587,long,1,0.1711181530104118,0.09560965,0.2622278030104118,0.2577278030104118,35,pump_gt100,tdec_ge70,fund_neg,crowd_24,btc_down,1.1763546798029556,2.5607284095716443,-0.02612494,-0.07022212354928636
RAREUSDT,2024-08-16,e2324,105587,short,2,-0.028219395866454673,-0.02014251,-0.052861905866454666,-0.05736190586645467,29,pump_gt100,tdec_ge70,fund_neg,crowd_24,btc_down,1.1763546798029556,2.6644908858411345,-0.01092022,-0.12364039689079187
RAREUSDT,2024-08-16,e2324,105587,long,2,0.028219395866454673,0.02014251,0.04386190586645467,0.03936190586645467,29,pump_gt100,tdec_ge70,fund_neg,crowd_24,btc_down,1.1763546798029556,2.6644908858411345,-0.01092022,-0.12364039689079187
RAVEUSDT,2025-12-15,e2526,105657,short,1,-0.5437339817309589,0.0037118100000000003,-0.5445221717309588,-0.5490221717309589,36,pump_le0,tdec_30_70,fund_flat,crowd_ge5,btc_down,-0.005944604128560238,0.582941453936816,0.0001,-0.06787608374716225
RAVEUSDT,2025-12-15,e2526,105657,long,1,0.5437339817309589,-0.0037118100000000003,0.535522171730959,0.5310221717309589,36,pump_le0,tdec_30_70,fund_flat,crowd_ge5,btc_down,-0.005944604128560238,0.582941453936816,0.0001,-0.06787608374716225
RAVEUSDT,2025-12-15,e2526,105657,short,2,-0.20819832330401697,0.00334716,-0.20935116330401699,-0.213851163304017,30,pump_le0,tdec_ge70,fund_flat,crowd_ge5,btc_down,-0.005944604128560238,0.7063762996921807,0.0002293,-0.0647512143361646
RAVEUSDT,2025-12-15,e2526,105657,long,2,0.20819832330401697,-0.00334716,0.20035116330401698,0.19585116330401697,30,pump_le0,tdec_ge70,fund_flat,crowd_ge5,btc_down,-0.005944604128560238,0.7063762996921807,0.0002293,-0.0647512143361646
RAYSOLUSDT,2024-12-11,e2324,105604,short,1,0.168496937098461,0.00182499,0.165821927098461,0.161321927098461,35,pump_0_25,tdec_lt30,fund_flat,crowd_ge5,btc_up,0.09505890052356025,0.22913596243685813,0.0001,0.13652525803664806
RAYSOLUSDT,2024-12-11,e2324,105604,long,1,-0.168496937098461,-0.00182499,-0.174821927098461,-0.179321927098461,35,pump_0_25,tdec_lt30,fund_flat,crowd_ge5,btc_up,0.09505890052356025,0.22913596243685813,0.0001,0.13652525803664806
RAYSOLUSDT,2024-12-11,e2324,105604,short,2,0.1588195284159612,0.0015249900000000002,0.1558445184159612,0.1513445184159612,29,pump_0_25,tdec_lt30,fund_flat,crowd_ge5,btc_up,0.09505890052356025,0.1620007838267966,0.0001,0.12120561908480276
RAYSOLUSDT,2024-12-11,e2324,105604,long,2,-0.1588195284159612,-0.0015249900000000002,-0.1648445184159612,-0.1693445184159612,29,pump_0_25,tdec_lt30,fund_flat,crowd_ge5,btc_up,0.09505890052356025,0.1620007838267966,0.0001,0.12120561908480276
RAYUSDT,2021-08-20,e2122,105431,short,1,-0.22276356746515089,-0.01966615,-0.24692971746515088,-0.25142971746515086,18,pump_le0,tdec_ge70,fund_flat,crowd_01,btc_up,-0.029550827423167836,0.8497075648290392,0.00021618,0.5138255695793772
RAYUSDT,2021-08-20,e2122,105431,long,1,0.22276356746515089,0.01966615,0.23792971746515088,0.23342971746515087,18,pump_le0,tdec_ge70,fund_flat,crowd_01,btc_up,-0.029550827423167836,0.8497075648290392,0.00021618,0.5138255695793772
RAYUSDT,2021-08-20,e2122,105431,short,2,-0.25905797101449274,-0.0200906,-0.28364857101449276,-0.28814857101449276,15,pump_le0,tdec_ge70,fund_flat,crowd_01,btc_up,-0.029550827423167836,0.9347249190728101,0.00009999999826388893,0.46496420635265134
RAYUSDT,2021-08-20,e2122,105431,long,2,0.25905797101449274,0.0200906,0.27464857101449275,0.27014857101449274,15,pump_le0,tdec_ge70,fund_flat,crowd_01,btc_up,-0.029550827423167836,0.9347249190728101,0.00009999999826388893,0.46496420635265134
RDNTUSDT,2023-04-06,e2324,105516,short,1,-0.09531106343855353,0.0017000000000000001,-0.09811106343855353,-0.10261106343855352,17,pump_le0,tdec_ge70,fund_flat,crowd_24,btc_up,-0.050625545533895866,1.0190843663344562,-0.0004101800071211807,0.2855582289333223
RDNTUSDT,2023-04-06,e2324,105516,long,1,0.09531106343855353,-0.0017000000000000001,0.08911106343855352,0.08461106343855353,17,pump_le0,tdec_ge70,fund_flat,crowd_24,btc_up,-0.050625545533895866,1.0190843663344562,-0.0004101800071211807,0.2855582289333223
RDNTUSDT,2023-04-06,e2324,105516,short,2,-0.10581683168316834,0.0015,-0.10881683168316834,-0.11331683168316833,15,pump_le0,tdec_30_70,fund_flat,crowd_24,btc_up,-0.050625545533895866,0.6037629338677953,0.00009999999305555606,0.3723456013524473
RDNTUSDT,2023-04-06,e2324,105516,long,2,0.10581683168316834,-0.0015,0.09981683168316834,0.09531683168316835,15,pump_le0,tdec_30_70,fund_flat,crowd_24,btc_up,-0.050625545533895866,0.6037629338677953,0.00009999999305555606,0.3723456013524473
RECALLUSDT,2025-10-16,e2526,105648,short,1,-0.19501659049646267,-0.00075418,-0.20027077049646266,-0.20477077049646267,35,pump_le0,tdec_30_70,fund_neg,crowd_ge5,btc_down,-0.32718350498093973,0.6545633554440411,-0.0011674399594638902,-0.08611412985116296
RECALLUSDT,2025-10-16,e2526,105648,long,1,0.19501659049646267,0.00075418,0.19127077049646266,0.18677077049646265,35,pump_le0,tdec_30_70,fund_neg,crowd_ge5,btc_down,-0.32718350498093973,0.6545633554440411,-0.0011674399594638902,-0.08611412985116296
RECALLUSDT,2025-10-16,e2526,105648,short,2,0.2893654250665475,-0.00111776,0.28374766506654747,0.27924766506654747,30,pump_le0,tdec_ge70,fund_flat,crowd_ge5,btc_down,-0.32718350498093973,4.31666802494916,0.0001143,-0.08459960125485932
RECALLUSDT,2025-10-16,e2526,105648,long,2,-0.2893654250665475,0.00111776,-0.2927476650665475,-0.2972476650665475,30,pump_le0,tdec_ge70,fund_flat,crowd_ge5,btc_down,-0.32718350498093973,4.31666802494916,0.0001143,-0.08459960125485932
REDUSDT,2025-03-07,e2526,105616,short,1,0.04785338537247582,-0.0543788,-0.01102541462752418,-0.015525414627524178,36,pump_le0,tdec_30_70,fund_flat,crowd_01,btc_down,-0.1336371655395472,0.5106414900544921,0.0001,-0.10703402887216618
REDUSDT,2025-03-07,e2526,105616,long,1,-0.04785338537247582,0.0543788,0.002025414627524179,-0.0024745853724758207,36,pump_le0,tdec_30_70,fund_flat,crowd_01,btc_down,-0.1336371655395472,0.5106414900544921,0.0001,-0.10703402887216618
REDUSDT,2025-03-07,e2526,105616,short,2,-0.15310316481709837,-0.05303715,-0.21064031481709838,-0.2151403148170984,29,pump_le0,tdec_30_70,fund_flat,crowd_01,btc_down,-0.1336371655395472,0.42239984782822093,-0.00022056,-0.16345219766833063
REDUSDT,2025-03-07,e2526,105616,long,2,0.15310316481709837,0.05303715,0.20164031481709838,0.19714031481709837,29,pump_le0,tdec_30_70,fund_flat,crowd_01,btc_down,-0.1336371655395472,0.42239984782822093,-0.00022056,-0.16345219766833063
REIUSDT,2024-09-28,e2324,105593,short,1,0.18454871488344282,0.0016930900000000002,0.18174180488344283,0.17724180488344282,35,pump_le0,tdec_30_70,fund_flat,crowd_24,btc_up,-0.0028311727015349897,0.6970070736236165,0.0001,0.10951277829576478
REIUSDT,2024-09-28,e2324,105593,long,1,-0.18454871488344282,-0.0016930900000000002,-0.19074180488344283,-0.19524180488344284,35,pump_le0,tdec_30_70,fund_flat,crowd_24,btc_up,-0.0028311727015349897,0.6970070736236165,0.0001,0.10951277829576478
REIUSDT,2024-09-28,e2324,105593,short,2,0.07743026204564667,0.00139309,0.07432335204564666,0.06982335204564667,29,pump_le0,tdec_30_70,fund_flat,crowd_24,btc_up,-0.0028311727015349897,0.6558052170137996,0.0001,0.07409330204828812
REIUSDT,2024-09-28,e2324,105593,long,2,-0.07743026204564667,-0.00139309,-0.08332335204564667,-0.08782335204564666,29,pump_le0,tdec_30_70,fund_flat,crowd_24,btc_up,-0.0028311727015349897,0.6558052170137996,0.0001,0.07409330204828812
RENDERUSDT,2024-07-27,e2324,105584,short,1,0.21046752832296153,0.0016889700000000001,0.20765649832296154,0.20315649832296154,36,pump_le0,tdec_30_70,fund_flat,crowd_01,btc_up,-0.07566371681415929,0.5730913197701341,0.0001,0.12883875174169024
RENDERUSDT,2024-07-27,e2324,105584,long,1,-0.21046752832296153,-0.0016889700000000001,-0.21665649832296155,-0.22115649832296155,36,pump_le0,tdec_30_70,fund_flat,crowd_01,btc_up,-0.07566371681415929,0.5730913197701341,0.0001,0.12883875174169024
RENDERUSDT,2024-07-27,e2324,105584,short,2,0.19570871261378409,0.00133897,0.19254768261378408,0.18804768261378407,29,pump_le0,tdec_ge70,fund_flat,crowd_01,btc_up,-0.07566371681415929,0.8176184056424054,0.0001,0.09457810778191744
RENDERUSDT,2024-07-27,e2324,105584,long,2,-0.19570871261378409,-0.00133897,-0.20154768261378408,-0.2060476826137841,29,pump_le0,tdec_ge70,fund_flat,crowd_01,btc_up,-0.07566371681415929,0.8176184056424054,0.0001,0.09457810778191744
RESOLVUSDT,2025-06-11,e2526,105630,short,1,0.18606386153387042,-0.01139829,0.1701655715338704,0.1656655715338704,35,pump_le0,tdec_30_70,fund_neg,crowd_ge5,btc_up,-0.23691326748455788,0.4277462877202022,-0.0007395399486430592,0.014675928594761745
RESOLVUSDT,2025-06-11,e2526,105630,long,1,-0.18606386153387042,0.01139829,-0.17916557153387042,-0.18366557153387042,35,pump_le0,tdec_30_70,fund_neg,crowd_ge5,btc_up,-0.23691326748455788,0.4277462877202022,-0.0007395399486430592,0.014675928594761745
RESOLVUSDT,2025-06-11,e2526,105630,short,2,0.2399066429790643,-0.00515438,0.23025226297906431,0.2257522629790643,29,pump_le0,tdec_30_70,fund_neg,crowd_ge5,btc_up,-0.23691326748455788,0.34985977587394,-0.0049994201735909785,0.024833241669816042
RESOLVUSDT,2025-06-11,e2526,105630,long,2,-0.2399066429790643,0.00515438,-0.23925226297906432,-0.24375226297906433,29,pump_le0,tdec_30_70,fund_neg,crowd_ge5,btc_up,-0.23691326748455788,0.34985977587394,-0.0049994201735909785,0.024833241669816042
REZUSDT,2024-05-01,e2324,105572,short,1,0.09660908509277033,0.00187209,0.09398117509277033,0.08948117509277034,35,pump_le0,tdec_30_70,fund_flat,crowd_01,btc_down,-0.023125000000000062,0.4571537413047134,0.0001,-0.09874926151013741
REZUSDT,2024-05-01,e2324,105572,long,1,-0.09660908509277033,-0.00187209,-0.10298117509277034,-0.10748117509277033,35,pump_le0,tdec_30_70,fund_flat,crowd_01,btc_down,-0.023125000000000062,0.4571537413047134,0.0001,-0.09874926151013741
REZUSDT,2024-05-01,e2324,105572,short,2,0.23177366702937977,0.00145232,0.22872598702937977,0.22422598702937976,29,pump_le0,tdec_ge70,fund_flat,crowd_01,btc_down,-0.023125000000000062,0.8869881785621568,0.00033954,-0.04726557822345567
REZUSDT,2024-05-01,e2324,105572,long,2,-0.23177366702937977,-0.00145232,-0.23772598702937978,-0.24222598702937978,29,pump_le0,tdec_ge70,fund_flat,crowd_01,btc_down,-0.023125000000000062,0.8869881785621568,0.00033954,-0.04726557822345567
RIFUSDT,2023-10-22,e2324,105545,short,1,0.1169590643274854,-0.01104016,0.1014189043274854,0.09691890432748541,35,pump_25_100,tdec_ge70,fund_neg,crowd_ge5,btc_up,0.31318302648419816,1.2285331962497321,-0.00586118,0.245110698675983
RIFUSDT,2023-10-22,e2324,105545,long,1,-0.1169590643274854,0.01104016,-0.11041890432748541,-0.1149189043274854,35,pump_25_100,tdec_ge70,fund_neg,crowd_ge5,btc_up,0.31318302648419816,1.2285331962497321,-0.00586118,0.245110698675983
RIFUSDT,2023-10-22,e2324,105545,short,2,0.037745098039215684,-0.0086383,0.024606798039215682,0.02010679803921568,29,pump_25_100,tdec_30_70,fund_flat,crowd_ge5,btc_up,0.31318302648419816,0.5920042702928385,0.0001,0.2929430780256477
RIFUSDT,2023-10-22,e2324,105545,long,2,-0.037745098039215684,0.0086383,-0.03360679803921568,-0.038106798039215684,29,pump_25_100,tdec_30_70,fund_flat,crowd_ge5,btc_up,0.31318302648419816,0.5920042702928385,0.0001,0.2929430780256477
RIVERUSDT,2025-10-18,e2526,105648,short,1,-0.8782195548887222,0.01070017,-0.8720193848887221,-0.8765193848887222,36,pump_0_25,tdec_30_70,fund_flat,crowd_ge5,btc_down,0.07326892109500815,0.5906394948724024,0.0001,-0.060425112161945904
RIVERUSDT,2025-10-18,e2526,105648,long,1,0.8782195548887222,-0.01070017,0.8630193848887222,0.8585193848887221,36,pump_0_25,tdec_30_70,fund_flat,crowd_ge5,btc_down,0.07326892109500815,0.5906394948724024,0.0001,-0.060425112161945904
RIVERUSDT,2025-10-18,e2526,105648,short,2,-0.7752304419758923,0.00716688,-0.7725635619758923,-0.7770635619758923,30,pump_0_25,tdec_lt30,fund_pos,crowd_ge5,btc_down,0.07326892109500815,0.24059751144182764,0.0006722,-0.044583822342765256
RIVERUSDT,2025-10-18,e2526,105648,long,2,0.7752304419758923,-0.00716688,0.7635635619758924,0.7590635619758923,30,pump_0_25,tdec_lt30,fund_pos,crowd_ge5,btc_down,0.07326892109500815,0.24059751144182764,0.0006722,-0.044583822342765256
RIVNUSDT,2026-06-11,e2526,105682,short,1,0.01612903225806449,0.0,0.011629032258064491,0.007129032258064492,18,pump_0_25,tdec_ge70,fund_flat,crowd_ge5,btc_down,0.1272727272727272,2.1557892244329384,0.0,-0.19853244425722338
RIVNUSDT,2026-06-11,e2526,105682,long,1,-0.01612903225806449,-0.0,-0.020629032258064492,-0.02512903225806449,18,pump_0_25,tdec_ge70,fund_flat,crowd_ge5,btc_down,0.1272727272727272,2.1557892244329384,0.0,-0.19853244425722338
RIVNUSDT,2026-06-11,e2526,105682,short,2,0.011404561824729969,0.0,0.006904561824729969,0.0024045618247299696,15,pump_0_25,tdec_ge70,fund_flat,crowd_ge5,btc_down,0.1272727272727272,0.809486373988361,0.0,-0.20519340793027419
RIVNUSDT,2026-06-11,e2526,105682,long,2,-0.011404561824729969,-0.0,-0.01590456182472997,-0.020404561824729966,15,pump_0_25,tdec_ge70,fund_flat,crowd_ge5,btc_down,0.1272727272727272,0.809486373988361,0.0,-0.20519340793027419
RKLBUSDT,2026-05-19,e2526,105679,short,1,-0.1701557935735152,0.0,-0.1746557935735152,-0.17915579357351522,0,pump_le0,tdec_ge70,fund_none,crowd_ge5,btc_up,-0.058158196408100826,1.3067051760394892,,0.02269689576870859
RKLBUSDT,2026-05-19,e2526,105679,long,1,0.1701557935735152,-0.0,0.1656557935735152,0.1611557935735152,0,pump_le0,tdec_ge70,fund_none,crowd_ge5,btc_up,-0.058158196408100826,1.3067051760394892,,0.02269689576870859
RKLBUSDT,2026-05-19,e2526,105679,short,2,-0.13963963963963966,0.0,-0.14413963963963966,-0.14863963963963966,0,pump_le0,tdec_ge70,fund_none,crowd_ge5,btc_up,-0.058158196408100826,1.4809055868378123,,0.017014426870734844
RKLBUSDT,2026-05-19,e2526,105679,long,2,0.13963963963963966,-0.0,0.13513963963963965,0.13063963963963965,0,pump_le0,tdec_ge70,fund_none,crowd_ge5,btc_up,-0.058158196408100826,1.4809055868378123,,0.017014426870734844
RLSUSDT,2025-12-03,e2526,105655,short,1,0.2977777777777778,-0.0047786,0.2884991777777778,0.2839991777777778,35,pump_le0,tdec_ge70,fund_flat,crowd_01,btc_down,-0.3005588543485853,0.9116034155266958,-0.00029533998974513924,-0.09280997690494763
RLSUSDT,2025-12-03,e2526,105655,long,1,-0.2977777777777778,0.0047786,-0.2974991777777778,-0.3019991777777778,35,pump_le0,tdec_ge70,fund_flat,crowd_01,btc_down,-0.3005588543485853,0.9116034155266958,-0.00029533998974513924,-0.09280997690494763
RLSUSDT,2025-12-03,e2526,105655,short,2,0.2668786820290913,-0.0050286,0.2573500820290913,0.2528500820290913,30,pump_le0,tdec_30_70,fund_flat,crowd_01,btc_down,-0.3005588543485853,0.5978929476505691,0.0001,-0.14010901701705558
RLSUSDT,2025-12-03,e2526,105655,long,2,-0.2668786820290913,0.0050286,-0.26635008202909133,-0.27085008202909133,30,pump_le0,tdec_30_70,fund_flat,crowd_01,btc_down,-0.3005588543485853,0.5978929476505691,0.0001,-0.14010901701705558
RNDRUSDT,2023-02-03,e2324,105507,short,1,0.11734176460060841,0.00350572,0.11634748460060841,0.11184748460060842,18,pump_0_25,tdec_30_70,fund_flat,crowd_01,btc_up,0.058270202020201944,0.5738922984005271,0.00034446,0.3862860946991762
RNDRUSDT,2023-02-03,e2324,105507,long,1,-0.11734176460060841,-0.00350572,-0.1253474846006084,-0.1298474846006084,18,pump_0_25,tdec_30_70,fund_flat,crowd_01,btc_up,0.058270202020201944,0.5738922984005271,0.00034446,0.3862860946991762
RNDRUSDT,2023-02-03,e2324,105507,short,2,0.1551418945925884,0.00227106,0.15291295459258838,0.14841295459258838,15,pump_0_25,tdec_ge70,fund_flat,crowd_01,btc_up,0.058270202020201944,1.9798910931245248,0.00029943,0.35325015639939106
RNDRUSDT,2023-02-03,e2324,105507,long,2,-0.1551418945925884,-0.00227106,-0.1619129545925884,-0.1664129545925884,15,pump_0_25,tdec_ge70,fund_flat,crowd_01,btc_up,0.058270202020201944,1.9798910931245248,0.00029943,0.35325015639939106
ROBOUSDT,2026-02-28,e2526,105667,short,1,0.00696864111498264,-0.03510888,-0.03264023888501736,-0.037140238885017364,36,pump_le0,tdec_30_70,fund_flat,crowd_01,btc_down,-0.0022349143282840433,0.35111237450281674,-0.00018226,-0.21922685052142576
ROBOUSDT,2026-02-28,e2526,105667,long,1,-0.00696864111498264,0.03510888,0.023640238885017362,0.019140238885017362,36,pump_le0,tdec_30_70,fund_flat,crowd_01,btc_down,-0.0022349143282840433,0.35111237450281674,-0.00018226,-0.21922685052142576
ROBOUSDT,2026-02-28,e2526,105667,short,2,0.29542645241038323,-0.03420353,0.25672292241038325,0.25222292241038324,29,pump_le0,tdec_ge70,fund_flat,crowd_01,btc_down,-0.0022349143282840433,1.921613987957649,0.0001,-0.1258468137441746
ROBOUSDT,2026-02-28,e2526,105667,long,2,-0.29542645241038323,0.03420353,-0.26572292241038326,-0.27022292241038326,29,pump_le0,tdec_ge70,fund_flat,crowd_01,btc_down,-0.0022349143282840433,1.921613987957649,0.0001,-0.1258468137441746
RONINUSDT,2024-02-06,e2324,105560,short,1,-0.02426614481408995,0.00202997,-0.026736174814089953,-0.031236174814089954,35,pump_le0,tdec_ge70,fund_flat,crowd_24,btc_down,-0.0003912363067292146,0.7853189771086623,-0.00012834,-0.056341236505459524
RONINUSDT,2024-02-06,e2324,105560,long,1,0.02426614481408995,-0.00202997,0.017736174814089952,0.013236174814089953,35,pump_le0,tdec_ge70,fund_flat,crowd_24,btc_down,-0.0003912363067292146,0.7853189771086623,-0.00012834,-0.056341236505459524
RONINUSDT,2024-02-06,e2324,105560,short,2,-0.04097056483691337,0.00208338,-0.04338718483691337,-0.04788718483691337,29,pump_le0,tdec_30_70,fund_flat,crowd_24,btc_down,-0.0003912363067292146,0.4943153527523419,0.0001,-0.01832198464674506
RONINUSDT,2024-02-06,e2324,105560,long,2,0.04097056483691337,-0.00208338,0.03438718483691337,0.02988718483691337,29,pump_le0,tdec_30_70,fund_flat,crowd_24,btc_down,-0.0003912363067292146,0.4943153527523419,0.0001,-0.01832198464674506
ROSEUSDT,2021-12-31,e2122,105450,short,1,0.19832652878101303,0.0018000000000000002,0.19562652878101303,0.19112652878101302,18,pump_0_25,tdec_ge70,fund_flat,crowd_01,btc_down,0.07762225928880517,1.703927109991839,0.00009999998958333443,-0.15587795993068565
ROSEUSDT,2021-12-31,e2122,105450,long,1,-0.19832652878101303,-0.0018000000000000002,-0.20462652878101303,-0.20912652878101304,18,pump_0_25,tdec_ge70,fund_flat,crowd_01,btc_down,0.07762225928880517,1.703927109991839,0.00009999998958333443,-0.15587795993068565
ROSEUSDT,2021-12-31,e2122,105450,short,2,0.14062763015510396,0.0015,0.13762763015510396,0.13312763015510395,15,pump_0_25,tdec_ge70,fund_flat,crowd_01,btc_down,0.07762225928880517,1.1307138283359477,0.00009999999479166695,-0.11810788629411328
ROSEUSDT,2021-12-31,e2122,105450,long,2,-0.14062763015510396,-0.0015,-0.14662763015510397,-0.15112763015510397,15,pump_0_25,tdec_ge70,fund_flat,crowd_01,btc_down,0.07762225928880517,1.1307138283359477,0.00009999999479166695,-0.11810788629411328
RPLUSDT,2024-09-10,e2324,105591,short,1,0.048323471400394495,0.00155546,0.0453789314003945,0.040878931400394496,35,pump_le0,tdec_ge70,fund_flat,crowd_24,btc_down,-0.13036020583190389,0.9752241537052642,-0.0000702,-0.034010073562629306
RPLUSDT,2024-09-10,e2324,105591,long,1,-0.048323471400394495,-0.00155546,-0.054378931400394494,-0.0588789314003945,35,pump_le0,tdec_ge70,fund_flat,crowd_24,btc_down,-0.13036020583190389,0.9752241537052642,-0.0000702,-0.034010073562629306
RPLUSDT,2024-09-10,e2324,105591,short,2,0.05669599217986315,0.00131225,0.05350824217986316,0.04900824217986315,29,pump_le0,tdec_30_70,fund_flat,crowd_24,btc_down,-0.13036020583190389,0.33101939642348915,0.0001,-0.04051989661522204
RPLUSDT,2024-09-10,e2324,105591,long,2,-0.05669599217986315,-0.00131225,-0.06250824217986316,-0.06700824217986315,29,pump_le0,tdec_30_70,fund_flat,crowd_24,btc_down,-0.13036020583190389,0.33101939642348915,0.0001,-0.04051989661522204
RVVUSDT,2025-10-19,e2526,105649,short,1,-0.35576506285218895,0.01946668,-0.34079838285218894,-0.34529838285218895,36,pump_0_25,tdec_30_70,fund_pos,crowd_ge5,btc_down,0.08449876601245743,0.3363443666871681,0.00160794,-0.044583822342765256
RVVUSDT,2025-10-19,e2526,105649,long,1,0.35576506285218895,-0.01946668,0.33179838285218893,0.32729838285218893,36,pump_0_25,tdec_30_70,fund_pos,crowd_ge5,btc_down,0.08449876601245743,0.3363443666871681,0.00160794,-0.044583822342765256
RVVUSDT,2025-10-19,e2526,105649,short,2,-0.2472335759146645,0.01645035,-0.2352832259146645,-0.2397832259146645,30,pump_0_25,tdec_lt30,fund_pos,crowd_ge5,btc_down,0.08449876601245743,0.18981825997942162,0.00076624,-0.060166394782604105
RVVUSDT,2025-10-19,e2526,105649,long,2,0.2472335759146645,-0.01645035,0.2262832259146645,0.22178322591466448,30,pump_0_25,tdec_lt30,fund_pos,crowd_ge5,btc_down,0.08449876601245743,0.18981825997942162,0.00076624,-0.060166394782604105
SAFEUSDT,2024-10-26,e2324,105597,short,1,0.1629276291272266,0.00158932,0.1600169491272266,0.1555169491272266,35,pump_le0,tdec_ge70,fund_flat,crowd_24,btc_up,-0.09825929161906044,0.8273451109670125,0.00008368,0.0341142759803863
SAFEUSDT,2024-10-26,e2324,105597,long,1,-0.1629276291272266,-0.00158932,-0.16901694912722662,-0.17351694912722662,35,pump_le0,tdec_ge70,fund_flat,crowd_24,btc_up,-0.09825929161906044,0.8273451109670125,0.00008368,0.0341142759803863
SAFEUSDT,2024-10-26,e2324,105597,short,2,0.06897123435298014,0.00148196,0.06595319435298014,0.06145319435298014,29,pump_le0,tdec_ge70,fund_flat,crowd_24,btc_up,-0.09825929161906044,0.7472825957626715,0.0001,0.06255298332183767
SAFEUSDT,2024-10-26,e2324,105597,long,2,-0.06897123435298014,-0.00148196,-0.07495319435298015,-0.07945319435298014,29,pump_le0,tdec_ge70,fund_flat,crowd_24,btc_up,-0.09825929161906044,0.7472825957626715,0.0001,0.06255298332183767
SAGAUSDT,2024-04-10,e2324,105569,short,1,0.3182575297368267,0.00244034,0.3161978697368267,0.31169786973682667,35,pump_le0,tdec_ge70,fund_pos,crowd_24,btc_down,-0.22242030840494909,0.731005649152551,0.00053368,-0.02024384922632838
SAGAUSDT,2024-04-10,e2324,105569,long,1,-0.3182575297368267,-0.00244034,-0.3251978697368267,-0.3296978697368267,35,pump_le0,tdec_ge70,fund_pos,crowd_24,btc_down,-0.22242030840494909,0.731005649152551,0.00053368,-0.02024384922632838
SAGAUSDT,2024-04-10,e2324,105569,short,2,0.15171169413830105,0.0014500000000000001,0.14866169413830105,0.14416169413830104,29,pump_le0,tdec_ge70,fund_flat,crowd_24,btc_down,-0.22242030840494909,0.748548429532455,0.0001,-0.0819280271744186
SAGAUSDT,2024-04-10,e2324,105569,long,2,-0.15171169413830105,-0.0014500000000000001,-0.15766169413830106,-0.16216169413830106,29,pump_le0,tdec_ge70,fund_flat,crowd_24,btc_down,-0.22242030840494909,0.748548429532455,0.0001,-0.0819280271744186
SAHARAUSDT,2025-06-27,e2526,105632,short,1,0.0804675973215299,-0.0475924,0.0283751973215299,0.0238751973215299,144,pump_le0,tdec_30_70,fund_neg,crowd_24,btc_up,-0.057647058823529496,0.5601598193960906,-0.00232584,0.016118074775511415
SAHARAUSDT,2025-06-27,e2526,105632,long,1,-0.0804675973215299,0.0475924,-0.0373751973215299,-0.0418751973215299,144,pump_le0,tdec_30_70,fund_neg,crowd_24,btc_up,-0.057647058823529496,0.5601598193960906,-0.00232584,0.016118074775511415
SAHARAUSDT,2025-06-27,e2526,105632,short,2,0.1910134797803296,-0.02475395,0.1617595297803296,0.1572595297803296,119,pump_le0,tdec_ge70,fund_neg,crowd_24,btc_up,-0.057647058823529496,1.323260051856469,-0.00067744,0.041941317941317946
SAHARAUSDT,2025-06-27,e2526,105632,long,2,-0.1910134797803296,0.02475395,-0.1707595297803296,-0.1752595297803296,119,pump_le0,tdec_ge70,fund_neg,crowd_24,btc_up,-0.057647058823529496,1.323260051856469,-0.00067744,0.041941317941317946
SAMSUNGUSDT,2026-06-02,e2526,105681,short,1,0.13959003896323907,0.0,0.13509003896323907,0.13059003896323906,0,pump_0_25,tdec_ge70,fund_none,crowd_ge5,btc_down,0.002249671038668799,1.0186902477768942,,-0.19678275651697885
SAMSUNGUSDT,2026-06-02,e2526,105681,long,1,-0.13959003896323907,-0.0,-0.14409003896323908,-0.14859003896323908,0,pump_0_25,tdec_ge70,fund_none,crowd_ge5,btc_down,0.002249671038668799,1.0186902477768942,,-0.19678275651697885
SAMSUNGUSDT,2026-06-02,e2526,105681,short,2,0.08770039067762361,0.0,0.08320039067762361,0.07870039067762362,0,pump_0_25,tdec_ge70,fund_none,crowd_ge5,btc_down,0.002249671038668799,1.0132480334810516,,-0.21034009836523748
SAMSUNGUSDT,2026-06-02,e2526,105681,long,2,-0.08770039067762361,-0.0,-0.09220039067762362,-0.09670039067762361,0,pump_0_25,tdec_ge70,fund_none,crowd_ge5,btc_down,0.002249671038668799,1.0132480334810516,,-0.21034009836523748
SANTOSUSDT,2024-10-29,e2324,105598,short,1,0.14619768127333477,-0.01306384,0.12863384127333477,0.12413384127333478,35,pump_le0,tdec_30_70,fund_flat,crowd_24,btc_up,-0.0048885412592881705,0.4393368221687689,0.0001,0.14278989908243833
SANTOSUSDT,2024-10-29,e2324,105598,long,1,-0.14619768127333477,0.01306384,-0.13763384127333478,-0.14213384127333478,35,pump_le0,tdec_30_70,fund_flat,crowd_24,btc_up,-0.0048885412592881705,0.4393368221687689,0.0001,0.14278989908243833
SANTOSUSDT,2024-10-29,e2324,105598,short,2,0.06276962899050914,-0.01336384,0.04490578899050914,0.04040578899050914,29,pump_le0,tdec_30_70,fund_flat,crowd_24,btc_up,-0.0048885412592881705,0.42443421136150533,0.0001,0.15705170393966106
SANTOSUSDT,2024-10-29,e2324,105598,long,2,-0.06276962899050914,0.01336384,-0.053905788990509136,-0.05840578899050914,29,pump_le0,tdec_30_70,fund_flat,crowd_24,btc_up,-0.0048885412592881705,0.42443421136150533,0.0001,0.15705170393966106
SAPIENUSDT,2025-08-21,e2526,105640,short,1,0.4644505308970847,0.00276459,0.4627151208970847,0.4582151208970847,36,pump_25_100,tdec_30_70,fund_pos,crowd_24,btc_down,0.2620986835874608,0.5487161788039479,0.0030737206403584666,-0.015297333496190446
SAPIENUSDT,2025-08-21,e2526,105640,long,1,-0.4644505308970847,-0.00276459,-0.4717151208970847,-0.47621512089708473,36,pump_25_100,tdec_30_70,fund_pos,crowd_24,btc_down,0.2620986835874608,0.5487161788039479,0.0030737206403584666,-0.015297333496190446
SAPIENUSDT,2025-08-21,e2526,105640,short,2,0.47242755765819044,0.00037773000000000006,0.46830528765819046,0.46380528765819046,30,pump_25_100,tdec_30_70,fund_pos,crowd_24,btc_down,0.2620986835874608,0.3668756950996207,0.00119742,-0.024660528867409437
SAPIENUSDT,2025-08-21,e2526,105640,long,2,-0.47242755765819044,-0.00037773000000000006,-0.47730528765819047,-0.4818052876581905,30,pump_25_100,tdec_30_70,fund_pos,crowd_24,btc_down,0.2620986835874608,0.3668756950996207,0.00119742,-0.024660528867409437
SCRTUSDT,2024-11-22,e2324,105601,short,1,-0.3521536670547148,-0.01067634,-0.3673300070547148,-0.3718300070547148,36,pump_25_100,tdec_lt30,fund_neg,crowd_24,btc_up,0.513656387665198,0.28299842654916146,-0.00157742,0.43347591010036113
SCRTUSDT,2024-11-22,e2324,105601,long,1,0.3521536670547148,0.01067634,0.3583300070547148,0.3538300070547148,36,pump_25_100,tdec_lt30,fund_neg,crowd_24,btc_up,0.513656387665198,0.28299842654916146,-0.00157742,0.43347591010036113
SCRTUSDT,2024-11-22,e2324,105601,short,2,-0.41215805471124617,-0.01026739,-0.42692544471124616,-0.43142544471124616,29,pump_25_100,tdec_lt30,fund_neg,crowd_24,btc_up,0.513656387665198,0.06707827847883513,-0.00068952,0.4694912304913683
SCRTUSDT,2024-11-22,e2324,105601,long,2,0.41215805471124617,0.01026739,0.41792544471124615,0.41342544471124615,29,pump_25_100,tdec_lt30,fund_neg,crowd_24,btc_up,0.513656387665198,0.06707827847883513,-0.00068952,0.4694912304913683
SCRUSDT,2024-10-23,e2324,105597,short,1,0.20770877944325486,0.00208875,0.20529752944325486,0.20079752944325485,35,pump_le0,tdec_30_70,fund_flat,crowd_01,btc_up,-0.19482758620689644,0.33448807655078266,0.0001,0.0611847809336723
SCRUSDT,2024-10-23,e2324,105597,long,1,-0.20770877944325486,-0.00208875,-0.21429752944325486,-0.21879752944325487,35,pump_le0,tdec_30_70,fund_flat,crowd_01,btc_up,-0.19482758620689644,0.33448807655078266,0.0001,0.0611847809336723
SCRUSDT,2024-10-23,e2324,105597,short,2,0.08188585607940453,0.00178875,0.07917460607940453,0.07467460607940454,29,pump_le0,tdec_30_70,fund_flat,crowd_01,btc_up,-0.19482758620689644,0.3882699352880755,0.0001,0.05615478212375469
SCRUSDT,2024-10-23,e2324,105597,long,2,-0.08188585607940453,-0.00178875,-0.08817460607940454,-0.09267460607940453,29,pump_le0,tdec_30_70,fund_flat,crowd_01,btc_up,-0.19482758620689644,0.3882699352880755,0.0001,0.05615478212375469
SEIUSDT,2023-08-17,e2324,105535,short,1,0.11237980769230767,-0.01337279,0.09450701769230767,0.09000701769230768,17,pump_le0,tdec_ge70,fund_neg,crowd_24,btc_down,-0.25045045045045045,0.7128360025891819,-0.00282693,-0.12889565319195206
SEIUSDT,2023-08-17,e2324,105535,long,1,-0.11237980769230767,0.01337279,-0.10350701769230768,-0.10800701769230767,17,pump_le0,tdec_ge70,fund_neg,crowd_24,btc_down,-0.25045045045045045,0.7128360025891819,-0.00282693,-0.12889565319195206
SEIUSDT,2023-08-17,e2324,105535,short,2,0.0745614035087719,-0.00886521,0.0611961935087719,0.0566961935087719,14,pump_le0,tdec_lt30,fund_neg,crowd_24,btc_down,-0.25045045045045045,0.2268871866517269,-0.00064292,-0.12428921486354938
SEIUSDT,2023-08-17,e2324,105535,long,2,-0.0745614035087719,0.00886521,-0.0701961935087719,-0.0746961935087719,14,pump_le0,tdec_lt30,fund_neg,crowd_24,btc_down,-0.25045045045045045,0.2268871866517269,-0.00064292,-0.12428921486354938
SENTUSDT,2025-11-15,e2526,105652,short,1,0.4851908396946565,0.0018000000000000002,0.4824908396946565,0.4779908396946565,36,pump_0_25,tdec_30_70,fund_flat,crowd_ge5,btc_down,0.015503875968992276,0.5812991167123199,0.0001,-0.11427956374684389
SENTUSDT,2025-11-15,e2526,105652,long,1,-0.4851908396946565,-0.0018000000000000002,-0.4914908396946565,-0.4959908396946565,36,pump_0_25,tdec_30_70,fund_flat,crowd_ge5,btc_down,0.015503875968992276,0.5812991167123199,0.0001,-0.11427956374684389
SENTUSDT,2025-11-15,e2526,105652,short,2,0.5048458149779735,0.0015,0.5018458149779735,0.4973458149779735,30,pump_0_25,tdec_30_70,fund_flat,crowd_ge5,btc_down,0.015503875968992276,0.3480542127580792,0.0001,-0.13954582584545017
SENTUSDT,2025-11-15,e2526,105652,long,2,-0.5048458149779735,-0.0015,-0.5108458149779734,-0.5153458149779735,30,pump_0_25,tdec_30_70,fund_flat,crowd_ge5,btc_down,0.015503875968992276,0.3480542127580792,0.0001,-0.13954582584545017
SHELLUSDT,2025-02-18,e2526,105614,short,1,-0.19588875453446197,0.00872528,-0.19166347453446198,-0.19616347453446198,35,pump_0_25,tdec_ge70,fund_flat,crowd_ge5,btc_down,0.05430902600713927,0.925509078039166,-9.4e-7,-0.05525410865389513
SHELLUSDT,2025-02-18,e2526,105614,long,1,0.19588875453446197,-0.00872528,0.18266347453446197,0.17816347453446196,35,pump_0_25,tdec_ge70,fund_flat,crowd_ge5,btc_down,0.05430902600713927,0.925509078039166,-9.4e-7,-0.05525410865389513
SHELLUSDT,2025-02-18,e2526,105614,short,2,-0.24653390471388958,0.00847528,-0.2425586247138896,-0.2470586247138896,30,pump_0_25,tdec_30_70,fund_flat,crowd_ge5,btc_down,0.05430902600713927,0.6414643105821334,0.0001,-0.07408601086562161
SHELLUSDT,2025-02-18,e2526,105614,long,2,0.24653390471388958,-0.00847528,0.23355862471388958,0.22905862471388957,30,pump_0_25,tdec_30_70,fund_flat,crowd_ge5,btc_down,0.05430902600713927,0.6414643105821334,0.0001,-0.07408601086562161
SIGNUSDT,2025-04-29,e2526,105624,short,1,0.190441253537365,-0.05489659,0.131044663537365,0.126544663537365,143,pump_0_25,tdec_30_70,fund_neg,crowd_ge5,btc_up,0.18096299046911746,0.3519285216483195,-0.00396968,0.140668343078741
SIGNUSDT,2025-04-29,e2526,105624,long,1,-0.190441253537365,0.05489659,-0.140044663537365,-0.144544663537365,143,pump_0_25,tdec_30_70,fund_neg,crowd_ge5,btc_up,0.18096299046911746,0.3519285216483195,-0.00396968,0.140668343078741
SIGNUSDT,2025-04-29,e2526,105624,short,2,0.11725714285714277,-0.03570622,0.07705092285714277,0.07255092285714278,119,pump_0_25,tdec_lt30,fund_neg,crowd_ge5,btc_up,0.18096299046911746,0.14595969655028684,-0.00378016,0.13278055095752062
SIGNUSDT,2025-04-29,e2526,105624,long,2,-0.11725714285714277,0.03570622,-0.08605092285714278,-0.09055092285714277,119,pump_0_25,tdec_lt30,fund_neg,crowd_ge5,btc_up,0.18096299046911746,0.14595969655028684,-0.00378016,0.13278055095752062
SIRENUSDT,2025-03-23,e2526,105619,short,1,0.47472173796432876,-0.03272676,0.43749497796432874,0.43299497796432873,36,pump_le0,tdec_ge70,fund_flat,crowd_ge5,btc_down,-0.02446363160648868,2.069722742581028,0.0001,-0.0936745168299945
SIRENUSDT,2025-03-23,e2526,105619,long,1,-0.47472173796432876,0.03272676,-0.44649497796432874,-0.45099497796432875,36,pump_le0,tdec_ge70,fund_flat,crowd_ge5,btc_down,-0.02446363160648868,2.069722742581028,0.0001,-0.0936745168299945
SIRENUSDT,2025-03-23,e2526,105619,short,2,0.3328223471299607,-0.03438534,0.29393700712996074,0.28943700712996073,29,pump_le0,tdec_ge70,fund_flat,crowd_ge5,btc_down,-0.02446363160648868,3.2555404753224786,-0.0003633,-0.09196369925087089
SIRENUSDT,2025-03-23,e2526,105619,long,2,-0.3328223471299607,0.03438534,-0.30293700712996074,-0.30743700712996075,29,pump_le0,tdec_ge70,fund_flat,crowd_ge5,btc_down,-0.02446363160648868,3.2555404753224786,-0.0003633,-0.09196369925087089
SKATEUSDT,2025-06-10,e2526,105630,short,1,0.18213124162999797,-0.01242827,0.16520297162999797,0.16070297162999797,36,pump_le0,tdec_30_70,fund_pos,crowd_ge5,btc_up,-0.1955986457371499,0.45324592901291905,0.0008479398822305719,0.05704438321070904
SKATEUSDT,2025-06-10,e2526,105630,long,1,-0.18213124162999797,0.01242827,-0.17420297162999798,-0.178702971629998,36,pump_le0,tdec_30_70,fund_pos,crowd_ge5,btc_up,-0.1955986457371499,0.45324592901291905,0.0008479398822305719,0.05704438321070904
SKATEUSDT,2025-06-10,e2526,105630,short,2,-0.12204724409448822,-0.01295993,-0.13950717409448823,-0.14400717409448824,29,pump_le0,tdec_30_70,fund_flat,crowd_ge5,btc_up,-0.1955986457371499,0.6212047323700284,0.00009999999652777789,0.014675928594761745
SKATEUSDT,2025-06-10,e2526,105630,long,2,0.12204724409448822,0.01295993,0.13050717409448823,0.12600717409448822,29,pump_le0,tdec_30_70,fund_flat,crowd_ge5,btc_up,-0.1955986457371499,0.6212047323700284,0.00009999999652777789,0.014675928594761745
SKHYNIXUSDT,2026-06-02,e2526,105681,short,1,0.10214406011141343,0.0,0.09764406011141342,0.09314406011141343,0,pump_le0,tdec_ge70,fund_none,crowd_ge5,btc_down,-0.016437308868501477,1.1667929306513425,,-0.19678275651697885
SKHYNIXUSDT,2026-06-02,e2526,105681,long,1,-0.10214406011141343,-0.0,-0.10664406011141343,-0.11114406011141342,0,pump_le0,tdec_ge70,fund_none,crowd_ge5,btc_down,-0.016437308868501477,1.1667929306513425,,-0.19678275651697885
SKHYNIXUSDT,2026-06-02,e2526,105681,short,2,0.041397815998948886,0.0,0.03689781599894889,0.032397815998948885,0,pump_le0,tdec_ge70,fund_none,crowd_ge5,btc_down,-0.016437308868501477,2.644563723327734,,-0.21034009836523748
SKHYNIXUSDT,2026-06-02,e2526,105681,long,2,-0.041397815998948886,-0.0,-0.045897815998948883,-0.05039781599894889,0,pump_le0,tdec_ge70,fund_none,crowd_ge5,btc_down,-0.016437308868501477,2.644563723327734,,-0.21034009836523748
SKRUSDT,2026-01-23,e2526,105662,short,1,0.371048792348841,-0.01137592,0.355172872348841,0.350672872348841,36,pump_le0,tdec_30_70,fund_neg,crowd_24,btc_up,-0.27629572276577274,0.642026983993725,-0.00107304,0.022916217419032048
SKRUSDT,2026-01-23,e2526,105662,long,1,-0.371048792348841,0.01137592,-0.364172872348841,-0.368672872348841,36,pump_le0,tdec_30_70,fund_neg,crowd_24,btc_up,-0.27629572276577274,0.642026983993725,-0.00107304,0.022916217419032048
SKRUSDT,2026-01-23,e2526,105662,short,2,0.129420211811165,-0.00889345,0.116026761811165,0.11152676181116501,29,pump_le0,tdec_30_70,fund_flat,crowd_24,btc_down,-0.27629572276577274,0.3023128621093657,-0.00011762001225208462,-0.007894116003307472
SKRUSDT,2026-01-23,e2526,105662,long,2,-0.129420211811165,0.00889345,-0.125026761811165,-0.12952676181116501,29,pump_le0,tdec_30_70,fund_flat,crowd_24,btc_down,-0.27629572276577274,0.3023128621093657,-0.00011762001225208462,-0.007894116003307472
SKYAIUSDT,2025-05-14,e2526,105626,short,1,0.08254948757545973,0.00522389,0.08327337757545972,0.07877337757545973,36,pump_0_25,tdec_lt30,fund_pos,crowd_ge5,btc_up,0.0009836987071387693,0.25574520360786035,0.00084072,0.24047497449428112
SKYAIUSDT,2025-05-14,e2526,105626,long,1,-0.08254948757545973,-0.00522389,-0.09227337757545973,-0.09677337757545972,36,pump_0_25,tdec_lt30,fund_pos,crowd_ge5,btc_up,0.0009836987071387693,0.25574520360786035,0.00084072,0.24047497449428112
SKYAIUSDT,2025-05-14,e2526,105626,short,2,-0.02013737121448641,0.00447753,-0.02015984121448641,-0.02465984121448641,29,pump_0_25,tdec_lt30,fund_flat,crowd_ge5,btc_up,0.0009836987071387693,0.14264746649335305,0.0001,0.2312441957375877
SKYAIUSDT,2025-05-14,e2526,105626,long,2,0.02013737121448641,-0.00447753,0.011159841214486408,0.006659841214486409,29,pump_0_25,tdec_lt30,fund_flat,crowd_ge5,btc_up,0.0009836987071387693,0.14264746649335305,0.0001,0.2312441957375877
SKYUSDT,2025-09-10,e2526,105643,short,1,-0.06650006941552135,0.00571151,-0.06528855941552135,-0.06978855941552134,36,pump_0_25,tdec_ge70,fund_neg,crowd_ge5,btc_down,0.04059520369835301,1.0150096782604592,-0.001365519905172229,-0.03875717224206998
SKYUSDT,2025-09-10,e2526,105643,long,1,0.06650006941552135,-0.00571151,0.05628855941552135,0.051788559415521344,36,pump_0_25,tdec_ge70,fund_neg,crowd_ge5,btc_down,0.04059520369835301,1.0150096782604592,-0.001365519905172229,-0.03875717224206998
SKYUSDT,2025-09-10,e2526,105643,short,2,-0.04616641699577835,0.006930400000000001,-0.043736016995778344,-0.04823601699577835,30,pump_0_25,tdec_30_70,fund_flat,crowd_ge5,btc_down,0.04059520369835301,0.5468452063228155,0.00009999999305555606,-0.05956266384699149
SKYUSDT,2025-09-10,e2526,105643,long,2,0.04616641699577835,-0.006930400000000001,0.03473601699577835,0.030236016995778346,30,pump_0_25,tdec_30_70,fund_flat,crowd_ge5,btc_down,0.04059520369835301,0.5468452063228155,0.00009999999305555606,-0.05956266384699149
SLERFUSDT,2024-11-22,e2324,105601,short,1,0.15583634175691927,0.00950489,0.16084123175691925,0.15634123175691925,36,pump_le0,tdec_30_70,fund_flat,crowd_24,btc_up,-0.07228579402735147,0.6807192962901907,0.0003585,0.43347591010036113
SLERFUSDT,2024-11-22,e2324,105601,long,1,-0.15583634175691927,-0.00950489,-0.16984123175691926,-0.17434123175691926,36,pump_le0,tdec_30_70,fund_flat,crowd_24,btc_up,-0.07228579402735147,0.6807192962901907,0.0003585,0.43347591010036113
SLERFUSDT,2024-11-22,e2324,105601,short,2,0.09803921568627443,0.00760237,0.10114158568627442,0.09664158568627443,29,pump_le0,tdec_30_70,fund_pos,crowd_24,btc_up,-0.07228579402735147,0.38773928441589967,0.00050296,0.4694912304913683
SLERFUSDT,2024-11-22,e2324,105601,long,2,-0.09803921568627443,-0.00760237,-0.11014158568627443,-0.11464158568627442,29,pump_le0,tdec_30_70,fund_pos,crowd_24,btc_up,-0.07228579402735147,0.38773928441589967,0.00050296,0.4694912304913683
SLPUSDT,2023-11-01,e2324,105546,short,1,0.020357291233901124,0.00294665,0.018803941233901122,0.014303941233901123,35,pump_le0,tdec_30_70,fund_flat,crowd_24,btc_up,-0.13198701767039311,0.411722606707491,0.0001,0.27462790018969785
SLPUSDT,2023-11-01,e2324,105546,long,1,-0.020357291233901124,-0.00294665,-0.027803941233901123,-0.03230394123390112,35,pump_le0,tdec_30_70,fund_flat,crowd_24,btc_up,-0.13198701767039311,0.411722606707491,0.0001,0.27462790018969785
SLPUSDT,2023-11-01,e2324,105546,short,2,0.0042229729729729845,0.00255694,0.0022799129729729846,-0.002220087027027015,29,pump_le0,tdec_lt30,fund_flat,crowd_24,btc_up,-0.13198701767039311,0.23927275034104845,0.0001,0.25002341515428794
SLPUSDT,2023-11-01,e2324,105546,long,2,-0.0042229729729729845,-0.00255694,-0.011279912972972983,-0.015779912972972984,29,pump_le0,tdec_lt30,fund_flat,crowd_24,btc_up,-0.13198701767039311,0.23927275034104845,0.0001,0.25002341515428794
SLXUSDT,2026-06-02,e2526,105681,short,1,0.19140654811875146,0.0,0.18690654811875146,0.18240654811875145,0,pump_le0,tdec_ge70,fund_none,crowd_ge5,btc_down,-0.25200513771942334,1.2617657517331424,,-0.19678275651697885
SLXUSDT,2026-06-02,e2526,105681,long,1,-0.19140654811875146,-0.0,-0.19590654811875147,-0.20040654811875147,0,pump_le0,tdec_ge70,fund_none,crowd_ge5,btc_down,-0.25200513771942334,1.2617657517331424,,-0.19678275651697885
SLXUSDT,2026-06-02,e2526,105681,short,2,0.01258154706430572,0.0,0.008081547064305722,0.0035815470643057214,0,pump_le0,tdec_30_70,fund_none,crowd_ge5,btc_down,-0.25200513771942334,0.6984341795240777,,-0.21034009836523748
SLXUSDT,2026-06-02,e2526,105681,long,2,-0.01258154706430572,-0.0,-0.01708154706430572,-0.02158154706430572,0,pump_le0,tdec_30_70,fund_none,crowd_ge5,btc_down,-0.25200513771942334,0.6984341795240777,,-0.21034009836523748
SNDKUSDT,2026-04-08,e2526,105673,short,1,-0.03795333472910414,-0.01536377,-0.05781710472910414,-0.06231710472910414,18,pump_0_25,tdec_ge70,fund_flat,crowd_ge5,btc_up,0.14284574892327329,1.6552601137231382,0.0,0.026444202518100424
SNDKUSDT,2026-04-08,e2526,105673,long,1,0.03795333472910414,0.01536377,0.048817104729104145,0.04431710472910414,18,pump_0_25,tdec_ge70,fund_flat,crowd_ge5,btc_up,0.14284574892327329,1.6552601137231382,0.0,0.026444202518100424
SNDKUSDT,2026-04-08,e2526,105673,short,2,-0.041478472975969516,-0.01510966,-0.06108813297596951,-0.06558813297596951,15,pump_0_25,tdec_ge70,fund_flat,crowd_ge5,btc_up,0.14284574892327329,1.8408784533989762,0.0,0.039449750534568784
SNDKUSDT,2026-04-08,e2526,105673,long,2,0.041478472975969516,0.01510966,0.052088132975969516,0.04758813297596951,15,pump_0_25,tdec_ge70,fund_flat,crowd_ge5,btc_up,0.14284574892327329,1.8408784533989762,0.0,0.039449750534568784
SNTUSDT,2023-11-03,e2324,105546,short,1,0.22124789207419898,-0.0005535799999999999,0.21619431207419898,0.21169431207419898,35,pump_0_25,tdec_ge70,fund_flat,crowd_24,btc_up,0.11445217064461555,1.8217859987933185,0.0001,0.27999080238262075
SNTUSDT,2023-11-03,e2324,105546,long,1,-0.22124789207419898,0.0005535799999999999,-0.225194312074199,-0.229694312074199,35,pump_0_25,tdec_ge70,fund_flat,crowd_24,btc_up,0.11445217064461555,1.8217859987933185,0.0001,0.27999080238262075
SNTUSDT,2023-11-03,e2324,105546,short,2,0.13649962602842186,-0.0008535799999999999,0.13114604602842186,0.12664604602842186,29,pump_0_25,tdec_ge70,fund_flat,crowd_24,btc_up,0.11445217064461555,0.8527140034761168,0.0001,0.25466125525230776
SNTUSDT,2023-11-03,e2324,105546,long,2,-0.13649962602842186,0.0008535799999999999,-0.14014604602842187,-0.14464604602842188,29,pump_0_25,tdec_ge70,fund_flat,crowd_24,btc_up,0.11445217064461555,0.8527140034761168,0.0001,0.25466125525230776
SOLVUSDT,2025-01-18,e2526,105609,short,1,0.22572509457755352,0.00175,0.22297509457755352,0.2184750945775535,35,pump_le0,tdec_30_70,fund_flat,crowd_24,btc_up,-0.38953040800615857,0.5995929882058493,0.0001708,0.03628212314503032
SOLVUSDT,2025-01-18,e2526,105609,long,1,-0.22572509457755352,-0.00175,-0.23197509457755353,-0.23647509457755353,35,pump_le0,tdec_30_70,fund_flat,crowd_24,btc_up,-0.38953040800615857,0.5995929882058493,0.0001708,0.03628212314503032
SOLVUSDT,2025-01-18,e2526,105609,short,2,0.2067183462532299,0.0014500000000000001,0.2036683462532299,0.1991683462532299,29,pump_le0,tdec_30_70,fund_flat,crowd_24,btc_up,-0.38953040800615857,0.4765579759856173,0.0001,0.05126164640177344
SOLVUSDT,2025-01-18,e2526,105609,long,2,-0.2067183462532299,-0.0014500000000000001,-0.21266834625322992,-0.21716834625322992,29,pump_le0,tdec_30_70,fund_flat,crowd_24,btc_up,-0.38953040800615857,0.4765579759856173,0.0001,0.05126164640177344
SOMIUSDT,2025-08-26,e2526,105641,short,1,0.6978501228501228,0.00163958,0.6949897028501228,0.6904897028501228,35,pump_0_25,tdec_ge70,fund_flat,crowd_24,btc_down,0.08100929614873831,0.7401731133359608,0.0001,-0.05800083699447822
SOMIUSDT,2025-08-26,e2526,105641,long,1,-0.6978501228501228,-0.00163958,-0.7039897028501227,-0.7084897028501228,35,pump_0_25,tdec_ge70,fund_flat,crowd_24,btc_down,0.08100929614873831,0.7401731133359608,0.0001,-0.05800083699447822
SOMIUSDT,2025-08-26,e2526,105641,short,2,0.695040297582145,0.0013395800000000002,0.6918798775821451,0.687379877582145,29,pump_0_25,tdec_30_70,fund_flat,crowd_24,btc_down,0.08100929614873831,0.605497092815665,0.0001,-0.04571532778611842
SOMIUSDT,2025-08-26,e2526,105641,long,2,-0.695040297582145,-0.0013395800000000002,-0.700879877582145,-0.705379877582145,29,pump_0_25,tdec_30_70,fund_flat,crowd_24,btc_down,0.08100929614873831,0.605497092815665,0.0001,-0.04571532778611842
SONICUSDT,2025-01-09,e2526,105608,short,1,0.12110596772175654,-0.00423831,0.11236765772175654,0.10786765772175655,35,pump_le0,tdec_ge70,fund_flat,crowd_ge5,btc_down,-0.09550752517822791,1.7677648918065925,-0.00002942,-0.06368769118026651
SONICUSDT,2025-01-09,e2526,105608,long,1,-0.12110596772175654,0.00423831,-0.12136765772175655,-0.12586765772175654,35,pump_le0,tdec_ge70,fund_flat,crowd_ge5,btc_down,-0.09550752517822791,1.7677648918065925,-0.00002942,-0.06368769118026651
SONICUSDT,2025-01-09,e2526,105608,short,2,0.13485221674876852,-0.00312364,0.1272285767487685,0.12272857674876851,29,pump_le0,tdec_ge70,fund_flat,crowd_ge5,btc_down,-0.09550752517822791,0.8090656881716908,-0.00041596,-0.05420854070316372
SONICUSDT,2025-01-09,e2526,105608,long,2,-0.13485221674876852,0.00312364,-0.1362285767487685,-0.1407285767487685,29,pump_le0,tdec_ge70,fund_flat,crowd_ge5,btc_down,-0.09550752517822791,0.8090656881716908,-0.00041596,-0.05420854070316372
SOONUSDT,2025-05-24,e2526,105627,short,1,0.3670824723859086,-0.0080649,0.3545175723859086,0.3500175723859086,35,pump_le0,tdec_30_70,fund_flat,crowd_24,btc_up,-0.13310482087571862,0.5890983625645638,0.00010000000347222237,0.15185354333039425
SOONUSDT,2025-05-24,e2526,105627,long,1,-0.3670824723859086,0.0080649,-0.3635175723859086,-0.3680175723859086,35,pump_le0,tdec_30_70,fund_flat,crowd_24,btc_up,-0.13310482087571862,0.5890983625645638,0.00010000000347222237,0.15185354333039425
SOONUSDT,2025-05-24,e2526,105627,short,2,0.358656878457323,-0.00547467,0.348682208457323,0.344182208457323,30,pump_le0,tdec_30_70,fund_flat,crowd_24,btc_up,-0.13310482087571862,0.5119976331349524,-0.00026478,0.1566057665975511
SOONUSDT,2025-05-24,e2526,105627,long,2,-0.358656878457323,0.00547467,-0.357682208457323,-0.362182208457323,30,pump_le0,tdec_30_70,fund_flat,crowd_24,btc_up,-0.13310482087571862,0.5119976331349524,-0.00026478,0.1566057665975511
SOPHUSDT,2025-05-29,e2526,105628,short,1,0.13301150884460552,-0.03975981,0.08875169884460551,0.08425169884460552,143,pump_le0,tdec_ge70,fund_neg,crowd_24,btc_up,-0.09719206176860895,1.0475151953893533,-0.00805408,0.10438129680605912
SOPHUSDT,2025-05-29,e2526,105628,long,1,-0.13301150884460552,0.03975981,-0.09775169884460552,-0.10225169884460551,143,pump_le0,tdec_ge70,fund_neg,crowd_24,btc_up,-0.09719206176860895,1.0475151953893533,-0.00805408,0.10438129680605912
SOPHUSDT,2025-05-29,e2526,105628,short,2,-0.04485063209598198,-0.026238169999999998,-0.07558880209598198,-0.08008880209598197,120,pump_le0,tdec_30_70,fund_neg,crowd_24,btc_up,-0.09719206176860895,0.549442418900756,-0.00234248,0.08422653030958283
SOPHUSDT,2025-05-29,e2526,105628,long,2,0.04485063209598198,0.026238169999999998,0.06658880209598197,0.06208880209598198,120,pump_le0,tdec_30_70,fund_neg,crowd_24,btc_up,-0.09719206176860895,0.549442418900756,-0.00234248,0.08422653030958283
SOXLUSDT,2026-05-16,e2526,105678,short,1,-0.2011939931068439,0.0,-0.20569399310684391,-0.21019399310684392,0,pump_0_25,tdec_ge70,fund_none,crowd_ge5,btc_up,0.0038304707772147673,1.4485975233913644,,0.00519014521501826
SOXLUSDT,2026-05-16,e2526,105678,long,1,0.2011939931068439,-0.0,0.1966939931068439,0.1921939931068439,0,pump_0_25,tdec_ge70,fund_none,crowd_ge5,btc_up,0.0038304707772147673,1.4485975233913644,,0.00519014521501826
SOXLUSDT,2026-05-16,e2526,105678,short,2,-0.27720698907139574,0.0,-0.28170698907139574,-0.28620698907139575,0,pump_0_25,tdec_ge70,fund_none,crowd_ge5,btc_up,0.0038304707772147673,23.956543257384112,,0.017307788901548715
SOXLUSDT,2026-05-16,e2526,105678,long,2,0.27720698907139574,-0.0,0.27270698907139573,0.26820698907139573,0,pump_0_25,tdec_ge70,fund_none,crowd_ge5,btc_up,0.0038304707772147673,23.956543257384112,,0.017307788901548715
SPACEUSDT,2026-01-24,e2526,105662,short,1,0.5690087080997256,0.00038532000000000014,0.5648940280997257,0.5603940280997256,35,pump_le0,tdec_30_70,fund_flat,crowd_ge5,btc_down,-0.050676632127286125,0.6438970572629852,0.00010000001388889082,-0.007894116003307472
SPACEUSDT,2026-01-24,e2526,105662,long,1,-0.5690087080997256,-0.00038532000000000014,-0.5738940280997256,-0.5783940280997256,35,pump_le0,tdec_30_70,fund_flat,crowd_ge5,btc_down,-0.050676632127286125,0.6438970572629852,0.00010000001388889082,-0.007894116003307472
SPACEUSDT,2026-01-24,e2526,105662,short,2,0.5412354771125644,0.0002701900000000001,0.5370056671125644,0.5325056671125643,30,pump_le0,tdec_lt30,fund_flat,crowd_ge5,btc_up,-0.050676632127286125,0.27387321429111267,0.00010000000694444493,0.005364946134210236
SPACEUSDT,2026-01-24,e2526,105662,long,2,-0.5412354771125644,-0.0002701900000000001,-0.5460056671125643,-0.5505056671125643,30,pump_le0,tdec_lt30,fund_flat,crowd_ge5,btc_up,-0.050676632127286125,0.27387321429111267,0.00010000000694444493,0.005364946134210236
SPCXUSDT,2026-05-21,e2526,105679,short,1,-0.013570736186929222,0.0,-0.018070736186929223,-0.022570736186929223,0,pump_le0,tdec_ge70,fund_none,crowd_ge5,btc_down,-0.04849514563106805,0.7767865576529586,,-0.03361539190015839
SPCXUSDT,2026-05-21,e2526,105679,long,1,0.013570736186929222,-0.0,0.009070736186929221,0.004570736186929223,0,pump_le0,tdec_ge70,fund_none,crowd_ge5,btc_down,-0.04849514563106805,0.7767865576529586,,-0.03361539190015839
SPCXUSDT,2026-05-21,e2526,105679,short,2,0.018719747110540454,0.0,0.014219747110540453,0.009719747110540454,0,pump_le0,tdec_30_70,fund_none,crowd_ge5,btc_down,-0.04849514563106805,0.41004316571563165,,-0.01919792167411616
SPCXUSDT,2026-05-21,e2526,105679,long,2,-0.018719747110540454,-0.0,-0.023219747110540454,-0.027719747110540455,0,pump_le0,tdec_30_70,fund_none,crowd_ge5,btc_down,-0.04849514563106805,0.41004316571563165,,-0.01919792167411616
SPELLUSDT,2022-09-07,e2122,105486,short,1,0.08252063015753944,0.0008844900000000001,0.07890512015753944,0.07440512015753944,18,pump_0_25,tdec_ge70,fund_flat,crowd_01,btc_down,0.052091554853985755,1.3424863124858613,0.00010000000347222237,-0.1655517238398977
SPELLUSDT,2022-09-07,e2122,105486,long,1,-0.08252063015753944,-0.0008844900000000001,-0.08790512015753944,-0.09240512015753943,18,pump_0_25,tdec_ge70,fund_flat,crowd_01,btc_down,0.052091554853985755,1.3424863124858613,0.00010000000347222237,-0.1655517238398977
SPELLUSDT,2022-09-07,e2122,105486,short,2,0.11951043916486691,0.0005844900000000001,0.11559492916486691,0.11109492916486692,15,pump_0_25,tdec_ge70,fund_flat,crowd_01,btc_down,0.052091554853985755,1.0822213785059402,0.00010000000173611115,-0.10813712099378059
SPELLUSDT,2022-09-07,e2122,105486,long,2,-0.11951043916486691,-0.0005844900000000001,-0.12459492916486692,-0.12909492916486692,15,pump_0_25,tdec_ge70,fund_flat,crowd_01,btc_down,0.052091554853985755,1.0822213785059402,0.00010000000173611115,-0.10813712099378059
SPKUSDT,2025-06-18,e2526,105631,short,1,0.11427227839172341,-0.00169772,0.1080745583917234,0.10357455839172341,35,pump_le0,tdec_30_70,fund_flat,crowd_24,btc_down,-0.2560783627776806,0.4375468431377613,-0.00005502,-0.020533688638868286
SPKUSDT,2025-06-18,e2526,105631,long,1,-0.11427227839172341,0.00169772,-0.11707455839172341,-0.1215745583917234,35,pump_le0,tdec_30_70,fund_flat,crowd_24,btc_down,-0.2560783627776806,0.4375468431377613,-0.00005502,-0.020533688638868286
SPKUSDT,2025-06-18,e2526,105631,short,2,0.07580961727183502,-0.00120032,0.07010929727183501,0.06560929727183502,30,pump_le0,tdec_30_70,fund_flat,crowd_24,btc_down,-0.2560783627776806,0.4302359998643152,0.0001,-0.058055186822310034
SPKUSDT,2025-06-18,e2526,105631,long,2,-0.07580961727183502,0.00120032,-0.07910929727183502,-0.08360929727183501,30,pump_le0,tdec_30_70,fund_flat,crowd_24,btc_down,-0.2560783627776806,0.4302359998643152,0.0001,-0.058055186822310034
SPORTFUNUSDT,2026-01-17,e2526,105661,short,1,0.29202373104812135,0.00306495,0.29058868104812136,0.28608868104812135,36,pump_le0,tdec_30_70,fund_flat,crowd_24,btc_up,-0.11364300321355536,0.44435388975996815,0.00045848,0.06258796821793422
SPORTFUNUSDT,2026-01-17,e2526,105661,long,1,-0.29202373104812135,-0.00306495,-0.29958868104812136,-0.30408868104812137,36,pump_le0,tdec_30_70,fund_flat,crowd_24,btc_up,-0.11364300321355536,0.44435388975996815,0.00045848,0.06258796821793422
SPORTFUNUSDT,2026-01-17,e2526,105661,short,2,0.18389057750759885,0.00200162,0.18139219750759886,0.17689219750759885,30,pump_le0,tdec_lt30,fund_flat,crowd_24,btc_up,-0.11364300321355536,0.25692865149507327,0.0001,0.04833289553536657
SPORTFUNUSDT,2026-01-17,e2526,105661,long,2,-0.18389057750759885,-0.00200162,-0.19039219750759886,-0.19489219750759887,30,pump_le0,tdec_lt30,fund_flat,crowd_24,btc_up,-0.11364300321355536,0.25692865149507327,0.0001,0.04833289553536657
SPXUSDT,2024-12-11,e2324,105604,short,1,0.037628940868807255,-0.0070589599999999995,0.026069980868807255,0.021569980868807258,35,pump_le0,tdec_30_70,fund_flat,crowd_ge5,btc_up,-0.00807032713647493,0.3775031452815167,0.0001,0.13652525803664806
SPXUSDT,2024-12-11,e2324,105604,long,1,-0.037628940868807255,0.0070589599999999995,-0.035069980868807256,-0.03956998086880725,35,pump_le0,tdec_30_70,fund_flat,crowd_ge5,btc_up,-0.00807032713647493,0.3775031452815167,0.0001,0.13652525803664806
SPXUSDT,2024-12-11,e2324,105604,short,2,0.03313384907312809,-0.00200118,0.026632669073128088,0.022132669073128088,29,pump_le0,tdec_30_70,fund_flat,crowd_ge5,btc_up,-0.00807032713647493,0.3162657754698205,0.0001,0.12120561908480276
SPXUSDT,2024-12-11,e2324,105604,long,2,-0.03313384907312809,0.00200118,-0.035632669073128086,-0.04013266907312809,29,pump_le0,tdec_30_70,fund_flat,crowd_ge5,btc_up,-0.00807032713647493,0.3162657754698205,0.0001,0.12120561908480276
SPYUSDT,2026-04-07,e2526,105673,short,1,-0.02929006807160124,-0.01347136,-0.04726142807160124,-0.051761428071601244,18,pump_0_25,tdec_ge70,fund_flat,crowd_ge5,btc_up,0.025286622266824876,1.0831859122276823,0.0,0.038658305321657815
SPYUSDT,2026-04-07,e2526,105673,long,1,0.02929006807160124,0.01347136,0.038261428071601246,0.03376142807160124,18,pump_0_25,tdec_ge70,fund_flat,crowd_ge5,btc_up,0.025286622266824876,1.0831859122276823,0.0,0.038658305321657815
SPYUSDT,2026-04-07,e2526,105673,short,2,-0.022873312503684462,-0.01328196,-0.04065527250368446,-0.045155272503684465,15,pump_0_25,tdec_30_70,fund_flat,crowd_ge5,btc_up,0.025286622266824876,0.6284067208137243,-0.00010156,0.026444202518100424
SPYUSDT,2026-04-07,e2526,105673,long,2,0.022873312503684462,0.01328196,0.03165527250368447,0.027155272503684463,15,pump_0_25,tdec_30_70,fund_flat,crowd_ge5,btc_up,0.025286622266824876,0.6284067208137243,-0.00010156,0.026444202518100424
SQDUSDT,2025-06-12,e2526,105630,short,1,0.21286489279256,-0.07366745,0.13469744279256,0.13019744279256,35,pump_le0,tdec_30_70,fund_neg,crowd_ge5,btc_up,-0.055968784294598284,0.6539679385776246,-0.00580838040335975,0.024833241669816042
SQDUSDT,2025-06-12,e2526,105630,long,1,-0.21286489279256,0.07366745,-0.14369744279256,-0.14819744279256,35,pump_le0,tdec_30_70,fund_neg,crowd_ge5,btc_up,-0.055968784294598284,0.6539679385776246,-0.00580838040335975,0.024833241669816042
SQDUSDT,2025-06-12,e2526,105630,short,2,0.227270806035758,-0.04567309,0.177097716035758,0.172597716035758,30,pump_le0,tdec_30_70,fund_neg,crowd_ge5,btc_up,-0.055968784294598284,0.33760969861267187,-0.0113638,0.01586470551369379
SQDUSDT,2025-06-12,e2526,105630,long,2,-0.227270806035758,0.04567309,-0.186097716035758,-0.190597716035758,30,pump_le0,tdec_30_70,fund_neg,crowd_ge5,btc_up,-0.055968784294598284,0.33760969861267187,-0.0113638,0.01586470551369379
SSVUSDT,2023-02-25,e2324,105510,short,1,0.1448337424681991,0.0018339300000000001,0.1421676724681991,0.1376676724681991,18,pump_0_25,tdec_ge70,fund_flat,crowd_24,btc_up,0.18076416337285894,1.5518601037181168,0.0001,0.02069100052020101
SSVUSDT,2023-02-25,e2324,105510,long,1,-0.1448337424681991,-0.0018339300000000001,-0.15116767246819912,-0.15566767246819913,18,pump_0_25,tdec_ge70,fund_flat,crowd_24,btc_up,0.18076416337285894,1.5518601037181168,0.0001,0.02069100052020101
SSVUSDT,2023-02-25,e2324,105510,short,2,0.2179591836734694,0.00153393,0.21499311367346938,0.21049311367346937,15,pump_0_25,tdec_ge70,fund_flat,crowd_24,btc_up,0.18076416337285894,1.273435253031354,0.00010000000520833362,0.020164321186657785
SSVUSDT,2023-02-25,e2324,105510,long,2,-0.2179591836734694,-0.00153393,-0.22399311367346939,-0.2284931136734694,15,pump_0_25,tdec_ge70,fund_flat,crowd_24,btc_up,0.18076416337285894,1.273435253031354,0.00010000000520833362,0.020164321186657785
STABLEUSDT,2025-11-07,e2526,105651,short,1,0.32680094356741063,0.0018000000000000002,0.32410094356741065,0.31960094356741064,36,pump_25_100,tdec_ge70,fund_flat,crowd_ge5,btc_down,0.2945736434108528,1.0332800313650106,0.00009999999305555606,-0.15882637916158426
STABLEUSDT,2025-11-07,e2526,105651,long,1,-0.32680094356741063,-0.0018000000000000002,-0.33310094356741066,-0.33760094356741066,36,pump_25_100,tdec_ge70,fund_flat,crowd_ge5,btc_down,0.2945736434108528,1.0332800313650106,0.00009999999305555606,-0.15882637916158426
STABLEUSDT,2025-11-07,e2526,105651,short,2,0.2840602084137398,0.0014500000000000001,0.2810102084137398,0.2765102084137398,29,pump_25_100,tdec_30_70,fund_flat,crowd_ge5,btc_down,0.2945736434108528,0.41011773520345457,0.0001,-0.07136855908136364
STABLEUSDT,2025-11-07,e2526,105651,long,2,-0.2840602084137398,-0.0014500000000000001,-0.2900102084137398,-0.2945102084137398,29,pump_25_100,tdec_30_70,fund_flat,crowd_ge5,btc_down,0.2945736434108528,0.41011773520345457,0.0001,-0.07136855908136364
STARUSDT,2026-05-15,e2526,105678,short,1,0.11450924608819348,0.0,0.11000924608819347,0.10550924608819348,0,pump_le0,tdec_30_70,fund_none,crowd_01,btc_up,-0.23489932885906029,0.3178917749875459,,0.03990850362417242
STARUSDT,2026-05-15,e2526,105678,long,1,-0.11450924608819348,-0.0,-0.11900924608819348,-0.12350924608819347,0,pump_le0,tdec_30_70,fund_none,crowd_01,btc_up,-0.23489932885906029,0.3178917749875459,,0.03990850362417242
STARUSDT,2026-05-15,e2526,105678,short,2,-0.01178382771231201,0.0,-0.01628382771231201,-0.02078382771231201,0,pump_le0,tdec_lt30,fund_none,crowd_01,btc_up,-0.23489932885906029,0.28196715968387664,,0.00519014521501826
STARUSDT,2026-05-15,e2526,105678,long,2,0.01178382771231201,-0.0,0.00728382771231201,0.0027838277123120106,0,pump_le0,tdec_lt30,fund_none,crowd_01,btc_up,-0.23489932885906029,0.28196715968387664,,0.00519014521501826
STBLUSDT,2025-09-18,e2526,105644,short,1,-1.0463576158940397,0.030189880000000002,-1.0206677358940397,-1.0251677358940396,35,pump_25_100,tdec_ge70,fund_pos,crowd_ge5,btc_up,0.6955993930197268,1.7276478090763066,0.00109648,0.011810489360491339
STBLUSDT,2025-09-18,e2526,105644,long,1,1.0463576158940397,-0.030189880000000002,1.0116677358940398,1.0071677358940399,35,pump_25_100,tdec_ge70,fund_pos,crowd_ge5,btc_up,0.6955993930197268,1.7276478090763066,0.00109648,0.011810489360491339
STBLUSDT,2025-09-18,e2526,105644,short,2,-0.11674928573172821,0.02132831,-0.09992097573172821,-0.1044209757317282,29,pump_25_100,tdec_ge70,fund_pos,crowd_ge5,btc_up,0.6955993930197268,2.823790620476545,0.00241162,0.02812233799445507
STBLUSDT,2025-09-18,e2526,105644,long,2,0.11674928573172821,-0.02132831,0.0909209757317282,0.08642097573172822,29,pump_25_100,tdec_ge70,fund_pos,crowd_ge5,btc_up,0.6955993930197268,2.823790620476545,0.00241162,0.02812233799445507
STEEMUSDT,2023-11-09,e2324,105547,short,1,0.09990043146365753,0.00502372,0.10042415146365752,0.09592415146365753,35,pump_0_25,tdec_30_70,fund_pos,crowd_ge5,btc_up,0.06391242937853114,0.4776445565262894,0.00112472,0.3895810456178228
STEEMUSDT,2023-11-09,e2324,105547,long,1,-0.09990043146365753,-0.00502372,-0.10942415146365753,-0.11392415146365752,35,pump_0_25,tdec_30_70,fund_pos,crowd_ge5,btc_up,0.06391242937853114,0.4776445565262894,0.00112472,0.3895810456178228
STEEMUSDT,2023-11-09,e2324,105547,short,2,0.01130149471381696,0.00377242,0.01057391471381696,0.00607391471381696,29,pump_0_25,tdec_lt30,fund_flat,crowd_ge5,btc_up,0.06391242937853114,0.21573052319257288,0.00019906,0.38954905773257553
STEEMUSDT,2023-11-09,e2324,105547,long,2,-0.01130149471381696,-0.00377242,-0.019573914713816958,-0.02407391471381696,29,pump_0_25,tdec_lt30,fund_flat,crowd_ge5,btc_up,0.06391242937853114,0.21573052319257288,0.00019906,0.38954905773257553
STGUSDT,2022-08-26,e2122,105484,short,1,0.179119496855346,-0.01864396,0.155975536855346,0.15147553685534598,18,pump_le0,tdec_30_70,fund_flat,crowd_01,btc_down,-0.22605140186915873,0.43440186236013506,-0.00001786999937951391,-0.1599374061301717
STGUSDT,2022-08-26,e2122,105484,long,1,-0.179119496855346,0.01864396,-0.164975536855346,-0.169475536855346,18,pump_le0,tdec_30_70,fund_flat,crowd_01,btc_down,-0.22605140186915873,0.43440186236013506,-0.00001786999937951391,-0.1599374061301717
STGUSDT,2022-08-26,e2122,105484,short,2,0.1843519560054994,-0.0166072,0.1632447560054994,0.1587447560054994,14,pump_le0,tdec_30_70,fund_neg,crowd_01,btc_down,-0.22605140186915873,0.31879412205689905,-0.00186389,-0.17767793665417242
STGUSDT,2022-08-26,e2122,105484,long,2,-0.1843519560054994,0.0166072,-0.1722447560054994,-0.1767447560054994,14,pump_le0,tdec_30_70,fund_neg,crowd_01,btc_down,-0.22605140186915873,0.31879412205689905,-0.00186389,-0.17767793665417242
STOUSDT,2025-04-13,e2526,105622,short,1,-0.1785754856298989,0.00466447,-0.1784110156298989,-0.1829110156298989,35,pump_le0,tdec_ge70,fund_flat,crowd_ge5,btc_up,-0.049146683949017,1.2453006218143006,0.0001,0.002977359023236481
STOUSDT,2025-04-13,e2526,105622,long,1,0.1785754856298989,-0.00466447,0.16941101562989888,0.16491101562989888,35,pump_le0,tdec_ge70,fund_flat,crowd_ge5,btc_up,-0.049146683949017,1.2453006218143006,0.0001,0.002977359023236481
STOUSDT,2025-04-13,e2526,105622,short,2,-0.13165357766143104,0.0040955,-0.13205807766143104,-0.13655807766143105,29,pump_le0,tdec_30_70,fund_pos,crowd_ge5,btc_up,-0.049146683949017,0.4553325626687863,0.00063794,0.012928026595074416
STOUSDT,2025-04-13,e2526,105622,long,2,0.13165357766143104,-0.0040955,0.12305807766143104,0.11855807766143105,29,pump_le0,tdec_30_70,fund_pos,crowd_ge5,btc_up,-0.049146683949017,0.4553325626687863,0.00063794,0.012928026595074416
STPTUSDT,2023-10-19,e2324,105544,short,1,0.027403769998416,-0.01264356,0.010260209998416002,0.005760209998416001,35,pump_le0,tdec_ge70,fund_neg,crowd_24,btc_up,-0.13437542849307538,0.7376067778367376,-0.00192598,0.09389583033603
STPTUSDT,2023-10-19,e2324,105544,long,1,-0.027403769998416,0.01264356,-0.019260209998416,-0.023760209998416,35,pump_le0,tdec_ge70,fund_neg,crowd_24,btc_up,-0.13437542849307538,0.7376067778367376,-0.00192598,0.09389583033603
STPTUSDT,2023-10-19,e2324,105544,short,2,0.0013012361743655943,-0.00386538,-0.007064143825634405,-0.011564143825634405,29,pump_le0,tdec_lt30,fund_neg,crowd_24,btc_up,-0.13437542849307538,0.294150019922099,-0.00291212,0.1258935094868301
STPTUSDT,2023-10-19,e2324,105544,long,2,-0.0013012361743655943,0.00386538,-0.0019358561743655941,-0.006435856174365593,29,pump_le0,tdec_lt30,fund_neg,crowd_24,btc_up,-0.13437542849307538,0.294150019922099,-0.00291212,0.1258935094868301
STRAXUSDT,2023-10-11,e2324,105543,short,1,0.010381077529566385,-0.08140634000000001,-0.07552526247043363,-0.08002526247043362,35,pump_le0,tdec_30_70,fund_neg,crowd_01,btc_up,-0.045648357160772535,0.6098910184634571,-0.00537228,0.035553593693128605
STRAXUSDT,2023-10-11,e2324,105543,long,1,-0.010381077529566385,0.08140634000000001,0.06652526247043362,0.06202526247043363,35,pump_le0,tdec_30_70,fund_neg,crowd_01,btc_up,-0.045648357160772535,0.6098910184634571,-0.00537228,0.035553593693128605
STRAXUSDT,2023-10-11,e2324,105543,short,2,-0.030373512108359552,-0.07093182,-0.10580533210835956,-0.11030533210835955,29,pump_le0,tdec_30_70,fund_neg,crowd_01,btc_up,-0.045648357160772535,0.41020481167467354,-0.00295806,0.02441443881891958
STRAXUSDT,2023-10-11,e2324,105543,long,2,0.030373512108359552,0.07093182,0.09680533210835955,0.09230533210835956,29,pump_le0,tdec_30_70,fund_neg,crowd_01,btc_up,-0.045648357160772535,0.41020481167467354,-0.00295806,0.02441443881891958
STRKUSDT,2024-02-21,e2324,105562,short,1,0.047116081598840204,0.01301373,0.05562981159884021,0.051129811598840204,35,pump_le0,tdec_30_70,fund_pos,crowd_01,btc_up,-0.014541558242767483,0.60313428867595,0.0012037,0.28646026573075956
STRKUSDT,2024-02-21,e2324,105562,long,1,-0.047116081598840204,-0.01301373,-0.06462981159884021,-0.0691298115988402,35,pump_le0,tdec_30_70,fund_pos,crowd_01,btc_up,-0.014541558242767483,0.60313428867595,0.0012037,0.28646026573075956
STRKUSDT,2024-02-21,e2324,105562,short,2,0.04538617148192329,0.01168024,0.05256641148192329,0.04806641148192329,29,pump_le0,tdec_ge70,fund_flat,crowd_01,btc_up,-0.014541558242767483,0.7988876313687985,0.00030526,0.2668050610423993
STRKUSDT,2024-02-21,e2324,105562,long,2,-0.04538617148192329,-0.01168024,-0.06156641148192329,-0.06606641148192328,29,pump_le0,tdec_ge70,fund_flat,crowd_01,btc_up,-0.014541558242767483,0.7988876313687985,0.00030526,0.2668050610423993
STXUSDT,2023-02-22,e2324,105510,short,1,-0.20097620500305058,-0.00605837,-0.2115345750030506,-0.2160345750030506,18,pump_25_100,tdec_ge70,fund_flat,crowd_ge5,btc_up,0.2615455665024631,1.2121554489545152,0.00010000000347222237,0.05751434102017905
STXUSDT,2023-02-22,e2324,105510,long,1,0.20097620500305058,0.00605837,0.20253457500305058,0.19803457500305058,18,pump_25_100,tdec_ge70,fund_flat,crowd_ge5,btc_up,0.2615455665024631,1.2121554489545152,0.00010000000347222237,0.05751434102017905
STXUSDT,2023-02-22,e2324,105510,short,2,-0.34527063969382166,-0.00689217,-0.35666280969382164,-0.36116280969382164,15,pump_25_100,tdec_30_70,fund_flat,crowd_ge5,btc_up,0.2615455665024631,0.5569807999541465,0.00031887,0.004986860706139407
STXUSDT,2023-02-22,e2324,105510,long,2,0.34527063969382166,0.00689217,0.34766280969382163,0.3431628096938216,15,pump_25_100,tdec_30_70,fund_flat,crowd_ge5,btc_up,0.2615455665024631,0.5569807999541465,0.00031887,0.004986860706139407
STXXUSDT,2026-06-12,e2526,105682,short,1,-0.17989180404986407,0.008854599999999999,-0.1755372040498641,-0.1800372040498641,18,pump_0_25,tdec_lt30,fund_flat,crowd_ge5,btc_down,0.06756910995959564,0.2571306380465239,0.0,-0.20519340793027419
STXXUSDT,2026-06-12,e2526,105682,long,1,0.17989180404986407,-0.008854599999999999,0.16653720404986408,0.16203720404986408,18,pump_0_25,tdec_lt30,fund_flat,crowd_ge5,btc_down,0.06756910995959564,0.2571306380465239,0.0,-0.20519340793027419
STXXUSDT,2026-06-12,e2526,105682,short,2,-0.17933702365940707,0.008854599999999999,-0.17498242365940708,-0.1794824236594071,15,pump_0_25,tdec_lt30,fund_flat,crowd_ge5,btc_down,0.06756910995959564,0.07138619398633293,0.0,-0.16910615372941795
STXXUSDT,2026-06-12,e2526,105682,long,2,0.17933702365940707,-0.008854599999999999,0.16598242365940707,0.16148242365940707,15,pump_0_25,tdec_lt30,fund_flat,crowd_ge5,btc_down,0.06756910995959564,0.07138619398633293,0.0,-0.16910615372941795
SUIUSDT,2023-05-04,e2324,105520,short,1,0.1785741634122062,-0.0070932600000000005,0.1669809034122062,0.1624809034122062,18,pump_le0,tdec_ge70,fund_flat,crowd_24,btc_up,-0.06279603846705895,1.0136371724839386,0.0001,0.047506571002344344
SUIUSDT,2023-05-04,e2324,105520,long,1,-0.1785741634122062,0.0070932600000000005,-0.1759809034122062,-0.1804809034122062,18,pump_le0,tdec_ge70,fund_flat,crowd_24,btc_up,-0.06279603846705895,1.0136371724839386,0.0001,0.047506571002344344
SUIUSDT,2023-05-04,e2324,105520,short,2,0.19291249717854184,-0.007493260000000001,0.18091923717854183,0.17641923717854183,14,pump_le0,tdec_ge70,fund_flat,crowd_24,btc_up,-0.06279603846705895,0.7736297486394001,0.0001,0.029083460610645595
SUIUSDT,2023-05-04,e2324,105520,long,2,-0.19291249717854184,0.007493260000000001,-0.18991923717854184,-0.19441923717854184,14,pump_le0,tdec_ge70,fund_flat,crowd_24,btc_up,-0.06279603846705895,0.7736297486394001,0.0001,0.029083460610645595
SUNUSDT,2024-08-23,e2324,105588,short,1,0.04630931916445265,-0.00770338,0.03410593916445265,0.029605939164452644,35,pump_25_100,tdec_ge70,fund_flat,crowd_ge5,btc_down,0.656913516312791,1.423703353479974,-0.0003469,-0.025185106350630204
SUNUSDT,2024-08-23,e2324,105588,long,1,-0.04630931916445265,0.00770338,-0.04310593916445264,-0.047605939164452646,35,pump_25_100,tdec_ge70,fund_flat,crowd_ge5,btc_down,0.656913516312791,1.423703353479974,-0.0003469,-0.025185106350630204
SUNUSDT,2024-08-23,e2324,105588,short,2,-0.011463771719013444,-0.00213833,-0.018102101719013445,-0.022602101719013445,29,pump_25_100,tdec_ge70,fund_flat,crowd_ge5,btc_down,0.656913516312791,1.2288873389514674,0.0001,-0.05439251648068355
SUNUSDT,2024-08-23,e2324,105588,long,2,0.011463771719013444,0.00213833,0.009102101719013444,0.004602101719013445,29,pump_25_100,tdec_ge70,fund_flat,crowd_ge5,btc_down,0.656913516312791,1.2288873389514674,0.0001,-0.05439251648068355
SUPERUSDT,2023-11-27,e2324,105550,short,1,-0.7338670548277535,-0.02192523,-0.7602922848277535,-0.7647922848277535,36,pump_le0,tdec_ge70,fund_neg,crowd_24,btc_up,-0.013875598086124374,2.4957367442875387,-0.00121044,0.0950950805998505
SUPERUSDT,2023-11-27,e2324,105550,long,1,0.7338670548277535,0.02192523,0.7512922848277536,0.7467922848277535,36,pump_le0,tdec_ge70,fund_neg,crowd_24,btc_up,-0.013875598086124374,2.4957367442875387,-0.00121044,0.0950950805998505
SUPERUSDT,2023-11-27,e2324,105550,short,2,-0.9743093922651934,-0.01517846,-0.9939878522651934,-0.9984878522651934,29,pump_le0,tdec_ge70,fund_flat,crowd_24,btc_up,-0.013875598086124374,1.0526050197185963,0.0001,0.09724276326854908
SUPERUSDT,2023-11-27,e2324,105550,long,2,0.9743093922651934,0.01517846,0.9849878522651935,0.9804878522651934,29,pump_le0,tdec_ge70,fund_flat,crowd_24,btc_up,-0.013875598086124374,1.0526050197185963,0.0001,0.09724276326854908
SUSDT,2025-01-17,e2526,105609,short,1,0.21132352941176477,0.00175,0.20857352941176477,0.20407352941176476,35,pump_le0,tdec_ge70,fund_flat,crowd_01,btc_up,-0.1311014566828519,1.111962292814501,0.0001,0.07276588145459928
SUSDT,2025-01-17,e2526,105609,long,1,-0.21132352941176477,-0.00175,-0.21757352941176478,-0.22207352941176478,35,pump_le0,tdec_ge70,fund_flat,crowd_01,btc_up,-0.1311014566828519,1.111962292814501,0.0001,0.07276588145459928
SUSDT,2025-01-17,e2526,105609,short,2,0.04961899698741808,0.0014500000000000001,0.046568996987418086,0.04206899698741808,29,pump_le0,tdec_ge70,fund_flat,crowd_01,btc_up,-0.1311014566828519,1.7311085125149697,0.0001,0.03628212314503032
SUSDT,2025-01-17,e2526,105609,long,2,-0.04961899698741808,-0.0014500000000000001,-0.05556899698741808,-0.060068996987418084,29,pump_le0,tdec_ge70,fund_flat,crowd_01,btc_up,-0.1311014566828519,1.7311085125149697,0.0001,0.03628212314503032
SWARMSUSDT,2025-01-08,e2526,105608,short,1,0.3206293706293706,0.0090224,0.32515177062937056,0.32065177062937056,35,pump_le0,tdec_ge70,fund_flat,crowd_ge5,btc_down,-0.39496509414004666,0.9674734724850087,0.00036466,-0.042405778738416444
SWARMSUSDT,2025-01-08,e2526,105608,long,1,-0.3206293706293706,-0.0090224,-0.33415177062937057,-0.3386517706293706,35,pump_le0,tdec_ge70,fund_flat,crowd_ge5,btc_down,-0.39496509414004666,0.9674734724850087,0.00036466,-0.042405778738416444
SWARMSUSDT,2025-01-08,e2526,105608,short,2,0.39845201238390093,0.0085498,0.4025018123839009,0.3980018123839009,29,pump_le0,tdec_ge70,fund_flat,crowd_ge5,btc_down,-0.39496509414004666,1.0288753698523194,0.0001,-0.06368769118026651
SWARMSUSDT,2025-01-08,e2526,105608,long,2,-0.39845201238390093,-0.0085498,-0.41150181238390093,-0.41600181238390094,29,pump_le0,tdec_ge70,fund_flat,crowd_ge5,btc_down,-0.39496509414004666,1.0288753698523194,0.0001,-0.06368769118026651
SWELLUSDT,2024-11-09,e2324,105599,short,1,0.11221995926680246,-0.01104341,0.09667654926680246,0.09217654926680247,36,pump_le0,tdec_30_70,fund_neg,crowd_ge5,btc_up,-0.11785842615882147,0.5043023574194041,-0.0011358,0.28637476203426715
SWELLUSDT,2024-11-09,e2324,105599,long,1,-0.11221995926680246,0.01104341,-0.10567654926680246,-0.11017654926680245,36,pump_le0,tdec_30_70,fund_neg,crowd_ge5,btc_up,-0.11785842615882147,0.5043023574194041,-0.0011358,0.28637476203426715
SWELLUSDT,2024-11-09,e2324,105599,short,2,0.007513661202185881,-0.0089371,-0.005923438797814118,-0.010423438797814117,30,pump_le0,tdec_30_70,fund_neg,crowd_ge5,btc_up,-0.11785842615882147,0.40008727422820456,-0.0013667,0.4044716347980244
SWELLUSDT,2024-11-09,e2324,105599,long,2,-0.007513661202185881,0.0089371,-0.003076561202185881,-0.007576561202185881,30,pump_le0,tdec_30_70,fund_neg,crowd_ge5,btc_up,-0.11785842615882147,0.40008727422820456,-0.0013667,0.4044716347980244
SXTUSDT,2025-05-03,e2526,105624,short,1,0.5053316870580312,0.00178897,0.5026206570580313,0.4981206570580312,35,pump_le0,tdec_ge70,fund_flat,crowd_ge5,btc_up,-0.35437350532647294,0.8040407130265136,0.0001,0.12364344459244014
SXTUSDT,2025-05-03,e2526,105624,long,1,-0.5053316870580312,-0.00178897,-0.5116206570580312,-0.5161206570580312,35,pump_le0,tdec_ge70,fund_flat,crowd_ge5,btc_up,-0.35437350532647294,0.8040407130265136,0.0001,0.12364344459244014
SXTUSDT,2025-05-03,e2526,105624,short,2,0.5607057416267943,0.00153897,0.5577447116267944,0.5532447116267943,30,pump_le0,tdec_ge70,fund_flat,crowd_ge5,btc_up,-0.35437350532647294,1.5744698640788126,0.0001,0.13400937177044536
SXTUSDT,2025-05-03,e2526,105624,long,2,-0.5607057416267943,-0.00153897,-0.5667447116267943,-0.5712447116267944,30,pump_le0,tdec_ge70,fund_flat,crowd_ge5,btc_up,-0.35437350532647294,1.5744698640788126,0.0001,0.13400937177044536
SYNUSDT,2024-08-17,e2324,105587,short,1,0.14309063893016352,-0.00283655,0.13575408893016352,0.13125408893016352,35,pump_0_25,tdec_30_70,fund_neg,crowd_24,btc_down,0.1316630233731293,0.6686830036541046,-0.00162356,-0.12364039689079187
SYNUSDT,2024-08-17,e2324,105587,long,1,-0.14309063893016352,0.00283655,-0.14475408893016353,-0.14925408893016354,35,pump_0_25,tdec_30_70,fund_neg,crowd_24,btc_down,0.1316630233731293,0.6686830036541046,-0.00162356,-0.12364039689079187
SYNUSDT,2024-08-17,e2324,105587,short,2,-0.03891190776436669,-0.0003094399999999999,-0.04372134776436669,-0.04822134776436669,29,pump_0_25,tdec_30_70,fund_flat,crowd_24,btc_down,0.1316630233731293,0.3088162733147055,-0.00001722,-0.1147184018028009
SYNUSDT,2024-08-17,e2324,105587,long,2,0.03891190776436669,0.0003094399999999999,0.034721347764366695,0.03022134776436669,29,pump_0_25,tdec_30_70,fund_flat,crowd_24,btc_down,0.1316630233731293,0.3088162733147055,-0.00001722,-0.1147184018028009
SYRUPUSDT,2025-05-08,e2526,105625,short,1,-0.33413716995013487,0.00153206,-0.3371051099501349,-0.3416051099501349,36,pump_0_25,tdec_ge70,fund_flat,crowd_ge5,btc_up,0.09004232568500758,0.7416731734792805,0.0001,0.24645105826512315
SYRUPUSDT,2025-05-08,e2526,105625,long,1,0.33413716995013487,-0.00153206,0.32810510995013487,0.32360510995013486,36,pump_0_25,tdec_ge70,fund_flat,crowd_ge5,btc_up,0.09004232568500758,0.7416731734792805,0.0001,0.24645105826512315
SYRUPUSDT,2025-05-08,e2526,105625,short,2,-0.14125380231460435,0.00118206,-0.14457174231460435,-0.14907174231460435,29,pump_0_25,tdec_ge70,fund_flat,crowd_ge5,btc_up,0.09004232568500758,1.6206254457471874,0.0001,0.3171007614359944
SYRUPUSDT,2025-05-08,e2526,105625,long,2,0.14125380231460435,-0.00118206,0.13557174231460434,0.13107174231460433,29,pump_0_25,tdec_ge70,fund_flat,crowd_ge5,btc_up,0.09004232568500758,1.6206254457471874,0.0001,0.3171007614359944
SYSUSDT,2024-08-20,e2324,105588,short,1,0.18758169934640526,0.0012569900000000001,0.18433868934640527,0.17983868934640526,35,pump_le0,tdec_30_70,fund_flat,crowd_24,btc_down,-0.037735849056603765,0.322807100308426,0.0001,-0.0945077867589541
SYSUSDT,2024-08-20,e2324,105588,long,1,-0.18758169934640526,-0.0012569900000000001,-0.19333868934640527,-0.19783868934640528,35,pump_le0,tdec_30_70,fund_flat,crowd_24,btc_down,-0.037735849056603765,0.322807100308426,0.0001,-0.0945077867589541
SYSUSDT,2024-08-20,e2324,105588,short,2,0.1258790436005626,0.00157157,0.12295061360056259,0.1184506136005626,29,pump_le0,tdec_lt30,fund_flat,crowd_24,btc_down,-0.037735849056603765,0.19285525091006386,0.0001,-0.08444787640101692
SYSUSDT,2024-08-20,e2324,105588,long,2,-0.1258790436005626,-0.00157157,-0.1319506136005626,-0.1364506136005626,29,pump_le0,tdec_lt30,fund_flat,crowd_24,btc_down,-0.037735849056603765,0.19285525091006386,0.0001,-0.08444787640101692
TACUSDT,2025-07-16,e2526,105635,short,1,0.029152542372881347,0.00552343,0.03017597237288135,0.02567597237288135,36,pump_le0,tdec_30_70,fund_pos,crowd_ge5,btc_up,-0.2797851562500001,0.4964004533248798,0.00053382,0.1403586328319364
TACUSDT,2025-07-16,e2526,105635,long,1,-0.029152542372881347,-0.00552343,-0.03917597237288135,-0.04367597237288135,36,pump_le0,tdec_30_70,fund_pos,crowd_ge5,btc_up,-0.2797851562500001,0.4964004533248798,0.00053382,0.1403586328319364
TACUSDT,2025-07-16,e2526,105635,short,2,0.06466361854996742,0.00396303,0.06412664854996743,0.05962664854996743,30,pump_le0,tdec_ge70,fund_flat,crowd_ge5,btc_up,-0.2797851562500001,0.9221626211137302,0.0001,0.12461367053059713
TACUSDT,2025-07-16,e2526,105635,long,2,-0.06466361854996742,-0.00396303,-0.07312664854996744,-0.07762664854996743,30,pump_le0,tdec_ge70,fund_flat,crowd_ge5,btc_up,-0.2797851562500001,0.9221626211137302,0.0001,0.12461367053059713
TAGUSDT,2025-07-26,e2526,105636,short,1,-0.010111681255659524,0.0021884400000000003,-0.012423241255659523,-0.016923241255659523,36,pump_0_25,tdec_30_70,fund_flat,crowd_24,btc_up,0.09792874896437453,0.6798210539283596,0.0001,0.11599494256181853
TAGUSDT,2025-07-26,e2526,105636,long,1,0.010111681255659524,-0.0021884400000000003,0.0034232412556595244,-0.0010767587443404752,36,pump_0_25,tdec_30_70,fund_flat,crowd_24,btc_up,0.09792874896437453,0.6798210539283596,0.0001,0.11599494256181853
TAGUSDT,2025-07-26,e2526,105636,short,2,0.14247277386290852,0.0018884400000000001,0.1398612138629085,0.1353612138629085,30,pump_0_25,tdec_ge70,fund_flat,crowd_24,btc_up,0.09792874896437453,0.7113182128289793,0.0001,0.10071148161617294
TAGUSDT,2025-07-26,e2526,105636,long,2,-0.14247277386290852,-0.0018884400000000001,-0.14886121386290851,-0.15336121386290852,30,pump_0_25,tdec_ge70,fund_flat,crowd_24,btc_up,0.09792874896437453,0.7113182128289793,0.0001,0.10071148161617294
TAIKOUSDT,2025-06-12,e2526,105630,short,1,0.1443408223823654,-0.0018405899999999998,0.1380002323823654,0.13350023238236539,35,pump_le0,tdec_30_70,fund_flat,crowd_ge5,btc_up,-0.1468354430379748,0.4128423080543027,-0.0001739200120777786,0.024833241669816042
TAIKOUSDT,2025-06-12,e2526,105630,long,1,-0.1443408223823654,0.0018405899999999998,-0.1470002323823654,-0.1515002323823654,35,pump_le0,tdec_30_70,fund_flat,crowd_ge5,btc_up,-0.1468354430379748,0.4128423080543027,-0.0001739200120777786,0.024833241669816042
TAIKOUSDT,2025-06-12,e2526,105630,short,2,0.11952017448200657,0.00022706000000000004,0.11524723448200656,0.11074723448200657,30,pump_le0,tdec_30_70,fund_flat,crowd_ge5,btc_up,-0.1468354430379748,0.492550119834896,-0.0000252,0.01586470551369379
TAIKOUSDT,2025-06-12,e2526,105630,long,2,-0.11952017448200657,-0.00022706000000000004,-0.12424723448200657,-0.12874723448200656,30,pump_le0,tdec_30_70,fund_flat,crowd_ge5,btc_up,-0.1468354430379748,0.492550119834896,-0.0000252,0.01586470551369379
TAKEUSDT,2025-09-04,e2526,105642,short,1,-0.3519521231119977,0.00578914,-0.3506629831119977,-0.3551629831119977,35,pump_le0,tdec_30_70,fund_flat,crowd_ge5,btc_down,-0.224015922158337,0.3107595225661798,0.0001,-0.03763757057968875
TAKEUSDT,2025-09-04,e2526,105642,long,1,0.3519521231119977,-0.00578914,0.34166298311199766,0.33716298311199766,35,pump_le0,tdec_30_70,fund_flat,crowd_ge5,btc_down,-0.224015922158337,0.3107595225661798,0.0001,-0.03763757057968875
TAKEUSDT,2025-09-04,e2526,105642,short,2,-0.18941958129622682,0.00548914,-0.18843044129622682,-0.19293044129622683,29,pump_le0,tdec_lt30,fund_flat,crowd_ge5,btc_down,-0.224015922158337,0.21149512500507367,0.0001,-0.06203888778648248
TAKEUSDT,2025-09-04,e2526,105642,long,2,0.18941958129622682,-0.00548914,0.17943044129622682,0.1749304412962268,29,pump_le0,tdec_lt30,fund_flat,crowd_ge5,btc_down,-0.224015922158337,0.21149512500507367,0.0001,-0.06203888778648248
TANSSIUSDT,2025-07-10,e2526,105634,short,1,0.012504059759662225,0.00657331,0.014577369759662225,0.010077369759662226,35,pump_0_25,tdec_30_70,fund_pos,crowd_24,btc_up,0.020381110190555107,0.469922736833833,0.00054796,0.08195211786372014
TANSSIUSDT,2025-07-10,e2526,105634,long,1,-0.012504059759662225,-0.00657331,-0.023577369759662226,-0.028077369759662227,35,pump_0_25,tdec_30_70,fund_pos,crowd_24,btc_up,0.020381110190555107,0.469922736833833,0.00054796,0.08195211786372014
TANSSIUSDT,2025-07-10,e2526,105634,short,2,-0.12924791086350976,0.00581659,-0.12793132086350975,-0.13243132086350975,30,pump_0_25,tdec_lt30,fund_flat,crowd_24,btc_up,0.020381110190555107,0.17564342991790682,0.00009999999305555606,0.11154110188950805
TANSSIUSDT,2025-07-10,e2526,105634,long,2,0.12924791086350976,-0.00581659,0.11893132086350976,0.11443132086350977,30,pump_0_25,tdec_lt30,fund_flat,crowd_24,btc_up,0.020381110190555107,0.17564342991790682,0.00009999999305555606,0.11154110188950805
TAOUSDT,2024-04-12,e2324,105569,short,1,0.13373872106708515,0.0017947,0.13103342106708515,0.12653342106708515,35,pump_le0,tdec_30_70,fund_flat,crowd_24,btc_down,-0.18326150691295928,0.48460337543915644,0.0001,-0.10518154655694811
TAOUSDT,2024-04-12,e2324,105569,long,1,-0.13373872106708515,-0.0017947,-0.14003342106708516,-0.14453342106708517,35,pump_le0,tdec_30_70,fund_flat,crowd_24,btc_down,-0.18326150691295928,0.48460337543915644,0.0001,-0.10518154655694811
TAOUSDT,2024-04-12,e2324,105569,short,2,0.2481528141918349,0.0014500000000000001,0.2451028141918349,0.2406028141918349,29,pump_le0,tdec_ge70,fund_flat,crowd_24,btc_down,-0.18326150691295928,0.9103050510101025,0.0001894,-0.05659490282119051
TAOUSDT,2024-04-12,e2324,105569,long,2,-0.2481528141918349,-0.0014500000000000001,-0.2541028141918349,-0.2586028141918349,29,pump_le0,tdec_ge70,fund_flat,crowd_24,btc_down,-0.18326150691295928,0.9103050510101025,0.0001894,-0.05659490282119051
TAUSDT,2025-07-22,e2526,105636,short,1,0.3245356793743891,0.00266973,0.3227054093743891,0.31820540937438907,35,pump_le0,tdec_30_70,fund_flat,crowd_24,btc_up,-0.13524936601859683,0.6854847821973927,0.00010000000347222237,0.12748110235547427
TAUSDT,2025-07-22,e2526,105636,long,1,-0.3245356793743891,-0.00266973,-0.3317054093743891,-0.3362054093743891,35,pump_le0,tdec_30_70,fund_flat,crowd_24,btc_up,-0.13524936601859683,0.6854847821973927,0.00010000000347222237,0.12748110235547427
TAUSDT,2025-07-22,e2526,105636,short,2,0.27186512118018974,0.00156486,0.26892998118018974,0.26442998118018973,29,pump_le0,tdec_30_70,fund_flat,crowd_24,btc_up,-0.13524936601859683,0.4246565259215401,0.0001,0.11561665074423622
TAUSDT,2025-07-22,e2526,105636,long,2,-0.27186512118018974,-0.00156486,-0.27792998118018974,-0.28242998118018975,29,pump_le0,tdec_30_70,fund_flat,crowd_24,btc_up,-0.13524936601859683,0.4246565259215401,0.0001,0.11561665074423622
THEUSDT,2024-11-28,e2324,105602,short,1,0.16767366558734187,0.00735205,0.17052571558734186,0.16602571558734186,35,pump_le0,tdec_30_70,fund_pos,crowd_ge5,btc_up,-0.021141027316690653,0.4175118832555283,0.00080316,0.34785968016143975
THEUSDT,2024-11-28,e2324,105602,long,1,-0.16767366558734187,-0.00735205,-0.17952571558734187,-0.18402571558734188,35,pump_le0,tdec_30_70,fund_pos,crowd_ge5,btc_up,-0.021141027316690653,0.4175118832555283,0.00080316,0.34785968016143975
THEUSDT,2024-11-28,e2324,105602,short,2,0.20129412518418863,0.00608822,0.20288234518418863,0.19838234518418862,29,pump_le0,tdec_30_70,fund_flat,crowd_ge5,btc_up,-0.021141027316690653,0.4202070435722632,0.00025362,0.3719069024016701
THEUSDT,2024-11-28,e2324,105602,long,2,-0.20129412518418863,-0.00608822,-0.21188234518418864,-0.21638234518418864,29,pump_le0,tdec_30_70,fund_flat,crowd_ge5,btc_up,-0.021141027316690653,0.4202070435722632,0.00025362,0.3719069024016701
TIAUSDT,2023-11-01,e2324,105546,short,1,0.01158864479553112,0.00630457,0.01339321479553112,0.008893214795531122,35,pump_0_25,tdec_ge70,fund_flat,crowd_24,btc_up,0.05413718855736693,0.9874393317656432,0.0001,0.27462790018969785
TIAUSDT,2023-11-01,e2324,105546,long,1,-0.01158864479553112,-0.00630457,-0.02239321479553112,-0.02689321479553112,35,pump_0_25,tdec_ge70,fund_flat,crowd_24,btc_up,0.05413718855736693,0.9874393317656432,0.0001,0.27462790018969785
TIAUSDT,2023-11-01,e2324,105546,short,2,0.008281400309506711,0.0058189900000000004,0.009600390309506712,0.0051003903095067134,29,pump_0_25,tdec_30_70,fund_flat,crowd_24,btc_up,0.05413718855736693,0.42636988276960214,0.00033914,0.25002341515428794
TIAUSDT,2023-11-01,e2324,105546,long,2,-0.008281400309506711,-0.0058189900000000004,-0.018600390309506713,-0.02310039030950671,29,pump_0_25,tdec_30_70,fund_flat,crowd_24,btc_up,0.05413718855736693,0.42636988276960214,0.00033914,0.25002341515428794
TNSRUSDT,2024-04-09,e2324,105569,short,1,0.4706601466992665,0.00395307,0.4701132166992665,0.4656132166992665,35,pump_le0,tdec_30_70,fund_flat,crowd_24,btc_down,-0.012077294685990392,0.319151928995618,0.00025404,-0.02040225185645117
TNSRUSDT,2024-04-09,e2324,105569,long,1,-0.4706601466992665,-0.00395307,-0.4791132166992665,-0.4836132166992665,35,pump_le0,tdec_30_70,fund_flat,crowd_24,btc_down,-0.012077294685990392,0.319151928995618,0.00025404,-0.02040225185645117
TNSRUSDT,2024-04-09,e2324,105569,short,2,0.3831908831908832,0.00226765,0.3809585331908832,0.3764585331908832,29,pump_le0,tdec_lt30,fund_pos,crowd_24,btc_down,-0.012077294685990392,0.28699506304675404,0.00065806,-0.02024384922632838
TNSRUSDT,2024-04-09,e2324,105569,long,2,-0.3831908831908832,-0.00226765,-0.3899585331908832,-0.3944585331908832,29,pump_le0,tdec_lt30,fund_pos,crowd_24,btc_down,-0.012077294685990392,0.28699506304675404,0.00065806,-0.02024384922632838
TOKENUSDT,2023-11-04,e2324,105546,short,1,-0.014084507042253558,0.01927584,0.0006913329577464414,-0.0038086670422535582,35,pump_le0,tdec_ge70,fund_pos,crowd_ge5,btc_up,-0.11203751954142782,0.7554389803803669,0.00080644,0.25466125525230776
TOKENUSDT,2023-11-04,e2324,105546,long,1,0.014084507042253558,-0.01927584,-0.009691332957746442,-0.01419133295774644,35,pump_le0,tdec_ge70,fund_pos,crowd_ge5,btc_up,-0.11203751954142782,0.7554389803803669,0.00080644,0.25466125525230776
TOKENUSDT,2023-11-04,e2324,105546,short,2,-0.09022082018927449,0.01319978,-0.0815210401892745,-0.08602104018927449,30,pump_le0,tdec_30_70,fund_pos,crowd_ge5,btc_up,-0.11203751954142782,0.6282417451276048,0.00479514,0.25460401531689514
TOKENUSDT,2023-11-04,e2324,105546,long,2,0.09022082018927449,-0.01319978,0.0725210401892745,0.0680210401892745,30,pump_le0,tdec_30_70,fund_pos,crowd_ge5,btc_up,-0.11203751954142782,0.6282417451276048,0.00479514,0.25460401531689514
TONUSDT,2024-03-02,e2324,105563,short,1,-0.07643740426644755,0.01429288,-0.06664452426644754,-0.07114452426644755,35,pump_le0,tdec_ge70,fund_pos,crowd_24,btc_up,-0.013525466204761583,0.9055102138622874,0.00090572,0.4630748923162429
TONUSDT,2024-03-02,e2324,105563,long,1,0.07643740426644755,-0.01429288,0.05764452426644755,0.05314452426644754,35,pump_le0,tdec_ge70,fund_pos,crowd_24,btc_up,-0.013525466204761583,0.9055102138622874,0.00090572,0.4630748923162429
TONUSDT,2024-03-02,e2324,105563,short,2,-0.05433987119437934,0.01106961,-0.04777026119437933,-0.05227026119437934,29,pump_le0,tdec_ge70,fund_pos,crowd_24,btc_up,-0.013525466204761583,0.956518726515479,0.00055846,0.5885691424530846
TONUSDT,2024-03-02,e2324,105563,long,2,0.05433987119437934,-0.01106961,0.03877026119437934,0.034270261194379335,29,pump_le0,tdec_ge70,fund_pos,crowd_24,btc_up,-0.013525466204761583,0.956518726515479,0.00055846,0.5885691424530846
TOSHIUSDT,2025-09-18,e2526,105644,short,1,0.12241146918269831,-0.01245185,0.1054596191826983,0.10095961918269832,35,pump_le0,tdec_30_70,fund_flat,crowd_ge5,btc_up,-0.10730693502515853,0.336180525108983,0.0001,0.011810489360491339
TOSHIUSDT,2025-09-18,e2526,105644,long,1,-0.12241146918269831,0.01245185,-0.11445961918269831,-0.1189596191826983,35,pump_le0,tdec_30_70,fund_flat,crowd_ge5,btc_up,-0.10730693502515853,0.336180525108983,0.0001,0.011810489360491339
TOSHIUSDT,2025-09-18,e2526,105644,short,2,0.16400140072370725,-0.01268924,0.14681216072370726,0.14231216072370725,29,pump_le0,tdec_lt30,fund_flat,crowd_ge5,btc_up,-0.10730693502515853,0.25254093770025,0.0001,0.02812233799445507
TOSHIUSDT,2025-09-18,e2526,105644,long,2,-0.16400140072370725,0.01268924,-0.15581216072370727,-0.16031216072370727,29,pump_le0,tdec_lt30,fund_flat,crowd_ge5,btc_up,-0.10730693502515853,0.25254093770025,0.0001,0.02812233799445507
TOWNSUSDT,2025-08-06,e2526,105638,short,1,-0.04342431761786618,-0.00338459,-0.051308907617866176,-0.05580890761786618,36,pump_le0,tdec_30_70,fund_flat,crowd_24,btc_up,-0.20000000000000007,0.5190263638025728,-0.0001196,0.07850240325663527
TOWNSUSDT,2025-08-06,e2526,105638,long,1,0.04342431761786618,0.00338459,0.04230890761786618,0.03780890761786618,36,pump_le0,tdec_30_70,fund_flat,crowd_24,btc_up,-0.20000000000000007,0.5190263638025728,-0.0001196,0.07850240325663527
TOWNSUSDT,2025-08-06,e2526,105638,short,2,-0.06455696202531645,-0.0003817499999999999,-0.06943871202531646,-0.07393871202531645,30,pump_le0,tdec_30_70,fund_neg,crowd_24,btc_up,-0.20000000000000007,0.3677258029188749,-0.00156072,0.04881569138101738
TOWNSUSDT,2025-08-06,e2526,105638,long,2,0.06455696202531645,0.0003817499999999999,0.060438712025316456,0.05593871202531645,30,pump_le0,tdec_30_70,fund_neg,crowd_24,btc_up,-0.20000000000000007,0.3677258029188749,-0.00156072,0.04881569138101738
TRADOORUSDT,2025-09-20,e2526,105644,short,1,0.3558772148739705,0.00194031,0.3533175248739705,0.3488175248739705,36,pump_25_100,tdec_ge70,fund_flat,crowd_ge5,btc_down,0.3746140651801029,1.68509432040177,0.00035202,-0.014658996129087498
TRADOORUSDT,2025-09-20,e2526,105644,long,1,-0.3558772148739705,-0.00194031,-0.3623175248739705,-0.3668175248739705,36,pump_25_100,tdec_ge70,fund_flat,crowd_ge5,btc_down,0.3746140651801029,1.68509432040177,0.00035202,-0.014658996129087498
TRADOORUSDT,2025-09-20,e2526,105644,short,2,-0.006630265210608386,0.00141614,-0.009714125210608385,-0.014214125210608386,29,pump_25_100,tdec_ge70,fund_flat,crowd_ge5,btc_down,0.3746140651801029,0.7588998006495462,0.0001,-0.02402903175760185
TRADOORUSDT,2025-09-20,e2526,105644,long,2,0.006630265210608386,-0.00141614,0.000714125210608387,-0.0037858747893916127,29,pump_25_100,tdec_ge70,fund_flat,crowd_ge5,btc_down,0.3746140651801029,0.7588998006495462,0.0001,-0.02402903175760185
TREEUSDT,2025-07-30,e2526,105637,short,1,0.20684764991896268,-0.01191547,0.19043217991896266,0.18593217991896266,36,pump_le0,tdec_30_70,fund_flat,crowd_24,btc_up,-0.26328358208955227,0.5585834645118045,0.00006598,0.09522529319496131
TREEUSDT,2025-07-30,e2526,105637,long,1,-0.20684764991896268,0.01191547,-0.19943217991896267,-0.20393217991896267,36,pump_le0,tdec_30_70,fund_flat,crowd_24,btc_up,-0.26328358208955227,0.5585834645118045,0.00006598,0.09522529319496131
TREEUSDT,2025-07-30,e2526,105637,short,2,0.1988950276243094,-0.00892875,0.1854662776243094,0.1809662776243094,30,pump_le0,tdec_ge70,fund_neg,crowd_24,btc_up,-0.26328358208955227,1.3923331705659119,-0.0015647,0.04085294117647065
TREEUSDT,2025-07-30,e2526,105637,long,2,-0.1988950276243094,0.00892875,-0.1944662776243094,-0.1989662776243094,30,pump_le0,tdec_ge70,fund_neg,crowd_24,btc_up,-0.26328358208955227,1.3923331705659119,-0.0015647,0.04085294117647065
TRIAUSDT,2026-02-07,e2526,105664,short,1,-0.2246591582691169,0.00173762,-0.2274215382691169,-0.2319215382691169,36,pump_le0,tdec_ge70,fund_flat,crowd_24,btc_down,-0.2920688208140999,0.9990102416328394,-0.0000467,-0.22422398227002016
TRIAUSDT,2026-02-07,e2526,105664,long,1,0.2246591582691169,-0.00173762,0.2184215382691169,0.2139215382691169,36,pump_le0,tdec_ge70,fund_flat,crowd_24,btc_down,-0.2920688208140999,0.9990102416328394,-0.0000467,-0.22422398227002016
TRIAUSDT,2026-02-07,e2526,105664,short,2,-0.16921335597057155,0.00243027,-0.17128308597057154,-0.17578308597057155,29,pump_le0,tdec_ge70,fund_flat,crowd_24,btc_down,-0.2920688208140999,0.9048163801984549,-0.00021301998520694549,-0.22503802382236693
TRIAUSDT,2026-02-07,e2526,105664,long,2,0.16921335597057155,-0.00243027,0.16228308597057153,0.15778308597057153,29,pump_le0,tdec_ge70,fund_flat,crowd_24,btc_down,-0.2920688208140999,0.9048163801984549,-0.00021301998520694549,-0.22503802382236693
TROYUSDT,2024-11-01,e2324,105598,short,1,-1.1503551696921863,0.0030201900000000003,-1.1518349796921863,-1.1563349796921862,35,pump_le0,tdec_30_70,fund_flat,crowd_24,btc_up,-0.2162078564800496,0.42820041612991583,0.0001,0.14226573924040653
TROYUSDT,2024-11-01,e2324,105598,long,1,1.1503551696921863,-0.0030201900000000003,1.1428349796921864,1.1383349796921864,35,pump_le0,tdec_30_70,fund_flat,crowd_24,btc_up,-0.2162078564800496,0.42820041612991583,0.0001,0.14226573924040653
TROYUSDT,2024-11-01,e2324,105598,short,2,-1.165739268680445,0.00272019,-1.167519078680445,-1.172019078680445,29,pump_le0,tdec_30_70,fund_flat,crowd_24,btc_up,-0.2162078564800496,0.39922661295721956,0.0001,0.10810031198432335
TROYUSDT,2024-11-01,e2324,105598,long,2,1.165739268680445,-0.00272019,1.1585190786804451,1.1540190786804452,29,pump_le0,tdec_30_70,fund_flat,crowd_24,btc_up,-0.2162078564800496,0.39922661295721956,0.0001,0.10810031198432335
TRUMPUSDT,2025-01-19,e2526,105610,short,1,0.2503420346959996,0.0022553,0.2480973346959996,0.2435973346959996,35,pump_25_100,tdec_30_70,fund_flat,crowd_ge5,btc_up,0.2846145734472212,0.5249025038242537,0.0001,0.05126164640177344
TRUMPUSDT,2025-01-19,e2526,105610,long,1,-0.2503420346959996,-0.0022553,-0.2570973346959996,-0.2615973346959996,35,pump_25_100,tdec_30_70,fund_flat,crowd_ge5,btc_up,0.2846145734472212,0.5249025038242537,0.0001,0.05126164640177344
TRUMPUSDT,2025-01-19,e2526,105610,short,2,0.3737112812892902,0.0019504400000000001,0.3711617212892902,0.3666617212892902,29,pump_25_100,tdec_lt30,fund_flat,crowd_ge5,btc_up,0.2846145734472212,0.283338869489491,0.0001,0.11519282002238485
TRUMPUSDT,2025-01-19,e2526,105610,long,2,-0.3737112812892902,-0.0019504400000000001,-0.3801617212892902,-0.3846617212892902,29,pump_25_100,tdec_lt30,fund_flat,crowd_ge5,btc_up,0.2846145734472212,0.283338869489491,0.0001,0.11519282002238485
TRUSTUSDT,2025-11-06,e2526,105651,short,1,0.3330337078651685,0.00086482,0.3293985278651685,0.3248985278651685,36,pump_0_25,tdec_30_70,fund_pos,crowd_24,btc_down,0.042154566744730726,0.5558656942975171,0.00143514,-0.16173891875443758
TRUSTUSDT,2025-11-06,e2526,105651,long,1,-0.3330337078651685,-0.00086482,-0.3383985278651685,-0.3428985278651685,36,pump_0_25,tdec_30_70,fund_pos,crowd_24,btc_down,0.042154566744730726,0.5558656942975171,0.00143514,-0.16173891875443758
TRUSTUSDT,2025-11-06,e2526,105651,short,2,0.2799611838913149,-0.0002837,0.2751774838913149,0.2706774838913149,30,pump_0_25,tdec_30_70,fund_flat,crowd_24,btc_down,0.042154566744730726,0.38811736018610105,0.0003256399773861127,-0.15882637916158426
TRUSTUSDT,2025-11-06,e2526,105651,long,2,-0.2799611838913149,0.0002837,-0.2841774838913149,-0.2886774838913149,30,pump_0_25,tdec_30_70,fund_flat,crowd_24,btc_down,0.042154566744730726,0.38811736018610105,0.0003256399773861127,-0.15882637916158426
TRUTHUSDT,2025-10-02,e2526,105646,short,1,0.11144720037641996,0.00464694,0.11159414037641996,0.10709414037641997,36,pump_0_25,tdec_30_70,fund_pos,crowd_ge5,btc_up,0.014732965009208066,0.3671458937471871,0.00055914,0.09424072047415444
TRUTHUSDT,2025-10-02,e2526,105646,long,1,-0.11144720037641996,-0.00464694,-0.12059414037641997,-0.12509414037641997,36,pump_0_25,tdec_30_70,fund_pos,crowd_ge5,btc_up,0.014732965009208066,0.3671458937471871,0.00055914,0.09424072047415444
TRUTHUSDT,2025-10-02,e2526,105646,short,2,0.12218606813201406,0.00233089,0.12001695813201406,0.11551695813201407,29,pump_0_25,tdec_lt30,fund_flat,crowd_ge5,btc_up,0.014732965009208066,0.2612573841451027,0.0001,0.10538365766348567
TRUTHUSDT,2025-10-02,e2526,105646,long,2,-0.12218606813201406,-0.00233089,-0.12901695813201405,-0.13351695813201406,29,pump_0_25,tdec_lt30,fund_flat,crowd_ge5,btc_up,0.014732965009208066,0.2612573841451027,0.0001,0.10538365766348567
TRUUSDT,2023-03-08,e2324,105512,short,1,-0.09623668102471092,-0.0177321,-0.11846878102471092,-0.12296878102471091,17,pump_le0,tdec_ge70,fund_flat,crowd_01,btc_down,-0.2970517928286852,0.9403861618411209,0.000012349999785590283,-0.12420537055448666
TRUUSDT,2023-03-08,e2324,105512,long,1,0.09623668102471092,0.0177321,0.10946878102471091,0.10496878102471092,17,pump_le0,tdec_ge70,fund_flat,crowd_01,btc_down,-0.2970517928286852,0.9403861618411209,0.000012349999785590283,-0.12420537055448666
TRUUSDT,2023-03-08,e2324,105512,short,2,0.06740597878495656,-0.0179321,0.04497387878495657,0.04047387878495656,15,pump_le0,tdec_ge70,fund_flat,crowd_01,btc_down,-0.2970517928286852,0.984981582158004,0.00009999999479166695,-0.12265256426452464
TRUUSDT,2023-03-08,e2324,105512,long,2,-0.06740597878495656,0.0179321,-0.05397387878495656,-0.058473878784956565,15,pump_le0,tdec_ge70,fund_flat,crowd_01,btc_down,-0.2970517928286852,0.984981582158004,0.00009999999479166695,-0.12265256426452464
TSLAUSDT,2026-01-29,e2526,105663,short,1,0.09296751372987071,-0.00810716,0.0803603537298707,0.07586035372987071,18,pump_le0,tdec_30_70,fund_flat,crowd_24,btc_down,-0.015374745090850683,0.4922593596484132,0.00032638,-0.03877262630667
TSLAUSDT,2026-01-29,e2526,105663,long,1,-0.09296751372987071,0.00810716,-0.08936035372987071,-0.0938603537298707,18,pump_le0,tdec_30_70,fund_flat,crowd_24,btc_down,-0.015374745090850683,0.4922593596484132,0.00032638,-0.03877262630667
TSLAUSDT,2026-01-29,e2526,105663,short,2,0.09129694821998934,-0.007571530000000001,0.07922541821998932,0.07472541821998933,15,pump_le0,tdec_lt30,fund_neg,crowd_24,btc_down,-0.015374745090850683,0.07084149283721936,-0.0019307,-0.11366216216216218
TSLAUSDT,2026-01-29,e2526,105663,long,2,-0.09129694821998934,0.007571530000000001,-0.08822541821998933,-0.09272541821998932,15,pump_le0,tdec_lt30,fund_neg,crowd_24,btc_down,-0.015374745090850683,0.07084149283721936,-0.0019307,-0.11366216216216218
TSMUSDT,2026-04-07,e2526,105673,short,1,-0.05924333856879116,-0.01102434,-0.07476767856879116,-0.07926767856879115,18,pump_0_25,tdec_ge70,fund_flat,crowd_ge5,btc_up,0.0619166057059255,1.0486578810625773,0.0,0.038658305321657815
TSMUSDT,2026-04-07,e2526,105673,long,1,0.05924333856879116,0.01102434,0.06576767856879115,0.06126767856879115,18,pump_0_25,tdec_ge70,fund_flat,crowd_ge5,btc_up,0.0619166057059255,1.0486578810625773,0.0,0.038658305321657815
TSMUSDT,2026-04-07,e2526,105673,short,2,-0.0495263057307452,-0.01102434,-0.0650506457307452,-0.0695506457307452,15,pump_0_25,tdec_30_70,fund_flat,crowd_ge5,btc_up,0.0619166057059255,0.6701237585195868,0.0,0.026444202518100424
TSMUSDT,2026-04-07,e2526,105673,long,2,0.0495263057307452,0.01102434,0.056050645730745204,0.0515506457307452,15,pump_0_25,tdec_30_70,fund_flat,crowd_ge5,btc_up,0.0619166057059255,0.6701237585195868,0.0,0.026444202518100424
TSTUSDT,2025-02-10,e2526,105613,short,1,0.46453488372093016,0.00167428,0.4617091637209301,0.4572091637209301,35,pump_le0,tdec_ge70,fund_flat,crowd_01,btc_up,-0.23589515770768554,0.7459969646288724,0.0001,0.013031759821968025
TSTUSDT,2025-02-10,e2526,105613,long,1,-0.46453488372093016,-0.00167428,-0.47070916372093013,-0.47520916372093014,35,pump_le0,tdec_ge70,fund_flat,crowd_01,btc_up,-0.23589515770768554,0.7459969646288724,0.0001,0.013031759821968025
TSTUSDT,2025-02-10,e2526,105613,short,2,0.5126984126984127,0.00142428,0.5096226926984126,0.5051226926984126,30,pump_le0,tdec_30_70,fund_flat,crowd_01,btc_up,-0.23589515770768554,0.4799368558067902,0.0001,0.03525416122931291
TSTUSDT,2025-02-10,e2526,105613,long,2,-0.5126984126984127,-0.00142428,-0.5186226926984125,-0.5231226926984126,30,pump_le0,tdec_30_70,fund_flat,crowd_01,btc_up,-0.23589515770768554,0.4799368558067902,0.0001,0.03525416122931291
TURBOUSDT,2024-05-31,e2324,105576,short,1,0.2557005593001577,0.0107365,0.2619370593001577,0.2574370593001577,35,pump_0_25,tdec_30_70,fund_pos,crowd_01,btc_up,0.14763001974983547,0.5203313060997907,0.00127312,0.14842462400506795
TURBOUSDT,2024-05-31,e2324,105576,long,1,-0.2557005593001577,-0.0107365,-0.2709370593001577,-0.2754370593001577,35,pump_0_25,tdec_30_70,fund_pos,crowd_01,btc_up,0.14763001974983547,0.5203313060997907,0.00127312,0.14842462400506795
TURBOUSDT,2024-05-31,e2324,105576,short,2,0.21802018984480934,0.00873477,0.22225495984480934,0.21775495984480933,29,pump_0_25,tdec_30_70,fund_flat,crowd_01,btc_up,0.14763001974983547,0.4180215142344941,0.000211,0.07878931550569024
TURBOUSDT,2024-05-31,e2324,105576,long,2,-0.21802018984480934,-0.00873477,-0.23125495984480934,-0.23575495984480935,29,pump_0_25,tdec_30_70,fund_flat,crowd_01,btc_up,0.14763001974983547,0.4180215142344941,0.000211,0.07878931550569024
TURTLEUSDT,2025-10-23,e2526,105649,short,1,0.32885906040268453,-0.00440818,0.31995088040268455,0.31545088040268454,57,pump_0_25,tdec_30_70,fund_flat,crowd_ge5,btc_down,0.04929577464788726,0.4090156403150046,0.0001,-0.02020767478411367
TURTLEUSDT,2025-10-23,e2526,105649,long,1,-0.32885906040268453,0.00440818,-0.32895088040268455,-0.33345088040268456,57,pump_0_25,tdec_30_70,fund_flat,crowd_ge5,btc_down,0.04929577464788726,0.4090156403150046,0.0001,-0.02020767478411367
TURTLEUSDT,2025-10-23,e2526,105649,short,2,0.3410214168039539,-0.00466041,0.3318610068039539,0.3273610068039539,34,pump_0_25,tdec_lt30,fund_flat,crowd_ge5,btc_up,0.04929577464788726,0.2870416442020222,0.0001,0.024371526008748257
TURTLEUSDT,2025-10-23,e2526,105649,long,2,-0.3410214168039539,0.00466041,-0.3408610068039539,-0.34536100680395393,34,pump_0_25,tdec_lt30,fund_flat,crowd_ge5,btc_up,0.04929577464788726,0.2870416442020222,0.0001,0.024371526008748257
TUSDT,2023-02-02,e2324,105507,short,1,0.2185063602790316,0.00279177,0.21679813027903158,0.21229813027903158,18,pump_le0,tdec_ge70,fund_neg,crowd_01,btc_up,-0.04243614931237727,1.1528386058789752,-0.00056173,0.3908419971381243
TUSDT,2023-02-02,e2324,105507,long,1,-0.2185063602790316,-0.00279177,-0.2257981302790316,-0.2302981302790316,18,pump_le0,tdec_ge70,fund_neg,crowd_01,btc_up,-0.04243614931237727,1.1528386058789752,-0.00056173,0.3908419971381243
TUSDT,2023-02-02,e2324,105507,short,2,0.201802179379715,0.00249177,0.199793949379715,0.195293949379715,15,pump_le0,tdec_30_70,fund_flat,crowd_01,btc_up,-0.04243614931237727,0.6865943010233568,0.0001,0.3862860946991762
TUSDT,2023-02-02,e2324,105507,long,2,-0.201802179379715,-0.00249177,-0.20879394937971502,-0.21329394937971502,15,pump_le0,tdec_30_70,fund_flat,crowd_01,btc_up,-0.04243614931237727,0.6865943010233568,0.0001,0.3862860946991762
TUTUSDT,2025-03-21,e2526,105618,short,1,-0.7499999999999999,-0.05535428,-0.8098542799999998,-0.8143542799999999,35,pump_le0,tdec_30_70,fund_flat,crowd_24,btc_down,-0.332398316970547,0.4846901863793797,0.0001,-0.14704909473409944
TUTUSDT,2025-03-21,e2526,105618,long,1,0.7499999999999999,0.05535428,0.8008542799999999,0.7963542799999999,35,pump_le0,tdec_30_70,fund_flat,crowd_24,btc_down,-0.332398316970547,0.4846901863793797,0.0001,-0.14704909473409944
TUTUSDT,2025-03-21,e2526,105618,short,2,-0.7618443316412858,-0.05565428,-0.8219986116412858,-0.8264986116412859,29,pump_le0,tdec_30_70,fund_flat,crowd_24,btc_down,-0.332398316970547,0.47362904751687945,0.0001,-0.10489878588838408
TUTUSDT,2025-03-21,e2526,105618,long,2,0.7618443316412858,0.05565428,0.812998611641286,0.8084986116412859,29,pump_le0,tdec_30_70,fund_flat,crowd_24,btc_down,-0.332398316970547,0.47362904751687945,0.0001,-0.10489878588838408
TWTUSDT,2023-11-04,e2324,105546,short,1,-0.02241744925780072,0.00546856,-0.02144888925780072,-0.02594888925780072,35,pump_0_25,tdec_ge70,fund_flat,crowd_ge5,btc_up,0.08211768562530741,1.2609473556735837,0.00043034,0.25466125525230776
TWTUSDT,2023-11-04,e2324,105546,long,1,0.02241744925780072,-0.00546856,0.01244888925780072,0.00794888925780072,35,pump_0_25,tdec_ge70,fund_flat,crowd_ge5,btc_up,0.08211768562530741,1.2609473556735837,0.00043034,0.25466125525230776
TWTUSDT,2023-11-04,e2324,105546,short,2,0.19609361043291842,0.00336215,0.19495576043291843,0.19045576043291843,30,pump_0_25,tdec_ge70,fund_pos,crowd_ge5,btc_up,0.08211768562530741,13.336981014119601,0.00128496,0.25460401531689514
TWTUSDT,2023-11-04,e2324,105546,long,2,-0.19609361043291842,-0.00336215,-0.20395576043291844,-0.20845576043291844,30,pump_0_25,tdec_ge70,fund_pos,crowd_ge5,btc_up,0.08211768562530741,13.336981014119601,0.00128496,0.25460401531689514
UAIUSDT,2025-11-07,e2526,105651,short,1,0.032117583015786544,-0.05394682,-0.026329236984213456,-0.030829236984213457,144,pump_gt100,tdec_ge70,fund_neg,crowd_ge5,btc_down,1.519890260631001,0.7587835081924382,-0.00362648,-0.15882637916158426
UAIUSDT,2025-11-07,e2526,105651,long,1,-0.032117583015786544,0.05394682,0.017329236984213455,0.012829236984213456,144,pump_gt100,tdec_ge70,fund_neg,crowd_ge5,btc_down,1.519890260631001,0.7587835081924382,-0.00362648,-0.15882637916158426
UAIUSDT,2025-11-07,e2526,105651,short,2,-0.013683010262257772,-0.03508381,-0.05326682026225777,-0.057766820262257774,119,pump_gt100,tdec_30_70,fund_neg,crowd_ge5,btc_down,1.519890260631001,0.42411906469656413,-0.01541448,-0.07136855908136364
UAIUSDT,2025-11-07,e2526,105651,long,2,0.013683010262257772,0.03508381,0.044266820262257776,0.03976682026225777,119,pump_gt100,tdec_30_70,fund_neg,crowd_ge5,btc_down,1.519890260631001,0.42411906469656413,-0.01541448,-0.07136855908136364
UBERUSDT,2026-05-16,e2526,105678,short,1,0.014868883482022283,0.0,0.010368883482022282,0.005868883482022283,0,pump_le0,tdec_30_70,fund_none,crowd_ge5,btc_up,-0.01294196130753833,0.38132543926630946,,0.00519014521501826
UBERUSDT,2026-05-16,e2526,105678,long,1,-0.014868883482022283,-0.0,-0.019368883482022283,-0.023868883482022284,0,pump_le0,tdec_30_70,fund_none,crowd_ge5,btc_up,-0.01294196130753833,0.38132543926630946,,0.00519014521501826
UBERUSDT,2026-05-16,e2526,105678,short,2,0.02968978831047802,0.0,0.02518978831047802,0.02068978831047802,0,pump_le0,tdec_ge70,fund_none,crowd_ge5,btc_up,-0.01294196130753833,1.1483207376205227,,0.017307788901548715
UBERUSDT,2026-05-16,e2526,105678,long,2,-0.02968978831047802,-0.0,-0.03418978831047802,-0.03868978831047802,0,pump_le0,tdec_ge70,fund_none,crowd_ge5,btc_up,-0.01294196130753833,1.1483207376205227,,0.017307788901548715
UBUSDT,2025-09-13,e2526,105643,short,1,-0.14636577387037406,0.00950019,-0.14136558387037407,-0.14586558387037407,36,pump_25_100,tdec_30_70,fund_pos,crowd_ge5,btc_down,0.4811113634643047,0.3492477869952357,0.0006727000467152811,-0.017643367280813615
UBUSDT,2025-09-13,e2526,105643,long,1,0.14636577387037406,-0.00950019,0.13236558387037406,0.12786558387037406,36,pump_25_100,tdec_30_70,fund_pos,crowd_ge5,btc_down,0.4811113634643047,0.3492477869952357,0.0006727000467152811,-0.017643367280813615
UBUSDT,2025-09-13,e2526,105643,short,2,-0.006575108837125839,0.006962540000000001,-0.004112568837125838,-0.008612568837125838,30,pump_25_100,tdec_30_70,fund_pos,crowd_ge5,btc_down,0.4811113634643047,0.5950438963240793,0.00226696,-0.017294001433567074
UBUSDT,2025-09-13,e2526,105643,long,2,0.006575108837125839,-0.006962540000000001,-0.0048874311628741614,-0.00938743116287416,30,pump_25_100,tdec_30_70,fund_pos,crowd_ge5,btc_down,0.4811113634643047,0.5950438963240793,0.00226696,-0.017294001433567074
UMAUSDT,2023-05-11,e2324,105521,short,1,0.08758821087588206,-0.0015362999999999998,0.08155191087588205,0.07705191087588206,17,pump_le0,tdec_30_70,fund_flat,crowd_24,btc_down,-0.06191588785046742,0.4943806233664258,-0.00007292000632986167,-0.10342761506276155
UMAUSDT,2023-05-11,e2324,105521,long,1,-0.08758821087588206,0.0015362999999999998,-0.09055191087588206,-0.09505191087588205,17,pump_le0,tdec_30_70,fund_flat,crowd_24,btc_down,-0.06191588785046742,0.4943806233664258,-0.00007292000632986167,-0.10342761506276155
UMAUSDT,2023-05-11,e2324,105521,short,2,0.0493079584775086,-0.00127532,0.04353263847750861,0.039032638477508604,15,pump_le0,tdec_lt30,fund_flat,crowd_24,btc_down,-0.06191588785046742,0.24772267942344467,-0.00036097996866493325,-0.11856653064450795
UMAUSDT,2023-05-11,e2324,105521,long,2,-0.0493079584775086,0.00127532,-0.0525326384775086,-0.057032638477508606,15,pump_le0,tdec_lt30,fund_flat,crowd_24,btc_down,-0.06191588785046742,0.24772267942344467,-0.00036097996866493325,-0.11856653064450795
URNMUSDT,2026-06-10,e2526,105682,short,1,-0.05664527956003673,0.00036648,-0.06077879956003673,-0.06527879956003672,18,pump_le0,tdec_ge70,fund_none,crowd_ge5,btc_down,-0.0005496518871381806,1.545380802920795,,-0.20958103926125704
URNMUSDT,2026-06-10,e2526,105682,long,1,0.05664527956003673,-0.00036648,0.05177879956003673,0.04727879956003673,18,pump_le0,tdec_ge70,fund_none,crowd_ge5,btc_down,-0.0005496518871381806,1.545380802920795,,-0.20958103926125704
URNMUSDT,2026-06-10,e2526,105682,short,2,-0.05432595573440641,0.00063037,-0.05819558573440641,-0.06269558573440641,15,pump_le0,tdec_ge70,fund_flat,crowd_ge5,btc_down,-0.0005496518871381806,2.1401583130492114,0.00009554,-0.19853244425722338
URNMUSDT,2026-06-10,e2526,105682,long,2,0.05432595573440641,-0.00063037,0.04919558573440642,0.044695585734406414,15,pump_le0,tdec_ge70,fund_flat,crowd_ge5,btc_down,-0.0005496518871381806,2.1401583130492114,0.00009554,-0.19853244425722338
USARUSDT,2026-05-07,e2526,105677,short,1,0.08068097705403404,0.0,0.07618097705403404,0.07168097705403405,0,pump_le0,tdec_ge70,fund_none,crowd_24,btc_up,-0.04353982300884962,0.7313707922540502,,0.1283409888496454
USARUSDT,2026-05-07,e2526,105677,long,1,-0.08068097705403404,-0.0,-0.08518097705403405,-0.08968097705403404,0,pump_le0,tdec_ge70,fund_none,crowd_24,btc_up,-0.04353982300884962,0.7313707922540502,,0.1283409888496454
USARUSDT,2026-05-07,e2526,105677,short,2,0.07657992565055757,0.0,0.07207992565055757,0.06757992565055758,0,pump_le0,tdec_lt30,fund_none,crowd_24,btc_up,-0.04353982300884962,0.22636699345305772,,0.12381255017393644
USARUSDT,2026-05-07,e2526,105677,long,2,-0.07657992565055757,-0.0,-0.08107992565055758,-0.08557992565055757,0,pump_le0,tdec_lt30,fund_none,crowd_24,btc_up,-0.04353982300884962,0.22636699345305772,,0.12381255017393644
USDCUSDT,2023-03-13,e2324,105513,short,1,0.0003212109653393162,0.00036753,-0.003811259034660683,-0.008311259034660684,18,pump_0_25,tdec_lt30,fund_flat,crowd_24,btc_up,0.01190439914272079,0.24876561091656113,0.00009999999652777789,0.1337277399855772
USDCUSDT,2023-03-13,e2324,105513,long,1,-0.0003212109653393162,-0.00036753,-0.005188740965339316,-0.009688740965339315,18,pump_0_25,tdec_lt30,fund_flat,crowd_24,btc_up,0.01190439914272079,0.24876561091656113,0.00009999999652777789,0.1337277399855772
USDCUSDT,2023-03-13,e2324,105513,short,2,0.0002409275711489414,-0.000033179999999999984,-0.004292252428851058,-0.008792252428851057,15,pump_0_25,tdec_lt30,fund_flat,crowd_24,btc_up,0.01190439914272079,0.2255904283781663,0.00009999999652777789,0.11585853295476478
USDCUSDT,2023-03-13,e2324,105513,long,2,-0.0002409275711489414,0.000033179999999999984,-0.0047077475711489415,-0.009207747571148941,15,pump_0_25,tdec_lt30,fund_flat,crowd_24,btc_up,0.01190439914272079,0.2255904283781663,0.00009999999652777789,0.11585853295476478
USELESSUSDT,2025-08-16,e2526,105639,short,1,0.14482547458665035,0.00182294,0.14214841458665034,0.13764841458665034,35,pump_0_25,tdec_30_70,fund_flat,crowd_24,btc_down,0.09048414023372287,0.595781421438462,0.0001,-0.004602345788336182
USELESSUSDT,2025-08-16,e2526,105639,long,1,-0.14482547458665035,-0.00182294,-0.15114841458665035,-0.15564841458665035,35,pump_0_25,tdec_30_70,fund_flat,crowd_24,btc_down,0.09048414023372287,0.595781421438462,0.0001,-0.004602345788336182
USELESSUSDT,2025-08-16,e2526,105639,short,2,-0.017857142857142915,0.0013973500000000001,-0.020959792857142917,-0.025459792857142914,29,pump_0_25,tdec_30_70,fund_flat,crowd_24,btc_down,0.09048414023372287,0.40031125032483733,0.0001,-0.013842110981340028
USELESSUSDT,2025-08-16,e2526,105639,long,2,0.017857142857142915,-0.0013973500000000001,0.011959792857142916,0.007459792857142917,29,pump_0_25,tdec_30_70,fund_flat,crowd_24,btc_down,0.09048414023372287,0.40031125032483733,0.0001,-0.013842110981340028
USTCUSDT,2023-11-28,e2324,105550,short,1,-0.008315606265712625,0.00195591,-0.010859696265712624,-0.015359696265712625,35,pump_0_25,tdec_ge70,fund_flat,crowd_24,btc_up,0.14783573806881245,1.2518336943954327,-0.00017342,0.09724276326854908
USTCUSDT,2023-11-28,e2324,105550,long,1,0.008315606265712625,-0.00195591,0.0018596962657126256,-0.002640303734287374,35,pump_0_25,tdec_ge70,fund_flat,crowd_24,btc_up,0.14783573806881245,1.2518336943954327,-0.00017342,0.09724276326854908
USTCUSDT,2023-11-28,e2324,105550,short,2,-0.006758061401814948,0.00394112,-0.007316941401814947,-0.011816941401814947,29,pump_0_25,tdec_30_70,fund_flat,crowd_24,btc_up,0.14783573806881245,0.6507531510699309,0.0001,0.08846395816619235
USTCUSDT,2023-11-28,e2324,105550,long,2,0.006758061401814948,-0.00394112,-0.0016830585981850521,-0.006183058598185052,29,pump_0_25,tdec_30_70,fund_flat,crowd_24,btc_up,0.14783573806881245,0.6507531510699309,0.0001,0.08846395816619235
USUALUSDT,2024-12-19,e2324,105605,short,1,0.07152269399707183,-0.00912408,0.05789861399707183,0.053398613997071825,35,pump_25_100,tdec_ge70,fund_flat,crowd_ge5,btc_up,0.44077628942094726,1.320174947358932,0.0001,0.03687001527235689
USUALUSDT,2024-12-19,e2324,105605,long,1,-0.07152269399707183,0.00912408,-0.06689861399707182,-0.07139861399707183,35,pump_25_100,tdec_ge70,fund_flat,crowd_ge5,btc_up,0.44077628942094726,1.320174947358932,0.0001,0.03687001527235689
USUALUSDT,2024-12-19,e2324,105605,short,2,-0.18543789139171876,-0.00942408,-0.19936197139171877,-0.20386197139171877,29,pump_25_100,tdec_30_70,fund_flat,crowd_ge5,btc_down,0.44077628942094726,0.525758168739007,0.0001,-0.011233464949556127
USUALUSDT,2024-12-19,e2324,105605,long,2,0.18543789139171876,0.00942408,0.19036197139171876,0.18586197139171876,29,pump_25_100,tdec_30_70,fund_flat,crowd_ge5,btc_down,0.44077628942094726,0.525758168739007,0.0001,-0.011233464949556127
USUSDT,2025-12-13,e2526,105656,short,1,0.12757830404889225,0.00445251,0.12753081404889224,0.12303081404889225,35,pump_le0,tdec_ge70,fund_flat,crowd_ge5,btc_down,-0.24856486796785315,0.8106600972297248,0.0002176,-0.06796876404755825
USUSDT,2025-12-13,e2526,105656,long,1,-0.12757830404889225,-0.00445251,-0.13653081404889225,-0.14103081404889226,35,pump_le0,tdec_ge70,fund_flat,crowd_ge5,btc_down,-0.24856486796785315,0.8106600972297248,0.0002176,-0.06796876404755825
USUSDT,2025-12-13,e2526,105656,short,2,0.13155893536121677,0.00289125,0.12995018536121677,0.12545018536121677,30,pump_le0,tdec_ge70,fund_flat,crowd_ge5,btc_down,-0.24856486796785315,1.4265794641848373,0.0001,-0.09596453757470425
USUSDT,2025-12-13,e2526,105656,long,2,-0.13155893536121677,-0.00289125,-0.13895018536121678,-0.1434501853612168,30,pump_le0,tdec_ge70,fund_flat,crowd_ge5,btc_down,-0.24856486796785315,1.4265794641848373,0.0001,-0.09596453757470425
UVXYUSDT,2026-06-12,e2526,105682,short,1,0.11157311157311153,-0.00267801,0.10439510157311153,0.09989510157311154,18,pump_le0,tdec_30_70,fund_flat,crowd_ge5,btc_down,-0.05500982318271119,0.33922428868594434,0.00044574,-0.20519340793027419
UVXYUSDT,2026-06-12,e2526,105682,long,1,-0.11157311157311153,0.00267801,-0.11339510157311154,-0.11789510157311153,18,pump_le0,tdec_30_70,fund_flat,crowd_ge5,btc_down,-0.05500982318271119,0.33922428868594434,0.00044574,-0.20519340793027419
UVXYUSDT,2026-06-12,e2526,105682,short,2,0.08689458689458682,-0.0022970900000000003,0.08009749689458681,0.07559749689458682,15,pump_le0,tdec_lt30,fund_flat,crowd_ge5,btc_down,-0.05500982318271119,0.18269066386361638,0.0,-0.16910615372941795
UVXYUSDT,2026-06-12,e2526,105682,long,2,-0.08689458689458682,0.0022970900000000003,-0.08909749689458682,-0.09359749689458681,15,pump_le0,tdec_lt30,fund_flat,crowd_ge5,btc_down,-0.05500982318271119,0.18269066386361638,0.0,-0.16910615372941795
UXLINKUSDT,2024-09-16,e2324,105592,short,1,0.016360236833904744,-0.01204637,-0.00018613316609525626,-0.004686133166095256,35,pump_25_100,tdec_ge70,fund_neg,crowd_24,btc_up,0.651994851994852,4.948734613199084,-0.00170374,0.03238568247987672
UXLINKUSDT,2024-09-16,e2324,105592,long,1,-0.016360236833904744,0.01204637,-0.008813866833904744,-0.013313866833904743,35,pump_25_100,tdec_ge70,fund_neg,crowd_24,btc_up,0.651994851994852,4.948734613199084,-0.00170374,0.03238568247987672
UXLINKUSDT,2024-09-16,e2324,105592,short,2,0.05705750560119494,0.00015160000000000005,0.05270910560119495,0.04820910560119494,29,pump_25_100,tdec_ge70,fund_neg,crowd_24,btc_up,0.651994851994852,4.694879744447448,-0.00066976,0.03934106080119881
UXLINKUSDT,2024-09-16,e2324,105592,long,2,-0.05705750560119494,-0.00015160000000000005,-0.06170910560119494,-0.06620910560119495,29,pump_25_100,tdec_ge70,fund_neg,crowd_24,btc_up,0.651994851994852,4.694879744447448,-0.00066976,0.03934106080119881
VANAUSDT,2024-12-17,e2324,105605,short,1,-0.09840409144124723,0.00116657,-0.10173752144124723,-0.10623752144124722,35,pump_le0,tdec_30_70,fund_flat,crowd_ge5,btc_up,-0.49686879960317465,0.5032589204764076,0.0001,0.10688297310496164
VANAUSDT,2024-12-17,e2324,105605,long,1,0.09840409144124723,-0.00116657,0.09273752144124722,0.08823752144124723,35,pump_le0,tdec_30_70,fund_flat,crowd_ge5,btc_up,-0.49686879960317465,0.5032589204764076,0.0001,0.10688297310496164
VANAUSDT,2024-12-17,e2324,105605,short,2,-0.17014572666404099,0.0008665700000000001,-0.17377915666404098,-0.17827915666404098,29,pump_le0,tdec_lt30,fund_flat,crowd_ge5,btc_up,-0.49686879960317465,0.1940117031591119,0.0001,0.05521687664277919
VANAUSDT,2024-12-17,e2324,105605,long,2,0.17014572666404099,-0.0008665700000000001,0.16477915666404097,0.16027915666404097,29,pump_le0,tdec_lt30,fund_flat,crowd_ge5,btc_up,-0.49686879960317465,0.1940117031591119,0.0001,0.05521687664277919
VANRYUSDT,2024-03-14,e2324,105565,short,1,0.04774428484725877,0.00409882,0.047343104847258774,0.04284310484725877,35,pump_le0,tdec_ge70,fund_flat,crowd_24,btc_up,-0.13079921455994847,0.7369571028993642,0.00031986,0.3421054662776517
VANRYUSDT,2024-03-14,e2324,105565,long,1,-0.04774428484725877,-0.00409882,-0.05634310484725877,-0.06084310484725877,35,pump_le0,tdec_ge70,fund_flat,crowd_24,btc_up,-0.13079921455994847,0.7369571028993642,0.00031986,0.3421054662776517
VANRYUSDT,2024-03-14,e2324,105565,short,2,-0.09122522313666405,0.0030483,-0.09267692313666405,-0.09717692313666404,29,pump_le0,tdec_ge70,fund_flat,crowd_24,btc_up,-0.13079921455994847,0.7115253659748333,0.00021502,0.25920787691359104
VANRYUSDT,2024-03-14,e2324,105565,long,2,0.09122522313666405,-0.0030483,0.08367692313666404,0.07917692313666405,29,pump_le0,tdec_ge70,fund_flat,crowd_24,btc_up,-0.13079921455994847,0.7115253659748333,0.00021502,0.25920787691359104
VELODROMEUSDT,2024-12-14,e2324,105604,short,1,0.2849069280322491,0.00184109,0.2822480180322491,0.2777480180322491,35,pump_le0,tdec_30_70,fund_flat,crowd_ge5,btc_up,-0.07582453705394643,0.5759793346053016,0.0001,0.1469762151027838
VELODROMEUSDT,2024-12-14,e2324,105604,long,1,-0.2849069280322491,-0.00184109,-0.2912480180322491,-0.2957480180322491,35,pump_le0,tdec_30_70,fund_flat,crowd_ge5,btc_up,-0.07582453705394643,0.5759793346053016,0.0001,0.1469762151027838
VELODROMEUSDT,2024-12-14,e2324,105604,short,2,0.13718945210051983,0.0015410900000000002,0.13423054210051982,0.12973054210051982,29,pump_le0,tdec_30_70,fund_flat,crowd_ge5,btc_up,-0.07582453705394643,0.49051225738526644,0.0001,0.16967497873532844
VELODROMEUSDT,2024-12-14,e2324,105604,long,2,-0.13718945210051983,-0.0015410900000000002,-0.14323054210051983,-0.14773054210051983,29,pump_le0,tdec_30_70,fund_flat,crowd_ge5,btc_up,-0.07582453705394643,0.49051225738526644,0.0001,0.16967497873532844
VELVETUSDT,2025-07-16,e2526,105635,short,1,-0.12937475422729067,0.00813839,-0.12573636422729068,-0.13023636422729068,36,pump_0_25,tdec_ge70,fund_pos,crowd_ge5,btc_up,0.09927953890489905,0.8893744156592316,0.00064862,0.1403586328319364
VELVETUSDT,2025-07-16,e2526,105635,long,1,0.12937475422729067,-0.00813839,0.11673636422729067,0.11223636422729068,36,pump_0_25,tdec_ge70,fund_pos,crowd_ge5,btc_up,0.09927953890489905,0.8893744156592316,0.00064862,0.1403586328319364
VELVETUSDT,2025-07-16,e2526,105635,short,2,-0.12967090599187092,0.00581221,-0.1283586959918709,-0.13285869599187092,30,pump_0_25,tdec_ge70,fund_flat,crowd_ge5,btc_up,0.09927953890489905,1.753666155352552,0.0001,0.12461367053059713
VELVETUSDT,2025-07-16,e2526,105635,long,2,0.12967090599187092,-0.00581221,0.11935869599187092,0.11485869599187093,30,pump_0_25,tdec_ge70,fund_flat,crowd_ge5,btc_up,0.09927953890489905,1.753666155352552,0.0001,0.12461367053059713
VFYUSDT,2025-10-01,e2526,105646,short,1,-0.64733386390768,0.01776103,-0.63407283390768,-0.63857283390768,36,pump_le0,tdec_30_70,fund_pos,crowd_ge5,btc_up,-0.15833542660972955,0.5016094401075183,0.0008213,0.08358186135194456
VFYUSDT,2025-10-01,e2526,105646,long,1,0.64733386390768,-0.01776103,0.6250728339076801,0.62057283390768,36,pump_le0,tdec_30_70,fund_pos,crowd_ge5,btc_up,-0.15833542660972955,0.5016094401075183,0.0008213,0.08358186135194456
VFYUSDT,2025-10-01,e2526,105646,short,2,-0.3605291266124393,0.01374553,-0.3512835966124393,-0.3557835966124393,30,pump_le0,tdec_ge70,fund_pos,crowd_ge5,btc_up,-0.15833542660972955,1.1111161170982353,0.00073352,0.09424072047415444
VFYUSDT,2025-10-01,e2526,105646,long,2,0.3605291266124393,-0.01374553,0.3422835966124393,0.3377835966124393,30,pump_le0,tdec_ge70,fund_pos,crowd_ge5,btc_up,-0.15833542660972955,1.1111161170982353,0.00073352,0.09424072047415444
VICUSDT,2025-03-13,e2526,105617,short,1,0.14899154196486664,-0.00651645,0.13797509196486663,0.13347509196486662,35,pump_le0,tdec_30_70,fund_flat,crowd_01,btc_down,-0.17873363612075877,0.40588695043115813,-0.00036,-0.14186285925760844
VICUSDT,2025-03-13,e2526,105617,long,1,-0.14899154196486664,0.00651645,-0.14697509196486663,-0.15147509196486664,35,pump_le0,tdec_30_70,fund_flat,crowd_01,btc_down,-0.17873363612075877,0.40588695043115813,-0.00036,-0.14186285925760844
VICUSDT,2025-03-13,e2526,105617,short,2,0.1056410256410256,-0.004026350000000001,0.09711467564102559,0.0926146756410256,29,pump_le0,tdec_30_70,fund_neg,crowd_01,btc_down,-0.17873363612075877,0.37271822261579685,-0.00141338,-0.12694308030397505
VICUSDT,2025-03-13,e2526,105617,long,2,-0.1056410256410256,0.004026350000000001,-0.1061146756410256,-0.11061467564102559,29,pump_le0,tdec_30_70,fund_neg,crowd_01,btc_down,-0.17873363612075877,0.37271822261579685,-0.00141338,-0.12694308030397505
VIDTUSDT,2024-08-24,e2324,105588,short,1,-0.08655525068595661,-0.00110725,-0.09216250068595662,-0.09666250068595661,35,pump_0_25,tdec_ge70,fund_flat,crowd_ge5,btc_down,0.04837866108786604,1.4190792271512007,0.0001,-0.05439251648068355
VIDTUSDT,2024-08-24,e2324,105588,long,1,0.08655525068595661,0.00110725,0.08316250068595661,0.07866250068595662,35,pump_0_25,tdec_ge70,fund_flat,crowd_ge5,btc_down,0.04837866108786604,1.4190792271512007,0.0001,-0.05439251648068355
VIDTUSDT,2024-08-24,e2324,105588,short,2,-0.0027624309392265665,-0.0015172999999999999,-0.008779730939226566,-0.013279730939226565,30,pump_0_25,tdec_ge70,fund_flat,crowd_ge5,btc_down,0.04837866108786604,1.4739660335585618,0.0001,-0.07464146695779528
VIDTUSDT,2024-08-24,e2324,105588,long,2,0.0027624309392265665,0.0015172999999999999,-0.00022026906077343353,-0.004720269060773433,30,pump_0_25,tdec_ge70,fund_flat,crowd_ge5,btc_down,0.04837866108786604,1.4739660335585618,0.0001,-0.07464146695779528
VINEUSDT,2025-01-25,e2526,105610,short,1,0.42999782263834024,0.011079199999999999,0.43657702263834025,0.43207702263834025,35,pump_gt100,tdec_ge70,fund_neg,crowd_ge5,btc_up,1.4614501186739148,0.7268540698144681,-0.00220948,0.08806807633019287
VINEUSDT,2025-01-25,e2526,105610,long,1,-0.42999782263834024,-0.011079199999999999,-0.44557702263834026,-0.45007702263834026,35,pump_gt100,tdec_ge70,fund_neg,crowd_ge5,btc_up,1.4614501186739148,0.7268540698144681,-0.00220948,0.08806807633019287
VINEUSDT,2025-01-25,e2526,105610,short,2,0.289646082877854,0.0061652,0.29131128287785396,0.28681128287785396,29,pump_gt100,tdec_30_70,fund_pos,crowd_ge5,btc_up,1.4614501186739148,0.3388810540772038,0.00083672,0.07098744371928767
VINEUSDT,2025-01-25,e2526,105610,long,2,-0.289646082877854,-0.0061652,-0.30031128287785397,-0.304811282877854,29,pump_gt100,tdec_30_70,fund_pos,crowd_ge5,btc_up,1.4614501186739148,0.3388810540772038,0.00083672,0.07098744371928767
VIRTUALUSDT,2024-12-11,e2324,105604,short,1,-0.1628312893298426,0.00697836,-0.1603529293298426,-0.1648529293298426,35,pump_25_100,tdec_ge70,fund_pos,crowd_ge5,btc_up,0.3934331797235022,1.5933508484582115,0.00151494,0.13652525803664806
VIRTUALUSDT,2024-12-11,e2324,105604,long,1,0.1628312893298426,-0.00697836,0.1513529293298426,0.1468529293298426,35,pump_25_100,tdec_ge70,fund_pos,crowd_ge5,btc_up,0.3934331797235022,1.5933508484582115,0.00151494,0.13652525803664806
VIRTUALUSDT,2024-12-11,e2324,105604,short,2,-0.0290638591927157,0.00597069,-0.0275931691927157,-0.032093169192715695,29,pump_25_100,tdec_ge70,fund_flat,crowd_ge5,btc_up,0.3934331797235022,5.045171028397238,0.0002557,0.12120561908480276
VIRTUALUSDT,2024-12-11,e2324,105604,long,2,0.0290638591927157,-0.00597069,0.018593169192715697,0.014093169192715698,29,pump_25_100,tdec_ge70,fund_flat,crowd_ge5,btc_up,0.3934331797235022,5.045171028397238,0.0002557,0.12120561908480276
VOXELUSDT,2024-08-21,e2324,105588,short,1,0.12833944473546358,0.0017601300000000002,0.12559957473546357,0.12109957473546358,35,pump_le0,tdec_30_70,fund_flat,crowd_ge5,btc_down,-0.1365897783808232,0.4019616423178344,0.0001,-0.08444787640101692
VOXELUSDT,2024-08-21,e2324,105588,long,1,-0.12833944473546358,-0.0017601300000000002,-0.13459957473546358,-0.13909957473546358,35,pump_le0,tdec_30_70,fund_flat,crowd_ge5,btc_down,-0.1365897783808232,0.4019616423178344,0.0001,-0.08444787640101692
VOXELUSDT,2024-08-21,e2324,105588,short,2,0.20458891013384323,0.00146013,0.20154904013384323,0.19704904013384322,29,pump_le0,tdec_30_70,fund_flat,crowd_ge5,btc_down,-0.1365897783808232,0.6204538413699183,0.0001,-0.020365473720291072
VOXELUSDT,2024-08-21,e2324,105588,long,2,-0.20458891013384323,-0.00146013,-0.21054904013384323,-0.21504904013384324,29,pump_le0,tdec_30_70,fund_flat,crowd_ge5,btc_down,-0.1365897783808232,0.6204538413699183,0.0001,-0.020365473720291072
VTHOUSDT,2025-01-23,e2526,105610,short,1,0.07964767616191905,-0.042149940000000004,0.03299773616191905,0.028497736161919043,35,pump_le0,tdec_30_70,fund_neg,crowd_ge5,btc_up,-0.27113782270181674,0.5964048504189076,-0.00158424,0.05462282538586871
VTHOUSDT,2025-01-23,e2526,105610,long,1,-0.07964767616191905,0.042149940000000004,-0.04199773616191904,-0.046497736161919045,35,pump_le0,tdec_30_70,fund_neg,crowd_ge5,btc_up,-0.27113782270181674,0.5964048504189076,-0.00158424,0.05462282538586871
VTHOUSDT,2025-01-23,e2526,105610,short,2,0.07182007182007184,-0.03835218,0.028967891820071843,0.024467891820071842,29,pump_le0,tdec_30_70,fund_flat,crowd_ge5,btc_up,-0.27113782270181674,0.5367837299098264,-0.00004218,0.09348205240676344
VTHOUSDT,2025-01-23,e2526,105610,long,2,-0.07182007182007184,0.03835218,-0.03796789182007184,-0.042467891820071844,29,pump_le0,tdec_30_70,fund_flat,crowd_ge5,btc_up,-0.27113782270181674,0.5367837299098264,-0.00004218,0.09348205240676344
VUSDT,2026-05-19,e2526,105679,short,1,0.01530612244897957,0.0,0.01080612244897957,0.006306122448979571,0,pump_le0,tdec_ge70,fund_none,crowd_ge5,btc_up,-0.0019885507683036208,1.4414705707883793,,0.02269689576870859
VUSDT,2026-05-19,e2526,105679,long,1,-0.01530612244897957,-0.0,-0.01980612244897957,-0.024306122448979568,0,pump_le0,tdec_ge70,fund_none,crowd_ge5,btc_up,-0.0019885507683036208,1.4414705707883793,,0.02269689576870859
VUSDT,2026-05-19,e2526,105679,short,2,0.019155590304925734,0.0,0.014655590304925734,0.010155590304925735,0,pump_le0,tdec_30_70,fund_none,crowd_ge5,btc_up,-0.0019885507683036208,0.5635123782721271,,0.017014426870734844
VUSDT,2026-05-19,e2526,105679,long,2,-0.019155590304925734,-0.0,-0.023655590304925735,-0.02815559030492573,0,pump_le0,tdec_30_70,fund_none,crowd_ge5,btc_up,-0.0019885507683036208,0.5635123782721271,,0.017014426870734844
VVVUSDT,2025-01-30,e2526,105611,short,1,0.08764799434529061,-0.05119244,0.03195555434529061,0.02745555434529061,35,pump_le0,tdec_ge70,fund_flat,crowd_24,btc_up,-0.39772243507875704,1.104397065546522,0.0001,0.08245639447287978
VVVUSDT,2025-01-30,e2526,105611,long,1,-0.08764799434529061,0.05119244,-0.04095555434529061,-0.04545555434529061,35,pump_le0,tdec_ge70,fund_flat,crowd_24,btc_up,-0.39772243507875704,1.104397065546522,0.0001,0.08245639447287978
VVVUSDT,2025-01-30,e2526,105611,short,2,-0.2969103240391862,-0.05078291,-0.35219323403918623,-0.35669323403918624,30,pump_le0,tdec_ge70,fund_flat,crowd_24,btc_up,-0.39772243507875704,0.9782008407038976,-0.00035222,0.037498130817026354
VVVUSDT,2025-01-30,e2526,105611,long,2,0.2969103240391862,0.05078291,0.3431932340391862,0.3386932340391862,30,pump_le0,tdec_ge70,fund_flat,crowd_24,btc_up,-0.39772243507875704,0.9782008407038976,-0.00035222,0.037498130817026354
WALUSDT,2025-03-28,e2526,105619,short,1,-0.36066799601196425,-0.02353821,-0.38870620601196426,-0.39320620601196427,35,pump_le0,tdec_30_70,fund_neg,crowd_ge5,btc_down,-0.20976954894622812,0.3056528360220925,-0.00635686,-0.024370453571061712
WALUSDT,2025-03-28,e2526,105619,long,1,0.36066799601196425,0.02353821,0.37970620601196425,0.37520620601196425,35,pump_le0,tdec_30_70,fund_neg,crowd_ge5,btc_down,-0.20976954894622812,0.3056528360220925,-0.00635686,-0.024370453571061712
WALUSDT,2025-03-28,e2526,105619,short,2,-0.3072318007662836,-0.01215701,-0.3238888107662836,-0.3283888107662836,29,pump_le0,tdec_lt30,fund_neg,crowd_ge5,btc_down,-0.20976954894622812,0.29006367591316323,-0.00334018,-0.023093822509240858
WALUSDT,2025-03-28,e2526,105619,long,2,0.3072318007662836,0.01215701,0.3148888107662836,0.3103888107662836,29,pump_le0,tdec_lt30,fund_neg,crowd_ge5,btc_down,-0.20976954894622812,0.29006367591316323,-0.00334018,-0.023093822509240858
WAXPUSDT,2023-10-19,e2324,105544,short,1,-0.13541474228708672,-0.00308795,-0.14300269228708673,-0.14750269228708673,35,pump_le0,tdec_30_70,fund_neg,crowd_24,btc_up,-0.15156739811912223,0.4638289457394523,-0.00352406,0.09389583033603
WAXPUSDT,2023-10-19,e2324,105544,long,1,0.13541474228708672,0.00308795,0.13400269228708672,0.12950269228708672,35,pump_le0,tdec_30_70,fund_neg,crowd_24,btc_up,-0.15156739811912223,0.4638289457394523,-0.00352406,0.09389583033603
WAXPUSDT,2023-10-19,e2324,105544,short,2,-0.14964459408903855,0.0017596600000000001,-0.15238493408903855,-0.15688493408903856,29,pump_le0,tdec_lt30,fund_neg,crowd_24,btc_up,-0.15156739811912223,0.18050268517015072,-0.00250076,0.1258935094868301
WAXPUSDT,2023-10-19,e2324,105544,long,2,0.14964459408903855,-0.0017596600000000001,0.14338493408903855,0.13888493408903854,29,pump_le0,tdec_lt30,fund_neg,crowd_24,btc_up,-0.15156739811912223,0.18050268517015072,-0.00250076,0.1258935094868301
WCTUSDT,2025-04-16,e2526,105622,short,1,0.03797152135898074,-0.02892796,0.004543561358980743,0.00004356135898074369,35,pump_25_100,tdec_30_70,fund_neg,crowd_ge5,btc_up,0.40505440505440515,0.35482271387234254,-0.0051981,0.027204621967166664
WCTUSDT,2025-04-16,e2526,105622,long,1,-0.03797152135898074,0.02892796,-0.013543561358980744,-0.01804356135898074,35,pump_25_100,tdec_30_70,fund_neg,crowd_ge5,btc_up,0.40505440505440515,0.35482271387234254,-0.0051981,0.027204621967166664
WCTUSDT,2025-04-16,e2526,105622,short,2,-0.09715099715099722,-0.01330363,-0.11495462715099722,-0.11945462715099721,29,pump_25_100,tdec_lt30,fund_neg,crowd_ge5,btc_down,0.40505440505440515,0.18985161086544391,-0.00210956,-0.027517630497939205
WCTUSDT,2025-04-16,e2526,105622,long,2,0.09715099715099722,0.01330363,0.10595462715099721,0.10145462715099722,29,pump_25_100,tdec_lt30,fund_neg,crowd_ge5,btc_down,0.40505440505440515,0.18985161086544391,-0.00210956,-0.027517630497939205
WDCUSDT,2026-05-27,e2526,105680,short,1,-0.08571802640930692,0.0,-0.09021802640930693,-0.09471802640930692,0,pump_0_25,tdec_30_70,fund_none,crowd_ge5,btc_down,0.007670706194990329,0.6337013661226483,,-0.03547532638427442
WDCUSDT,2026-05-27,e2526,105680,long,1,0.08571802640930692,-0.0,0.08121802640930692,0.07671802640930693,0,pump_0_25,tdec_30_70,fund_none,crowd_ge5,btc_down,0.007670706194990329,0.6337013661226483,,-0.03547532638427442
WDCUSDT,2026-05-27,e2526,105680,short,2,-0.09799878943784532,0.0,-0.10249878943784532,-0.10699878943784531,0,pump_0_25,tdec_30_70,fund_none,crowd_ge5,btc_down,0.007670706194990329,0.34801826843216926,,-0.030649545411941093
WDCUSDT,2026-05-27,e2526,105680,long,2,0.09799878943784532,-0.0,0.09349878943784531,0.08899878943784532,0,pump_0_25,tdec_30_70,fund_none,crowd_ge5,btc_down,0.007670706194990329,0.34801826843216926,,-0.030649545411941093
WETUSDT,2025-12-11,e2526,105656,short,1,-0.15475550779150987,-0.12902126,-0.28827676779150985,-0.29277676779150985,99,pump_le0,tdec_ge70,fund_neg,crowd_24,btc_down,-0.29531841652323576,0.7303904638216353,-0.00063836,-0.11196408079066344
WETUSDT,2025-12-11,e2526,105656,long,1,0.15475550779150987,0.12902126,0.27927676779150984,0.27477676779150983,99,pump_le0,tdec_ge70,fund_neg,crowd_24,btc_down,-0.29531841652323576,0.7303904638216353,-0.00063836,-0.11196408079066344
WETUSDT,2025-12-11,e2526,105656,short,2,-0.2643204792212654,-0.12755742,-0.3963778992212654,-0.4008778992212654,92,pump_le0,tdec_30_70,fund_flat,crowd_24,btc_down,-0.29531841652323576,0.3318043238749599,-0.00039664,-0.09495827074195495
WETUSDT,2025-12-11,e2526,105656,long,2,0.2643204792212654,0.12755742,0.38737789922126536,0.38287789922126536,92,pump_le0,tdec_30_70,fund_flat,crowd_24,btc_down,-0.29531841652323576,0.3318043238749599,-0.00039664,-0.09495827074195495
WIFUSDT,2024-01-19,e2324,105557,short,1,-0.043594306049822035,0.01991492,-0.028179386049822036,-0.03267938604982203,35,pump_le0,tdec_30_70,fund_pos,crowd_01,btc_down,-0.06773569256289746,0.4002805653879279,0.00061262,-0.05022063362971363
WIFUSDT,2024-01-19,e2324,105557,long,1,0.043594306049822035,-0.01991492,0.019179386049822035,0.014679386049822036,35,pump_le0,tdec_30_70,fund_pos,crowd_01,btc_down,-0.06773569256289746,0.4002805653879279,0.00061262,-0.05022063362971363
WIFUSDT,2024-01-19,e2324,105557,short,2,-0.1606200527704484,0.01564131,-0.14947874277044843,-0.15397874277044843,29,pump_le0,tdec_ge70,fund_pos,crowd_01,btc_down,-0.06773569256289746,0.7138008892089696,0.00305682,-0.05498281786941572
WIFUSDT,2024-01-19,e2324,105557,long,2,0.1606200527704484,-0.01564131,0.14047874277044842,0.1359787427704484,29,pump_le0,tdec_ge70,fund_pos,crowd_01,btc_down,-0.06773569256289746,0.7138008892089696,0.00305682,-0.05498281786941572
WLDUSDT,2023-07-25,e2324,105532,short,1,-0.07915203768721377,-0.00010017999999999995,-0.08375221768721378,-0.08825221768721377,17,pump_0_25,tdec_ge70,fund_flat,crowd_01,btc_down,0.042243735235536706,0.8757441579427837,-0.00002886,-0.030538563983595557
WLDUSDT,2023-07-25,e2324,105532,long,1,0.07915203768721377,0.00010017999999999995,0.07475221768721377,0.07025221768721378,17,pump_0_25,tdec_ge70,fund_flat,crowd_01,btc_down,0.042243735235536706,0.8757441579427837,-0.00002886,-0.030538563983595557
WLDUSDT,2023-07-25,e2324,105532,short,2,-0.15915600534657232,-0.00010856999999999997,-0.16376457534657232,-0.16826457534657233,14,pump_0_25,tdec_30_70,fund_flat,crowd_01,btc_down,0.042243735235536706,0.3005911386414041,0.0001,-0.04802302237054801
WLDUSDT,2023-07-25,e2324,105532,long,2,0.15915600534657232,0.00010856999999999997,0.15476457534657231,0.1502645753465723,14,pump_0_25,tdec_30_70,fund_flat,crowd_01,btc_down,0.042243735235536706,0.3005911386414041,0.0001,-0.04802302237054801
WLFIUSDT,2025-08-24,e2526,105641,short,1,-0.36272806255430057,0.00175,-0.3654780625543006,-0.3699780625543006,35,pump_le0,tdec_30_70,fund_flat,crowd_24,btc_down,-0.2251767081790642,0.5401362850011384,0.00009999999305555606,-0.06637758166142438
WLFIUSDT,2025-08-24,e2526,105641,long,1,0.36272806255430057,-0.00175,0.3564780625543006,0.3519780625543006,35,pump_le0,tdec_30_70,fund_flat,crowd_24,btc_down,-0.2251767081790642,0.5401362850011384,0.00009999999305555606,-0.06637758166142438
WLFIUSDT,2025-08-24,e2526,105641,short,2,-0.18154425612052716,0.0015,-0.18454425612052716,-0.18904425612052717,30,pump_le0,tdec_ge70,fund_flat,crowd_24,btc_down,-0.2251767081790642,0.7547809989144314,0.00009999999305555606,-0.06458951930693646
WLFIUSDT,2025-08-24,e2526,105641,long,2,0.18154425612052716,-0.0015,0.17554425612052715,0.17104425612052715,30,pump_le0,tdec_ge70,fund_flat,crowd_24,btc_down,-0.2251767081790642,0.7547809989144314,0.00009999999305555606,-0.06458951930693646
WMTUSDT,2026-05-19,e2526,105679,short,1,0.09494441906502207,0.0,0.09044441906502207,0.08594441906502208,0,pump_le0,tdec_ge70,fund_none,crowd_ge5,btc_up,-0.014925373134328401,0.8350986584732266,,0.02269689576870859
WMTUSDT,2026-05-19,e2526,105679,long,1,-0.09494441906502207,-0.0,-0.09944441906502208,-0.10394441906502207,0,pump_le0,tdec_ge70,fund_none,crowd_ge5,btc_up,-0.014925373134328401,0.8350986584732266,,0.02269689576870859
WMTUSDT,2026-05-19,e2526,105679,short,2,0.02525625256252561,0.0,0.02075625256252561,0.016256252562525608,0,pump_le0,tdec_ge70,fund_none,crowd_ge5,btc_up,-0.014925373134328401,3.534227711810498,,0.017014426870734844
WMTUSDT,2026-05-19,e2526,105679,long,2,-0.02525625256252561,-0.0,-0.02975625256252561,-0.03425625256252561,0,pump_le0,tdec_ge70,fund_none,crowd_ge5,btc_up,-0.014925373134328401,3.534227711810498,,0.017014426870734844
WOOUSDT,2022-04-08,e2122,105464,short,1,0.09973419403835194,0.0018000000000000002,0.09703419403835194,0.09253419403835195,18,pump_le0,tdec_30_70,fund_flat,crowd_01,btc_up,-0.10698541878602918,0.3714605049250891,0.00009999999652777789,0.08426125175094912
WOOUSDT,2022-04-08,e2122,105464,long,1,-0.09973419403835194,-0.0018000000000000002,-0.10603419403835194,-0.11053419403835194,18,pump_le0,tdec_30_70,fund_flat,crowd_01,btc_up,-0.10698541878602918,0.3714605049250891,0.00009999999652777789,0.08426125175094912
WOOUSDT,2022-04-08,e2122,105464,short,2,0.05823352996087313,0.0014,0.05513352996087313,0.05063352996087313,14,pump_le0,tdec_lt30,fund_flat,crowd_01,btc_up,-0.10698541878602918,0.16878077868502644,0.00009999998958333443,0.08853356753545327
WOOUSDT,2022-04-08,e2122,105464,long,2,-0.05823352996087313,-0.0014,-0.06413352996087313,-0.06863352996087313,14,pump_le0,tdec_lt30,fund_flat,crowd_01,btc_up,-0.10698541878602918,0.16878077868502644,0.00009999998958333443,0.08853356753545327
WUSDT,2024-04-04,e2324,105568,short,1,0.19742533470648815,0.00897869,0.20190402470648816,0.19740402470648816,35,pump_le0,tdec_30_70,fund_flat,crowd_01,btc_up,-0.2582123758594347,0.6885848619233946,0.000271,0.025671386294177312
WUSDT,2024-04-04,e2324,105568,long,1,-0.19742533470648815,-0.00897869,-0.21090402470648817,-0.21540402470648817,35,pump_le0,tdec_30_70,fund_flat,crowd_01,btc_up,-0.2582123758594347,0.6885848619233946,0.000271,0.025671386294177312
WUSDT,2024-04-04,e2324,105568,short,2,0.2641170915958451,0.00772474,0.2673418315958451,0.2628418315958451,29,pump_le0,tdec_ge70,fund_pos,crowd_01,btc_up,-0.2582123758594347,0.7766622461347207,0.00053092,0.03038133692238687
WUSDT,2024-04-04,e2324,105568,long,2,-0.2641170915958451,-0.00772474,-0.27634183159584513,-0.28084183159584514,29,pump_le0,tdec_ge70,fund_pos,crowd_01,btc_up,-0.2582123758594347,0.7766622461347207,0.00053092,0.03038133692238687
XAGUSDT,2026-01-08,e2526,105660,short,1,-0.14512897570748814,0.01609388,-0.13353509570748814,-0.13803509570748815,36,pump_0_25,tdec_ge70,fund_flat,crowd_01,btc_down,0.012680699974638499,1.6512052352054083,0.0001,-0.014937348808132356
XAGUSDT,2026-01-08,e2526,105660,long,1,0.14512897570748814,-0.01609388,0.12453509570748814,0.12003509570748815,36,pump_0_25,tdec_ge70,fund_flat,crowd_01,btc_down,0.012680699974638499,1.6512052352054083,0.0001,-0.014937348808132356
XAGUSDT,2026-01-08,e2526,105660,short,2,-0.14512897570748814,0.01398286,-0.13564611570748814,-0.14014611570748814,30,pump_0_25,tdec_ge70,fund_pos,crowd_01,btc_down,0.012680699974638499,1.1388151345950273,0.00311192,-0.021712308399340352
XAGUSDT,2026-01-08,e2526,105660,long,2,0.14512897570748814,-0.01398286,0.12664611570748813,0.12214611570748814,30,pump_0_25,tdec_ge70,fund_pos,crowd_01,btc_down,0.012680699974638499,1.1388151345950273,0.00311192,-0.021712308399340352
XAIUSDT,2024-01-10,e2324,105556,short,1,-0.7474477776032667,0.0028523100000000003,-0.7490954676032667,-0.7535954676032668,36,pump_0_25,tdec_ge70,fund_flat,crowd_01,btc_up,0.060106560106560236,1.394602145973591,0.0001378,0.11617005901481403
XAIUSDT,2024-01-10,e2324,105556,long,1,0.7474477776032667,-0.0028523100000000003,0.7400954676032668,0.7355954676032668,36,pump_0_25,tdec_ge70,fund_flat,crowd_01,btc_up,0.060106560106560236,1.394602145973591,0.0001378,0.11617005901481403
XAIUSDT,2024-01-10,e2324,105556,short,2,-0.9110271384403984,0.00226763,-0.9132595084403984,-0.9177595084403984,29,pump_0_25,tdec_30_70,fund_flat,crowd_01,btc_down,0.060106560106560236,0.5761425822281948,0.0001,-0.002008163265306062
XAIUSDT,2024-01-10,e2324,105556,long,2,0.9110271384403984,-0.00226763,0.9042595084403985,0.8997595084403984,29,pump_0_25,tdec_30_70,fund_flat,crowd_01,btc_down,0.060106560106560236,0.5761425822281948,0.0001,-0.002008163265306062
XANUSDT,2025-09-30,e2526,105646,short,1,0.15655286824412817,-0.0003322999999999999,0.15172056824412816,0.14722056824412816,35,pump_le0,tdec_30_70,fund_flat,crowd_ge5,btc_up,-0.5203132853074217,0.32203452352059503,0.0001,0.08576499776989932
XANUSDT,2025-09-30,e2526,105646,long,1,-0.15655286824412817,0.0003322999999999999,-0.16072056824412817,-0.16522056824412817,35,pump_le0,tdec_30_70,fund_flat,crowd_ge5,btc_up,-0.5203132853074217,0.32203452352059503,0.0001,0.08576499776989932
XANUSDT,2025-09-30,e2526,105646,short,2,0.07683486238532103,-0.0005822999999999999,0.07175256238532103,0.06725256238532104,30,pump_le0,tdec_lt30,fund_flat,crowd_ge5,btc_up,-0.5203132853074217,0.19636505662309514,0.0001,0.08358186135194456
XANUSDT,2025-09-30,e2526,105646,long,2,-0.07683486238532103,0.0005822999999999999,-0.08075256238532104,-0.08525256238532103,30,pump_le0,tdec_lt30,fund_flat,crowd_ge5,btc_up,-0.5203132853074217,0.19636505662309514,0.0001,0.08358186135194456
XAUTUSDT,2026-03-27,e2526,105671,short,1,-0.03220730008358869,0.00076528,-0.03594202008358869,-0.040442020083588694,36,pump_0_25,tdec_ge70,fund_flat,crowd_ge5,btc_down,0.019058003111974253,0.7265685668506274,0.00001216,-0.016507482779377303
XAUTUSDT,2026-03-27,e2526,105671,long,1,0.03220730008358869,-0.00076528,0.026942020083588692,0.02244202008358869,36,pump_0_25,tdec_ge70,fund_flat,crowd_ge5,btc_down,0.019058003111974253,0.7265685668506274,0.00001216,-0.016507482779377303
XAUTUSDT,2026-03-27,e2526,105671,short,2,-0.04159646948475067,0.00061751,-0.04547895948475066,-0.04997895948475067,29,pump_0_25,tdec_ge70,fund_flat,crowd_ge5,btc_up,0.019058003111974253,1.5494535366958133,0.00005798,0.0021553557324258676
XAUTUSDT,2026-03-27,e2526,105671,long,2,0.04159646948475067,-0.00061751,0.03647895948475067,0.031978959484750664,29,pump_0_25,tdec_ge70,fund_flat,crowd_ge5,btc_up,0.019058003111974253,1.5494535366958133,0.00005798,0.0021553557324258676
XAUUSDT,2025-12-12,e2526,105656,short,1,-0.010155027204293147,0.00434115,-0.010313877204293147,-0.014813877204293146,36,pump_0_25,tdec_lt30,fund_flat,crowd_24,btc_down,0.007246835814242569,0.19729040810336185,0.0001,-0.09495827074195495
XAUUSDT,2025-12-12,e2526,105656,long,1,0.010155027204293147,-0.00434115,0.0013138772042931473,-0.0031861227957068524,36,pump_0_25,tdec_lt30,fund_flat,crowd_24,btc_down,0.007246835814242569,0.19729040810336185,0.0001,-0.09495827074195495
XAUUSDT,2025-12-12,e2526,105656,short,2,-0.008123958355125024,0.00379026,-0.008833698355125024,-0.013333698355125023,30,pump_0_25,tdec_lt30,fund_flat,crowd_24,btc_down,0.007246835814242569,0.1390905987318486,0.0001,-0.06796876404755825
XAUUSDT,2025-12-12,e2526,105656,long,2,0.008123958355125024,-0.00379026,-0.0001663016448749761,-0.004666301644874976,30,pump_0_25,tdec_lt30,fund_flat,crowd_24,btc_down,0.007246835814242569,0.1390905987318486,0.0001,-0.06796876404755825
XCNUSDT,2025-04-12,e2526,105621,short,1,0.0429162357807653,-0.01975675,0.018659485780765296,0.014159485780765297,35,pump_le0,tdec_ge70,fund_neg,crowd_24,btc_down,-0.0625302956858943,0.7632765692047243,-0.0008857,-0.0026935970779059515
XCNUSDT,2025-04-12,e2526,105621,long,1,-0.0429162357807653,0.01975675,-0.027659485780765297,-0.032159485780765294,35,pump_le0,tdec_ge70,fund_neg,crowd_24,btc_down,-0.0625302956858943,0.7632765692047243,-0.0008857,-0.0026935970779059515
XCNUSDT,2025-04-12,e2526,105621,short,2,0.07588617074388421,-0.01709598,0.05429019074388421,0.04979019074388421,29,pump_le0,tdec_30_70,fund_neg,crowd_24,btc_up,-0.0625302956858943,0.4196922085567704,-0.00198388,0.002977359023236481
XCNUSDT,2025-04-12,e2526,105621,long,2,-0.07588617074388421,0.01709598,-0.06329019074388421,-0.0677901907438842,29,pump_le0,tdec_30_70,fund_neg,crowd_24,btc_up,-0.0625302956858943,0.4196922085567704,-0.00198388,0.002977359023236481
XLEUSDT,2026-06-11,e2526,105682,short,1,0.05898778359511336,0.00003041,0.05451819359511337,0.050018193595113364,18,pump_le0,tdec_30_70,fund_flat,crowd_ge5,btc_down,-0.02633814783347499,0.5119454258027065,0.0,-0.19853244425722338
XLEUSDT,2026-06-11,e2526,105682,long,1,-0.05898778359511336,-0.00003041,-0.06351819359511336,-0.06801819359511337,18,pump_le0,tdec_30_70,fund_flat,crowd_ge5,btc_down,-0.02633814783347499,0.5119454258027065,0.0,-0.19853244425722338
XLEUSDT,2026-06-11,e2526,105682,short,2,0.07592116538131961,0.0,0.07142116538131961,0.06692116538131962,15,pump_le0,tdec_lt30,fund_flat,crowd_ge5,btc_down,-0.02633814783347499,0.24369118535428913,0.0,-0.20519340793027419
XLEUSDT,2026-06-11,e2526,105682,long,2,-0.07592116538131961,-0.0,-0.08042116538131962,-0.08492116538131961,15,pump_le0,tdec_lt30,fund_flat,crowd_ge5,btc_down,-0.02633814783347499,0.24369118535428913,0.0,-0.20519340793027419
XNYUSDT,2025-08-14,e2526,105639,short,1,0.6346980671650462,0.00665336,0.6368514271650463,0.6323514271650462,36,pump_25_100,tdec_ge70,fund_pos,crowd_24,btc_down,0.7982168976805739,3.8954257977139153,0.00163872,-0.011059045945424062
XNYUSDT,2025-08-14,e2526,105639,long,1,-0.6346980671650462,-0.00665336,-0.6458514271650462,-0.6503514271650462,36,pump_25_100,tdec_ge70,fund_pos,crowd_24,btc_down,0.7982168976805739,3.8954257977139153,0.00163872,-0.011059045945424062
XNYUSDT,2025-08-14,e2526,105639,short,2,0.6392395379083466,0.00287436,0.6376138979083467,0.6331138979083466,29,pump_25_100,tdec_ge70,fund_pos,crowd_24,btc_down,0.7982168976805739,2.619415107322925,0.0008486200294659734,-0.015497169746410022
XNYUSDT,2025-08-14,e2526,105639,long,2,-0.6392395379083466,-0.00287436,-0.6466138979083466,-0.6511138979083466,29,pump_25_100,tdec_ge70,fund_pos,crowd_24,btc_down,0.7982168976805739,2.619415107322925,0.0008486200294659734,-0.015497169746410022
XPDUSDT,2026-01-31,e2526,105663,short,1,-0.012237501713727086,0.01103891,-0.005698591713727085,-0.010198591713727084,36,pump_le0,tdec_30_70,fund_neg,crowd_ge5,btc_down,-0.021790087463556818,0.6587054818607823,-0.00291018,-0.14474371716282342
XPDUSDT,2026-01-31,e2526,105663,long,1,0.012237501713727086,-0.01103891,-0.0033014082862729147,-0.007801408286272914,36,pump_le0,tdec_30_70,fund_neg,crowd_ge5,btc_down,-0.021790087463556818,0.6587054818607823,-0.00291018,-0.14474371716282342
XPDUSDT,2026-01-31,e2526,105663,short,2,0.03402219605567782,0.01033949,0.039861686055677824,0.03536168605567782,30,pump_le0,tdec_ge70,fund_flat,crowd_ge5,btc_down,-0.021790087463556818,2.6883343681118976,0.0,-0.13138909309261582
XPDUSDT,2026-01-31,e2526,105663,long,2,-0.03402219605567782,-0.01033949,-0.04886168605567782,-0.05336168605567782,30,pump_le0,tdec_ge70,fund_flat,crowd_ge5,btc_down,-0.021790087463556818,2.6883343681118976,0.0,-0.13138909309261582
XPINUSDT,2025-09-13,e2526,105643,short,1,0.0642875062719518,0.00748301,0.0672705162719518,0.0627705162719518,36,pump_le0,tdec_ge70,fund_pos,crowd_ge5,btc_down,-0.07479835199907159,4.607247029882893,0.004293500298159743,-0.017643367280813615
XPINUSDT,2025-09-13,e2526,105643,long,1,-0.0642875062719518,-0.00748301,-0.0762705162719518,-0.0807705162719518,36,pump_le0,tdec_ge70,fund_pos,crowd_ge5,btc_down,-0.07479835199907159,4.607247029882893,0.004293500298159743,-0.017643367280813615
XPINUSDT,2025-09-13,e2526,105643,short,2,0.04737883915458781,0.00625905,0.04913788915458781,0.04463788915458781,30,pump_le0,tdec_ge70,fund_flat,crowd_ge5,btc_down,-0.07479835199907159,1.6094691658673166,0.00033272,-0.017294001433567074
XPINUSDT,2025-09-13,e2526,105643,long,2,-0.04737883915458781,-0.00625905,-0.058137889154587806,-0.0626378891545878,30,pump_le0,tdec_ge70,fund_flat,crowd_ge5,btc_down,-0.07479835199907159,1.6094691658673166,0.00033272,-0.017294001433567074
XPLUSDT,2025-08-23,e2526,105640,short,1,-0.2844020491079313,0.00175,-0.28715204910793135,-0.29165204910793135,35,pump_le0,tdec_ge70,fund_flat,crowd_24,btc_down,-0.02514206991561896,0.7911222359384712,0.00010000000347222237,-0.035185208809059065
XPLUSDT,2025-08-23,e2526,105640,long,1,0.2844020491079313,-0.00175,0.27815204910793134,0.27365204910793134,35,pump_le0,tdec_ge70,fund_flat,crowd_24,btc_down,-0.02514206991561896,0.7911222359384712,0.00010000000347222237,-0.035185208809059065
XPLUSDT,2025-08-23,e2526,105640,short,2,-0.36186551788724464,0.0014500000000000001,-0.36491551788724463,-0.36941551788724464,29,pump_le0,tdec_30_70,fund_flat,crowd_24,btc_down,-0.02514206991561896,0.4254031321196209,0.00009999999652777789,-0.06637758166142438
XPLUSDT,2025-08-23,e2526,105640,long,2,0.36186551788724464,-0.0014500000000000001,0.3559155178872446,0.3514155178872446,29,pump_le0,tdec_30_70,fund_flat,crowd_24,btc_down,-0.02514206991561896,0.4254031321196209,0.00009999999652777789,-0.06637758166142438
XPTUSDT,2026-01-31,e2526,105663,short,1,0.0003413924068640047,0.00111297,-0.0030456375931359947,-0.007545637593135994,36,pump_le0,tdec_30_70,fund_neg,crowd_ge5,btc_down,-0.041794638800545125,0.4171566287242517,-0.00583188,-0.14474371716282342
XPTUSDT,2026-01-31,e2526,105663,long,1,-0.0003413924068640047,-0.00111297,-0.005954362406864005,-0.010454362406864004,36,pump_le0,tdec_30_70,fund_neg,crowd_ge5,btc_down,-0.041794638800545125,0.4171566287242517,-0.00583188,-0.14474371716282342
XPTUSDT,2026-01-31,e2526,105663,short,2,0.029966596424069028,0.0019597,0.02742629642406903,0.02292629642406903,30,pump_le0,tdec_ge70,fund_flat,crowd_ge5,btc_down,-0.041794638800545125,2.1779050978058097,0.0,-0.13138909309261582
XPTUSDT,2026-01-31,e2526,105663,long,2,-0.029966596424069028,-0.0019597,-0.03642629642406903,-0.04092629642406903,30,pump_le0,tdec_ge70,fund_flat,crowd_ge5,btc_down,-0.041794638800545125,2.1779050978058097,0.0,-0.13138909309261582
XVGUSDT,2023-07-06,e2324,105529,short,1,0.29623862002874934,-0.14228241,0.14945621002874934,0.14495621002874934,27,pump_0_25,tdec_ge70,fund_neg,crowd_24,btc_up,0.12826057575348004,1.9966808193927228,-0.01217352,0.1520175948400624
XVGUSDT,2023-07-06,e2324,105529,long,1,-0.29623862002874934,0.14228241,-0.15845621002874935,-0.16295621002874935,27,pump_0_25,tdec_ge70,fund_neg,crowd_24,btc_up,0.12826057575348004,1.9966808193927228,-0.01217352,0.1520175948400624
XVGUSDT,2023-07-06,e2324,105529,short,2,0.2520687460216422,-0.10576265,0.14180609602164218,0.13730609602164218,21,pump_0_25,tdec_ge70,fund_neg,crowd_24,btc_up,0.12826057575348004,1.1934006747236445,-0.01251178,0.1428458160757231
XVGUSDT,2023-07-06,e2324,105529,long,2,-0.2520687460216422,0.10576265,-0.1508060960216422,-0.1553060960216422,21,pump_0_25,tdec_ge70,fund_neg,crowd_24,btc_up,0.12826057575348004,1.1934006747236445,-0.01251178,0.1428458160757231
XVSUSDT,2023-04-13,e2324,105517,short,1,0.18212499999999998,0.0034161300000000003,0.18104112999999997,0.17654112999999996,18,pump_0_25,tdec_ge70,fund_flat,crowd_01,btc_up,0.16245277535600122,5.271535785780935,0.0001895600065819447,0.25383316864295113
XVSUSDT,2023-04-13,e2324,105517,long,1,-0.18212499999999998,-0.0034161300000000003,-0.19004112999999997,-0.19454112999999998,18,pump_0_25,tdec_ge70,fund_flat,crowd_01,btc_up,0.16245277535600122,5.271535785780935,0.0001895600065819447,0.25383316864295113
XVSUSDT,2023-04-13,e2324,105517,short,2,0.14715849843587064,0.00255497,0.14521346843587063,0.14071346843587063,15,pump_0_25,tdec_ge70,fund_flat,crowd_01,btc_up,0.16245277535600122,2.3883236253840776,0.00022962,0.2116812856136756
XVSUSDT,2023-04-13,e2324,105517,long,2,-0.14715849843587064,-0.00255497,-0.15421346843587064,-0.15871346843587064,15,pump_0_25,tdec_ge70,fund_flat,crowd_01,btc_up,0.16245277535600122,2.3883236253840776,0.00022962,0.2116812856136756
YALAUSDT,2025-08-08,e2526,105638,short,1,0.3720496894409938,0.00226024,0.36980992944099383,0.36530992944099383,36,pump_le0,tdec_30_70,fund_pos,crowd_ge5,btc_up,-0.11514152239626274,0.46645156580729175,0.0007712599464402816,0.0038187881965043857
YALAUSDT,2025-08-08,e2526,105638,long,1,-0.3720496894409938,-0.00226024,-0.37880992944099384,-0.38330992944099385,36,pump_le0,tdec_30_70,fund_pos,crowd_ge5,btc_up,-0.11514152239626274,0.46645156580729175,0.0007712599464402816,0.0038187881965043857
YALAUSDT,2025-08-08,e2526,105638,short,2,0.410323709536308,0.0018085900000000001,0.407632299536308,0.40313229953630797,29,pump_le0,tdec_lt30,fund_flat,crowd_ge5,btc_up,-0.11514152239626274,0.16508909018880136,0.00009999999652777789,0.014938723404255283
YALAUSDT,2025-08-08,e2526,105638,long,2,-0.410323709536308,-0.0018085900000000001,-0.416632299536308,-0.421132299536308,29,pump_le0,tdec_lt30,fund_flat,crowd_ge5,btc_up,-0.11514152239626274,0.16508909018880136,0.00009999999652777789,0.014938723404255283
YBUSDT,2025-10-11,e2526,105647,short,1,0.6112531969309463,-0.00383642,0.6029167769309464,0.5984167769309463,36,pump_le0,tdec_lt30,fund_flat,crowd_ge5,btc_down,-0.14405762304921965,0.22516055866605514,0.0001,-0.009346567981624143
YBUSDT,2025-10-11,e2526,105647,long,1,-0.6112531969309463,0.00383642,-0.6119167769309463,-0.6164167769309463,36,pump_le0,tdec_lt30,fund_flat,crowd_ge5,btc_down,-0.14405762304921965,0.22516055866605514,0.0001,-0.009346567981624143
YBUSDT,2025-10-11,e2526,105647,short,2,0.6515566072617023,-0.00418642,0.6428701872617023,0.6383701872617022,29,pump_le0,tdec_30_70,fund_flat,crowd_ge5,btc_down,-0.14405762304921965,0.3672829314125492,0.0001,-0.006480083754305754
YBUSDT,2025-10-11,e2526,105647,long,2,-0.6515566072617023,0.00418642,-0.6518701872617022,-0.6563701872617023,29,pump_le0,tdec_30_70,fund_flat,crowd_ge5,btc_down,-0.14405762304921965,0.3672829314125492,0.0001,-0.006480083754305754
YGGUSDT,2023-08-05,e2324,105533,short,1,0.38204747774480713,-0.0538113,0.3237361777448071,0.3192361777448071,26,pump_gt100,tdec_ge70,fund_neg,crowd_01,btc_down,1.1145098039215688,0.8576164815551242,-0.0015093399737961812,-0.0412821197643094
YGGUSDT,2023-08-05,e2324,105533,long,1,-0.38204747774480713,0.0538113,-0.3327361777448071,-0.33723617774480713,26,pump_gt100,tdec_ge70,fund_neg,crowd_01,btc_down,1.1145098039215688,0.8576164815551242,-0.0015093399737961812,-0.0412821197643094
YGGUSDT,2023-08-05,e2324,105533,short,2,0.11851851851851854,0.00132288,0.11534139851851853,0.11084139851851854,19,pump_gt100,tdec_ge70,fund_flat,crowd_01,btc_down,1.1145098039215688,1.2563310996888917,0.00002500000434027853,-0.035237022329554946
YGGUSDT,2023-08-05,e2324,105533,long,2,-0.11851851851851854,-0.00132288,-0.12434139851851854,-0.12884139851851853,19,pump_gt100,tdec_ge70,fund_flat,crowd_01,btc_down,1.1145098039215688,1.2563310996888917,0.00002500000434027853,-0.035237022329554946
ZAMAUSDT,2026-01-10,e2526,105660,short,1,0.3060263653483993,0.0018000000000000002,0.3033263653483993,0.2988263653483993,36,pump_le0,tdec_ge70,fund_flat,crowd_01,btc_up,-0.13306122448979585,0.7989351503564639,0.0001,0.008143669039871515
ZAMAUSDT,2026-01-10,e2526,105660,long,1,-0.3060263653483993,-0.0018000000000000002,-0.3123263653483993,-0.3168263653483993,36,pump_le0,tdec_ge70,fund_flat,crowd_01,btc_up,-0.13306122448979585,0.7989351503564639,0.0001,0.008143669039871515
ZAMAUSDT,2026-01-10,e2526,105660,short,2,0.313780260707635,0.0015,0.310780260707635,0.306280260707635,30,pump_le0,tdec_30_70,fund_flat,crowd_01,btc_up,-0.13306122448979585,0.6374565540039255,0.0001,0.011767210362862102
ZAMAUSDT,2026-01-10,e2526,105660,long,2,-0.313780260707635,-0.0015,-0.319780260707635,-0.324280260707635,30,pump_le0,tdec_30_70,fund_flat,crowd_01,btc_up,-0.13306122448979585,0.6374565540039255,0.0001,0.011767210362862102
ZBTUSDT,2025-10-18,e2526,105648,short,1,0.16534472239170217,-0.05013231,0.11071241239170217,0.10621241239170218,144,pump_le0,tdec_30_70,fund_neg,crowd_ge5,btc_down,-0.20782986950217497,0.6394147640642878,-0.00513128,-0.060425112161945904
ZBTUSDT,2025-10-18,e2526,105648,long,1,-0.16534472239170217,0.05013231,-0.11971241239170217,-0.12421241239170216,144,pump_le0,tdec_30_70,fund_neg,crowd_ge5,btc_down,-0.20782986950217497,0.6394147640642878,-0.00513128,-0.060425112161945904
ZBTUSDT,2025-10-18,e2526,105648,short,2,0.129217059197963,-0.03474374,0.089973319197963,0.08547331919796301,120,pump_le0,tdec_30_70,fund_neg,crowd_ge5,btc_down,-0.20782986950217497,0.3681655092210454,-0.00461936,-0.044583822342765256
ZBTUSDT,2025-10-18,e2526,105648,long,2,-0.129217059197963,0.03474374,-0.09897331919796301,-0.103473319197963,120,pump_le0,tdec_30_70,fund_neg,crowd_ge5,btc_down,-0.20782986950217497,0.3681655092210454,-0.00461936,-0.044583822342765256
ZEREBROUSDT,2025-01-03,e2526,105607,short,1,0.4301789337760561,0.01140791,0.4370868437760561,0.4325868437760561,35,pump_le0,tdec_ge70,fund_flat,crowd_24,btc_up,-0.18859452177817693,0.9109461281335882,0.00026374,0.012079194651628988
ZEREBROUSDT,2025-01-03,e2526,105607,long,1,-0.4301789337760561,-0.01140791,-0.4460868437760561,-0.4505868437760561,35,pump_le0,tdec_ge70,fund_flat,crowd_24,btc_up,-0.18859452177817693,0.9109461281335882,0.00026374,0.012079194651628988
ZEREBROUSDT,2025-01-03,e2526,105607,short,2,0.3611168562564632,0.00757044,0.36418729625646323,0.35968729625646323,29,pump_le0,tdec_ge70,fund_pos,crowd_24,btc_down,-0.18859452177817693,1.3746103603013795,0.00102754,-0.014651937576714014
ZEREBROUSDT,2025-01-03,e2526,105607,long,2,-0.3611168562564632,-0.00757044,-0.37318729625646324,-0.37768729625646325,29,pump_le0,tdec_ge70,fund_pos,crowd_24,btc_down,-0.18859452177817693,1.3746103603013795,0.00102754,-0.014651937576714014
ZESTUSDT,2026-06-05,e2526,105681,short,1,-0.04550323176361957,0.00197511,-0.04802812176361956,-0.05252812176361957,6,pump_0_25,tdec_30_70,fund_none,crowd_ge5,btc_down,0.17789089010702153,0.670124896886101,,-0.23908770104564991
ZESTUSDT,2026-06-05,e2526,105681,long,1,0.04550323176361957,-0.00197511,0.03902812176361957,0.034528121763619565,6,pump_0_25,tdec_30_70,fund_none,crowd_ge5,btc_down,0.17789089010702153,0.670124896886101,,-0.23908770104564991
ZESTUSDT,2026-06-05,e2526,105681,short,2,-0.021692052263047774,0.00197511,-0.024216942263047776,-0.028716942263047773,6,pump_0_25,tdec_30_70,fund_none,crowd_ge5,btc_down,0.17789089010702153,0.466096907901111,,-0.2103007665129648
ZESTUSDT,2026-06-05,e2526,105681,long,2,0.021692052263047774,-0.00197511,0.015216942263047775,0.010716942263047776,6,pump_0_25,tdec_30_70,fund_none,crowd_ge5,btc_down,0.17789089010702153,0.466096907901111,,-0.2103007665129648
ZETAUSDT,2024-02-03,e2324,105559,short,1,-0.07184367281708556,0.00293794,-0.07340573281708557,-0.07790573281708556,35,pump_le0,tdec_30_70,fund_flat,crowd_01,btc_down,-0.1761819269898265,0.652774889300052,0.00008884,-0.03567982168017503
ZETAUSDT,2024-02-03,e2324,105559,long,1,0.07184367281708556,-0.00293794,0.06440573281708556,0.05990573281708556,35,pump_le0,tdec_30_70,fund_flat,crowd_01,btc_down,-0.1761819269898265,0.652774889300052,0.00008884,-0.03567982168017503
ZETAUSDT,2024-02-03,e2324,105559,short,2,-0.12265084075173097,0.00271599,-0.12443485075173097,-0.12893485075173097,29,pump_le0,tdec_ge70,fund_flat,crowd_01,btc_down,-0.1761819269898265,0.9818135677340747,0.0001,-0.028751020891013113
ZETAUSDT,2024-02-03,e2324,105559,long,2,0.12265084075173097,-0.00271599,0.11543485075173096,0.11093485075173097,29,pump_le0,tdec_ge70,fund_flat,crowd_01,btc_down,-0.1761819269898265,0.9818135677340747,0.0001,-0.028751020891013113
ZKCUSDT,2025-09-16,e2526,105644,short,1,0.06665803779446025,-0.00580022,0.05635781779446025,0.05185781779446025,36,pump_le0,tdec_30_70,fund_flat,crowd_ge5,btc_up,-0.17510143070681194,0.4225763579892106,0.0001,0.0018840869107170644
ZKCUSDT,2025-09-16,e2526,105644,long,1,-0.06665803779446025,0.00580022,-0.06535781779446025,-0.06985781779446025,36,pump_le0,tdec_30_70,fund_flat,crowd_ge5,btc_up,-0.17510143070681194,0.4225763579892106,0.0001,0.0018840869107170644
ZKCUSDT,2025-09-16,e2526,105644,short,2,0.06966842988001554,-0.0056317599999999995,0.05953666988001554,0.055036669880015536,29,pump_le0,tdec_lt30,fund_flat,crowd_ge5,btc_up,-0.17510143070681194,0.2837206373195334,0.0001,0.03716312635055252
ZKCUSDT,2025-09-16,e2526,105644,long,2,-0.06966842988001554,0.0056317599999999995,-0.06853666988001554,-0.07303666988001553,29,pump_le0,tdec_lt30,fund_flat,crowd_ge5,btc_up,-0.17510143070681194,0.2837206373195334,0.0001,0.03716312635055252
ZKJUSDT,2025-05-14,e2526,105626,short,1,0.004856726566294429,0.00107306,0.0014297865662944295,-0.00307021343370557,36,pump_le0,tdec_30_70,fund_flat,crowd_ge5,btc_up,-0.025094696969696906,0.6430227177415498,0.0001,0.24047497449428112
ZKJUSDT,2025-05-14,e2526,105626,long,1,-0.004856726566294429,-0.00107306,-0.010429786566294428,-0.014929786566294428,36,pump_le0,tdec_30_70,fund_flat,crowd_ge5,btc_up,-0.025094696969696906,0.6430227177415498,0.0001,0.24047497449428112
ZKJUSDT,2025-05-14,e2526,105626,short,2,0.005339805825242777,0.00031872000000000004,0.0011585258252427774,-0.0033414741747572222,29,pump_le0,tdec_ge70,fund_flat,crowd_ge5,btc_up,-0.025094696969696906,0.9897738070758658,0.0001,0.2312441957375877
ZKJUSDT,2025-05-14,e2526,105626,long,2,-0.005339805825242777,-0.00031872000000000004,-0.010158525825242777,-0.014658525825242776,29,pump_le0,tdec_ge70,fund_flat,crowd_ge5,btc_up,-0.025094696969696906,0.9897738070758658,0.0001,0.2312441957375877
ZKPUSDT,2025-12-22,e2526,105658,short,1,0.09196934355214915,-0.14933427,-0.06186492644785083,-0.06636492644785083,102,pump_le0,tdec_lt30,fund_flat,crowd_24,btc_up,-0.07353667572240064,0.27878518680954906,0.0001,0.007548869512727485
ZKPUSDT,2025-12-22,e2526,105658,long,1,-0.09196934355214915,0.14933427,0.05286492644785084,0.048364926447850835,102,pump_le0,tdec_lt30,fund_flat,crowd_24,btc_up,-0.07353667572240064,0.27878518680954906,0.0001,0.007548869512727485
ZKPUSDT,2025-12-22,e2526,105658,short,2,-0.008586868013916813,-0.14968427,-0.16277113801391682,-0.16727113801391683,95,pump_le0,tdec_lt30,fund_flat,crowd_24,btc_down,-0.07353667572240064,0.14440313295766166,0.0001,-0.007023460261017078
ZKPUSDT,2025-12-22,e2526,105658,long,2,0.008586868013916813,0.14968427,0.1537711380139168,0.1492711380139168,95,pump_le0,tdec_lt30,fund_flat,crowd_24,btc_down,-0.07353667572240064,0.14440313295766166,0.0001,-0.007023460261017078
ZKUSDT,2024-06-18,e2324,105579,short,1,0.2453166815343444,0.0017407100000000001,0.2425573915343444,0.2380573915343444,35,pump_0_25,tdec_30_70,fund_flat,crowd_24,btc_down,0.05258215962441315,0.6943406752695248,0.0001,-0.09141206019603587
ZKUSDT,2024-06-18,e2324,105579,long,1,-0.2453166815343444,-0.0017407100000000001,-0.2515573915343444,-0.2560573915343444,35,pump_0_25,tdec_30_70,fund_flat,crowd_24,btc_down,0.05258215962441315,0.6943406752695248,0.0001,-0.09141206019603587
ZKUSDT,2024-06-18,e2324,105579,short,2,0.14674735249621793,0.0014747200000000001,0.14372207249621793,0.13922207249621793,29,pump_0_25,tdec_30_70,fund_flat,crowd_24,btc_down,0.05258215962441315,0.4255270961048823,0.0001,-0.0757430652939769
ZKUSDT,2024-06-18,e2324,105579,long,2,-0.14674735249621793,-0.0014747200000000001,-0.15272207249621794,-0.15722207249621795,29,pump_0_25,tdec_30_70,fund_flat,crowd_24,btc_down,0.05258215962441315,0.4255270961048823,0.0001,-0.0757430652939769
ZMUSDT,2026-06-11,e2526,105682,short,1,0.07914358755858536,0.0007026199999999999,0.07534620755858536,0.07084620755858537,18,pump_le0,tdec_ge70,fund_flat,crowd_ge5,btc_down,-0.00042589437819429143,1.6894555077602933,0.0,-0.19853244425722338
ZMUSDT,2026-06-11,e2526,105682,long,1,-0.07914358755858536,-0.0007026199999999999,-0.08434620755858536,-0.08884620755858536,18,pump_le0,tdec_ge70,fund_flat,crowd_ge5,btc_down,-0.00042589437819429143,1.6894555077602933,0.0,-0.19853244425722338
ZMUSDT,2026-06-11,e2526,105682,short,2,0.07212622088655145,0.0007026199999999999,0.06832884088655145,0.06382884088655146,15,pump_le0,tdec_ge70,fund_flat,crowd_ge5,btc_down,-0.00042589437819429143,1.0544551151984167,0.0,-0.20519340793027419
ZMUSDT,2026-06-11,e2526,105682,long,2,-0.07212622088655145,-0.0007026199999999999,-0.07732884088655145,-0.08182884088655144,15,pump_le0,tdec_ge70,fund_flat,crowd_ge5,btc_down,-0.00042589437819429143,1.0544551151984167,0.0,-0.20519340793027419
ZORAUSDT,2025-07-26,e2526,105636,short,1,0.34728082512892633,0.0001493900000000001,0.34293021512892635,0.33843021512892635,36,pump_25_100,tdec_ge70,fund_neg,crowd_24,btc_up,0.9100067159167224,2.220562016806134,-0.00614186,0.11599494256181853
ZORAUSDT,2025-07-26,e2526,105636,long,1,-0.34728082512892633,-0.0001493900000000001,-0.35193021512892636,-0.35643021512892636,36,pump_25_100,tdec_ge70,fund_neg,crowd_24,btc_up,0.9100067159167224,2.220562016806134,-0.00614186,0.11599494256181853
ZORAUSDT,2025-07-26,e2526,105636,short,2,0.27050039297877915,0.00236535,0.26836574297877913,0.2638657429787791,30,pump_25_100,tdec_ge70,fund_pos,crowd_24,btc_up,0.9100067159167224,0.7855514113459243,0.00129016,0.10071148161617294
ZORAUSDT,2025-07-26,e2526,105636,long,2,-0.27050039297877915,-0.00236535,-0.27736574297877914,-0.28186574297877914,30,pump_25_100,tdec_ge70,fund_pos,crowd_24,btc_up,0.9100067159167224,0.7855514113459243,0.00129016,0.10071148161617294
ZRCUSDT,2025-07-30,e2526,105637,short,1,0.12333155365723436,-0.00757983,0.11125172365723436,0.10675172365723437,36,pump_le0,tdec_ge70,fund_flat,crowd_24,btc_up,-0.04365585907582337,1.4212530001921515,0.0001,0.09522529319496131
ZRCUSDT,2025-07-30,e2526,105637,long,1,-0.12333155365723436,0.00757983,-0.12025172365723437,-0.12475172365723436,36,pump_le0,tdec_ge70,fund_flat,crowd_24,btc_up,-0.04365585907582337,1.4212530001921515,0.0001,0.09522529319496131
ZRCUSDT,2025-07-30,e2526,105637,short,2,0.03638497652582154,-0.00776924,0.024115736525821538,0.01961573652582154,30,pump_le0,tdec_ge70,fund_flat,crowd_24,btc_up,-0.04365585907582337,0.8240106219179357,-0.00012118,0.04085294117647065
ZRCUSDT,2025-07-30,e2526,105637,long,2,-0.03638497652582154,0.00776924,-0.03311573652582154,-0.037615736525821536,30,pump_le0,tdec_ge70,fund_flat,crowd_24,btc_up,-0.04365585907582337,0.8240106219179357,-0.00012118,0.04085294117647065
ZROUSDT,2024-06-21,e2324,105579,short,1,0.18620466321243528,-0.0001148399999999999,0.18158982321243528,0.17708982321243527,35,pump_le0,tdec_ge70,fund_flat,crowd_24,btc_down,-0.1007571345369831,1.036759161705628,0.0001,-0.05529272837165933
ZROUSDT,2024-06-21,e2324,105579,long,1,-0.18620466321243528,0.0001148399999999999,-0.19058982321243528,-0.1950898232124353,35,pump_le0,tdec_ge70,fund_flat,crowd_24,btc_down,-0.1007571345369831,1.036759161705628,0.0001,-0.05529272837165933
ZROUSDT,2024-06-21,e2324,105579,short,2,0.1034605779521941,0.0001336900000000001,0.0990942679521941,0.09459426795219411,30,pump_le0,tdec_30_70,fund_flat,crowd_24,btc_down,-0.1007571345369831,0.6622182566852889,-0.0002881,-0.0785779794442153
ZROUSDT,2024-06-21,e2324,105579,long,2,-0.1034605779521941,-0.0001336900000000001,-0.10809426795219411,-0.1125942679521941,30,pump_le0,tdec_30_70,fund_flat,crowd_24,btc_down,-0.1007571345369831,0.6622182566852889,-0.0002881,-0.0785779794442153
